767354 execve("/usr/bin/python3", ["/usr/bin/python3", "/home/firstmate/.no-mistakes/wor"..., "once"], 0x7ffeb35722c8 /* 50 vars */) = 0
767354 access("/etc/ld.so.preload", R_OK) = -1 ENOENT (No such file or directory)
767354 openat(AT_FDCWD, "/etc/ld.so.cache", O_RDONLY|O_CLOEXEC) = 3
767354 openat(AT_FDCWD, "/usr/lib/x86_64-linux-gnu/libm.so.6", O_RDONLY|O_CLOEXEC) = 3
767354 openat(AT_FDCWD, "/usr/lib/x86_64-linux-gnu/libz.so.1", O_RDONLY|O_CLOEXEC) = 3
767354 openat(AT_FDCWD, "/usr/lib/x86_64-linux-gnu/libexpat.so.1", O_RDONLY|O_CLOEXEC) = 3
767354 openat(AT_FDCWD, "/usr/lib/x86_64-linux-gnu/libc.so.6", O_RDONLY|O_CLOEXEC) = 3
767354 open("/proc/sys/vm/overcommit_memory", O_RDONLY) = 3
767354 openat(AT_FDCWD, "/usr/lib/locale/locale-archive", O_RDONLY|O_CLOEXEC) = 3
767354 openat(AT_FDCWD, "/usr/share/locale/locale.alias", O_RDONLY|O_CLOEXEC) = -1 ENOENT (No such file or directory)
767354 openat(AT_FDCWD, "/usr/lib/locale/C.UTF-8/LC_CTYPE", O_RDONLY|O_CLOEXEC) = -1 ENOENT (No such file or directory)
767354 openat(AT_FDCWD, "/usr/lib/locale/C.utf8/LC_CTYPE", O_RDONLY|O_CLOEXEC) = 3
767354 openat(AT_FDCWD, "/usr/lib/x86_64-linux-gnu/gconv/gconv-modules.cache", O_RDONLY|O_CLOEXEC) = 3
767354 openat(AT_FDCWD, "/proc/self/maps", O_RDONLY|O_CLOEXEC) = 3
767354 openat(AT_FDCWD, "/usr/pyvenv.cfg", O_RDONLY) = -1 ENOENT (No such file or directory)
767354 openat(AT_FDCWD, "/usr/bin/pyvenv.cfg", O_RDONLY) = -1 ENOENT (No such file or directory)
767354 readlink("/usr/bin/python3", "python3.14", 4096) = 10
767354 readlink("/usr/bin/python3.14", 0x7fff34854c70, 4096) = -1 EINVAL (Invalid argument)
767354 openat(AT_FDCWD, "/usr/bin/python3._pth", O_RDONLY) = -1 ENOENT (No such file or directory)
767354 openat(AT_FDCWD, "/usr/bin/python3.14._pth", O_RDONLY) = -1 ENOENT (No such file or directory)
767354 openat(AT_FDCWD, "/usr/bin/pybuilddir.txt", O_RDONLY) = -1 ENOENT (No such file or directory)
767354 newfstatat(AT_FDCWD, "/usr/bin/Modules/Setup.local", 0x7fff34859c50, 0) = -1 ENOENT (No such file or directory)
767354 newfstatat(AT_FDCWD, "/usr/bin/lib/python314.zip", 0x7fff34859930, 0) = -1 ENOENT (No such file or directory)
767354 newfstatat(AT_FDCWD, "/usr/lib/python314.zip", 0x7fff34859c50, 0) = -1 ENOENT (No such file or directory)
767354 newfstatat(AT_FDCWD, "/usr/bin/lib/python3.14/os.py", 0x7fff34859c50, 0) = -1 ENOENT (No such file or directory)
767354 newfstatat(AT_FDCWD, "/usr/bin/lib/python3.14/os.pyc", 0x7fff34859c50, 0) = -1 ENOENT (No such file or directory)
767354 newfstatat(AT_FDCWD, "/usr/lib/python3.14/os.py", {st_mode=S_IFREG|0644, st_size=41959, ...}, 0) = 0
767354 newfstatat(AT_FDCWD, "/usr/lib/python3.14/lib-dynload", {st_mode=S_IFDIR|0755, st_size=16384, ...}, 0) = 0
767354 newfstatat(AT_FDCWD, "/usr/lib/python3.14/lib-dynload", {st_mode=S_IFDIR|0755, st_size=16384, ...}, 0) = 0
767354 openat(AT_FDCWD, "/etc/localtime", O_RDONLY|O_CLOEXEC) = 3
767354 newfstatat(AT_FDCWD, "/usr/lib/python314.zip", 0x7fff34859410, 0) = -1 ENOENT (No such file or directory)
767354 newfstatat(AT_FDCWD, "/usr/lib", {st_mode=S_IFDIR|0755, st_size=4096, ...}, 0) = 0
767354 newfstatat(AT_FDCWD, "/usr/lib/python314.zip", 0x7fff348598f0, 0) = -1 ENOENT (No such file or directory)
767354 newfstatat(AT_FDCWD, "/usr/lib/python3.14", {st_mode=S_IFDIR|0755, st_size=20480, ...}, 0) = 0
767354 newfstatat(AT_FDCWD, "/usr/lib/python3.14", {st_mode=S_IFDIR|0755, st_size=20480, ...}, 0) = 0
767354 newfstatat(AT_FDCWD, "/usr/lib/python3.14", {st_mode=S_IFDIR|0755, st_size=20480, ...}, 0) = 0
767354 openat(AT_FDCWD, "/usr/lib/python3.14", O_RDONLY|O_NONBLOCK|O_CLOEXEC|O_DIRECTORY) = 3
767354 newfstatat(AT_FDCWD, "/usr/lib/python3.14/encodings/__init__.cpython-314-x86_64-linux-gnu.so", 0x7fff348598f0, 0) = -1 ENOENT (No such file or directory)
767354 newfstatat(AT_FDCWD, "/usr/lib/python3.14/encodings/__init__.abi3.so", 0x7fff348598f0, 0) = -1 ENOENT (No such file or directory)
767354 newfstatat(AT_FDCWD, "/usr/lib/python3.14/encodings/__init__.abi3-x86_64-linux-gnu.so", 0x7fff348598f0, 0) = -1 ENOENT (No such file or directory)
767354 newfstatat(AT_FDCWD, "/usr/lib/python3.14/encodings/__init__.so", 0x7fff348598f0, 0) = -1 ENOENT (No such file or directory)
767354 newfstatat(AT_FDCWD, "/usr/lib/python3.14/encodings/__init__.py", {st_mode=S_IFREG|0644, st_size=5945, ...}, 0) = 0
767354 newfstatat(AT_FDCWD, "/usr/lib/python3.14/encodings/__init__.py", {st_mode=S_IFREG|0644, st_size=5945, ...}, 0) = 0
767354 openat(AT_FDCWD, "/usr/lib/python3.14/encodings/__pycache__/__init__.cpython-314.pyc", O_RDONLY|O_CLOEXEC) = 3
767354 newfstatat(AT_FDCWD, "/usr/lib/python3.14/encodings", {st_mode=S_IFDIR|0755, st_size=20480, ...}, 0) = 0
767354 newfstatat(AT_FDCWD, "/usr/lib/python3.14/encodings", {st_mode=S_IFDIR|0755, st_size=20480, ...}, 0) = 0
767354 newfstatat(AT_FDCWD, "/usr/lib/python3.14/encodings", {st_mode=S_IFDIR|0755, st_size=20480, ...}, 0) = 0
767354 openat(AT_FDCWD, "/usr/lib/python3.14/encodings", O_RDONLY|O_NONBLOCK|O_CLOEXEC|O_DIRECTORY) = 3
767354 newfstatat(AT_FDCWD, "/usr/lib/python3.14/encodings/aliases.py", {st_mode=S_IFREG|0644, st_size=15957, ...}, 0) = 0
767354 newfstatat(AT_FDCWD, "/usr/lib/python3.14/encodings/aliases.py", {st_mode=S_IFREG|0644, st_size=15957, ...}, 0) = 0
767354 openat(AT_FDCWD, "/usr/lib/python3.14/encodings/__pycache__/aliases.cpython-314.pyc", O_RDONLY|O_CLOEXEC) = 3
767354 newfstatat(AT_FDCWD, "/usr/lib/python3.14/encodings", {st_mode=S_IFDIR|0755, st_size=20480, ...}, 0) = 0
767354 newfstatat(AT_FDCWD, "/usr/lib/python3.14/encodings/utf_8.py", {st_mode=S_IFREG|0644, st_size=1005, ...}, 0) = 0
767354 newfstatat(AT_FDCWD, "/usr/lib/python3.14/encodings/utf_8.py", {st_mode=S_IFREG|0644, st_size=1005, ...}, 0) = 0
767354 openat(AT_FDCWD, "/usr/lib/python3.14/encodings/__pycache__/utf_8.cpython-314.pyc", O_RDONLY|O_CLOEXEC) = 3
767354 newfstatat(AT_FDCWD, "/usr/bin/pyvenv.cfg", 0x7fff34859150, 0) = -1 ENOENT (No such file or directory)
767354 newfstatat(AT_FDCWD, "/usr/pyvenv.cfg", 0x7fff34859170, 0) = -1 ENOENT (No such file or directory)
767354 newfstatat(AT_FDCWD, "/home/firstmate/.local/lib/python3.14/site-packages", {st_mode=S_IFDIR|0775, st_size=4096, ...}, 0) = 0
767354 openat(AT_FDCWD, "/home/firstmate/.local/lib/python3.14/site-packages", O_RDONLY|O_NONBLOCK|O_CLOEXEC|O_DIRECTORY) = 3
767354 newfstatat(AT_FDCWD, "/usr/local/lib/python3.14/dist-packages", {st_mode=S_IFDIR|0755, st_size=4096, ...}, 0) = 0
767354 openat(AT_FDCWD, "/usr/local/lib/python3.14/dist-packages", O_RDONLY|O_NONBLOCK|O_CLOEXEC|O_DIRECTORY) = 3
767354 newfstatat(AT_FDCWD, "/usr/lib/python3/dist-packages", {st_mode=S_IFDIR|0755, st_size=12288, ...}, 0) = 0
767354 openat(AT_FDCWD, "/usr/lib/python3/dist-packages", O_RDONLY|O_NONBLOCK|O_CLOEXEC|O_DIRECTORY) = 3
767354 newfstatat(AT_FDCWD, "/usr/lib/python3/dist-packages/distutils-precedence.pth", {st_mode=S_IFREG|0644, st_size=151, ...}, AT_SYMLINK_NOFOLLOW) = 0
767354 openat(AT_FDCWD, "/usr/lib/python3/dist-packages/distutils-precedence.pth", O_RDONLY|O_CLOEXEC) = 3
767354 newfstatat(AT_FDCWD, "/usr/lib/python3.14/encodings", {st_mode=S_IFDIR|0755, st_size=20480, ...}, 0) = 0
767354 newfstatat(AT_FDCWD, "/usr/lib/python3.14/encodings/utf_8_sig.py", {st_mode=S_IFREG|0644, st_size=4133, ...}, 0) = 0
767354 newfstatat(AT_FDCWD, "/usr/lib/python3.14/encodings/utf_8_sig.py", {st_mode=S_IFREG|0644, st_size=4133, ...}, 0) = 0
767354 openat(AT_FDCWD, "/usr/lib/python3.14/encodings/__pycache__/utf_8_sig.cpython-314.pyc", O_RDONLY|O_CLOEXEC) = 3
767354 newfstatat(AT_FDCWD, "/usr/lib/python3.14", {st_mode=S_IFDIR|0755, st_size=20480, ...}, 0) = 0
767354 newfstatat(AT_FDCWD, "/usr/lib/python3.14/lib-dynload", {st_mode=S_IFDIR|0755, st_size=16384, ...}, 0) = 0
767354 newfstatat(AT_FDCWD, "/usr/lib/python3.14/lib-dynload", {st_mode=S_IFDIR|0755, st_size=16384, ...}, 0) = 0
767354 newfstatat(AT_FDCWD, "/usr/lib/python3.14/lib-dynload", {st_mode=S_IFDIR|0755, st_size=16384, ...}, 0) = 0
767354 openat(AT_FDCWD, "/usr/lib/python3.14/lib-dynload", O_RDONLY|O_NONBLOCK|O_CLOEXEC|O_DIRECTORY) = 3
767354 newfstatat(AT_FDCWD, "/home/firstmate/.local/lib/python3.14/site-packages", {st_mode=S_IFDIR|0775, st_size=4096, ...}, 0) = 0
767354 newfstatat(AT_FDCWD, "/home/firstmate/.local/lib/python3.14/site-packages", {st_mode=S_IFDIR|0775, st_size=4096, ...}, 0) = 0
767354 newfstatat(AT_FDCWD, "/home/firstmate/.local/lib/python3.14/site-packages", {st_mode=S_IFDIR|0775, st_size=4096, ...}, 0) = 0
767354 openat(AT_FDCWD, "/home/firstmate/.local/lib/python3.14/site-packages", O_RDONLY|O_NONBLOCK|O_CLOEXEC|O_DIRECTORY) = 3
767354 newfstatat(AT_FDCWD, "/usr/local/lib/python3.14/dist-packages", {st_mode=S_IFDIR|0755, st_size=4096, ...}, 0) = 0
767354 newfstatat(AT_FDCWD, "/usr/local/lib/python3.14/dist-packages", {st_mode=S_IFDIR|0755, st_size=4096, ...}, 0) = 0
767354 newfstatat(AT_FDCWD, "/usr/local/lib/python3.14/dist-packages", {st_mode=S_IFDIR|0755, st_size=4096, ...}, 0) = 0
767354 openat(AT_FDCWD, "/usr/local/lib/python3.14/dist-packages", O_RDONLY|O_NONBLOCK|O_CLOEXEC|O_DIRECTORY) = 3
767354 newfstatat(AT_FDCWD, "/usr/lib/python3/dist-packages", {st_mode=S_IFDIR|0755, st_size=12288, ...}, 0) = 0
767354 newfstatat(AT_FDCWD, "/usr/lib/python3/dist-packages", {st_mode=S_IFDIR|0755, st_size=12288, ...}, 0) = 0
767354 newfstatat(AT_FDCWD, "/usr/lib/python3/dist-packages", {st_mode=S_IFDIR|0755, st_size=12288, ...}, 0) = 0
767354 openat(AT_FDCWD, "/usr/lib/python3/dist-packages", O_RDONLY|O_NONBLOCK|O_CLOEXEC|O_DIRECTORY) = 3
767354 newfstatat(AT_FDCWD, "/usr/lib/python3/dist-packages/_distutils_hack/__init__.cpython-314-x86_64-linux-gnu.so", 0x7fff34858900, 0) = -1 ENOENT (No such file or directory)
767354 newfstatat(AT_FDCWD, "/usr/lib/python3/dist-packages/_distutils_hack/__init__.abi3.so", 0x7fff34858900, 0) = -1 ENOENT (No such file or directory)
767354 newfstatat(AT_FDCWD, "/usr/lib/python3/dist-packages/_distutils_hack/__init__.abi3-x86_64-linux-gnu.so", 0x7fff34858900, 0) = -1 ENOENT (No such file or directory)
767354 newfstatat(AT_FDCWD, "/usr/lib/python3/dist-packages/_distutils_hack/__init__.so", 0x7fff34858900, 0) = -1 ENOENT (No such file or directory)
767354 newfstatat(AT_FDCWD, "/usr/lib/python3/dist-packages/_distutils_hack/__init__.py", {st_mode=S_IFREG|0644, st_size=6755, ...}, 0) = 0
767354 newfstatat(AT_FDCWD, "/usr/lib/python3/dist-packages/_distutils_hack/__init__.py", {st_mode=S_IFREG|0644, st_size=6755, ...}, 0) = 0
767354 openat(AT_FDCWD, "/usr/lib/python3/dist-packages/_distutils_hack/__pycache__/__init__.cpython-314.pyc", O_RDONLY|O_CLOEXEC) = 3
767354 newfstatat(AT_FDCWD, "/usr/lib/python3.14/dist-packages", 0x7fff348594c0, 0) = -1 ENOENT (No such file or directory)
767354 newfstatat(AT_FDCWD, "/usr/lib/python3.14", {st_mode=S_IFDIR|0755, st_size=20480, ...}, 0) = 0
767354 newfstatat(AT_FDCWD, "/usr/lib/python3.14/sitecustomize.py", {st_mode=S_IFREG|0644, st_size=155, ...}, 0) = 0
767354 newfstatat(AT_FDCWD, "/usr/lib/python3.14/sitecustomize.py", {st_mode=S_IFREG|0644, st_size=155, ...}, 0) = 0
767354 openat(AT_FDCWD, "/usr/lib/python3.14/__pycache__/sitecustomize.cpython-314.pyc", O_RDONLY|O_CLOEXEC) = 3
767354 newfstatat(AT_FDCWD, "/usr/lib/python3.14", {st_mode=S_IFDIR|0755, st_size=20480, ...}, 0) = 0
767354 newfstatat(AT_FDCWD, "/usr/lib/python3.14/lib-dynload", {st_mode=S_IFDIR|0755, st_size=16384, ...}, 0) = 0
767354 newfstatat(AT_FDCWD, "/home/firstmate/.local/lib/python3.14/site-packages", {st_mode=S_IFDIR|0775, st_size=4096, ...}, 0) = 0
767354 newfstatat(AT_FDCWD, "/usr/local/lib/python3.14/dist-packages", {st_mode=S_IFDIR|0755, st_size=4096, ...}, 0) = 0
767354 newfstatat(AT_FDCWD, "/usr/lib/python3/dist-packages", {st_mode=S_IFDIR|0755, st_size=12288, ...}, 0) = 0
767354 newfstatat(AT_FDCWD, "/usr/lib/python3/dist-packages/apport_python_hook.py", {st_mode=S_IFREG|0644, st_size=8896, ...}, 0) = 0
767354 newfstatat(AT_FDCWD, "/usr/lib/python3/dist-packages/apport_python_hook.py", {st_mode=S_IFREG|0644, st_size=8896, ...}, 0) = 0
767354 openat(AT_FDCWD, "/usr/lib/python3/dist-packages/__pycache__/apport_python_hook.cpython-314.pyc", O_RDONLY|O_CLOEXEC) = 3
767354 newfstatat(AT_FDCWD, "/usr/lib/python3.14", {st_mode=S_IFDIR|0755, st_size=20480, ...}, 0) = 0
767354 newfstatat(AT_FDCWD, "/usr/lib/python3.14/types.py", {st_mode=S_IFREG|0644, st_size=11459, ...}, 0) = 0
767354 newfstatat(AT_FDCWD, "/usr/lib/python3.14/types.py", {st_mode=S_IFREG|0644, st_size=11459, ...}, 0) = 0
767354 openat(AT_FDCWD, "/usr/lib/python3.14/__pycache__/types.cpython-314.pyc", O_RDONLY|O_CLOEXEC) = 3
767354 newfstatat(AT_FDCWD, "/usr/lib/python3.14", {st_mode=S_IFDIR|0755, st_size=20480, ...}, 0) = 0
767354 newfstatat(AT_FDCWD, "/usr/lib/python3.14/lib-dynload", {st_mode=S_IFDIR|0755, st_size=16384, ...}, 0) = 0
767354 newfstatat(AT_FDCWD, "/home/firstmate/.local/lib/python3.14/site-packages", {st_mode=S_IFDIR|0775, st_size=4096, ...}, 0) = 0
767354 newfstatat(AT_FDCWD, "/usr/local/lib/python3.14/dist-packages", {st_mode=S_IFDIR|0755, st_size=4096, ...}, 0) = 0
767354 newfstatat(AT_FDCWD, "/usr/lib/python3/dist-packages", {st_mode=S_IFDIR|0755, st_size=12288, ...}, 0) = 0
767354 newfstatat(AT_FDCWD, "/home/firstmate/.no-mistakes/worktrees/8352e211db7e/01M4F29HK4JCAKXEQ2F50R6HHX/bin/fm-courier-pickup.py", {st_mode=S_IFREG|0775, st_size=30953, ...}, 0) = 0
767354 openat(AT_FDCWD, "/home/firstmate/.no-mistakes/worktrees/8352e211db7e/01M4F29HK4JCAKXEQ2F50R6HHX/bin/fm-courier-pickup.py", O_RDONLY|O_CLOEXEC) = 3
767354 newfstatat(AT_FDCWD, "/home/firstmate/.no-mistakes/worktrees/8352e211db7e/01M4F29HK4JCAKXEQ2F50R6HHX/bin/fm-courier-pickup.py", {st_mode=S_IFREG|0775, st_size=30953, ...}, 0) = 0
767354 readlink("/home/firstmate/.no-mistakes/worktrees/8352e211db7e/01M4F29HK4JCAKXEQ2F50R6HHX/bin/fm-courier-pickup.py", 0x7fff348484d0, 4096) = -1 EINVAL (Invalid argument)
767354 readlink("/home", 0x7fff348490b0, 1023) = -1 EINVAL (Invalid argument)
767354 readlink("/home/firstmate", 0x7fff348490b0, 1023) = -1 EINVAL (Invalid argument)
767354 readlink("/home/firstmate/.no-mistakes", 0x7fff348490b0, 1023) = -1 EINVAL (Invalid argument)
767354 readlink("/home/firstmate/.no-mistakes/worktrees", 0x7fff348490b0, 1023) = -1 EINVAL (Invalid argument)
767354 readlink("/home/firstmate/.no-mistakes/worktrees/8352e211db7e", 0x7fff348490b0, 1023) = -1 EINVAL (Invalid argument)
767354 readlink("/home/firstmate/.no-mistakes/worktrees/8352e211db7e/01M4F29HK4JCAKXEQ2F50R6HHX", 0x7fff348490b0, 1023) = -1 EINVAL (Invalid argument)
767354 readlink("/home/firstmate/.no-mistakes/worktrees/8352e211db7e/01M4F29HK4JCAKXEQ2F50R6HHX/bin", 0x7fff348490b0, 1023) = -1 EINVAL (Invalid argument)
767354 readlink("/home/firstmate/.no-mistakes/worktrees/8352e211db7e/01M4F29HK4JCAKXEQ2F50R6HHX/bin/fm-courier-pickup.py", 0x7fff348490b0, 1023) = -1 EINVAL (Invalid argument)
767354 openat(AT_FDCWD, "/home/firstmate/.no-mistakes/worktrees/8352e211db7e/01M4F29HK4JCAKXEQ2F50R6HHX/bin/fm-courier-pickup.py", O_RDONLY) = 3
767354 newfstatat(AT_FDCWD, "/home/firstmate/.no-mistakes/worktrees/8352e211db7e/01M4F29HK4JCAKXEQ2F50R6HHX/bin", {st_mode=S_IFDIR|0775, st_size=12288, ...}, 0) = 0
767354 newfstatat(AT_FDCWD, "/home/firstmate/.no-mistakes/worktrees/8352e211db7e/01M4F29HK4JCAKXEQ2F50R6HHX/bin", {st_mode=S_IFDIR|0775, st_size=12288, ...}, 0) = 0
767354 newfstatat(AT_FDCWD, "/home/firstmate/.no-mistakes/worktrees/8352e211db7e/01M4F29HK4JCAKXEQ2F50R6HHX/bin", {st_mode=S_IFDIR|0775, st_size=12288, ...}, 0) = 0
767354 openat(AT_FDCWD, "/home/firstmate/.no-mistakes/worktrees/8352e211db7e/01M4F29HK4JCAKXEQ2F50R6HHX/bin", O_RDONLY|O_NONBLOCK|O_CLOEXEC|O_DIRECTORY) = 3
767354 newfstatat(AT_FDCWD, "/usr/lib/python3.14", {st_mode=S_IFDIR|0755, st_size=20480, ...}, 0) = 0
767354 newfstatat(AT_FDCWD, "/usr/lib/python3.14/calendar.py", {st_mode=S_IFREG|0644, st_size=29863, ...}, 0) = 0
767354 newfstatat(AT_FDCWD, "/usr/lib/python3.14/calendar.py", {st_mode=S_IFREG|0644, st_size=29863, ...}, 0) = 0
767354 openat(AT_FDCWD, "/usr/lib/python3.14/__pycache__/calendar.cpython-314.pyc", O_RDONLY|O_CLOEXEC) = 3
767354 newfstatat(AT_FDCWD, "/home/firstmate/.no-mistakes/worktrees/8352e211db7e/01M4F29HK4JCAKXEQ2F50R6HHX/bin", {st_mode=S_IFDIR|0775, st_size=12288, ...}, 0) = 0
767354 newfstatat(AT_FDCWD, "/usr/lib/python3.14", {st_mode=S_IFDIR|0755, st_size=20480, ...}, 0) = 0
767354 newfstatat(AT_FDCWD, "/usr/lib/python3.14/datetime.py", {st_mode=S_IFREG|0644, st_size=331, ...}, 0) = 0
767354 newfstatat(AT_FDCWD, "/usr/lib/python3.14/datetime.py", {st_mode=S_IFREG|0644, st_size=331, ...}, 0) = 0
767354 openat(AT_FDCWD, "/usr/lib/python3.14/__pycache__/datetime.cpython-314.pyc", O_RDONLY|O_CLOEXEC) = 3
767354 newfstatat(AT_FDCWD, "/home/firstmate/.no-mistakes/worktrees/8352e211db7e/01M4F29HK4JCAKXEQ2F50R6HHX/bin", {st_mode=S_IFDIR|0775, st_size=12288, ...}, 0) = 0
767354 newfstatat(AT_FDCWD, "/usr/lib/python3.14", {st_mode=S_IFDIR|0755, st_size=20480, ...}, 0) = 0
767354 newfstatat(AT_FDCWD, "/usr/lib/python3.14/enum.py", {st_mode=S_IFREG|0644, st_size=85442, ...}, 0) = 0
767354 newfstatat(AT_FDCWD, "/usr/lib/python3.14/enum.py", {st_mode=S_IFREG|0644, st_size=85442, ...}, 0) = 0
767354 openat(AT_FDCWD, "/usr/lib/python3.14/__pycache__/enum.cpython-314.pyc", O_RDONLY|O_CLOEXEC) = 3
767354 newfstatat(AT_FDCWD, "/home/firstmate/.no-mistakes/worktrees/8352e211db7e/01M4F29HK4JCAKXEQ2F50R6HHX/bin", {st_mode=S_IFDIR|0775, st_size=12288, ...}, 0) = 0
767354 newfstatat(AT_FDCWD, "/usr/lib/python3.14", {st_mode=S_IFDIR|0755, st_size=20480, ...}, 0) = 0
767354 newfstatat(AT_FDCWD, "/usr/lib/python3.14/locale.py", {st_mode=S_IFREG|0644, st_size=79129, ...}, 0) = 0
767354 newfstatat(AT_FDCWD, "/usr/lib/python3.14/locale.py", {st_mode=S_IFREG|0644, st_size=79129, ...}, 0) = 0
767354 openat(AT_FDCWD, "/usr/lib/python3.14/__pycache__/locale.cpython-314.pyc", O_RDONLY|O_CLOEXEC) = 3
767354 newfstatat(AT_FDCWD, "/home/firstmate/.no-mistakes/worktrees/8352e211db7e/01M4F29HK4JCAKXEQ2F50R6HHX/bin", {st_mode=S_IFDIR|0775, st_size=12288, ...}, 0) = 0
767354 newfstatat(AT_FDCWD, "/usr/lib/python3.14", {st_mode=S_IFDIR|0755, st_size=20480, ...}, 0) = 0
767354 newfstatat(AT_FDCWD, "/usr/lib/python3.14/functools.py", {st_mode=S_IFREG|0644, st_size=43561, ...}, 0) = 0
767354 newfstatat(AT_FDCWD, "/usr/lib/python3.14/functools.py", {st_mode=S_IFREG|0644, st_size=43561, ...}, 0) = 0
767354 openat(AT_FDCWD, "/usr/lib/python3.14/__pycache__/functools.cpython-314.pyc", O_RDONLY|O_CLOEXEC) = 3
767354 newfstatat(AT_FDCWD, "/home/firstmate/.no-mistakes/worktrees/8352e211db7e/01M4F29HK4JCAKXEQ2F50R6HHX/bin", {st_mode=S_IFDIR|0775, st_size=12288, ...}, 0) = 0
767354 newfstatat(AT_FDCWD, "/usr/lib/python3.14", {st_mode=S_IFDIR|0755, st_size=20480, ...}, 0) = 0
767354 newfstatat(AT_FDCWD, "/usr/lib/python3.14/collections/__init__.cpython-314-x86_64-linux-gnu.so", 0x7fff34857900, 0) = -1 ENOENT (No such file or directory)
767354 newfstatat(AT_FDCWD, "/usr/lib/python3.14/collections/__init__.abi3.so", 0x7fff34857900, 0) = -1 ENOENT (No such file or directory)
767354 newfstatat(AT_FDCWD, "/usr/lib/python3.14/collections/__init__.abi3-x86_64-linux-gnu.so", 0x7fff34857900, 0) = -1 ENOENT (No such file or directory)
767354 newfstatat(AT_FDCWD, "/usr/lib/python3.14/collections/__init__.so", 0x7fff34857900, 0) = -1 ENOENT (No such file or directory)
767354 newfstatat(AT_FDCWD, "/usr/lib/python3.14/collections/__init__.py", {st_mode=S_IFREG|0644, st_size=52903, ...}, 0) = 0
767354 newfstatat(AT_FDCWD, "/usr/lib/python3.14/collections/__init__.py", {st_mode=S_IFREG|0644, st_size=52903, ...}, 0) = 0
767354 openat(AT_FDCWD, "/usr/lib/python3.14/collections/__pycache__/__init__.cpython-314.pyc", O_RDONLY|O_CLOEXEC) = 3
767354 newfstatat(AT_FDCWD, "/home/firstmate/.no-mistakes/worktrees/8352e211db7e/01M4F29HK4JCAKXEQ2F50R6HHX/bin", {st_mode=S_IFDIR|0775, st_size=12288, ...}, 0) = 0
767354 newfstatat(AT_FDCWD, "/usr/lib/python3.14", {st_mode=S_IFDIR|0755, st_size=20480, ...}, 0) = 0
767354 newfstatat(AT_FDCWD, "/usr/lib/python3.14/keyword.py", {st_mode=S_IFREG|0644, st_size=1073, ...}, 0) = 0
767354 newfstatat(AT_FDCWD, "/usr/lib/python3.14/keyword.py", {st_mode=S_IFREG|0644, st_size=1073, ...}, 0) = 0
767354 openat(AT_FDCWD, "/usr/lib/python3.14/__pycache__/keyword.cpython-314.pyc", O_RDONLY|O_CLOEXEC) = 3
767354 newfstatat(AT_FDCWD, "/home/firstmate/.no-mistakes/worktrees/8352e211db7e/01M4F29HK4JCAKXEQ2F50R6HHX/bin", {st_mode=S_IFDIR|0775, st_size=12288, ...}, 0) = 0
767354 newfstatat(AT_FDCWD, "/usr/lib/python3.14", {st_mode=S_IFDIR|0755, st_size=20480, ...}, 0) = 0
767354 newfstatat(AT_FDCWD, "/usr/lib/python3.14/operator.py", {st_mode=S_IFREG|0644, st_size=11158, ...}, 0) = 0
767354 newfstatat(AT_FDCWD, "/usr/lib/python3.14/operator.py", {st_mode=S_IFREG|0644, st_size=11158, ...}, 0) = 0
767354 openat(AT_FDCWD, "/usr/lib/python3.14/__pycache__/operator.cpython-314.pyc", O_RDONLY|O_CLOEXEC) = 3
767354 newfstatat(AT_FDCWD, "/home/firstmate/.no-mistakes/worktrees/8352e211db7e/01M4F29HK4JCAKXEQ2F50R6HHX/bin", {st_mode=S_IFDIR|0775, st_size=12288, ...}, 0) = 0
767354 newfstatat(AT_FDCWD, "/usr/lib/python3.14", {st_mode=S_IFDIR|0755, st_size=20480, ...}, 0) = 0
767354 newfstatat(AT_FDCWD, "/usr/lib/python3.14/reprlib.py", {st_mode=S_IFREG|0644, st_size=8064, ...}, 0) = 0
767354 newfstatat(AT_FDCWD, "/usr/lib/python3.14/reprlib.py", {st_mode=S_IFREG|0644, st_size=8064, ...}, 0) = 0
767354 openat(AT_FDCWD, "/usr/lib/python3.14/__pycache__/reprlib.cpython-314.pyc", O_RDONLY|O_CLOEXEC) = 3
767354 newfstatat(AT_FDCWD, "/home/firstmate/.no-mistakes/worktrees/8352e211db7e/01M4F29HK4JCAKXEQ2F50R6HHX/bin", {st_mode=S_IFDIR|0775, st_size=12288, ...}, 0) = 0
767354 newfstatat(AT_FDCWD, "/usr/lib/python3.14", {st_mode=S_IFDIR|0755, st_size=20480, ...}, 0) = 0
767354 newfstatat(AT_FDCWD, "/usr/lib/python3.14/hashlib.py", {st_mode=S_IFREG|0644, st_size=9459, ...}, 0) = 0
767354 newfstatat(AT_FDCWD, "/usr/lib/python3.14/hashlib.py", {st_mode=S_IFREG|0644, st_size=9459, ...}, 0) = 0
767354 openat(AT_FDCWD, "/usr/lib/python3.14/__pycache__/hashlib.cpython-314.pyc", O_RDONLY|O_CLOEXEC) = 3
767354 newfstatat(AT_FDCWD, "/home/firstmate/.no-mistakes/worktrees/8352e211db7e/01M4F29HK4JCAKXEQ2F50R6HHX/bin", {st_mode=S_IFDIR|0775, st_size=12288, ...}, 0) = 0
767354 newfstatat(AT_FDCWD, "/usr/lib/python3.14", {st_mode=S_IFDIR|0755, st_size=20480, ...}, 0) = 0
767354 newfstatat(AT_FDCWD, "/usr/lib/python3.14/lib-dynload", {st_mode=S_IFDIR|0755, st_size=16384, ...}, 0) = 0
767354 newfstatat(AT_FDCWD, "/usr/lib/python3.14/lib-dynload/_hashlib.cpython-314-x86_64-linux-gnu.so", {st_mode=S_IFREG|0644, st_size=64448, ...}, 0) = 0
767354 openat(AT_FDCWD, "/usr/lib/python3.14/lib-dynload/_hashlib.cpython-314-x86_64-linux-gnu.so", O_RDONLY|O_CLOEXEC) = 3
767354 openat(AT_FDCWD, "/etc/ld.so.cache", O_RDONLY|O_CLOEXEC) = 3
767354 openat(AT_FDCWD, "/usr/lib/x86_64-linux-gnu/libcrypto.so.3", O_RDONLY|O_CLOEXEC) = 3
767354 openat(AT_FDCWD, "/usr/lib/x86_64-linux-gnu/libzstd.so.1", O_RDONLY|O_CLOEXEC) = 3
767354 openat(AT_FDCWD, "/proc/sys/crypto/fips_enabled", O_RDONLY) = -1 ENOENT (No such file or directory)
767354 openat(AT_FDCWD, "/etc/ubuntu-fips", O_RDONLY) = -1 ENOENT (No such file or directory)
767354 openat(AT_FDCWD, "/usr/lib/ssl/openssl.cnf", O_RDONLY) = 3
767354 newfstatat(AT_FDCWD, "/var/lib/crypto-config/profiles/current/openssl.conf.d", 0x7fff348588b0, 0) = -1 ENOENT (No such file or directory)
767354 newfstatat(AT_FDCWD, "/etc/ssl/openssl.conf.d", 0x7fff348588b0, 0) = -1 ENOENT (No such file or directory)
767354 newfstatat(AT_FDCWD, "/home/firstmate/.no-mistakes/worktrees/8352e211db7e/01M4F29HK4JCAKXEQ2F50R6HHX/bin", {st_mode=S_IFDIR|0775, st_size=12288, ...}, 0) = 0
767354 newfstatat(AT_FDCWD, "/usr/lib/python3.14", {st_mode=S_IFDIR|0755, st_size=20480, ...}, 0) = 0
767354 newfstatat(AT_FDCWD, "/usr/lib/python3.14/json/__init__.cpython-314-x86_64-linux-gnu.so", 0x7fff348598e0, 0) = -1 ENOENT (No such file or directory)
767354 newfstatat(AT_FDCWD, "/usr/lib/python3.14/json/__init__.abi3.so", 0x7fff348598e0, 0) = -1 ENOENT (No such file or directory)
767354 newfstatat(AT_FDCWD, "/usr/lib/python3.14/json/__init__.abi3-x86_64-linux-gnu.so", 0x7fff348598e0, 0) = -1 ENOENT (No such file or directory)
767354 newfstatat(AT_FDCWD, "/usr/lib/python3.14/json/__init__.so", 0x7fff348598e0, 0) = -1 ENOENT (No such file or directory)
767354 newfstatat(AT_FDCWD, "/usr/lib/python3.14/json/__init__.py", {st_mode=S_IFREG|0644, st_size=14066, ...}, 0) = 0
767354 newfstatat(AT_FDCWD, "/usr/lib/python3.14/json/__init__.py", {st_mode=S_IFREG|0644, st_size=14066, ...}, 0) = 0
767354 openat(AT_FDCWD, "/usr/lib/python3.14/json/__pycache__/__init__.cpython-314.pyc", O_RDONLY|O_CLOEXEC) = 3
767354 newfstatat(AT_FDCWD, "/usr/lib/python3.14/json", {st_mode=S_IFDIR|0755, st_size=4096, ...}, 0) = 0
767354 newfstatat(AT_FDCWD, "/usr/lib/python3.14/json", {st_mode=S_IFDIR|0755, st_size=4096, ...}, 0) = 0
767354 newfstatat(AT_FDCWD, "/usr/lib/python3.14/json", {st_mode=S_IFDIR|0755, st_size=4096, ...}, 0) = 0
767354 openat(AT_FDCWD, "/usr/lib/python3.14/json", O_RDONLY|O_NONBLOCK|O_CLOEXEC|O_DIRECTORY) = 3
767354 newfstatat(AT_FDCWD, "/usr/lib/python3.14/json/decoder.py", {st_mode=S_IFREG|0644, st_size=12873, ...}, 0) = 0
767354 newfstatat(AT_FDCWD, "/usr/lib/python3.14/json/decoder.py", {st_mode=S_IFREG|0644, st_size=12873, ...}, 0) = 0
767354 openat(AT_FDCWD, "/usr/lib/python3.14/json/__pycache__/decoder.cpython-314.pyc", O_RDONLY|O_CLOEXEC) = 3
767354 newfstatat(AT_FDCWD, "/home/firstmate/.no-mistakes/worktrees/8352e211db7e/01M4F29HK4JCAKXEQ2F50R6HHX/bin", {st_mode=S_IFDIR|0775, st_size=12288, ...}, 0) = 0
767354 newfstatat(AT_FDCWD, "/usr/lib/python3.14", {st_mode=S_IFDIR|0755, st_size=20480, ...}, 0) = 0
767354 newfstatat(AT_FDCWD, "/usr/lib/python3.14/re/__init__.cpython-314-x86_64-linux-gnu.so", 0x7fff348583a0, 0) = -1 ENOENT (No such file or directory)
767354 newfstatat(AT_FDCWD, "/usr/lib/python3.14/re/__init__.abi3.so", 0x7fff348583a0, 0) = -1 ENOENT (No such file or directory)
767354 newfstatat(AT_FDCWD, "/usr/lib/python3.14/re/__init__.abi3-x86_64-linux-gnu.so", 0x7fff348583a0, 0) = -1 ENOENT (No such file or directory)
767354 newfstatat(AT_FDCWD, "/usr/lib/python3.14/re/__init__.so", 0x7fff348583a0, 0) = -1 ENOENT (No such file or directory)
767354 newfstatat(AT_FDCWD, "/usr/lib/python3.14/re/__init__.py", {st_mode=S_IFREG|0644, st_size=17876, ...}, 0) = 0
767354 newfstatat(AT_FDCWD, "/usr/lib/python3.14/re/__init__.py", {st_mode=S_IFREG|0644, st_size=17876, ...}, 0) = 0
767354 openat(AT_FDCWD, "/usr/lib/python3.14/re/__pycache__/__init__.cpython-314.pyc", O_RDONLY|O_CLOEXEC) = 3
767354 newfstatat(AT_FDCWD, "/usr/lib/python3.14/re", {st_mode=S_IFDIR|0755, st_size=4096, ...}, 0) = 0
767354 newfstatat(AT_FDCWD, "/usr/lib/python3.14/re", {st_mode=S_IFDIR|0755, st_size=4096, ...}, 0) = 0
767354 newfstatat(AT_FDCWD, "/usr/lib/python3.14/re", {st_mode=S_IFDIR|0755, st_size=4096, ...}, 0) = 0
767354 openat(AT_FDCWD, "/usr/lib/python3.14/re", O_RDONLY|O_NONBLOCK|O_CLOEXEC|O_DIRECTORY) = 3
767354 newfstatat(AT_FDCWD, "/usr/lib/python3.14/re/_compiler.py", {st_mode=S_IFREG|0644, st_size=26855, ...}, 0) = 0
767354 newfstatat(AT_FDCWD, "/usr/lib/python3.14/re/_compiler.py", {st_mode=S_IFREG|0644, st_size=26855, ...}, 0) = 0
767354 openat(AT_FDCWD, "/usr/lib/python3.14/re/__pycache__/_compiler.cpython-314.pyc", O_RDONLY|O_CLOEXEC) = 3
767354 newfstatat(AT_FDCWD, "/usr/lib/python3.14/re", {st_mode=S_IFDIR|0755, st_size=4096, ...}, 0) = 0
767354 newfstatat(AT_FDCWD, "/usr/lib/python3.14/re/_parser.py", {st_mode=S_IFREG|0644, st_size=40353, ...}, 0) = 0
767354 newfstatat(AT_FDCWD, "/usr/lib/python3.14/re/_parser.py", {st_mode=S_IFREG|0644, st_size=40353, ...}, 0) = 0
767354 openat(AT_FDCWD, "/usr/lib/python3.14/re/__pycache__/_parser.cpython-314.pyc", O_RDONLY|O_CLOEXEC) = 3
767354 newfstatat(AT_FDCWD, "/usr/lib/python3.14/re", {st_mode=S_IFDIR|0755, st_size=4096, ...}, 0) = 0
767354 newfstatat(AT_FDCWD, "/usr/lib/python3.14/re/_constants.py", {st_mode=S_IFREG|0644, st_size=6036, ...}, 0) = 0
767354 newfstatat(AT_FDCWD, "/usr/lib/python3.14/re/_constants.py", {st_mode=S_IFREG|0644, st_size=6036, ...}, 0) = 0
767354 openat(AT_FDCWD, "/usr/lib/python3.14/re/__pycache__/_constants.cpython-314.pyc", O_RDONLY|O_CLOEXEC) = 3
767354 newfstatat(AT_FDCWD, "/usr/lib/python3.14/re", {st_mode=S_IFDIR|0755, st_size=4096, ...}, 0) = 0
767354 newfstatat(AT_FDCWD, "/usr/lib/python3.14/re/_casefix.py", {st_mode=S_IFREG|0644, st_size=5444, ...}, 0) = 0
767354 newfstatat(AT_FDCWD, "/usr/lib/python3.14/re/_casefix.py", {st_mode=S_IFREG|0644, st_size=5444, ...}, 0) = 0
767354 openat(AT_FDCWD, "/usr/lib/python3.14/re/__pycache__/_casefix.cpython-314.pyc", O_RDONLY|O_CLOEXEC) = 3
767354 newfstatat(AT_FDCWD, "/home/firstmate/.no-mistakes/worktrees/8352e211db7e/01M4F29HK4JCAKXEQ2F50R6HHX/bin", {st_mode=S_IFDIR|0775, st_size=12288, ...}, 0) = 0
767354 newfstatat(AT_FDCWD, "/usr/lib/python3.14", {st_mode=S_IFDIR|0755, st_size=20480, ...}, 0) = 0
767354 newfstatat(AT_FDCWD, "/usr/lib/python3.14/copyreg.py", {st_mode=S_IFREG|0644, st_size=7716, ...}, 0) = 0
767354 newfstatat(AT_FDCWD, "/usr/lib/python3.14/copyreg.py", {st_mode=S_IFREG|0644, st_size=7716, ...}, 0) = 0
767354 openat(AT_FDCWD, "/usr/lib/python3.14/__pycache__/copyreg.cpython-314.pyc", O_RDONLY|O_CLOEXEC) = 3
767354 newfstatat(AT_FDCWD, "/usr/lib/python3.14/json", {st_mode=S_IFDIR|0755, st_size=4096, ...}, 0) = 0
767354 newfstatat(AT_FDCWD, "/usr/lib/python3.14/json/scanner.py", {st_mode=S_IFREG|0644, st_size=2434, ...}, 0) = 0
767354 newfstatat(AT_FDCWD, "/usr/lib/python3.14/json/scanner.py", {st_mode=S_IFREG|0644, st_size=2434, ...}, 0) = 0
767354 openat(AT_FDCWD, "/usr/lib/python3.14/json/__pycache__/scanner.cpython-314.pyc", O_RDONLY|O_CLOEXEC) = 3
767354 newfstatat(AT_FDCWD, "/usr/lib/python3.14/json", {st_mode=S_IFDIR|0755, st_size=4096, ...}, 0) = 0
767354 newfstatat(AT_FDCWD, "/usr/lib/python3.14/json/encoder.py", {st_mode=S_IFREG|0644, st_size=16990, ...}, 0) = 0
767354 newfstatat(AT_FDCWD, "/usr/lib/python3.14/json/encoder.py", {st_mode=S_IFREG|0644, st_size=16990, ...}, 0) = 0
767354 openat(AT_FDCWD, "/usr/lib/python3.14/json/__pycache__/encoder.cpython-314.pyc", O_RDONLY|O_CLOEXEC) = 3
767354 newfstatat(AT_FDCWD, "/home/firstmate/.no-mistakes/worktrees/8352e211db7e/01M4F29HK4JCAKXEQ2F50R6HHX/bin", {st_mode=S_IFDIR|0775, st_size=12288, ...}, 0) = 0
767354 newfstatat(AT_FDCWD, "/usr/lib/python3.14", {st_mode=S_IFDIR|0755, st_size=20480, ...}, 0) = 0
767354 newfstatat(AT_FDCWD, "/usr/lib/python3.14/pathlib/__init__.cpython-314-x86_64-linux-gnu.so", 0x7fff348598e0, 0) = -1 ENOENT (No such file or directory)
767354 newfstatat(AT_FDCWD, "/usr/lib/python3.14/pathlib/__init__.abi3.so", 0x7fff348598e0, 0) = -1 ENOENT (No such file or directory)
767354 newfstatat(AT_FDCWD, "/usr/lib/python3.14/pathlib/__init__.abi3-x86_64-linux-gnu.so", 0x7fff348598e0, 0) = -1 ENOENT (No such file or directory)
767354 newfstatat(AT_FDCWD, "/usr/lib/python3.14/pathlib/__init__.so", 0x7fff348598e0, 0) = -1 ENOENT (No such file or directory)
767354 newfstatat(AT_FDCWD, "/usr/lib/python3.14/pathlib/__init__.py", {st_mode=S_IFREG|0644, st_size=46833, ...}, 0) = 0
767354 newfstatat(AT_FDCWD, "/usr/lib/python3.14/pathlib/__init__.py", {st_mode=S_IFREG|0644, st_size=46833, ...}, 0) = 0
767354 openat(AT_FDCWD, "/usr/lib/python3.14/pathlib/__pycache__/__init__.cpython-314.pyc", O_RDONLY|O_CLOEXEC) = 3
767354 newfstatat(AT_FDCWD, "/home/firstmate/.no-mistakes/worktrees/8352e211db7e/01M4F29HK4JCAKXEQ2F50R6HHX/bin", {st_mode=S_IFDIR|0775, st_size=12288, ...}, 0) = 0
767354 newfstatat(AT_FDCWD, "/usr/lib/python3.14", {st_mode=S_IFDIR|0755, st_size=20480, ...}, 0) = 0
767354 newfstatat(AT_FDCWD, "/usr/lib/python3.14/glob.py", {st_mode=S_IFREG|0644, st_size=20768, ...}, 0) = 0
767354 newfstatat(AT_FDCWD, "/usr/lib/python3.14/glob.py", {st_mode=S_IFREG|0644, st_size=20768, ...}, 0) = 0
767354 openat(AT_FDCWD, "/usr/lib/python3.14/__pycache__/glob.cpython-314.pyc", O_RDONLY|O_CLOEXEC) = 3
767354 newfstatat(AT_FDCWD, "/home/firstmate/.no-mistakes/worktrees/8352e211db7e/01M4F29HK4JCAKXEQ2F50R6HHX/bin", {st_mode=S_IFDIR|0775, st_size=12288, ...}, 0) = 0
767354 newfstatat(AT_FDCWD, "/usr/lib/python3.14", {st_mode=S_IFDIR|0755, st_size=20480, ...}, 0) = 0
767354 newfstatat(AT_FDCWD, "/usr/lib/python3.14/contextlib.py", {st_mode=S_IFREG|0644, st_size=27801, ...}, 0) = 0
767354 newfstatat(AT_FDCWD, "/usr/lib/python3.14/contextlib.py", {st_mode=S_IFREG|0644, st_size=27801, ...}, 0) = 0
767354 openat(AT_FDCWD, "/usr/lib/python3.14/__pycache__/contextlib.cpython-314.pyc", O_RDONLY|O_CLOEXEC) = 3
767354 newfstatat(AT_FDCWD, "/home/firstmate/.no-mistakes/worktrees/8352e211db7e/01M4F29HK4JCAKXEQ2F50R6HHX/bin", {st_mode=S_IFDIR|0775, st_size=12288, ...}, 0) = 0
767354 newfstatat(AT_FDCWD, "/usr/lib/python3.14", {st_mode=S_IFDIR|0755, st_size=20480, ...}, 0) = 0
767354 newfstatat(AT_FDCWD, "/usr/lib/python3.14/fnmatch.py", {st_mode=S_IFREG|0644, st_size=6791, ...}, 0) = 0
767354 newfstatat(AT_FDCWD, "/usr/lib/python3.14/fnmatch.py", {st_mode=S_IFREG|0644, st_size=6791, ...}, 0) = 0
767354 openat(AT_FDCWD, "/usr/lib/python3.14/__pycache__/fnmatch.cpython-314.pyc", O_RDONLY|O_CLOEXEC) = 3
767354 newfstatat(AT_FDCWD, "/usr/lib/python3.14/pathlib", {st_mode=S_IFDIR|0755, st_size=4096, ...}, 0) = 0
767354 newfstatat(AT_FDCWD, "/usr/lib/python3.14/pathlib", {st_mode=S_IFDIR|0755, st_size=4096, ...}, 0) = 0
767354 newfstatat(AT_FDCWD, "/usr/lib/python3.14/pathlib", {st_mode=S_IFDIR|0755, st_size=4096, ...}, 0) = 0
767354 openat(AT_FDCWD, "/usr/lib/python3.14/pathlib", O_RDONLY|O_NONBLOCK|O_CLOEXEC|O_DIRECTORY) = 3
767354 newfstatat(AT_FDCWD, "/usr/lib/python3.14/pathlib/_os.py", {st_mode=S_IFREG|0644, st_size=18161, ...}, 0) = 0
767354 newfstatat(AT_FDCWD, "/usr/lib/python3.14/pathlib/_os.py", {st_mode=S_IFREG|0644, st_size=18161, ...}, 0) = 0
767354 openat(AT_FDCWD, "/usr/lib/python3.14/pathlib/__pycache__/_os.cpython-314.pyc", O_RDONLY|O_CLOEXEC) = 3
767354 newfstatat(AT_FDCWD, "/home/firstmate/.no-mistakes/worktrees/8352e211db7e/01M4F29HK4JCAKXEQ2F50R6HHX/bin", {st_mode=S_IFDIR|0775, st_size=12288, ...}, 0) = 0
767354 newfstatat(AT_FDCWD, "/usr/lib/python3.14", {st_mode=S_IFDIR|0755, st_size=20480, ...}, 0) = 0
767354 newfstatat(AT_FDCWD, "/usr/lib/python3.14/lib-dynload", {st_mode=S_IFDIR|0755, st_size=16384, ...}, 0) = 0
767354 newfstatat(AT_FDCWD, "/home/firstmate/.local/lib/python3.14/site-packages", {st_mode=S_IFDIR|0775, st_size=4096, ...}, 0) = 0
767354 newfstatat(AT_FDCWD, "/usr/local/lib/python3.14/dist-packages", {st_mode=S_IFDIR|0755, st_size=4096, ...}, 0) = 0
767354 newfstatat(AT_FDCWD, "/usr/lib/python3/dist-packages", {st_mode=S_IFDIR|0755, st_size=12288, ...}, 0) = 0
767354 newfstatat(AT_FDCWD, "/home/firstmate/.no-mistakes/worktrees/8352e211db7e/01M4F29HK4JCAKXEQ2F50R6HHX/bin", {st_mode=S_IFDIR|0775, st_size=12288, ...}, 0) = 0
767354 newfstatat(AT_FDCWD, "/usr/lib/python3.14", {st_mode=S_IFDIR|0755, st_size=20480, ...}, 0) = 0
767354 newfstatat(AT_FDCWD, "/usr/lib/python3.14/lib-dynload", {st_mode=S_IFDIR|0755, st_size=16384, ...}, 0) = 0
767354 newfstatat(AT_FDCWD, "/home/firstmate/.local/lib/python3.14/site-packages", {st_mode=S_IFDIR|0775, st_size=4096, ...}, 0) = 0
767354 newfstatat(AT_FDCWD, "/usr/local/lib/python3.14/dist-packages", {st_mode=S_IFDIR|0755, st_size=4096, ...}, 0) = 0
767354 newfstatat(AT_FDCWD, "/usr/lib/python3/dist-packages", {st_mode=S_IFDIR|0755, st_size=12288, ...}, 0) = 0
767354 newfstatat(AT_FDCWD, "/home/firstmate/.no-mistakes/worktrees/8352e211db7e/01M4F29HK4JCAKXEQ2F50R6HHX/bin", {st_mode=S_IFDIR|0775, st_size=12288, ...}, 0) = 0
767354 newfstatat(AT_FDCWD, "/usr/lib/python3.14", {st_mode=S_IFDIR|0755, st_size=20480, ...}, 0) = 0
767354 newfstatat(AT_FDCWD, "/usr/lib/python3.14/lib-dynload", {st_mode=S_IFDIR|0755, st_size=16384, ...}, 0) = 0
767354 newfstatat(AT_FDCWD, "/home/firstmate/.local/lib/python3.14/site-packages", {st_mode=S_IFDIR|0775, st_size=4096, ...}, 0) = 0
767354 newfstatat(AT_FDCWD, "/usr/local/lib/python3.14/dist-packages", {st_mode=S_IFDIR|0755, st_size=4096, ...}, 0) = 0
767354 newfstatat(AT_FDCWD, "/usr/lib/python3/dist-packages", {st_mode=S_IFDIR|0755, st_size=12288, ...}, 0) = 0
767354 newfstatat(AT_FDCWD, "/home/firstmate/.no-mistakes/worktrees/8352e211db7e/01M4F29HK4JCAKXEQ2F50R6HHX/bin", {st_mode=S_IFDIR|0775, st_size=12288, ...}, 0) = 0
767354 newfstatat(AT_FDCWD, "/usr/lib/python3.14", {st_mode=S_IFDIR|0755, st_size=20480, ...}, 0) = 0
767354 newfstatat(AT_FDCWD, "/usr/lib/python3.14/lib-dynload", {st_mode=S_IFDIR|0755, st_size=16384, ...}, 0) = 0
767354 newfstatat(AT_FDCWD, "/home/firstmate/.local/lib/python3.14/site-packages", {st_mode=S_IFDIR|0775, st_size=4096, ...}, 0) = 0
767354 newfstatat(AT_FDCWD, "/usr/local/lib/python3.14/dist-packages", {st_mode=S_IFDIR|0755, st_size=4096, ...}, 0) = 0
767354 newfstatat(AT_FDCWD, "/usr/lib/python3/dist-packages", {st_mode=S_IFDIR|0755, st_size=12288, ...}, 0) = 0
767354 newfstatat(AT_FDCWD, "/home/firstmate/.no-mistakes/worktrees/8352e211db7e/01M4F29HK4JCAKXEQ2F50R6HHX/bin", {st_mode=S_IFDIR|0775, st_size=12288, ...}, 0) = 0
767354 newfstatat(AT_FDCWD, "/usr/lib/python3.14", {st_mode=S_IFDIR|0755, st_size=20480, ...}, 0) = 0
767354 newfstatat(AT_FDCWD, "/usr/lib/python3.14/lib-dynload", {st_mode=S_IFDIR|0755, st_size=16384, ...}, 0) = 0
767354 newfstatat(AT_FDCWD, "/home/firstmate/.local/lib/python3.14/site-packages", {st_mode=S_IFDIR|0775, st_size=4096, ...}, 0) = 0
767354 newfstatat(AT_FDCWD, "/usr/local/lib/python3.14/dist-packages", {st_mode=S_IFDIR|0755, st_size=4096, ...}, 0) = 0
767354 newfstatat(AT_FDCWD, "/usr/lib/python3/dist-packages", {st_mode=S_IFDIR|0755, st_size=12288, ...}, 0) = 0
767354 newfstatat(AT_FDCWD, "/home/firstmate/.no-mistakes/worktrees/8352e211db7e/01M4F29HK4JCAKXEQ2F50R6HHX/bin", {st_mode=S_IFDIR|0775, st_size=12288, ...}, 0) = 0
767354 newfstatat(AT_FDCWD, "/usr/lib/python3.14", {st_mode=S_IFDIR|0755, st_size=20480, ...}, 0) = 0
767354 newfstatat(AT_FDCWD, "/usr/lib/python3.14/lib-dynload", {st_mode=S_IFDIR|0755, st_size=16384, ...}, 0) = 0
767354 newfstatat(AT_FDCWD, "/home/firstmate/.local/lib/python3.14/site-packages", {st_mode=S_IFDIR|0775, st_size=4096, ...}, 0) = 0
767354 newfstatat(AT_FDCWD, "/usr/local/lib/python3.14/dist-packages", {st_mode=S_IFDIR|0755, st_size=4096, ...}, 0) = 0
767354 newfstatat(AT_FDCWD, "/usr/lib/python3/dist-packages", {st_mode=S_IFDIR|0755, st_size=12288, ...}, 0) = 0
767354 newfstatat(AT_FDCWD, "/home/firstmate/.no-mistakes/worktrees/8352e211db7e/01M4F29HK4JCAKXEQ2F50R6HHX/bin", {st_mode=S_IFDIR|0775, st_size=12288, ...}, 0) = 0
767354 newfstatat(AT_FDCWD, "/usr/lib/python3.14", {st_mode=S_IFDIR|0755, st_size=20480, ...}, 0) = 0
767354 newfstatat(AT_FDCWD, "/usr/lib/python3.14/lib-dynload", {st_mode=S_IFDIR|0755, st_size=16384, ...}, 0) = 0
767354 newfstatat(AT_FDCWD, "/home/firstmate/.local/lib/python3.14/site-packages", {st_mode=S_IFDIR|0775, st_size=4096, ...}, 0) = 0
767354 newfstatat(AT_FDCWD, "/usr/local/lib/python3.14/dist-packages", {st_mode=S_IFDIR|0755, st_size=4096, ...}, 0) = 0
767354 newfstatat(AT_FDCWD, "/usr/lib/python3/dist-packages", {st_mode=S_IFDIR|0755, st_size=12288, ...}, 0) = 0
767354 newfstatat(AT_FDCWD, "/home/firstmate/.no-mistakes/worktrees/8352e211db7e/01M4F29HK4JCAKXEQ2F50R6HHX/bin", {st_mode=S_IFDIR|0775, st_size=12288, ...}, 0) = 0
767354 newfstatat(AT_FDCWD, "/usr/lib/python3.14", {st_mode=S_IFDIR|0755, st_size=20480, ...}, 0) = 0
767354 newfstatat(AT_FDCWD, "/usr/lib/python3.14/lib-dynload", {st_mode=S_IFDIR|0755, st_size=16384, ...}, 0) = 0
767354 newfstatat(AT_FDCWD, "/home/firstmate/.local/lib/python3.14/site-packages", {st_mode=S_IFDIR|0775, st_size=4096, ...}, 0) = 0
767354 newfstatat(AT_FDCWD, "/usr/local/lib/python3.14/dist-packages", {st_mode=S_IFDIR|0755, st_size=4096, ...}, 0) = 0
767354 newfstatat(AT_FDCWD, "/usr/lib/python3/dist-packages", {st_mode=S_IFDIR|0755, st_size=12288, ...}, 0) = 0
767354 newfstatat(AT_FDCWD, "/home/firstmate/.no-mistakes/worktrees/8352e211db7e/01M4F29HK4JCAKXEQ2F50R6HHX/bin", {st_mode=S_IFDIR|0775, st_size=12288, ...}, 0) = 0
767354 newfstatat(AT_FDCWD, "/usr/lib/python3.14", {st_mode=S_IFDIR|0755, st_size=20480, ...}, 0) = 0
767354 newfstatat(AT_FDCWD, "/usr/lib/python3.14/lib-dynload", {st_mode=S_IFDIR|0755, st_size=16384, ...}, 0) = 0
767354 newfstatat(AT_FDCWD, "/home/firstmate/.local/lib/python3.14/site-packages", {st_mode=S_IFDIR|0775, st_size=4096, ...}, 0) = 0
767354 newfstatat(AT_FDCWD, "/usr/local/lib/python3.14/dist-packages", {st_mode=S_IFDIR|0755, st_size=4096, ...}, 0) = 0
767354 newfstatat(AT_FDCWD, "/usr/lib/python3/dist-packages", {st_mode=S_IFDIR|0755, st_size=12288, ...}, 0) = 0
767354 newfstatat(AT_FDCWD, "/home/firstmate/.no-mistakes/worktrees/8352e211db7e/01M4F29HK4JCAKXEQ2F50R6HHX/bin", {st_mode=S_IFDIR|0775, st_size=12288, ...}, 0) = 0
767354 newfstatat(AT_FDCWD, "/usr/lib/python3.14", {st_mode=S_IFDIR|0755, st_size=20480, ...}, 0) = 0
767354 newfstatat(AT_FDCWD, "/usr/lib/python3.14/secrets.py", {st_mode=S_IFREG|0644, st_size=1984, ...}, 0) = 0
767354 newfstatat(AT_FDCWD, "/usr/lib/python3.14/secrets.py", {st_mode=S_IFREG|0644, st_size=1984, ...}, 0) = 0
767354 openat(AT_FDCWD, "/usr/lib/python3.14/__pycache__/secrets.cpython-314.pyc", O_RDONLY|O_CLOEXEC) = 3
767354 newfstatat(AT_FDCWD, "/home/firstmate/.no-mistakes/worktrees/8352e211db7e/01M4F29HK4JCAKXEQ2F50R6HHX/bin", {st_mode=S_IFDIR|0775, st_size=12288, ...}, 0) = 0
767354 newfstatat(AT_FDCWD, "/usr/lib/python3.14", {st_mode=S_IFDIR|0755, st_size=20480, ...}, 0) = 0
767354 newfstatat(AT_FDCWD, "/usr/lib/python3.14/base64.py", {st_mode=S_IFREG|0644, st_size=22029, ...}, 0) = 0
767354 newfstatat(AT_FDCWD, "/usr/lib/python3.14/base64.py", {st_mode=S_IFREG|0644, st_size=22029, ...}, 0) = 0
767354 openat(AT_FDCWD, "/usr/lib/python3.14/__pycache__/base64.cpython-314.pyc", O_RDONLY|O_CLOEXEC) = 3
767354 newfstatat(AT_FDCWD, "/home/firstmate/.no-mistakes/worktrees/8352e211db7e/01M4F29HK4JCAKXEQ2F50R6HHX/bin", {st_mode=S_IFDIR|0775, st_size=12288, ...}, 0) = 0
767354 newfstatat(AT_FDCWD, "/usr/lib/python3.14", {st_mode=S_IFDIR|0755, st_size=20480, ...}, 0) = 0
767354 newfstatat(AT_FDCWD, "/usr/lib/python3.14/struct.py", {st_mode=S_IFREG|0644, st_size=285, ...}, 0) = 0
767354 newfstatat(AT_FDCWD, "/usr/lib/python3.14/struct.py", {st_mode=S_IFREG|0644, st_size=285, ...}, 0) = 0
767354 openat(AT_FDCWD, "/usr/lib/python3.14/__pycache__/struct.cpython-314.pyc", O_RDONLY|O_CLOEXEC) = 3
767354 newfstatat(AT_FDCWD, "/home/firstmate/.no-mistakes/worktrees/8352e211db7e/01M4F29HK4JCAKXEQ2F50R6HHX/bin", {st_mode=S_IFDIR|0775, st_size=12288, ...}, 0) = 0
767354 newfstatat(AT_FDCWD, "/usr/lib/python3.14", {st_mode=S_IFDIR|0755, st_size=20480, ...}, 0) = 0
767354 newfstatat(AT_FDCWD, "/usr/lib/python3.14/hmac.py", {st_mode=S_IFREG|0644, st_size=9589, ...}, 0) = 0
767354 newfstatat(AT_FDCWD, "/usr/lib/python3.14/hmac.py", {st_mode=S_IFREG|0644, st_size=9589, ...}, 0) = 0
767354 openat(AT_FDCWD, "/usr/lib/python3.14/__pycache__/hmac.cpython-314.pyc", O_RDONLY|O_CLOEXEC) = 3
767354 newfstatat(AT_FDCWD, "/home/firstmate/.no-mistakes/worktrees/8352e211db7e/01M4F29HK4JCAKXEQ2F50R6HHX/bin", {st_mode=S_IFDIR|0775, st_size=12288, ...}, 0) = 0
767354 newfstatat(AT_FDCWD, "/usr/lib/python3.14", {st_mode=S_IFDIR|0755, st_size=20480, ...}, 0) = 0
767354 newfstatat(AT_FDCWD, "/usr/lib/python3.14/lib-dynload", {st_mode=S_IFDIR|0755, st_size=16384, ...}, 0) = 0
767354 newfstatat(AT_FDCWD, "/usr/lib/python3.14/lib-dynload/_hmac.cpython-314-x86_64-linux-gnu.so", {st_mode=S_IFREG|0644, st_size=151584, ...}, 0) = 0
767354 openat(AT_FDCWD, "/usr/lib/python3.14/lib-dynload/_hmac.cpython-314-x86_64-linux-gnu.so", O_RDONLY|O_CLOEXEC) = 3
767354 newfstatat(AT_FDCWD, "/home/firstmate/.no-mistakes/worktrees/8352e211db7e/01M4F29HK4JCAKXEQ2F50R6HHX/bin", {st_mode=S_IFDIR|0775, st_size=12288, ...}, 0) = 0
767354 newfstatat(AT_FDCWD, "/usr/lib/python3.14", {st_mode=S_IFDIR|0755, st_size=20480, ...}, 0) = 0
767354 newfstatat(AT_FDCWD, "/usr/lib/python3.14/random.py", {st_mode=S_IFREG|0644, st_size=37259, ...}, 0) = 0
767354 newfstatat(AT_FDCWD, "/usr/lib/python3.14/random.py", {st_mode=S_IFREG|0644, st_size=37259, ...}, 0) = 0
767354 openat(AT_FDCWD, "/usr/lib/python3.14/__pycache__/random.cpython-314.pyc", O_RDONLY|O_CLOEXEC) = 3
767354 newfstatat(AT_FDCWD, "/home/firstmate/.no-mistakes/worktrees/8352e211db7e/01M4F29HK4JCAKXEQ2F50R6HHX/bin", {st_mode=S_IFDIR|0775, st_size=12288, ...}, 0) = 0
767354 newfstatat(AT_FDCWD, "/usr/lib/python3.14", {st_mode=S_IFDIR|0755, st_size=20480, ...}, 0) = 0
767354 newfstatat(AT_FDCWD, "/usr/lib/python3.14/bisect.py", {st_mode=S_IFREG|0644, st_size=3423, ...}, 0) = 0
767354 newfstatat(AT_FDCWD, "/usr/lib/python3.14/bisect.py", {st_mode=S_IFREG|0644, st_size=3423, ...}, 0) = 0
767354 openat(AT_FDCWD, "/usr/lib/python3.14/__pycache__/bisect.cpython-314.pyc", O_RDONLY|O_CLOEXEC) = 3
767354 newfstatat(AT_FDCWD, "/home/firstmate/.no-mistakes/worktrees/8352e211db7e/01M4F29HK4JCAKXEQ2F50R6HHX/bin", {st_mode=S_IFDIR|0775, st_size=12288, ...}, 0) = 0
767354 newfstatat(AT_FDCWD, "/usr/lib/python3.14", {st_mode=S_IFDIR|0755, st_size=20480, ...}, 0) = 0
767354 newfstatat(AT_FDCWD, "/usr/lib/python3.14/subprocess.py", {st_mode=S_IFREG|0644, st_size=90732, ...}, 0) = 0
767354 newfstatat(AT_FDCWD, "/usr/lib/python3.14/subprocess.py", {st_mode=S_IFREG|0644, st_size=90732, ...}, 0) = 0
767354 openat(AT_FDCWD, "/usr/lib/python3.14/__pycache__/subprocess.cpython-314.pyc", O_RDONLY|O_CLOEXEC) = 3
767354 newfstatat(AT_FDCWD, "/home/firstmate/.no-mistakes/worktrees/8352e211db7e/01M4F29HK4JCAKXEQ2F50R6HHX/bin", {st_mode=S_IFDIR|0775, st_size=12288, ...}, 0) = 0
767354 newfstatat(AT_FDCWD, "/usr/lib/python3.14", {st_mode=S_IFDIR|0755, st_size=20480, ...}, 0) = 0
767354 newfstatat(AT_FDCWD, "/usr/lib/python3.14/signal.py", {st_mode=S_IFREG|0644, st_size=2495, ...}, 0) = 0
767354 newfstatat(AT_FDCWD, "/usr/lib/python3.14/signal.py", {st_mode=S_IFREG|0644, st_size=2495, ...}, 0) = 0
767354 openat(AT_FDCWD, "/usr/lib/python3.14/__pycache__/signal.cpython-314.pyc", O_RDONLY|O_CLOEXEC) = 3
767354 newfstatat(AT_FDCWD, "/home/firstmate/.no-mistakes/worktrees/8352e211db7e/01M4F29HK4JCAKXEQ2F50R6HHX/bin", {st_mode=S_IFDIR|0775, st_size=12288, ...}, 0) = 0
767354 newfstatat(AT_FDCWD, "/usr/lib/python3.14", {st_mode=S_IFDIR|0755, st_size=20480, ...}, 0) = 0
767354 newfstatat(AT_FDCWD, "/usr/lib/python3.14/threading.py", {st_mode=S_IFREG|0644, st_size=56923, ...}, 0) = 0
767354 newfstatat(AT_FDCWD, "/usr/lib/python3.14/threading.py", {st_mode=S_IFREG|0644, st_size=56923, ...}, 0) = 0
767354 openat(AT_FDCWD, "/usr/lib/python3.14/__pycache__/threading.cpython-314.pyc", O_RDONLY|O_CLOEXEC) = 3
767354 newfstatat(AT_FDCWD, "/home/firstmate/.no-mistakes/worktrees/8352e211db7e/01M4F29HK4JCAKXEQ2F50R6HHX/bin", {st_mode=S_IFDIR|0775, st_size=12288, ...}, 0) = 0
767354 newfstatat(AT_FDCWD, "/usr/lib/python3.14", {st_mode=S_IFDIR|0755, st_size=20480, ...}, 0) = 0
767354 newfstatat(AT_FDCWD, "/usr/lib/python3.14/_weakrefset.py", {st_mode=S_IFREG|0644, st_size=3962, ...}, 0) = 0
767354 newfstatat(AT_FDCWD, "/usr/lib/python3.14/_weakrefset.py", {st_mode=S_IFREG|0644, st_size=3962, ...}, 0) = 0
767354 openat(AT_FDCWD, "/usr/lib/python3.14/__pycache__/_weakrefset.cpython-314.pyc", O_RDONLY|O_CLOEXEC) = 3
767354 newfstatat(AT_FDCWD, "/home/firstmate/.no-mistakes/worktrees/8352e211db7e/01M4F29HK4JCAKXEQ2F50R6HHX/bin", {st_mode=S_IFDIR|0775, st_size=12288, ...}, 0) = 0
767354 newfstatat(AT_FDCWD, "/usr/lib/python3.14", {st_mode=S_IFDIR|0755, st_size=20480, ...}, 0) = 0
767354 newfstatat(AT_FDCWD, "/usr/lib/python3.14/warnings.py", {st_mode=S_IFREG|0644, st_size=1966, ...}, 0) = 0
767354 newfstatat(AT_FDCWD, "/usr/lib/python3.14/warnings.py", {st_mode=S_IFREG|0644, st_size=1966, ...}, 0) = 0
767354 openat(AT_FDCWD, "/usr/lib/python3.14/__pycache__/warnings.cpython-314.pyc", O_RDONLY|O_CLOEXEC) = 3
767354 newfstatat(AT_FDCWD, "/home/firstmate/.no-mistakes/worktrees/8352e211db7e/01M4F29HK4JCAKXEQ2F50R6HHX/bin", {st_mode=S_IFDIR|0775, st_size=12288, ...}, 0) = 0
767354 newfstatat(AT_FDCWD, "/usr/lib/python3.14", {st_mode=S_IFDIR|0755, st_size=20480, ...}, 0) = 0
767354 newfstatat(AT_FDCWD, "/usr/lib/python3.14/_py_warnings.py", {st_mode=S_IFREG|0644, st_size=30631, ...}, 0) = 0
767354 newfstatat(AT_FDCWD, "/usr/lib/python3.14/_py_warnings.py", {st_mode=S_IFREG|0644, st_size=30631, ...}, 0) = 0
767354 openat(AT_FDCWD, "/usr/lib/python3.14/__pycache__/_py_warnings.cpython-314.pyc", O_RDONLY|O_CLOEXEC) = 3
767354 newfstatat(AT_FDCWD, "/home/firstmate/.no-mistakes/worktrees/8352e211db7e/01M4F29HK4JCAKXEQ2F50R6HHX/bin", {st_mode=S_IFDIR|0775, st_size=12288, ...}, 0) = 0
767354 newfstatat(AT_FDCWD, "/usr/lib/python3.14", {st_mode=S_IFDIR|0755, st_size=20480, ...}, 0) = 0
767354 newfstatat(AT_FDCWD, "/usr/lib/python3.14/lib-dynload", {st_mode=S_IFDIR|0755, st_size=16384, ...}, 0) = 0
767354 newfstatat(AT_FDCWD, "/home/firstmate/.local/lib/python3.14/site-packages", {st_mode=S_IFDIR|0775, st_size=4096, ...}, 0) = 0
767354 newfstatat(AT_FDCWD, "/usr/local/lib/python3.14/dist-packages", {st_mode=S_IFDIR|0755, st_size=4096, ...}, 0) = 0
767354 newfstatat(AT_FDCWD, "/usr/lib/python3/dist-packages", {st_mode=S_IFDIR|0755, st_size=12288, ...}, 0) = 0
767354 newfstatat(AT_FDCWD, "/home/firstmate/.no-mistakes/worktrees/8352e211db7e/01M4F29HK4JCAKXEQ2F50R6HHX/bin", {st_mode=S_IFDIR|0775, st_size=12288, ...}, 0) = 0
767354 newfstatat(AT_FDCWD, "/usr/lib/python3.14", {st_mode=S_IFDIR|0755, st_size=20480, ...}, 0) = 0
767354 newfstatat(AT_FDCWD, "/usr/lib/python3.14/selectors.py", {st_mode=S_IFREG|0644, st_size=19457, ...}, 0) = 0
767354 newfstatat(AT_FDCWD, "/usr/lib/python3.14/selectors.py", {st_mode=S_IFREG|0644, st_size=19457, ...}, 0) = 0
767354 openat(AT_FDCWD, "/usr/lib/python3.14/__pycache__/selectors.cpython-314.pyc", O_RDONLY|O_CLOEXEC) = 3
767354 newfstatat(AT_FDCWD, "/home/firstmate/.no-mistakes/worktrees/8352e211db7e/01M4F29HK4JCAKXEQ2F50R6HHX/bin", {st_mode=S_IFDIR|0775, st_size=12288, ...}, 0) = 0
767354 newfstatat(AT_FDCWD, "/usr/lib/python3.14", {st_mode=S_IFDIR|0755, st_size=20480, ...}, 0) = 0
767354 newfstatat(AT_FDCWD, "/usr/lib/python3.14/tomllib/__init__.cpython-314-x86_64-linux-gnu.so", 0x7fff348598e0, 0) = -1 ENOENT (No such file or directory)
767354 newfstatat(AT_FDCWD, "/usr/lib/python3.14/tomllib/__init__.abi3.so", 0x7fff348598e0, 0) = -1 ENOENT (No such file or directory)
767354 newfstatat(AT_FDCWD, "/usr/lib/python3.14/tomllib/__init__.abi3-x86_64-linux-gnu.so", 0x7fff348598e0, 0) = -1 ENOENT (No such file or directory)
767354 newfstatat(AT_FDCWD, "/usr/lib/python3.14/tomllib/__init__.so", 0x7fff348598e0, 0) = -1 ENOENT (No such file or directory)
767354 newfstatat(AT_FDCWD, "/usr/lib/python3.14/tomllib/__init__.py", {st_mode=S_IFREG|0644, st_size=308, ...}, 0) = 0
767354 newfstatat(AT_FDCWD, "/usr/lib/python3.14/tomllib/__init__.py", {st_mode=S_IFREG|0644, st_size=308, ...}, 0) = 0
767354 openat(AT_FDCWD, "/usr/lib/python3.14/tomllib/__pycache__/__init__.cpython-314.pyc", O_RDONLY|O_CLOEXEC) = 3
767354 newfstatat(AT_FDCWD, "/usr/lib/python3.14/tomllib", {st_mode=S_IFDIR|0755, st_size=4096, ...}, 0) = 0
767354 newfstatat(AT_FDCWD, "/usr/lib/python3.14/tomllib", {st_mode=S_IFDIR|0755, st_size=4096, ...}, 0) = 0
767354 newfstatat(AT_FDCWD, "/usr/lib/python3.14/tomllib", {st_mode=S_IFDIR|0755, st_size=4096, ...}, 0) = 0
767354 openat(AT_FDCWD, "/usr/lib/python3.14/tomllib", O_RDONLY|O_NONBLOCK|O_CLOEXEC|O_DIRECTORY) = 3
767354 newfstatat(AT_FDCWD, "/usr/lib/python3.14/tomllib/_parser.py", {st_mode=S_IFREG|0644, st_size=24586, ...}, 0) = 0
767354 newfstatat(AT_FDCWD, "/usr/lib/python3.14/tomllib/_parser.py", {st_mode=S_IFREG|0644, st_size=24586, ...}, 0) = 0
767354 openat(AT_FDCWD, "/usr/lib/python3.14/tomllib/__pycache__/_parser.cpython-314.pyc", O_RDONLY|O_CLOEXEC) = 3
767354 newfstatat(AT_FDCWD, "/home/firstmate/.no-mistakes/worktrees/8352e211db7e/01M4F29HK4JCAKXEQ2F50R6HHX/bin", {st_mode=S_IFDIR|0775, st_size=12288, ...}, 0) = 0
767354 newfstatat(AT_FDCWD, "/usr/lib/python3.14", {st_mode=S_IFDIR|0755, st_size=20480, ...}, 0) = 0
767354 newfstatat(AT_FDCWD, "/usr/lib/python3.14/__future__.py", {st_mode=S_IFREG|0644, st_size=5218, ...}, 0) = 0
767354 newfstatat(AT_FDCWD, "/usr/lib/python3.14/__future__.py", {st_mode=S_IFREG|0644, st_size=5218, ...}, 0) = 0
767354 openat(AT_FDCWD, "/usr/lib/python3.14/__pycache__/__future__.cpython-314.pyc", O_RDONLY|O_CLOEXEC) = 3
767354 newfstatat(AT_FDCWD, "/usr/lib/python3.14/tomllib", {st_mode=S_IFDIR|0755, st_size=4096, ...}, 0) = 0
767354 newfstatat(AT_FDCWD, "/usr/lib/python3.14/tomllib/_re.py", {st_mode=S_IFREG|0644, st_size=3192, ...}, 0) = 0
767354 newfstatat(AT_FDCWD, "/usr/lib/python3.14/tomllib/_re.py", {st_mode=S_IFREG|0644, st_size=3192, ...}, 0) = 0
767354 openat(AT_FDCWD, "/usr/lib/python3.14/tomllib/__pycache__/_re.cpython-314.pyc", O_RDONLY|O_CLOEXEC) = 3
767354 newfstatat(AT_FDCWD, "/etc/nsswitch.conf", {st_mode=S_IFREG|0644, st_size=526, ...}, 0) = 0
767354 newfstatat(AT_FDCWD, "/", {st_mode=S_IFDIR|0755, st_size=4096, ...}, 0) = 0
767354 openat(AT_FDCWD, "/etc/nsswitch.conf", O_RDONLY|O_CLOEXEC) = 3
767354 openat(AT_FDCWD, "/etc/passwd", O_RDONLY|O_CLOEXEC) = 3
767354 newfstatat(AT_FDCWD, "/home", {st_mode=S_IFDIR|0755, st_size=4096, ...}, AT_SYMLINK_NOFOLLOW) = 0
767354 newfstatat(AT_FDCWD, "/home/firstmate", {st_mode=S_IFDIR|0750, st_size=16384, ...}, AT_SYMLINK_NOFOLLOW) = 0
767354 newfstatat(AT_FDCWD, "/home/firstmate/.no-mistakes", {st_mode=S_IFDIR|0755, st_size=4096, ...}, AT_SYMLINK_NOFOLLOW) = 0
767354 newfstatat(AT_FDCWD, "/home/firstmate/.no-mistakes/worktrees", {st_mode=S_IFDIR|0755, st_size=4096, ...}, AT_SYMLINK_NOFOLLOW) = 0
767354 newfstatat(AT_FDCWD, "/home/firstmate/.no-mistakes/worktrees/8352e211db7e", {st_mode=S_IFDIR|0775, st_size=4096, ...}, AT_SYMLINK_NOFOLLOW) = 0
767354 newfstatat(AT_FDCWD, "/home/firstmate/.no-mistakes/worktrees/8352e211db7e/01M4F29HK4JCAKXEQ2F50R6HHX", {st_mode=S_IFDIR|0775, st_size=4096, ...}, AT_SYMLINK_NOFOLLOW) = 0
767354 newfstatat(AT_FDCWD, "/home/firstmate/.no-mistakes/worktrees/8352e211db7e/01M4F29HK4JCAKXEQ2F50R6HHX/bin", {st_mode=S_IFDIR|0775, st_size=12288, ...}, AT_SYMLINK_NOFOLLOW) = 0
767354 newfstatat(AT_FDCWD, "/home/firstmate/.no-mistakes/worktrees/8352e211db7e/01M4F29HK4JCAKXEQ2F50R6HHX/bin/fm-courier-pickup.py", {st_mode=S_IFREG|0775, st_size=30953, ...}, AT_SYMLINK_NOFOLLOW) = 0
767354 openat(AT_FDCWD, "/home/firstmate/.no-mistakes/worktrees/8352e211db7e/01M4F29HK4JCAKXEQ2F50R6HHX/.test-tmp/boundary/home/state/imessage/binding.json", O_RDONLY|O_CLOEXEC) = 3
767354 mkdir("/home/firstmate/.no-mistakes/worktrees/8352e211db7e/01M4F29HK4JCAKXEQ2F50R6HHX/.test-tmp/boundary/home/state/courier-pickup", 0700) = -1 EEXIST (File exists)
767354 newfstatat(AT_FDCWD, "/home/firstmate/.no-mistakes/worktrees/8352e211db7e/01M4F29HK4JCAKXEQ2F50R6HHX/.test-tmp/boundary/home/state/courier-pickup", {st_mode=S_IFDIR|0700, st_size=4096, ...}, 0) = 0
767354 openat(AT_FDCWD, "/home/firstmate/.no-mistakes/worktrees/8352e211db7e/01M4F29HK4JCAKXEQ2F50R6HHX/.test-tmp/boundary/home/state/courier-pickup/lock", O_WRONLY|O_CREAT|O_NOFOLLOW|O_CLOEXEC, 0600) = 3
767354 newfstatat(AT_FDCWD, "/home/firstmate/.no-mistakes/worktrees/8352e211db7e/01M4F29HK4JCAKXEQ2F50R6HHX/.test-tmp/boundary/home/state/courier-pickup/state.json", {st_mode=S_IFREG|0600, st_size=701, ...}, 0) = 0
767354 openat(AT_FDCWD, "/home/firstmate/.no-mistakes/worktrees/8352e211db7e/01M4F29HK4JCAKXEQ2F50R6HHX/.test-tmp/boundary/home/state/courier-pickup/state.json", O_RDONLY|O_CLOEXEC) = 4
767354 openat(AT_FDCWD, "/home/firstmate/.no-mistakes/worktrees/8352e211db7e/01M4F29HK4JCAKXEQ2F50R6HHX/.test-tmp/boundary/courier/srv/courier/inbox", O_RDONLY|O_NOFOLLOW|O_CLOEXEC|O_DIRECTORY) = 4
767354 openat(4, "result-fm-8b748b68ca4c8440456505e3c8e95ca8fbdbc9868dc85ea9.boundary.json", O_RDONLY|O_NONBLOCK|O_NOFOLLOW|O_CLOEXEC) = 5
767427 execve("/home/firstmate/.no-mistakes/worktrees/8352e211db7e/01M4F29HK4JCAKXEQ2F50R6HHX/bin/fm-inbox.sh", ["/home/firstmate/.no-mistakes/wor"..., "conversation", "playback"], 0x7904dbd35870 /* 6 vars */) = 0
767427 access("/etc/ld.so.preload", R_OK) = -1 ENOENT (No such file or directory)
767427 openat(AT_FDCWD, "/etc/ld.so.cache", O_RDONLY|O_CLOEXEC) = 3
767427 openat(AT_FDCWD, "/usr/lib/x86_64-linux-gnu/libselinux.so.1", O_RDONLY|O_CLOEXEC) = 3
767427 openat(AT_FDCWD, "/usr/lib/x86_64-linux-gnu/libgcc_s.so.1", O_RDONLY|O_CLOEXEC) = 3
767427 openat(AT_FDCWD, "/usr/lib/x86_64-linux-gnu/libm.so.6", O_RDONLY|O_CLOEXEC) = 3
767427 openat(AT_FDCWD, "/usr/lib/x86_64-linux-gnu/libc.so.6", O_RDONLY|O_CLOEXEC) = 3
767427 openat(AT_FDCWD, "/usr/lib/x86_64-linux-gnu/libpcre2-8.so.0", O_RDONLY|O_CLOEXEC) = 3
767427 statfs("/sys/fs/selinux", 0x7ffe4c083b30) = -1 ENOENT (No such file or directory)
767427 statfs("/selinux", 0x7ffe4c083b30) = -1 ENOENT (No such file or directory)
767427 openat(AT_FDCWD, "/proc/filesystems", O_RDONLY|O_CLOEXEC) = 3
767427 access("/etc/selinux/config", F_OK) = -1 ENOENT (No such file or directory)
767427 openat(AT_FDCWD, "/proc/self/maps", O_RDONLY|O_CLOEXEC) = 3
767427 openat(AT_FDCWD, "/home/firstmate/.no-mistakes/worktrees/8352e211db7e/01M4F29HK4JCAKXEQ2F50R6HHX/bin/fm-inbox.sh", O_RDONLY|O_CLOEXEC) = 3
767427 statx(AT_FDCWD, "/usr/share/coreutils/locales/env", AT_STATX_SYNC_AS_STAT, STATX_ALL, {stx_mask=STATX_ALL|STATX_MNT_ID, stx_attributes=0, stx_mode=S_IFDIR|0755, stx_size=4096, ...}) = 0
767427 statx(AT_FDCWD, "/usr/share/coreutils/locales/uucore", AT_STATX_SYNC_AS_STAT, STATX_ALL, {stx_mask=STATX_ALL|STATX_MNT_ID, stx_attributes=0, stx_mode=S_IFDIR|0755, stx_size=4096, ...}) = 0
767427 openat(AT_FDCWD, "/usr/share/coreutils/locales/uucore/en-US.ftl", O_RDONLY|O_CLOEXEC) = 3
767427 statx(3, "", AT_STATX_SYNC_AS_STAT|AT_EMPTY_PATH, STATX_ALL, {stx_mask=STATX_ALL|STATX_MNT_ID, stx_attributes=0, stx_mode=S_IFREG|0644, stx_size=4080, ...}) = 0
767427 statx(AT_FDCWD, "/usr/share/coreutils/locales/env", AT_STATX_SYNC_AS_STAT, STATX_ALL, {stx_mask=STATX_ALL|STATX_MNT_ID, stx_attributes=0, stx_mode=S_IFDIR|0755, stx_size=4096, ...}) = 0
767427 openat(AT_FDCWD, "/usr/share/coreutils/locales/env/en-US.ftl", O_RDONLY|O_CLOEXEC) = -1 ENOENT (No such file or directory)
767427 execve("/home/firstmate/.local/codex-latest/lib/node_modules/@openai/codex/node_modules/@openai/codex-linux-x64/vendor/x86_64-unknown-linux-musl/codex-path/bash", ["bash", "/home/firstmate/.no-mistakes/wor"..., "conversation", "playback"], 0x7ffe4c083d08 /* 6 vars */) = -1 ENOENT (No such file or directory)
767427 execve("/home/firstmate/.codex-5/tmp/arg0/codex-arg065EgpK/bash", ["bash", "/home/firstmate/.no-mistakes/wor"..., "conversation", "playback"], 0x7ffe4c083d08 /* 6 vars */) = -1 ENOENT (No such file or directory)
767427 execve("/home/firstmate/.local/codex-latest/lib/node_modules/@openai/codex/node_modules/@openai/codex-linux-x64/vendor/x86_64-unknown-linux-musl/codex-path/bash", ["bash", "/home/firstmate/.no-mistakes/wor"..., "conversation", "playback"], 0x7ffe4c083d08 /* 6 vars */) = -1 ENOENT (No such file or directory)
767427 execve("/home/firstmate/.local/bin/bash", ["bash", "/home/firstmate/.no-mistakes/wor"..., "conversation", "playback"], 0x7ffe4c083d08 /* 6 vars */) = -1 ENOENT (No such file or directory)
767427 execve("/home/firstmate/go/bin/bash", ["bash", "/home/firstmate/.no-mistakes/wor"..., "conversation", "playback"], 0x7ffe4c083d08 /* 6 vars */) = -1 ENOENT (No such file or directory)
767427 execve("/home/firstmate/.cargo/bin/bash", ["bash", "/home/firstmate/.no-mistakes/wor"..., "conversation", "playback"], 0x7ffe4c083d08 /* 6 vars */) = -1 ENOENT (No such file or directory)
767427 execve("/home/firstmate/bin/bash", ["bash", "/home/firstmate/.no-mistakes/wor"..., "conversation", "playback"], 0x7ffe4c083d08 /* 6 vars */) = -1 ENOENT (No such file or directory)
767427 execve("/opt/homebrew/bin/bash", ["bash", "/home/firstmate/.no-mistakes/wor"..., "conversation", "playback"], 0x7ffe4c083d08 /* 6 vars */) = -1 ENOENT (No such file or directory)
767427 execve("/opt/homebrew/sbin/bash", ["bash", "/home/firstmate/.no-mistakes/wor"..., "conversation", "playback"], 0x7ffe4c083d08 /* 6 vars */) = -1 ENOENT (No such file or directory)
767427 execve("/usr/local/bin/bash", ["bash", "/home/firstmate/.no-mistakes/wor"..., "conversation", "playback"], 0x7ffe4c083d08 /* 6 vars */) = -1 ENOENT (No such file or directory)
767427 execve("/usr/local/sbin/bash", ["bash", "/home/firstmate/.no-mistakes/wor"..., "conversation", "playback"], 0x7ffe4c083d08 /* 6 vars */) = -1 ENOENT (No such file or directory)
767427 execve("/usr/bin/bash", ["bash", "/home/firstmate/.no-mistakes/wor"..., "conversation", "playback"], 0x7ffe4c083d08 /* 6 vars */) = 0
767427 access("/etc/ld.so.preload", R_OK) = -1 ENOENT (No such file or directory)
767427 openat(AT_FDCWD, "/etc/ld.so.cache", O_RDONLY|O_CLOEXEC) = 3
767427 openat(AT_FDCWD, "/usr/lib/x86_64-linux-gnu/libtinfo.so.6", O_RDONLY|O_CLOEXEC) = 3
767427 openat(AT_FDCWD, "/usr/lib/x86_64-linux-gnu/libc.so.6", O_RDONLY|O_CLOEXEC) = 3
767427 openat(AT_FDCWD, "/dev/tty", O_RDWR|O_NONBLOCK) = -1 ENXIO (No such device or address)
767427 openat(AT_FDCWD, "/usr/lib/locale/locale-archive", O_RDONLY|O_CLOEXEC) = 3
767427 openat(AT_FDCWD, "/usr/share/locale/locale.alias", O_RDONLY|O_CLOEXEC) = -1 ENOENT (No such file or directory)
767427 openat(AT_FDCWD, "/usr/lib/locale/C.UTF-8/LC_IDENTIFICATION", O_RDONLY|O_CLOEXEC) = -1 ENOENT (No such file or directory)
767427 openat(AT_FDCWD, "/usr/lib/locale/C.utf8/LC_IDENTIFICATION", O_RDONLY|O_CLOEXEC) = 3
767427 openat(AT_FDCWD, "/usr/lib/x86_64-linux-gnu/gconv/gconv-modules.cache", O_RDONLY|O_CLOEXEC) = 3
767427 openat(AT_FDCWD, "/usr/lib/locale/C.UTF-8/LC_MEASUREMENT", O_RDONLY|O_CLOEXEC) = -1 ENOENT (No such file or directory)
767427 openat(AT_FDCWD, "/usr/lib/locale/C.utf8/LC_MEASUREMENT", O_RDONLY|O_CLOEXEC) = 3
767427 openat(AT_FDCWD, "/usr/lib/locale/C.UTF-8/LC_TELEPHONE", O_RDONLY|O_CLOEXEC) = -1 ENOENT (No such file or directory)
767427 openat(AT_FDCWD, "/usr/lib/locale/C.utf8/LC_TELEPHONE", O_RDONLY|O_CLOEXEC) = 3
767427 openat(AT_FDCWD, "/usr/lib/locale/C.UTF-8/LC_ADDRESS", O_RDONLY|O_CLOEXEC) = -1 ENOENT (No such file or directory)
767427 openat(AT_FDCWD, "/usr/lib/locale/C.utf8/LC_ADDRESS", O_RDONLY|O_CLOEXEC) = 3
767427 openat(AT_FDCWD, "/usr/lib/locale/C.UTF-8/LC_NAME", O_RDONLY|O_CLOEXEC) = -1 ENOENT (No such file or directory)
767427 openat(AT_FDCWD, "/usr/lib/locale/C.utf8/LC_NAME", O_RDONLY|O_CLOEXEC) = 3
767427 openat(AT_FDCWD, "/usr/lib/locale/C.UTF-8/LC_PAPER", O_RDONLY|O_CLOEXEC) = -1 ENOENT (No such file or directory)
767427 openat(AT_FDCWD, "/usr/lib/locale/C.utf8/LC_PAPER", O_RDONLY|O_CLOEXEC) = 3
767427 openat(AT_FDCWD, "/usr/lib/locale/C.UTF-8/LC_MESSAGES", O_RDONLY|O_CLOEXEC) = -1 ENOENT (No such file or directory)
767427 openat(AT_FDCWD, "/usr/lib/locale/C.utf8/LC_MESSAGES", O_RDONLY|O_CLOEXEC) = 3
767427 openat(AT_FDCWD, "/usr/lib/locale/C.utf8/LC_MESSAGES/SYS_LC_MESSAGES", O_RDONLY|O_CLOEXEC) = 3
767427 openat(AT_FDCWD, "/usr/lib/locale/C.UTF-8/LC_MONETARY", O_RDONLY|O_CLOEXEC) = -1 ENOENT (No such file or directory)
767427 openat(AT_FDCWD, "/usr/lib/locale/C.utf8/LC_MONETARY", O_RDONLY|O_CLOEXEC) = 3
767427 openat(AT_FDCWD, "/usr/lib/locale/C.UTF-8/LC_COLLATE", O_RDONLY|O_CLOEXEC) = -1 ENOENT (No such file or directory)
767427 openat(AT_FDCWD, "/usr/lib/locale/C.utf8/LC_COLLATE", O_RDONLY|O_CLOEXEC) = 3
767427 openat(AT_FDCWD, "/usr/lib/locale/C.UTF-8/LC_TIME", O_RDONLY|O_CLOEXEC) = -1 ENOENT (No such file or directory)
767427 openat(AT_FDCWD, "/usr/lib/locale/C.utf8/LC_TIME", O_RDONLY|O_CLOEXEC) = 3
767427 openat(AT_FDCWD, "/usr/lib/locale/C.UTF-8/LC_NUMERIC", O_RDONLY|O_CLOEXEC) = -1 ENOENT (No such file or directory)
767427 openat(AT_FDCWD, "/usr/lib/locale/C.utf8/LC_NUMERIC", O_RDONLY|O_CLOEXEC) = 3
767427 openat(AT_FDCWD, "/usr/lib/locale/C.UTF-8/LC_CTYPE", O_RDONLY|O_CLOEXEC) = -1 ENOENT (No such file or directory)
767427 openat(AT_FDCWD, "/usr/lib/locale/C.utf8/LC_CTYPE", O_RDONLY|O_CLOEXEC) = 3
767427 getcwd("/home/firstmate/.no-mistakes/worktrees/8352e211db7e/01M4F29HK4JCAKXEQ2F50R6HHX", 4096) = 79
767427 newfstatat(AT_FDCWD, ".", {st_mode=S_IFDIR|0775, st_size=4096, ...}, 0) = 0
767427 newfstatat(AT_FDCWD, "/home/firstmate/.local/codex-latest/lib/node_modules/@openai/codex/node_modules/@openai/codex-linux-x64/vendor/x86_64-unknown-linux-musl/codex-path/bash", 0x7ffcfd8f64c0, 0) = -1 ENOENT (No such file or directory)
767427 newfstatat(AT_FDCWD, "/home/firstmate/.codex-5/tmp/arg0/codex-arg065EgpK/bash", 0x7ffcfd8f64c0, 0) = -1 ENOENT (No such file or directory)
767427 newfstatat(AT_FDCWD, "/home/firstmate/.local/codex-latest/lib/node_modules/@openai/codex/node_modules/@openai/codex-linux-x64/vendor/x86_64-unknown-linux-musl/codex-path/bash", 0x7ffcfd8f64c0, 0) = -1 ENOENT (No such file or directory)
767427 newfstatat(AT_FDCWD, "/home/firstmate/.local/bin/bash", 0x7ffcfd8f64c0, 0) = -1 ENOENT (No such file or directory)
767427 newfstatat(AT_FDCWD, "/home/firstmate/go/bin/bash", 0x7ffcfd8f64c0, 0) = -1 ENOENT (No such file or directory)
767427 newfstatat(AT_FDCWD, "/home/firstmate/.cargo/bin/bash", 0x7ffcfd8f64c0, 0) = -1 ENOENT (No such file or directory)
767427 newfstatat(AT_FDCWD, "/home/firstmate/bin/bash", 0x7ffcfd8f64c0, 0) = -1 ENOENT (No such file or directory)
767427 newfstatat(AT_FDCWD, "/opt/homebrew/bin/bash", 0x7ffcfd8f64c0, 0) = -1 ENOENT (No such file or directory)
767427 newfstatat(AT_FDCWD, "/opt/homebrew/sbin/bash", 0x7ffcfd8f64c0, 0) = -1 ENOENT (No such file or directory)
767427 newfstatat(AT_FDCWD, "/usr/local/bin/bash", 0x7ffcfd8f64c0, 0) = -1 ENOENT (No such file or directory)
767427 newfstatat(AT_FDCWD, "/usr/local/sbin/bash", 0x7ffcfd8f64c0, 0) = -1 ENOENT (No such file or directory)
767427 newfstatat(AT_FDCWD, "/usr/bin/bash", {st_mode=S_IFREG|0755, st_size=1540520, ...}, 0) = 0
767427 newfstatat(AT_FDCWD, "/usr/bin/bash", {st_mode=S_IFREG|0755, st_size=1540520, ...}, 0) = 0
767427 access("/usr/bin/bash", X_OK)    = 0
767427 newfstatat(AT_FDCWD, "/usr/bin/bash", {st_mode=S_IFREG|0755, st_size=1540520, ...}, 0) = 0
767427 access("/usr/bin/bash", R_OK)    = 0
767427 newfstatat(AT_FDCWD, "/etc/nsswitch.conf", {st_mode=S_IFREG|0644, st_size=526, ...}, 0) = 0
767427 newfstatat(AT_FDCWD, "/", {st_mode=S_IFDIR|0755, st_size=4096, ...}, 0) = 0
767427 openat(AT_FDCWD, "/etc/nsswitch.conf", O_RDONLY|O_CLOEXEC) = 3
767427 openat(AT_FDCWD, "/etc/passwd", O_RDONLY|O_CLOEXEC) = 3
767427 openat(AT_FDCWD, "/home/firstmate/.no-mistakes/worktrees/8352e211db7e/01M4F29HK4JCAKXEQ2F50R6HHX/bin/fm-inbox.sh", O_RDONLY) = 3
767427 newfstatat(AT_FDCWD, "/home/firstmate/.no-mistakes/worktrees/8352e211db7e/01M4F29HK4JCAKXEQ2F50R6HHX/bin/fm-inbox.sh", {st_mode=S_IFREG|0775, st_size=17467, ...}, 0) = 0
767427 newfstatat(AT_FDCWD, "/home/firstmate/.toolbox/bin", 0x7ffcfd8f62c0, 0) = -1 ENOENT (No such file or directory)
767454 newfstatat(AT_FDCWD, ".", {st_mode=S_IFDIR|0775, st_size=4096, ...}, 0) = 0
767454 newfstatat(AT_FDCWD, "/home/firstmate/.local/codex-latest/lib/node_modules/@openai/codex/node_modules/@openai/codex-linux-x64/vendor/x86_64-unknown-linux-musl/codex-path/dirname", 0x7ffcfd8f5080, 0) = -1 ENOENT (No such file or directory)
767454 newfstatat(AT_FDCWD, "/home/firstmate/.codex-5/tmp/arg0/codex-arg065EgpK/dirname", 0x7ffcfd8f5080, 0) = -1 ENOENT (No such file or directory)
767454 newfstatat(AT_FDCWD, "/home/firstmate/.local/codex-latest/lib/node_modules/@openai/codex/node_modules/@openai/codex-linux-x64/vendor/x86_64-unknown-linux-musl/codex-path/dirname", 0x7ffcfd8f5080, 0) = -1 ENOENT (No such file or directory)
767454 newfstatat(AT_FDCWD, "/home/firstmate/.local/bin/dirname", 0x7ffcfd8f5080, 0) = -1 ENOENT (No such file or directory)
767454 newfstatat(AT_FDCWD, "/home/firstmate/go/bin/dirname", 0x7ffcfd8f5080, 0) = -1 ENOENT (No such file or directory)
767454 newfstatat(AT_FDCWD, "/home/firstmate/.cargo/bin/dirname", 0x7ffcfd8f5080, 0) = -1 ENOENT (No such file or directory)
767454 newfstatat(AT_FDCWD, "/home/firstmate/bin/dirname", 0x7ffcfd8f5080, 0) = -1 ENOENT (No such file or directory)
767454 newfstatat(AT_FDCWD, "/opt/homebrew/bin/dirname", 0x7ffcfd8f5080, 0) = -1 ENOENT (No such file or directory)
767454 newfstatat(AT_FDCWD, "/opt/homebrew/sbin/dirname", 0x7ffcfd8f5080, 0) = -1 ENOENT (No such file or directory)
767454 newfstatat(AT_FDCWD, "/usr/local/bin/dirname", 0x7ffcfd8f5080, 0) = -1 ENOENT (No such file or directory)
767454 newfstatat(AT_FDCWD, "/usr/local/sbin/dirname", 0x7ffcfd8f5080, 0) = -1 ENOENT (No such file or directory)
767454 newfstatat(AT_FDCWD, "/usr/bin/dirname", {st_mode=S_IFREG|0755, st_size=11352352, ...}, 0) = 0
767454 newfstatat(AT_FDCWD, "/usr/bin/dirname", {st_mode=S_IFREG|0755, st_size=11352352, ...}, 0) = 0
767454 access("/usr/bin/dirname", X_OK) = 0
767454 newfstatat(AT_FDCWD, "/usr/bin/dirname", {st_mode=S_IFREG|0755, st_size=11352352, ...}, 0) = 0
767454 access("/usr/bin/dirname", R_OK) = 0
767454 execve("/usr/bin/dirname", ["dirname", "/home/firstmate/.no-mistakes/wor"...], 0x5b662238e090 /* 9 vars */) = 0
767454 access("/etc/ld.so.preload", R_OK) = -1 ENOENT (No such file or directory)
767454 openat(AT_FDCWD, "/etc/ld.so.cache", O_RDONLY|O_CLOEXEC) = 3
767454 openat(AT_FDCWD, "/usr/lib/x86_64-linux-gnu/libselinux.so.1", O_RDONLY|O_CLOEXEC) = 3
767454 openat(AT_FDCWD, "/usr/lib/x86_64-linux-gnu/libgcc_s.so.1", O_RDONLY|O_CLOEXEC) = 3
767454 openat(AT_FDCWD, "/usr/lib/x86_64-linux-gnu/libm.so.6", O_RDONLY|O_CLOEXEC) = 3
767454 openat(AT_FDCWD, "/usr/lib/x86_64-linux-gnu/libc.so.6", O_RDONLY|O_CLOEXEC) = 3
767454 openat(AT_FDCWD, "/usr/lib/x86_64-linux-gnu/libpcre2-8.so.0", O_RDONLY|O_CLOEXEC) = 3
767454 statfs("/sys/fs/selinux", 0x7ffe80a37fd0) = -1 ENOENT (No such file or directory)
767454 statfs("/selinux", 0x7ffe80a37fd0) = -1 ENOENT (No such file or directory)
767454 openat(AT_FDCWD, "/proc/filesystems", O_RDONLY|O_CLOEXEC) = 3
767454 access("/etc/selinux/config", F_OK) = -1 ENOENT (No such file or directory)
767454 openat(AT_FDCWD, "/proc/self/maps", O_RDONLY|O_CLOEXEC) = 3
767454 statx(AT_FDCWD, "/usr/share/coreutils/locales/dirname", AT_STATX_SYNC_AS_STAT, STATX_ALL, {stx_mask=STATX_ALL|STATX_MNT_ID, stx_attributes=0, stx_mode=S_IFDIR|0755, stx_size=4096, ...}) = 0
767454 statx(AT_FDCWD, "/usr/share/coreutils/locales/uucore", AT_STATX_SYNC_AS_STAT, STATX_ALL, {stx_mask=STATX_ALL|STATX_MNT_ID, stx_attributes=0, stx_mode=S_IFDIR|0755, stx_size=4096, ...}) = 0
767454 openat(AT_FDCWD, "/usr/share/coreutils/locales/uucore/en-US.ftl", O_RDONLY|O_CLOEXEC) = 3
767454 statx(3, "", AT_STATX_SYNC_AS_STAT|AT_EMPTY_PATH, STATX_ALL, {stx_mask=STATX_ALL|STATX_MNT_ID, stx_attributes=0, stx_mode=S_IFREG|0644, stx_size=4080, ...}) = 0
767454 statx(AT_FDCWD, "/usr/share/coreutils/locales/dirname", AT_STATX_SYNC_AS_STAT, STATX_ALL, {stx_mask=STATX_ALL|STATX_MNT_ID, stx_attributes=0, stx_mode=S_IFDIR|0755, stx_size=4096, ...}) = 0
767454 openat(AT_FDCWD, "/usr/share/coreutils/locales/dirname/en-US.ftl", O_RDONLY|O_CLOEXEC) = -1 ENOENT (No such file or directory)
767454 +++ exited with 0 +++
767453 --- SIGCHLD {si_signo=SIGCHLD, si_code=CLD_EXITED, si_pid=767454, si_uid=0, si_status=0, si_utime=0, si_stime=0} ---
767453 newfstatat(AT_FDCWD, "/home", {st_mode=S_IFDIR|0755, st_size=4096, ...}, 0) = 0
767453 newfstatat(AT_FDCWD, "/home/firstmate", {st_mode=S_IFDIR|0750, st_size=16384, ...}, 0) = 0
767453 newfstatat(AT_FDCWD, "/home/firstmate/.no-mistakes", {st_mode=S_IFDIR|0755, st_size=4096, ...}, 0) = 0
767453 newfstatat(AT_FDCWD, "/home/firstmate/.no-mistakes/worktrees", {st_mode=S_IFDIR|0755, st_size=4096, ...}, 0) = 0
767453 newfstatat(AT_FDCWD, "/home/firstmate/.no-mistakes/worktrees/8352e211db7e", {st_mode=S_IFDIR|0775, st_size=4096, ...}, 0) = 0
767453 newfstatat(AT_FDCWD, "/home/firstmate/.no-mistakes/worktrees/8352e211db7e/01M4F29HK4JCAKXEQ2F50R6HHX", {st_mode=S_IFDIR|0775, st_size=4096, ...}, 0) = 0
767453 newfstatat(AT_FDCWD, "/home/firstmate/.no-mistakes/worktrees/8352e211db7e/01M4F29HK4JCAKXEQ2F50R6HHX/bin", {st_mode=S_IFDIR|0775, st_size=12288, ...}, 0) = 0
767453 chdir("/home/firstmate/.no-mistakes/worktrees/8352e211db7e/01M4F29HK4JCAKXEQ2F50R6HHX/bin") = 0
767453 +++ exited with 0 +++
767427 --- SIGCHLD {si_signo=SIGCHLD, si_code=CLD_EXITED, si_pid=767453, si_uid=0, si_status=0, si_utime=0, si_stime=0} ---
767467 newfstatat(AT_FDCWD, "/home", {st_mode=S_IFDIR|0755, st_size=4096, ...}, 0) = 0
767467 newfstatat(AT_FDCWD, "/home/firstmate", {st_mode=S_IFDIR|0750, st_size=16384, ...}, 0) = 0
767467 newfstatat(AT_FDCWD, "/home/firstmate/.no-mistakes", {st_mode=S_IFDIR|0755, st_size=4096, ...}, 0) = 0
767467 newfstatat(AT_FDCWD, "/home/firstmate/.no-mistakes/worktrees", {st_mode=S_IFDIR|0755, st_size=4096, ...}, 0) = 0
767467 newfstatat(AT_FDCWD, "/home/firstmate/.no-mistakes/worktrees/8352e211db7e", {st_mode=S_IFDIR|0775, st_size=4096, ...}, 0) = 0
767467 newfstatat(AT_FDCWD, "/home/firstmate/.no-mistakes/worktrees/8352e211db7e/01M4F29HK4JCAKXEQ2F50R6HHX", {st_mode=S_IFDIR|0775, st_size=4096, ...}, 0) = 0
767467 newfstatat(AT_FDCWD, "/home/firstmate/.no-mistakes/worktrees/8352e211db7e/01M4F29HK4JCAKXEQ2F50R6HHX/bin", {st_mode=S_IFDIR|0775, st_size=12288, ...}, 0) = 0
767467 newfstatat(AT_FDCWD, "/home/firstmate/.no-mistakes/worktrees/8352e211db7e/01M4F29HK4JCAKXEQ2F50R6HHX/bin", {st_mode=S_IFDIR|0775, st_size=12288, ...}, 0) = 0
767467 chdir("/home/firstmate/.no-mistakes/worktrees/8352e211db7e/01M4F29HK4JCAKXEQ2F50R6HHX") = 0
767467 +++ exited with 0 +++
767427 --- SIGCHLD {si_signo=SIGCHLD, si_code=CLD_EXITED, si_pid=767467, si_uid=0, si_status=0, si_utime=0, si_stime=0} ---
767473 faccessat2(AT_FDCWD, "/home/firstmate/.no-mistakes/worktrees/8352e211db7e/01M4F29HK4JCAKXEQ2F50R6HHX/.test-tmp/boundary/home/config/inbox-profile", R_OK, AT_EACCESS) = -1 ENOENT (No such file or directory)
767473 +++ exited with 0 +++
767427 --- SIGCHLD {si_signo=SIGCHLD, si_code=CLD_EXITED, si_pid=767473, si_uid=0, si_status=0, si_utime=0, si_stime=0} ---
767427 newfstatat(AT_FDCWD, "/home/firstmate/.no-mistakes/worktrees/8352e211db7e/01M4F29HK4JCAKXEQ2F50R6HHX/.test-tmp/boundary/home/.voice-conversation-lab", 0x7ffcfd8f5fd0, 0) = -1 ENOENT (No such file or directory)
767427 openat(AT_FDCWD, "/home/firstmate/.no-mistakes/worktrees/8352e211db7e/01M4F29HK4JCAKXEQ2F50R6HHX/bin/fm-wake-lib.sh", O_RDONLY) = 3
767482 newfstatat(AT_FDCWD, ".", {st_mode=S_IFDIR|0775, st_size=4096, ...}, 0) = 0
767482 newfstatat(AT_FDCWD, "/home/firstmate/.local/codex-latest/lib/node_modules/@openai/codex/node_modules/@openai/codex-linux-x64/vendor/x86_64-unknown-linux-musl/codex-path/dirname", 0x7ffcfd8f4270, 0) = -1 ENOENT (No such file or directory)
767482 newfstatat(AT_FDCWD, "/home/firstmate/.codex-5/tmp/arg0/codex-arg065EgpK/dirname", 0x7ffcfd8f4270, 0) = -1 ENOENT (No such file or directory)
767482 newfstatat(AT_FDCWD, "/home/firstmate/.local/codex-latest/lib/node_modules/@openai/codex/node_modules/@openai/codex-linux-x64/vendor/x86_64-unknown-linux-musl/codex-path/dirname", 0x7ffcfd8f4270, 0) = -1 ENOENT (No such file or directory)
767482 newfstatat(AT_FDCWD, "/home/firstmate/.local/bin/dirname", 0x7ffcfd8f4270, 0) = -1 ENOENT (No such file or directory)
767482 newfstatat(AT_FDCWD, "/home/firstmate/go/bin/dirname", 0x7ffcfd8f4270, 0) = -1 ENOENT (No such file or directory)
767482 newfstatat(AT_FDCWD, "/home/firstmate/.cargo/bin/dirname", 0x7ffcfd8f4270, 0) = -1 ENOENT (No such file or directory)
767482 newfstatat(AT_FDCWD, "/home/firstmate/bin/dirname", 0x7ffcfd8f4270, 0) = -1 ENOENT (No such file or directory)
767482 newfstatat(AT_FDCWD, "/opt/homebrew/bin/dirname", 0x7ffcfd8f4270, 0) = -1 ENOENT (No such file or directory)
767482 newfstatat(AT_FDCWD, "/opt/homebrew/sbin/dirname", 0x7ffcfd8f4270, 0) = -1 ENOENT (No such file or directory)
767482 newfstatat(AT_FDCWD, "/usr/local/bin/dirname", 0x7ffcfd8f4270, 0) = -1 ENOENT (No such file or directory)
767482 newfstatat(AT_FDCWD, "/usr/local/sbin/dirname", 0x7ffcfd8f4270, 0) = -1 ENOENT (No such file or directory)
767482 newfstatat(AT_FDCWD, "/usr/bin/dirname", {st_mode=S_IFREG|0755, st_size=11352352, ...}, 0) = 0
767482 newfstatat(AT_FDCWD, "/usr/bin/dirname", {st_mode=S_IFREG|0755, st_size=11352352, ...}, 0) = 0
767482 access("/usr/bin/dirname", X_OK) = 0
767482 newfstatat(AT_FDCWD, "/usr/bin/dirname", {st_mode=S_IFREG|0755, st_size=11352352, ...}, 0) = 0
767482 access("/usr/bin/dirname", R_OK) = 0
767482 execve("/usr/bin/dirname", ["dirname", "/home/firstmate/.no-mistakes/wor"...], 0x5b66223c7640 /* 9 vars */) = 0
767482 access("/etc/ld.so.preload", R_OK) = -1 ENOENT (No such file or directory)
767482 openat(AT_FDCWD, "/etc/ld.so.cache", O_RDONLY|O_CLOEXEC) = 3
767482 openat(AT_FDCWD, "/usr/lib/x86_64-linux-gnu/libselinux.so.1", O_RDONLY|O_CLOEXEC) = 3
767482 openat(AT_FDCWD, "/usr/lib/x86_64-linux-gnu/libgcc_s.so.1", O_RDONLY|O_CLOEXEC) = 3
767482 openat(AT_FDCWD, "/usr/lib/x86_64-linux-gnu/libm.so.6", O_RDONLY|O_CLOEXEC) = 3
767482 openat(AT_FDCWD, "/usr/lib/x86_64-linux-gnu/libc.so.6", O_RDONLY|O_CLOEXEC) = 3
767482 openat(AT_FDCWD, "/usr/lib/x86_64-linux-gnu/libpcre2-8.so.0", O_RDONLY|O_CLOEXEC) = 3
767482 statfs("/sys/fs/selinux", 0x7ffff20cc8a0) = -1 ENOENT (No such file or directory)
767482 statfs("/selinux", 0x7ffff20cc8a0) = -1 ENOENT (No such file or directory)
767482 openat(AT_FDCWD, "/proc/filesystems", O_RDONLY|O_CLOEXEC) = 3
767482 access("/etc/selinux/config", F_OK) = -1 ENOENT (No such file or directory)
767482 openat(AT_FDCWD, "/proc/self/maps", O_RDONLY|O_CLOEXEC) = 3
767482 statx(AT_FDCWD, "/usr/share/coreutils/locales/dirname", AT_STATX_SYNC_AS_STAT, STATX_ALL, {stx_mask=STATX_ALL|STATX_MNT_ID, stx_attributes=0, stx_mode=S_IFDIR|0755, stx_size=4096, ...}) = 0
767482 statx(AT_FDCWD, "/usr/share/coreutils/locales/uucore", AT_STATX_SYNC_AS_STAT, STATX_ALL, {stx_mask=STATX_ALL|STATX_MNT_ID, stx_attributes=0, stx_mode=S_IFDIR|0755, stx_size=4096, ...}) = 0
767482 openat(AT_FDCWD, "/usr/share/coreutils/locales/uucore/en-US.ftl", O_RDONLY|O_CLOEXEC) = 3
767482 statx(3, "", AT_STATX_SYNC_AS_STAT|AT_EMPTY_PATH, STATX_ALL, {stx_mask=STATX_ALL|STATX_MNT_ID, stx_attributes=0, stx_mode=S_IFREG|0644, stx_size=4080, ...}) = 0
767482 statx(AT_FDCWD, "/usr/share/coreutils/locales/dirname", AT_STATX_SYNC_AS_STAT, STATX_ALL, {stx_mask=STATX_ALL|STATX_MNT_ID, stx_attributes=0, stx_mode=S_IFDIR|0755, stx_size=4096, ...}) = 0
767482 openat(AT_FDCWD, "/usr/share/coreutils/locales/dirname/en-US.ftl", O_RDONLY|O_CLOEXEC) = -1 ENOENT (No such file or directory)
767482 +++ exited with 0 +++
767479 --- SIGCHLD {si_signo=SIGCHLD, si_code=CLD_EXITED, si_pid=767482, si_uid=0, si_status=0, si_utime=0, si_stime=1 /* 0.01 s */} ---
767479 newfstatat(AT_FDCWD, "/home", {st_mode=S_IFDIR|0755, st_size=4096, ...}, 0) = 0
767479 newfstatat(AT_FDCWD, "/home/firstmate", {st_mode=S_IFDIR|0750, st_size=16384, ...}, 0) = 0
767479 newfstatat(AT_FDCWD, "/home/firstmate/.no-mistakes", {st_mode=S_IFDIR|0755, st_size=4096, ...}, 0) = 0
767479 newfstatat(AT_FDCWD, "/home/firstmate/.no-mistakes/worktrees", {st_mode=S_IFDIR|0755, st_size=4096, ...}, 0) = 0
767479 newfstatat(AT_FDCWD, "/home/firstmate/.no-mistakes/worktrees/8352e211db7e", {st_mode=S_IFDIR|0775, st_size=4096, ...}, 0) = 0
767479 newfstatat(AT_FDCWD, "/home/firstmate/.no-mistakes/worktrees/8352e211db7e/01M4F29HK4JCAKXEQ2F50R6HHX", {st_mode=S_IFDIR|0775, st_size=4096, ...}, 0) = 0
767479 newfstatat(AT_FDCWD, "/home/firstmate/.no-mistakes/worktrees/8352e211db7e/01M4F29HK4JCAKXEQ2F50R6HHX/bin", {st_mode=S_IFDIR|0775, st_size=12288, ...}, 0) = 0
767479 chdir("/home/firstmate/.no-mistakes/worktrees/8352e211db7e/01M4F29HK4JCAKXEQ2F50R6HHX/bin") = 0
767479 +++ exited with 0 +++
767427 --- SIGCHLD {si_signo=SIGCHLD, si_code=CLD_EXITED, si_pid=767479, si_uid=0, si_status=0, si_utime=0, si_stime=0} ---
767501 newfstatat(AT_FDCWD, "/home", {st_mode=S_IFDIR|0755, st_size=4096, ...}, 0) = 0
767501 newfstatat(AT_FDCWD, "/home/firstmate", {st_mode=S_IFDIR|0750, st_size=16384, ...}, 0) = 0
767501 newfstatat(AT_FDCWD, "/home/firstmate/.no-mistakes", {st_mode=S_IFDIR|0755, st_size=4096, ...}, 0) = 0
767501 newfstatat(AT_FDCWD, "/home/firstmate/.no-mistakes/worktrees", {st_mode=S_IFDIR|0755, st_size=4096, ...}, 0) = 0
767501 newfstatat(AT_FDCWD, "/home/firstmate/.no-mistakes/worktrees/8352e211db7e", {st_mode=S_IFDIR|0775, st_size=4096, ...}, 0) = 0
767501 newfstatat(AT_FDCWD, "/home/firstmate/.no-mistakes/worktrees/8352e211db7e/01M4F29HK4JCAKXEQ2F50R6HHX", {st_mode=S_IFDIR|0775, st_size=4096, ...}, 0) = 0
767501 newfstatat(AT_FDCWD, "/home/firstmate/.no-mistakes/worktrees/8352e211db7e/01M4F29HK4JCAKXEQ2F50R6HHX/bin", {st_mode=S_IFDIR|0775, st_size=12288, ...}, 0) = 0
767501 newfstatat(AT_FDCWD, "/home/firstmate/.no-mistakes/worktrees/8352e211db7e/01M4F29HK4JCAKXEQ2F50R6HHX/bin", {st_mode=S_IFDIR|0775, st_size=12288, ...}, 0) = 0
767501 chdir("/home/firstmate/.no-mistakes/worktrees/8352e211db7e/01M4F29HK4JCAKXEQ2F50R6HHX") = 0
767501 +++ exited with 0 +++
767427 --- SIGCHLD {si_signo=SIGCHLD, si_code=CLD_EXITED, si_pid=767501, si_uid=0, si_status=0, si_utime=0, si_stime=0} ---
767507 newfstatat(AT_FDCWD, ".", {st_mode=S_IFDIR|0775, st_size=4096, ...}, 0) = 0
767507 newfstatat(AT_FDCWD, "/home/firstmate/.local/codex-latest/lib/node_modules/@openai/codex/node_modules/@openai/codex-linux-x64/vendor/x86_64-unknown-linux-musl/codex-path/uname", 0x7ffcfd8f4c80, 0) = -1 ENOENT (No such file or directory)
767507 newfstatat(AT_FDCWD, "/home/firstmate/.codex-5/tmp/arg0/codex-arg065EgpK/uname", 0x7ffcfd8f4c80, 0) = -1 ENOENT (No such file or directory)
767507 newfstatat(AT_FDCWD, "/home/firstmate/.local/codex-latest/lib/node_modules/@openai/codex/node_modules/@openai/codex-linux-x64/vendor/x86_64-unknown-linux-musl/codex-path/uname", 0x7ffcfd8f4c80, 0) = -1 ENOENT (No such file or directory)
767507 newfstatat(AT_FDCWD, "/home/firstmate/.local/bin/uname", 0x7ffcfd8f4c80, 0) = -1 ENOENT (No such file or directory)
767507 newfstatat(AT_FDCWD, "/home/firstmate/go/bin/uname", 0x7ffcfd8f4c80, 0) = -1 ENOENT (No such file or directory)
767507 newfstatat(AT_FDCWD, "/home/firstmate/.cargo/bin/uname", 0x7ffcfd8f4c80, 0) = -1 ENOENT (No such file or directory)
767507 newfstatat(AT_FDCWD, "/home/firstmate/bin/uname", 0x7ffcfd8f4c80, 0) = -1 ENOENT (No such file or directory)
767507 newfstatat(AT_FDCWD, "/opt/homebrew/bin/uname", 0x7ffcfd8f4c80, 0) = -1 ENOENT (No such file or directory)
767507 newfstatat(AT_FDCWD, "/opt/homebrew/sbin/uname", 0x7ffcfd8f4c80, 0) = -1 ENOENT (No such file or directory)
767507 newfstatat(AT_FDCWD, "/usr/local/bin/uname", 0x7ffcfd8f4c80, 0) = -1 ENOENT (No such file or directory)
767507 newfstatat(AT_FDCWD, "/usr/local/sbin/uname", 0x7ffcfd8f4c80, 0) = -1 ENOENT (No such file or directory)
767507 newfstatat(AT_FDCWD, "/usr/bin/uname", {st_mode=S_IFREG|0755, st_size=11352352, ...}, 0) = 0
767507 newfstatat(AT_FDCWD, "/usr/bin/uname", {st_mode=S_IFREG|0755, st_size=11352352, ...}, 0) = 0
767507 access("/usr/bin/uname", X_OK)   = 0
767507 newfstatat(AT_FDCWD, "/usr/bin/uname", {st_mode=S_IFREG|0755, st_size=11352352, ...}, 0) = 0
767507 access("/usr/bin/uname", R_OK)   = 0
767510 openat(AT_FDCWD, "/dev/null", O_WRONLY|O_CREAT|O_TRUNC, 0666) = 3
767510 execve("/usr/bin/uname", ["uname"], 0x5b66223c6570 /* 9 vars */) = 0
767510 access("/etc/ld.so.preload", R_OK) = -1 ENOENT (No such file or directory)
767510 openat(AT_FDCWD, "/etc/ld.so.cache", O_RDONLY|O_CLOEXEC) = 3
767510 openat(AT_FDCWD, "/usr/lib/x86_64-linux-gnu/libselinux.so.1", O_RDONLY|O_CLOEXEC) = 3
767510 openat(AT_FDCWD, "/usr/lib/x86_64-linux-gnu/libgcc_s.so.1", O_RDONLY|O_CLOEXEC) = 3
767510 openat(AT_FDCWD, "/usr/lib/x86_64-linux-gnu/libm.so.6", O_RDONLY|O_CLOEXEC) = 3
767510 openat(AT_FDCWD, "/usr/lib/x86_64-linux-gnu/libc.so.6", O_RDONLY|O_CLOEXEC) = 3
767510 openat(AT_FDCWD, "/usr/lib/x86_64-linux-gnu/libpcre2-8.so.0", O_RDONLY|O_CLOEXEC) = 3
767510 statfs("/sys/fs/selinux", 0x7ffd5c0d6720) = -1 ENOENT (No such file or directory)
767510 statfs("/selinux", 0x7ffd5c0d6720) = -1 ENOENT (No such file or directory)
767510 openat(AT_FDCWD, "/proc/filesystems", O_RDONLY|O_CLOEXEC) = 3
767510 access("/etc/selinux/config", F_OK) = -1 ENOENT (No such file or directory)
767510 openat(AT_FDCWD, "/proc/self/maps", O_RDONLY|O_CLOEXEC) = 3
767510 statx(AT_FDCWD, "/usr/share/coreutils/locales/uname", AT_STATX_SYNC_AS_STAT, STATX_ALL, {stx_mask=STATX_ALL|STATX_MNT_ID, stx_attributes=0, stx_mode=S_IFDIR|0755, stx_size=4096, ...}) = 0
767510 statx(AT_FDCWD, "/usr/share/coreutils/locales/uucore", AT_STATX_SYNC_AS_STAT, STATX_ALL, {stx_mask=STATX_ALL|STATX_MNT_ID, stx_attributes=0, stx_mode=S_IFDIR|0755, stx_size=4096, ...}) = 0
767510 openat(AT_FDCWD, "/usr/share/coreutils/locales/uucore/en-US.ftl", O_RDONLY|O_CLOEXEC) = 3
767510 statx(3, "", AT_STATX_SYNC_AS_STAT|AT_EMPTY_PATH, STATX_ALL, {stx_mask=STATX_ALL|STATX_MNT_ID, stx_attributes=0, stx_mode=S_IFREG|0644, stx_size=4080, ...}) = 0
767510 statx(AT_FDCWD, "/usr/share/coreutils/locales/uname", AT_STATX_SYNC_AS_STAT, STATX_ALL, {stx_mask=STATX_ALL|STATX_MNT_ID, stx_attributes=0, stx_mode=S_IFDIR|0755, stx_size=4096, ...}) = 0
767510 openat(AT_FDCWD, "/usr/share/coreutils/locales/uname/en-US.ftl", O_RDONLY|O_CLOEXEC) = -1 ENOENT (No such file or directory)
767510 +++ exited with 0 +++
767507 --- SIGCHLD {si_signo=SIGCHLD, si_code=CLD_EXITED, si_pid=767510, si_uid=0, si_status=0, si_utime=0, si_stime=0} ---
767507 +++ exited with 0 +++
767427 --- SIGCHLD {si_signo=SIGCHLD, si_code=CLD_EXITED, si_pid=767507, si_uid=0, si_status=0, si_utime=0, si_stime=0} ---
767427 newfstatat(AT_FDCWD, ".", {st_mode=S_IFDIR|0775, st_size=4096, ...}, 0) = 0
767427 newfstatat(AT_FDCWD, "/home/firstmate/.local/codex-latest/lib/node_modules/@openai/codex/node_modules/@openai/codex-linux-x64/vendor/x86_64-unknown-linux-musl/codex-path/mkdir", 0x7ffcfd8f5590, 0) = -1 ENOENT (No such file or directory)
767427 newfstatat(AT_FDCWD, "/home/firstmate/.codex-5/tmp/arg0/codex-arg065EgpK/mkdir", 0x7ffcfd8f5590, 0) = -1 ENOENT (No such file or directory)
767427 newfstatat(AT_FDCWD, "/home/firstmate/.local/codex-latest/lib/node_modules/@openai/codex/node_modules/@openai/codex-linux-x64/vendor/x86_64-unknown-linux-musl/codex-path/mkdir", 0x7ffcfd8f5590, 0) = -1 ENOENT (No such file or directory)
767427 newfstatat(AT_FDCWD, "/home/firstmate/.local/bin/mkdir", 0x7ffcfd8f5590, 0) = -1 ENOENT (No such file or directory)
767427 newfstatat(AT_FDCWD, "/home/firstmate/go/bin/mkdir", 0x7ffcfd8f5590, 0) = -1 ENOENT (No such file or directory)
767427 newfstatat(AT_FDCWD, "/home/firstmate/.cargo/bin/mkdir", 0x7ffcfd8f5590, 0) = -1 ENOENT (No such file or directory)
767427 newfstatat(AT_FDCWD, "/home/firstmate/bin/mkdir", 0x7ffcfd8f5590, 0) = -1 ENOENT (No such file or directory)
767427 newfstatat(AT_FDCWD, "/opt/homebrew/bin/mkdir", 0x7ffcfd8f5590, 0) = -1 ENOENT (No such file or directory)
767427 newfstatat(AT_FDCWD, "/opt/homebrew/sbin/mkdir", 0x7ffcfd8f5590, 0) = -1 ENOENT (No such file or directory)
767427 newfstatat(AT_FDCWD, "/usr/local/bin/mkdir", 0x7ffcfd8f5590, 0) = -1 ENOENT (No such file or directory)
767427 newfstatat(AT_FDCWD, "/usr/local/sbin/mkdir", 0x7ffcfd8f5590, 0) = -1 ENOENT (No such file or directory)
767427 newfstatat(AT_FDCWD, "/usr/bin/mkdir", {st_mode=S_IFREG|0755, st_size=11352352, ...}, 0) = 0
767427 newfstatat(AT_FDCWD, "/usr/bin/mkdir", {st_mode=S_IFREG|0755, st_size=11352352, ...}, 0) = 0
767427 access("/usr/bin/mkdir", X_OK)   = 0
767427 newfstatat(AT_FDCWD, "/usr/bin/mkdir", {st_mode=S_IFREG|0755, st_size=11352352, ...}, 0) = 0
767427 access("/usr/bin/mkdir", R_OK)   = 0
767524 execve("/usr/bin/mkdir", ["mkdir", "-p", "/home/firstmate/.no-mistakes/wor"...], 0x5b66223c6570 /* 9 vars */) = 0
767524 access("/etc/ld.so.preload", R_OK) = -1 ENOENT (No such file or directory)
767524 openat(AT_FDCWD, "/etc/ld.so.cache", O_RDONLY|O_CLOEXEC) = 3
767524 openat(AT_FDCWD, "/usr/lib/x86_64-linux-gnu/libselinux.so.1", O_RDONLY|O_CLOEXEC) = 3
767524 openat(AT_FDCWD, "/usr/lib/x86_64-linux-gnu/libgcc_s.so.1", O_RDONLY|O_CLOEXEC) = 3
767524 openat(AT_FDCWD, "/usr/lib/x86_64-linux-gnu/libm.so.6", O_RDONLY|O_CLOEXEC) = 3
767524 openat(AT_FDCWD, "/usr/lib/x86_64-linux-gnu/libc.so.6", O_RDONLY|O_CLOEXEC) = 3
767524 openat(AT_FDCWD, "/usr/lib/x86_64-linux-gnu/libpcre2-8.so.0", O_RDONLY|O_CLOEXEC) = 3
767524 statfs("/sys/fs/selinux", 0x7ffd0740c8c0) = -1 ENOENT (No such file or directory)
767524 statfs("/selinux", 0x7ffd0740c8c0) = -1 ENOENT (No such file or directory)
767524 openat(AT_FDCWD, "/proc/filesystems", O_RDONLY|O_CLOEXEC) = 3
767524 access("/etc/selinux/config", F_OK) = -1 ENOENT (No such file or directory)
767524 openat(AT_FDCWD, "/proc/self/maps", O_RDONLY|O_CLOEXEC) = 3
767524 statx(AT_FDCWD, "/usr/share/coreutils/locales/mkdir", AT_STATX_SYNC_AS_STAT, STATX_ALL, {stx_mask=STATX_ALL|STATX_MNT_ID, stx_attributes=0, stx_mode=S_IFDIR|0755, stx_size=4096, ...}) = 0
767524 statx(AT_FDCWD, "/usr/share/coreutils/locales/uucore", AT_STATX_SYNC_AS_STAT, STATX_ALL, {stx_mask=STATX_ALL|STATX_MNT_ID, stx_attributes=0, stx_mode=S_IFDIR|0755, stx_size=4096, ...}) = 0
767524 openat(AT_FDCWD, "/usr/share/coreutils/locales/uucore/en-US.ftl", O_RDONLY|O_CLOEXEC) = 3
767524 statx(3, "", AT_STATX_SYNC_AS_STAT|AT_EMPTY_PATH, STATX_ALL, {stx_mask=STATX_ALL|STATX_MNT_ID, stx_attributes=0, stx_mode=S_IFREG|0644, stx_size=4080, ...}) = 0
767524 statx(AT_FDCWD, "/usr/share/coreutils/locales/mkdir", AT_STATX_SYNC_AS_STAT, STATX_ALL, {stx_mask=STATX_ALL|STATX_MNT_ID, stx_attributes=0, stx_mode=S_IFDIR|0755, stx_size=4096, ...}) = 0
767524 openat(AT_FDCWD, "/usr/share/coreutils/locales/mkdir/en-US.ftl", O_RDONLY|O_CLOEXEC) = -1 ENOENT (No such file or directory)
767524 statx(AT_FDCWD, "/home/firstmate/.no-mistakes/worktrees/8352e211db7e/01M4F29HK4JCAKXEQ2F50R6HHX/.test-tmp/boundary/home/state", AT_STATX_SYNC_AS_STAT, STATX_ALL, {stx_mask=STATX_ALL|STATX_MNT_ID, stx_attributes=0, stx_mode=S_IFDIR|0700, stx_size=4096, ...}) = 0
767524 statx(AT_FDCWD, "/", AT_STATX_SYNC_AS_STAT, STATX_ALL, {stx_mask=STATX_ALL|STATX_MNT_ID, stx_attributes=STATX_ATTR_MOUNT_ROOT, stx_mode=S_IFDIR|0755, stx_size=4096, ...}) = 0
767524 statx(AT_FDCWD, "/home", AT_STATX_SYNC_AS_STAT, STATX_ALL, {stx_mask=STATX_ALL|STATX_MNT_ID, stx_attributes=0, stx_mode=S_IFDIR|0755, stx_size=4096, ...}) = 0
767524 statx(AT_FDCWD, "/home/firstmate", AT_STATX_SYNC_AS_STAT, STATX_ALL, {stx_mask=STATX_ALL|STATX_MNT_ID, stx_attributes=0, stx_mode=S_IFDIR|0750, stx_size=16384, ...}) = 0
767524 statx(AT_FDCWD, "/home/firstmate/.no-mistakes", AT_STATX_SYNC_AS_STAT, STATX_ALL, {stx_mask=STATX_ALL|STATX_MNT_ID, stx_attributes=0, stx_mode=S_IFDIR|0755, stx_size=4096, ...}) = 0
767524 statx(AT_FDCWD, "/home/firstmate/.no-mistakes/worktrees", AT_STATX_SYNC_AS_STAT, STATX_ALL, {stx_mask=STATX_ALL|STATX_MNT_ID, stx_attributes=0, stx_mode=S_IFDIR|0755, stx_size=4096, ...}) = 0
767524 statx(AT_FDCWD, "/home/firstmate/.no-mistakes/worktrees/8352e211db7e", AT_STATX_SYNC_AS_STAT, STATX_ALL, {stx_mask=STATX_ALL|STATX_MNT_ID, stx_attributes=0, stx_mode=S_IFDIR|0775, stx_size=4096, ...}) = 0
767524 statx(AT_FDCWD, "/home/firstmate/.no-mistakes/worktrees/8352e211db7e/01M4F29HK4JCAKXEQ2F50R6HHX", AT_STATX_SYNC_AS_STAT, STATX_ALL, {stx_mask=STATX_ALL|STATX_MNT_ID, stx_attributes=0, stx_mode=S_IFDIR|0775, stx_size=4096, ...}) = 0
767524 statx(AT_FDCWD, "/home/firstmate/.no-mistakes/worktrees/8352e211db7e/01M4F29HK4JCAKXEQ2F50R6HHX/.test-tmp", AT_STATX_SYNC_AS_STAT, STATX_ALL, {stx_mask=STATX_ALL|STATX_MNT_ID, stx_attributes=0, stx_mode=S_IFDIR|0775, stx_size=4096, ...}) = 0
767524 statx(AT_FDCWD, "/home/firstmate/.no-mistakes/worktrees/8352e211db7e/01M4F29HK4JCAKXEQ2F50R6HHX/.test-tmp/boundary", AT_STATX_SYNC_AS_STAT, STATX_ALL, {stx_mask=STATX_ALL|STATX_MNT_ID, stx_attributes=0, stx_mode=S_IFDIR|0700, stx_size=4096, ...}) = 0
767524 statx(AT_FDCWD, "/home/firstmate/.no-mistakes/worktrees/8352e211db7e/01M4F29HK4JCAKXEQ2F50R6HHX/.test-tmp/boundary/home", AT_STATX_SYNC_AS_STAT, STATX_ALL, {stx_mask=STATX_ALL|STATX_MNT_ID, stx_attributes=STATX_ATTR_MOUNT_ROOT, stx_mode=S_IFDIR|0700, stx_size=4096, ...}) = 0
767524 statx(AT_FDCWD, "/home/firstmate/.no-mistakes/worktrees/8352e211db7e/01M4F29HK4JCAKXEQ2F50R6HHX/.test-tmp/boundary/home/state", AT_STATX_SYNC_AS_STAT, STATX_ALL, {stx_mask=STATX_ALL|STATX_MNT_ID, stx_attributes=0, stx_mode=S_IFDIR|0700, stx_size=4096, ...}) = 0
767524 mkdir("/home/firstmate/.no-mistakes/worktrees/8352e211db7e/01M4F29HK4JCAKXEQ2F50R6HHX/.test-tmp/boundary/home/state", 0700) = -1 EEXIST (File exists)
767524 statx(AT_FDCWD, "/home/firstmate/.no-mistakes/worktrees/8352e211db7e/01M4F29HK4JCAKXEQ2F50R6HHX/.test-tmp/boundary/home/state", AT_STATX_SYNC_AS_STAT, STATX_ALL, {stx_mask=STATX_ALL|STATX_MNT_ID, stx_attributes=0, stx_mode=S_IFDIR|0700, stx_size=4096, ...}) = 0
767524 +++ exited with 0 +++
767427 --- SIGCHLD {si_signo=SIGCHLD, si_code=CLD_EXITED, si_pid=767524, si_uid=0, si_status=0, si_utime=0, si_stime=0} ---
767539 newfstatat(AT_FDCWD, ".", {st_mode=S_IFDIR|0775, st_size=4096, ...}, 0) = 0
767539 newfstatat(AT_FDCWD, "/home/firstmate/.local/codex-latest/lib/node_modules/@openai/codex/node_modules/@openai/codex-linux-x64/vendor/x86_64-unknown-linux-musl/codex-path/cat", 0x7ffcfd8f52f0, 0) = -1 ENOENT (No such file or directory)
767539 newfstatat(AT_FDCWD, "/home/firstmate/.codex-5/tmp/arg0/codex-arg065EgpK/cat", 0x7ffcfd8f52f0, 0) = -1 ENOENT (No such file or directory)
767539 newfstatat(AT_FDCWD, "/home/firstmate/.local/codex-latest/lib/node_modules/@openai/codex/node_modules/@openai/codex-linux-x64/vendor/x86_64-unknown-linux-musl/codex-path/cat", 0x7ffcfd8f52f0, 0) = -1 ENOENT (No such file or directory)
767539 newfstatat(AT_FDCWD, "/home/firstmate/.local/bin/cat", 0x7ffcfd8f52f0, 0) = -1 ENOENT (No such file or directory)
767539 newfstatat(AT_FDCWD, "/home/firstmate/go/bin/cat", 0x7ffcfd8f52f0, 0) = -1 ENOENT (No such file or directory)
767539 newfstatat(AT_FDCWD, "/home/firstmate/.cargo/bin/cat", 0x7ffcfd8f52f0, 0) = -1 ENOENT (No such file or directory)
767539 newfstatat(AT_FDCWD, "/home/firstmate/bin/cat", 0x7ffcfd8f52f0, 0) = -1 ENOENT (No such file or directory)
767539 newfstatat(AT_FDCWD, "/opt/homebrew/bin/cat", 0x7ffcfd8f52f0, 0) = -1 ENOENT (No such file or directory)
767539 newfstatat(AT_FDCWD, "/opt/homebrew/sbin/cat", 0x7ffcfd8f52f0, 0) = -1 ENOENT (No such file or directory)
767539 newfstatat(AT_FDCWD, "/usr/local/bin/cat", 0x7ffcfd8f52f0, 0) = -1 ENOENT (No such file or directory)
767539 newfstatat(AT_FDCWD, "/usr/local/sbin/cat", 0x7ffcfd8f52f0, 0) = -1 ENOENT (No such file or directory)
767539 newfstatat(AT_FDCWD, "/usr/bin/cat", {st_mode=S_IFREG|0755, st_size=11352352, ...}, 0) = 0
767539 newfstatat(AT_FDCWD, "/usr/bin/cat", {st_mode=S_IFREG|0755, st_size=11352352, ...}, 0) = 0
767539 access("/usr/bin/cat", X_OK)     = 0
767539 newfstatat(AT_FDCWD, "/usr/bin/cat", {st_mode=S_IFREG|0755, st_size=11352352, ...}, 0) = 0
767539 access("/usr/bin/cat", R_OK)     = 0
767541 openat(AT_FDCWD, "/dev/null", O_WRONLY|O_CREAT|O_TRUNC, 0666) = 3
767541 execve("/usr/bin/cat", ["cat", "/home/firstmate/.no-mistakes/wor"...], 0x5b66223c6570 /* 9 vars */) = 0
767541 access("/etc/ld.so.preload", R_OK) = -1 ENOENT (No such file or directory)
767541 openat(AT_FDCWD, "/etc/ld.so.cache", O_RDONLY|O_CLOEXEC) = 3
767541 openat(AT_FDCWD, "/usr/lib/x86_64-linux-gnu/libselinux.so.1", O_RDONLY|O_CLOEXEC) = 3
767541 openat(AT_FDCWD, "/usr/lib/x86_64-linux-gnu/libgcc_s.so.1", O_RDONLY|O_CLOEXEC) = 3
767541 openat(AT_FDCWD, "/usr/lib/x86_64-linux-gnu/libm.so.6", O_RDONLY|O_CLOEXEC) = 3
767541 openat(AT_FDCWD, "/usr/lib/x86_64-linux-gnu/libc.so.6", O_RDONLY|O_CLOEXEC) = 3
767541 openat(AT_FDCWD, "/usr/lib/x86_64-linux-gnu/libpcre2-8.so.0", O_RDONLY|O_CLOEXEC) = 3
767541 statfs("/sys/fs/selinux", 0x7ffd4032bad0) = -1 ENOENT (No such file or directory)
767541 statfs("/selinux", 0x7ffd4032bad0) = -1 ENOENT (No such file or directory)
767541 openat(AT_FDCWD, "/proc/filesystems", O_RDONLY|O_CLOEXEC) = 3
767541 access("/etc/selinux/config", F_OK) = -1 ENOENT (No such file or directory)
767541 openat(AT_FDCWD, "/proc/self/maps", O_RDONLY|O_CLOEXEC) = 3
767541 statx(AT_FDCWD, "/usr/share/coreutils/locales/cat", AT_STATX_SYNC_AS_STAT, STATX_ALL, {stx_mask=STATX_ALL|STATX_MNT_ID, stx_attributes=0, stx_mode=S_IFDIR|0755, stx_size=4096, ...}) = 0
767541 statx(AT_FDCWD, "/usr/share/coreutils/locales/uucore", AT_STATX_SYNC_AS_STAT, STATX_ALL, {stx_mask=STATX_ALL|STATX_MNT_ID, stx_attributes=0, stx_mode=S_IFDIR|0755, stx_size=4096, ...}) = 0
767541 openat(AT_FDCWD, "/usr/share/coreutils/locales/uucore/en-US.ftl", O_RDONLY|O_CLOEXEC) = 3
767541 statx(3, "", AT_STATX_SYNC_AS_STAT|AT_EMPTY_PATH, STATX_ALL, {stx_mask=STATX_ALL|STATX_MNT_ID, stx_attributes=0, stx_mode=S_IFREG|0644, stx_size=4080, ...}) = 0
767541 statx(AT_FDCWD, "/usr/share/coreutils/locales/cat", AT_STATX_SYNC_AS_STAT, STATX_ALL, {stx_mask=STATX_ALL|STATX_MNT_ID, stx_attributes=0, stx_mode=S_IFDIR|0755, stx_size=4096, ...}) = 0
767541 openat(AT_FDCWD, "/usr/share/coreutils/locales/cat/en-US.ftl", O_RDONLY|O_CLOEXEC) = -1 ENOENT (No such file or directory)
767541 statx(AT_FDCWD, "/home/firstmate/.no-mistakes/worktrees/8352e211db7e/01M4F29HK4JCAKXEQ2F50R6HHX/.test-tmp/boundary/home/state/.lock", AT_STATX_SYNC_AS_STAT, STATX_ALL, {stx_mask=STATX_ALL|STATX_MNT_ID, stx_attributes=0, stx_mode=S_IFREG|0600, stx_size=7, ...}) = 0
767541 openat(AT_FDCWD, "/home/firstmate/.no-mistakes/worktrees/8352e211db7e/01M4F29HK4JCAKXEQ2F50R6HHX/.test-tmp/boundary/home/state/.lock", O_RDONLY|O_CLOEXEC) = 3
767541 +++ exited with 0 +++
767539 --- SIGCHLD {si_signo=SIGCHLD, si_code=CLD_EXITED, si_pid=767541, si_uid=0, si_status=0, si_utime=0, si_stime=1 /* 0.01 s */} ---
767539 +++ exited with 0 +++
767427 --- SIGCHLD {si_signo=SIGCHLD, si_code=CLD_EXITED, si_pid=767539, si_uid=0, si_status=0, si_utime=0, si_stime=0} ---
767427 openat(AT_FDCWD, "/dev/null", O_WRONLY|O_CREAT|O_TRUNC, 0666) = 3
767427 faccessat2(AT_FDCWD, "/proc/760355/stat", R_OK, AT_EACCESS) = 0
767427 faccessat2(AT_FDCWD, "/proc/760355/cmdline", R_OK, AT_EACCESS) = 0
767559 newfstatat(AT_FDCWD, ".", {st_mode=S_IFDIR|0775, st_size=4096, ...}, 0) = 0
767559 newfstatat(AT_FDCWD, "/home/firstmate/.local/codex-latest/lib/node_modules/@openai/codex/node_modules/@openai/codex-linux-x64/vendor/x86_64-unknown-linux-musl/codex-path/cat", 0x7ffcfd8f3f00, 0) = -1 ENOENT (No such file or directory)
767559 newfstatat(AT_FDCWD, "/home/firstmate/.codex-5/tmp/arg0/codex-arg065EgpK/cat", 0x7ffcfd8f3f00, 0) = -1 ENOENT (No such file or directory)
767559 newfstatat(AT_FDCWD, "/home/firstmate/.local/codex-latest/lib/node_modules/@openai/codex/node_modules/@openai/codex-linux-x64/vendor/x86_64-unknown-linux-musl/codex-path/cat", 0x7ffcfd8f3f00, 0) = -1 ENOENT (No such file or directory)
767559 newfstatat(AT_FDCWD, "/home/firstmate/.local/bin/cat", 0x7ffcfd8f3f00, 0) = -1 ENOENT (No such file or directory)
767559 newfstatat(AT_FDCWD, "/home/firstmate/go/bin/cat", 0x7ffcfd8f3f00, 0) = -1 ENOENT (No such file or directory)
767559 newfstatat(AT_FDCWD, "/home/firstmate/.cargo/bin/cat", 0x7ffcfd8f3f00, 0) = -1 ENOENT (No such file or directory)
767559 newfstatat(AT_FDCWD, "/home/firstmate/bin/cat", 0x7ffcfd8f3f00, 0) = -1 ENOENT (No such file or directory)
767559 newfstatat(AT_FDCWD, "/opt/homebrew/bin/cat", 0x7ffcfd8f3f00, 0) = -1 ENOENT (No such file or directory)
767559 newfstatat(AT_FDCWD, "/opt/homebrew/sbin/cat", 0x7ffcfd8f3f00, 0) = -1 ENOENT (No such file or directory)
767559 newfstatat(AT_FDCWD, "/usr/local/bin/cat", 0x7ffcfd8f3f00, 0) = -1 ENOENT (No such file or directory)
767559 newfstatat(AT_FDCWD, "/usr/local/sbin/cat", 0x7ffcfd8f3f00, 0) = -1 ENOENT (No such file or directory)
767559 newfstatat(AT_FDCWD, "/usr/bin/cat", {st_mode=S_IFREG|0755, st_size=11352352, ...}, 0) = 0
767559 newfstatat(AT_FDCWD, "/usr/bin/cat", {st_mode=S_IFREG|0755, st_size=11352352, ...}, 0) = 0
767559 access("/usr/bin/cat", X_OK)     = 0
767559 newfstatat(AT_FDCWD, "/usr/bin/cat", {st_mode=S_IFREG|0755, st_size=11352352, ...}, 0) = 0
767559 access("/usr/bin/cat", R_OK)     = 0
767564 openat(AT_FDCWD, "/dev/null", O_WRONLY|O_CREAT|O_TRUNC, 0666) = 3
767564 execve("/usr/bin/cat", ["cat", "/proc/760355/stat"], 0x5b66223c6570 /* 9 vars */) = 0
767564 access("/etc/ld.so.preload", R_OK) = -1 ENOENT (No such file or directory)
767564 openat(AT_FDCWD, "/etc/ld.so.cache", O_RDONLY|O_CLOEXEC) = 3
767564 openat(AT_FDCWD, "/usr/lib/x86_64-linux-gnu/libselinux.so.1", O_RDONLY|O_CLOEXEC) = 3
767564 openat(AT_FDCWD, "/usr/lib/x86_64-linux-gnu/libgcc_s.so.1", O_RDONLY|O_CLOEXEC) = 3
767564 openat(AT_FDCWD, "/usr/lib/x86_64-linux-gnu/libm.so.6", O_RDONLY|O_CLOEXEC) = 3
767564 openat(AT_FDCWD, "/usr/lib/x86_64-linux-gnu/libc.so.6", O_RDONLY|O_CLOEXEC) = 3
767564 openat(AT_FDCWD, "/usr/lib/x86_64-linux-gnu/libpcre2-8.so.0", O_RDONLY|O_CLOEXEC) = 3
767564 statfs("/sys/fs/selinux", 0x7fffab1541d0) = -1 ENOENT (No such file or directory)
767564 statfs("/selinux", 0x7fffab1541d0) = -1 ENOENT (No such file or directory)
767564 openat(AT_FDCWD, "/proc/filesystems", O_RDONLY|O_CLOEXEC) = 3
767564 access("/etc/selinux/config", F_OK) = -1 ENOENT (No such file or directory)
767564 openat(AT_FDCWD, "/proc/self/maps", O_RDONLY|O_CLOEXEC) = 3
767564 statx(AT_FDCWD, "/usr/share/coreutils/locales/cat", AT_STATX_SYNC_AS_STAT, STATX_ALL, {stx_mask=STATX_ALL|STATX_MNT_ID, stx_attributes=0, stx_mode=S_IFDIR|0755, stx_size=4096, ...}) = 0
767564 statx(AT_FDCWD, "/usr/share/coreutils/locales/uucore", AT_STATX_SYNC_AS_STAT, STATX_ALL, {stx_mask=STATX_ALL|STATX_MNT_ID, stx_attributes=0, stx_mode=S_IFDIR|0755, stx_size=4096, ...}) = 0
767564 openat(AT_FDCWD, "/usr/share/coreutils/locales/uucore/en-US.ftl", O_RDONLY|O_CLOEXEC) = 3
767564 statx(3, "", AT_STATX_SYNC_AS_STAT|AT_EMPTY_PATH, STATX_ALL, {stx_mask=STATX_ALL|STATX_MNT_ID, stx_attributes=0, stx_mode=S_IFREG|0644, stx_size=4080, ...}) = 0
767564 statx(AT_FDCWD, "/usr/share/coreutils/locales/cat", AT_STATX_SYNC_AS_STAT, STATX_ALL, {stx_mask=STATX_ALL|STATX_MNT_ID, stx_attributes=0, stx_mode=S_IFDIR|0755, stx_size=4096, ...}) = 0
767564 openat(AT_FDCWD, "/usr/share/coreutils/locales/cat/en-US.ftl", O_RDONLY|O_CLOEXEC) = -1 ENOENT (No such file or directory)
767564 statx(AT_FDCWD, "/proc/760355/stat", AT_STATX_SYNC_AS_STAT, STATX_ALL, {stx_mask=STATX_BASIC_STATS|STATX_MNT_ID, stx_attributes=0, stx_mode=S_IFREG|0444, stx_size=0, ...}) = 0
767564 openat(AT_FDCWD, "/proc/760355/stat", O_RDONLY|O_CLOEXEC) = 3
767564 +++ exited with 0 +++
767559 --- SIGCHLD {si_signo=SIGCHLD, si_code=CLD_EXITED, si_pid=767564, si_uid=0, si_status=0, si_utime=0, si_stime=0} ---
767559 +++ exited with 0 +++
767427 --- SIGCHLD {si_signo=SIGCHLD, si_code=CLD_EXITED, si_pid=767559, si_uid=0, si_status=0, si_utime=0, si_stime=0} ---
767584 newfstatat(AT_FDCWD, ".", {st_mode=S_IFDIR|0775, st_size=4096, ...}, 0) = 0
767584 newfstatat(AT_FDCWD, "/home/firstmate/.local/codex-latest/lib/node_modules/@openai/codex/node_modules/@openai/codex-linux-x64/vendor/x86_64-unknown-linux-musl/codex-path/tr", 0x7ffcfd8f40d0, 0) = -1 ENOENT (No such file or directory)
767584 newfstatat(AT_FDCWD, "/home/firstmate/.codex-5/tmp/arg0/codex-arg065EgpK/tr", 0x7ffcfd8f40d0, 0) = -1 ENOENT (No such file or directory)
767584 newfstatat(AT_FDCWD, "/home/firstmate/.local/codex-latest/lib/node_modules/@openai/codex/node_modules/@openai/codex-linux-x64/vendor/x86_64-unknown-linux-musl/codex-path/tr", 0x7ffcfd8f40d0, 0) = -1 ENOENT (No such file or directory)
767584 newfstatat(AT_FDCWD, "/home/firstmate/.local/bin/tr", 0x7ffcfd8f40d0, 0) = -1 ENOENT (No such file or directory)
767584 newfstatat(AT_FDCWD, "/home/firstmate/go/bin/tr", 0x7ffcfd8f40d0, 0) = -1 ENOENT (No such file or directory)
767584 newfstatat(AT_FDCWD, "/home/firstmate/.cargo/bin/tr", 0x7ffcfd8f40d0, 0) = -1 ENOENT (No such file or directory)
767584 newfstatat(AT_FDCWD, "/home/firstmate/bin/tr", 0x7ffcfd8f40d0, 0) = -1 ENOENT (No such file or directory)
767584 newfstatat(AT_FDCWD, "/opt/homebrew/bin/tr", 0x7ffcfd8f40d0, 0) = -1 ENOENT (No such file or directory)
767583 newfstatat(AT_FDCWD, "." <unfinished ...>
767584 newfstatat(AT_FDCWD, "/opt/homebrew/sbin/tr", 0x7ffcfd8f40d0, 0) = -1 ENOENT (No such file or directory)
767583 <... newfstatat resumed>, {st_mode=S_IFDIR|0775, st_size=4096, ...}, 0) = 0
767584 newfstatat(AT_FDCWD, "/usr/local/bin/tr", 0x7ffcfd8f40d0, 0) = -1 ENOENT (No such file or directory)
767583 newfstatat(AT_FDCWD, "/home/firstmate/.local/codex-latest/lib/node_modules/@openai/codex/node_modules/@openai/codex-linux-x64/vendor/x86_64-unknown-linux-musl/codex-path/od" <unfinished ...>
767584 newfstatat(AT_FDCWD, "/usr/local/sbin/tr" <unfinished ...>
767583 <... newfstatat resumed>, 0x7ffcfd8f40d0, 0) = -1 ENOENT (No such file or directory)
767584 <... newfstatat resumed>, 0x7ffcfd8f40d0, 0) = -1 ENOENT (No such file or directory)
767584 newfstatat(AT_FDCWD, "/usr/bin/tr" <unfinished ...>
767583 newfstatat(AT_FDCWD, "/home/firstmate/.codex-5/tmp/arg0/codex-arg065EgpK/od" <unfinished ...>
767584 <... newfstatat resumed>, {st_mode=S_IFREG|0755, st_size=11352352, ...}, 0) = 0
767584 newfstatat(AT_FDCWD, "/usr/bin/tr" <unfinished ...>
767583 <... newfstatat resumed>, 0x7ffcfd8f40d0, 0) = -1 ENOENT (No such file or directory)
767584 <... newfstatat resumed>, {st_mode=S_IFREG|0755, st_size=11352352, ...}, 0) = 0
767583 newfstatat(AT_FDCWD, "/home/firstmate/.local/codex-latest/lib/node_modules/@openai/codex/node_modules/@openai/codex-linux-x64/vendor/x86_64-unknown-linux-musl/codex-path/od", 0x7ffcfd8f40d0, 0) = -1 ENOENT (No such file or directory)
767583 newfstatat(AT_FDCWD, "/home/firstmate/.local/bin/od", 0x7ffcfd8f40d0, 0) = -1 ENOENT (No such file or directory)
767584 access("/usr/bin/tr", X_OK <unfinished ...>
767583 newfstatat(AT_FDCWD, "/home/firstmate/go/bin/od" <unfinished ...>
767584 <... access resumed>)            = 0
767583 <... newfstatat resumed>, 0x7ffcfd8f40d0, 0) = -1 ENOENT (No such file or directory)
767584 newfstatat(AT_FDCWD, "/usr/bin/tr", {st_mode=S_IFREG|0755, st_size=11352352, ...}, 0) = 0
767583 newfstatat(AT_FDCWD, "/home/firstmate/.cargo/bin/od", 0x7ffcfd8f40d0, 0) = -1 ENOENT (No such file or directory)
767583 newfstatat(AT_FDCWD, "/home/firstmate/bin/od", 0x7ffcfd8f40d0, 0) = -1 ENOENT (No such file or directory)
767583 newfstatat(AT_FDCWD, "/opt/homebrew/bin/od", 0x7ffcfd8f40d0, 0) = -1 ENOENT (No such file or directory)
767583 newfstatat(AT_FDCWD, "/opt/homebrew/sbin/od", 0x7ffcfd8f40d0, 0) = -1 ENOENT (No such file or directory)
767583 newfstatat(AT_FDCWD, "/usr/local/bin/od" <unfinished ...>
767584 access("/usr/bin/tr", R_OK <unfinished ...>
767583 <... newfstatat resumed>, 0x7ffcfd8f40d0, 0) = -1 ENOENT (No such file or directory)
767583 newfstatat(AT_FDCWD, "/usr/local/sbin/od" <unfinished ...>
767584 <... access resumed>)            = 0
767583 <... newfstatat resumed>, 0x7ffcfd8f40d0, 0) = -1 ENOENT (No such file or directory)
767583 newfstatat(AT_FDCWD, "/usr/bin/od", {st_mode=S_IFREG|0755, st_size=11352352, ...}, 0) = 0
767583 newfstatat(AT_FDCWD, "/usr/bin/od", {st_mode=S_IFREG|0755, st_size=11352352, ...}, 0) = 0
767584 execve("/usr/bin/tr", ["tr", "-d", "[:space:]"], 0x5b66223c6570 /* 9 vars */ <unfinished ...>
767583 access("/usr/bin/od", X_OK)      = 0
767583 newfstatat(AT_FDCWD, "/usr/bin/od", {st_mode=S_IFREG|0755, st_size=11352352, ...}, 0) = 0
767583 access("/usr/bin/od", R_OK)      = 0
767584 <... execve resumed>)            = 0
767583 openat(AT_FDCWD, "/dev/null", O_WRONLY|O_CREAT|O_TRUNC, 0666 <unfinished ...>
767584 access("/etc/ld.so.preload", R_OK <unfinished ...>
767583 <... openat resumed>)            = 3
767584 <... access resumed>)            = -1 ENOENT (No such file or directory)
767584 openat(AT_FDCWD, "/etc/ld.so.cache", O_RDONLY|O_CLOEXEC) = 3
767583 execve("/usr/bin/od", ["od", "-An", "-v", "-tx1", "/proc/760355/cmdline"], 0x5b66223c6570 /* 9 vars */ <unfinished ...>
767584 openat(AT_FDCWD, "/usr/lib/x86_64-linux-gnu/libselinux.so.1", O_RDONLY|O_CLOEXEC) = 3
767583 <... execve resumed>)            = 0
767584 openat(AT_FDCWD, "/usr/lib/x86_64-linux-gnu/libgcc_s.so.1", O_RDONLY|O_CLOEXEC) = 3
767583 access("/etc/ld.so.preload", R_OK) = -1 ENOENT (No such file or directory)
767583 openat(AT_FDCWD, "/etc/ld.so.cache", O_RDONLY|O_CLOEXEC) = 3
767584 openat(AT_FDCWD, "/usr/lib/x86_64-linux-gnu/libm.so.6", O_RDONLY|O_CLOEXEC) = 3
767583 openat(AT_FDCWD, "/usr/lib/x86_64-linux-gnu/libselinux.so.1", O_RDONLY|O_CLOEXEC) = 3
767584 openat(AT_FDCWD, "/usr/lib/x86_64-linux-gnu/libc.so.6", O_RDONLY|O_CLOEXEC) = 3
767583 openat(AT_FDCWD, "/usr/lib/x86_64-linux-gnu/libgcc_s.so.1", O_RDONLY|O_CLOEXEC) = 3
767584 openat(AT_FDCWD, "/usr/lib/x86_64-linux-gnu/libpcre2-8.so.0", O_RDONLY|O_CLOEXEC) = 3
767583 openat(AT_FDCWD, "/usr/lib/x86_64-linux-gnu/libm.so.6", O_RDONLY|O_CLOEXEC) = 3
767583 openat(AT_FDCWD, "/usr/lib/x86_64-linux-gnu/libc.so.6", O_RDONLY|O_CLOEXEC) = 3
767583 openat(AT_FDCWD, "/usr/lib/x86_64-linux-gnu/libpcre2-8.so.0", O_RDONLY|O_CLOEXEC) = 3
767584 statfs("/sys/fs/selinux", 0x7ffde01c92e0) = -1 ENOENT (No such file or directory)
767584 statfs("/selinux", 0x7ffde01c92e0) = -1 ENOENT (No such file or directory)
767584 openat(AT_FDCWD, "/proc/filesystems", O_RDONLY|O_CLOEXEC) = 3
767583 statfs("/sys/fs/selinux" <unfinished ...>
767584 access("/etc/selinux/config", F_OK <unfinished ...>
767583 <... statfs resumed>, 0x7ffed99773d0) = -1 ENOENT (No such file or directory)
767584 <... access resumed>)            = -1 ENOENT (No such file or directory)
767583 statfs("/selinux", 0x7ffed99773d0) = -1 ENOENT (No such file or directory)
767583 openat(AT_FDCWD, "/proc/filesystems", O_RDONLY|O_CLOEXEC) = 3
767584 openat(AT_FDCWD, "/proc/self/maps", O_RDONLY|O_CLOEXEC) = 3
767583 access("/etc/selinux/config", F_OK) = -1 ENOENT (No such file or directory)
767583 openat(AT_FDCWD, "/proc/self/maps", O_RDONLY|O_CLOEXEC) = 3
767584 statx(AT_FDCWD, "/usr/share/coreutils/locales/tr", AT_STATX_SYNC_AS_STAT, STATX_ALL, {stx_mask=STATX_ALL|STATX_MNT_ID, stx_attributes=0, stx_mode=S_IFDIR|0755, stx_size=4096, ...}) = 0
767584 statx(AT_FDCWD, "/usr/share/coreutils/locales/uucore", AT_STATX_SYNC_AS_STAT, STATX_ALL, {stx_mask=STATX_ALL|STATX_MNT_ID, stx_attributes=0, stx_mode=S_IFDIR|0755, stx_size=4096, ...}) = 0
767584 openat(AT_FDCWD, "/usr/share/coreutils/locales/uucore/en-US.ftl", O_RDONLY|O_CLOEXEC) = 3
767584 statx(3, "", AT_STATX_SYNC_AS_STAT|AT_EMPTY_PATH, STATX_ALL, {stx_mask=STATX_ALL|STATX_MNT_ID, stx_attributes=0, stx_mode=S_IFREG|0644, stx_size=4080, ...}) = 0
767583 statx(AT_FDCWD, "/usr/share/coreutils/locales/od", AT_STATX_SYNC_AS_STAT, STATX_ALL, {stx_mask=STATX_ALL|STATX_MNT_ID, stx_attributes=0, stx_mode=S_IFDIR|0755, stx_size=4096, ...}) = 0
767583 statx(AT_FDCWD, "/usr/share/coreutils/locales/uucore", AT_STATX_SYNC_AS_STAT, STATX_ALL <unfinished ...>
767584 statx(AT_FDCWD, "/usr/share/coreutils/locales/tr", AT_STATX_SYNC_AS_STAT, STATX_ALL, {stx_mask=STATX_ALL|STATX_MNT_ID, stx_attributes=0, stx_mode=S_IFDIR|0755, stx_size=4096, ...}) = 0
767583 <... statx resumed>, {stx_mask=STATX_ALL|STATX_MNT_ID, stx_attributes=0, stx_mode=S_IFDIR|0755, stx_size=4096, ...}) = 0
767583 openat(AT_FDCWD, "/usr/share/coreutils/locales/uucore/en-US.ftl", O_RDONLY|O_CLOEXEC) = 3
767583 statx(3, "", AT_STATX_SYNC_AS_STAT|AT_EMPTY_PATH, STATX_ALL, {stx_mask=STATX_ALL|STATX_MNT_ID, stx_attributes=0, stx_mode=S_IFREG|0644, stx_size=4080, ...}) = 0
767584 openat(AT_FDCWD, "/usr/share/coreutils/locales/tr/en-US.ftl", O_RDONLY|O_CLOEXEC) = -1 ENOENT (No such file or directory)
767583 statx(AT_FDCWD, "/usr/share/coreutils/locales/od", AT_STATX_SYNC_AS_STAT, STATX_ALL, {stx_mask=STATX_ALL|STATX_MNT_ID, stx_attributes=0, stx_mode=S_IFDIR|0755, stx_size=4096, ...}) = 0
767583 openat(AT_FDCWD, "/usr/share/coreutils/locales/od/en-US.ftl", O_RDONLY|O_CLOEXEC) = -1 ENOENT (No such file or directory)
767583 openat(AT_FDCWD, "/proc/760355/cmdline", O_RDONLY|O_CLOEXEC) = 3
767583 +++ exited with 0 +++
767584 +++ exited with 0 +++
767580 --- SIGCHLD {si_signo=SIGCHLD, si_code=CLD_EXITED, si_pid=767583, si_uid=0, si_status=0, si_utime=0, si_stime=0} ---
767580 +++ exited with 0 +++
767427 --- SIGCHLD {si_signo=SIGCHLD, si_code=CLD_EXITED, si_pid=767580, si_uid=0, si_status=0, si_utime=0, si_stime=0} ---
767597 newfstatat(AT_FDCWD, ".", {st_mode=S_IFDIR|0775, st_size=4096, ...}, 0) = 0
767597 newfstatat(AT_FDCWD, "/home/firstmate/.local/codex-latest/lib/node_modules/@openai/codex/node_modules/@openai/codex-linux-x64/vendor/x86_64-unknown-linux-musl/codex-path/cat", 0x7ffcfd8f53f0, 0) = -1 ENOENT (No such file or directory)
767597 newfstatat(AT_FDCWD, "/home/firstmate/.codex-5/tmp/arg0/codex-arg065EgpK/cat", 0x7ffcfd8f53f0, 0) = -1 ENOENT (No such file or directory)
767597 newfstatat(AT_FDCWD, "/home/firstmate/.local/codex-latest/lib/node_modules/@openai/codex/node_modules/@openai/codex-linux-x64/vendor/x86_64-unknown-linux-musl/codex-path/cat", 0x7ffcfd8f53f0, 0) = -1 ENOENT (No such file or directory)
767597 newfstatat(AT_FDCWD, "/home/firstmate/.local/bin/cat", 0x7ffcfd8f53f0, 0) = -1 ENOENT (No such file or directory)
767597 newfstatat(AT_FDCWD, "/home/firstmate/go/bin/cat", 0x7ffcfd8f53f0, 0) = -1 ENOENT (No such file or directory)
767597 newfstatat(AT_FDCWD, "/home/firstmate/.cargo/bin/cat", 0x7ffcfd8f53f0, 0) = -1 ENOENT (No such file or directory)
767597 newfstatat(AT_FDCWD, "/home/firstmate/bin/cat", 0x7ffcfd8f53f0, 0) = -1 ENOENT (No such file or directory)
767597 newfstatat(AT_FDCWD, "/opt/homebrew/bin/cat", 0x7ffcfd8f53f0, 0) = -1 ENOENT (No such file or directory)
767597 newfstatat(AT_FDCWD, "/opt/homebrew/sbin/cat", 0x7ffcfd8f53f0, 0) = -1 ENOENT (No such file or directory)
767597 newfstatat(AT_FDCWD, "/usr/local/bin/cat", 0x7ffcfd8f53f0, 0) = -1 ENOENT (No such file or directory)
767597 newfstatat(AT_FDCWD, "/usr/local/sbin/cat", 0x7ffcfd8f53f0, 0) = -1 ENOENT (No such file or directory)
767597 newfstatat(AT_FDCWD, "/usr/bin/cat", {st_mode=S_IFREG|0755, st_size=11352352, ...}, 0) = 0
767597 newfstatat(AT_FDCWD, "/usr/bin/cat", {st_mode=S_IFREG|0755, st_size=11352352, ...}, 0) = 0
767597 access("/usr/bin/cat", X_OK)     = 0
767597 newfstatat(AT_FDCWD, "/usr/bin/cat", {st_mode=S_IFREG|0755, st_size=11352352, ...}, 0) = 0
767597 access("/usr/bin/cat", R_OK)     = 0
767597 execve("/usr/bin/cat", ["cat", "/home/firstmate/.no-mistakes/wor"...], 0x5b66223af170 /* 9 vars */) = 0
767597 access("/etc/ld.so.preload", R_OK) = -1 ENOENT (No such file or directory)
767597 openat(AT_FDCWD, "/etc/ld.so.cache", O_RDONLY|O_CLOEXEC) = 3
767597 openat(AT_FDCWD, "/usr/lib/x86_64-linux-gnu/libselinux.so.1", O_RDONLY|O_CLOEXEC) = 3
767597 openat(AT_FDCWD, "/usr/lib/x86_64-linux-gnu/libgcc_s.so.1", O_RDONLY|O_CLOEXEC) = 3
767597 openat(AT_FDCWD, "/usr/lib/x86_64-linux-gnu/libm.so.6", O_RDONLY|O_CLOEXEC) = 3
767597 openat(AT_FDCWD, "/usr/lib/x86_64-linux-gnu/libc.so.6", O_RDONLY|O_CLOEXEC) = 3
767597 openat(AT_FDCWD, "/usr/lib/x86_64-linux-gnu/libpcre2-8.so.0", O_RDONLY|O_CLOEXEC) = 3
767597 statfs("/sys/fs/selinux", 0x7ffc2ecc6df0) = -1 ENOENT (No such file or directory)
767597 statfs("/selinux", 0x7ffc2ecc6df0) = -1 ENOENT (No such file or directory)
767597 openat(AT_FDCWD, "/proc/filesystems", O_RDONLY|O_CLOEXEC) = 3
767597 access("/etc/selinux/config", F_OK) = -1 ENOENT (No such file or directory)
767597 openat(AT_FDCWD, "/proc/self/maps", O_RDONLY|O_CLOEXEC) = 3
767597 statx(AT_FDCWD, "/usr/share/coreutils/locales/cat", AT_STATX_SYNC_AS_STAT, STATX_ALL, {stx_mask=STATX_ALL|STATX_MNT_ID, stx_attributes=0, stx_mode=S_IFDIR|0755, stx_size=4096, ...}) = 0
767597 statx(AT_FDCWD, "/usr/share/coreutils/locales/uucore", AT_STATX_SYNC_AS_STAT, STATX_ALL, {stx_mask=STATX_ALL|STATX_MNT_ID, stx_attributes=0, stx_mode=S_IFDIR|0755, stx_size=4096, ...}) = 0
767597 openat(AT_FDCWD, "/usr/share/coreutils/locales/uucore/en-US.ftl", O_RDONLY|O_CLOEXEC) = 3
767597 statx(3, "", AT_STATX_SYNC_AS_STAT|AT_EMPTY_PATH, STATX_ALL, {stx_mask=STATX_ALL|STATX_MNT_ID, stx_attributes=0, stx_mode=S_IFREG|0644, stx_size=4080, ...}) = 0
767597 statx(AT_FDCWD, "/usr/share/coreutils/locales/cat", AT_STATX_SYNC_AS_STAT, STATX_ALL, {stx_mask=STATX_ALL|STATX_MNT_ID, stx_attributes=0, stx_mode=S_IFDIR|0755, stx_size=4096, ...}) = 0
767597 openat(AT_FDCWD, "/usr/share/coreutils/locales/cat/en-US.ftl", O_RDONLY|O_CLOEXEC) = -1 ENOENT (No such file or directory)
767597 statx(AT_FDCWD, "/home/firstmate/.no-mistakes/worktrees/8352e211db7e/01M4F29HK4JCAKXEQ2F50R6HHX/.test-tmp/boundary/home/state/.lock", AT_STATX_SYNC_AS_STAT, STATX_ALL, {stx_mask=STATX_ALL|STATX_MNT_ID, stx_attributes=0, stx_mode=S_IFREG|0600, stx_size=7, ...}) = 0
767597 openat(AT_FDCWD, "/home/firstmate/.no-mistakes/worktrees/8352e211db7e/01M4F29HK4JCAKXEQ2F50R6HHX/.test-tmp/boundary/home/state/.lock", O_RDONLY|O_CLOEXEC) = 3
767597 +++ exited with 0 +++
767427 --- SIGCHLD {si_signo=SIGCHLD, si_code=CLD_EXITED, si_pid=767597, si_uid=0, si_status=0, si_utime=0, si_stime=0} ---
767427 newfstatat(AT_FDCWD, ".", {st_mode=S_IFDIR|0775, st_size=4096, ...}, 0) = 0
767427 newfstatat(AT_FDCWD, "/home/firstmate/.local/codex-latest/lib/node_modules/@openai/codex/node_modules/@openai/codex-linux-x64/vendor/x86_64-unknown-linux-musl/codex-path/python3", 0x7ffcfd8f60e0, 0) = -1 ENOENT (No such file or directory)
767427 newfstatat(AT_FDCWD, "/home/firstmate/.codex-5/tmp/arg0/codex-arg065EgpK/python3", 0x7ffcfd8f60e0, 0) = -1 ENOENT (No such file or directory)
767427 newfstatat(AT_FDCWD, "/home/firstmate/.local/codex-latest/lib/node_modules/@openai/codex/node_modules/@openai/codex-linux-x64/vendor/x86_64-unknown-linux-musl/codex-path/python3", 0x7ffcfd8f60e0, 0) = -1 ENOENT (No such file or directory)
767427 newfstatat(AT_FDCWD, "/home/firstmate/.local/bin/python3", 0x7ffcfd8f60e0, 0) = -1 ENOENT (No such file or directory)
767427 newfstatat(AT_FDCWD, "/home/firstmate/go/bin/python3", 0x7ffcfd8f60e0, 0) = -1 ENOENT (No such file or directory)
767427 newfstatat(AT_FDCWD, "/home/firstmate/.cargo/bin/python3", 0x7ffcfd8f60e0, 0) = -1 ENOENT (No such file or directory)
767427 newfstatat(AT_FDCWD, "/home/firstmate/bin/python3", 0x7ffcfd8f60e0, 0) = -1 ENOENT (No such file or directory)
767427 newfstatat(AT_FDCWD, "/opt/homebrew/bin/python3", 0x7ffcfd8f60e0, 0) = -1 ENOENT (No such file or directory)
767427 newfstatat(AT_FDCWD, "/opt/homebrew/sbin/python3", 0x7ffcfd8f60e0, 0) = -1 ENOENT (No such file or directory)
767427 newfstatat(AT_FDCWD, "/usr/local/bin/python3", 0x7ffcfd8f60e0, 0) = -1 ENOENT (No such file or directory)
767427 newfstatat(AT_FDCWD, "/usr/local/sbin/python3", 0x7ffcfd8f60e0, 0) = -1 ENOENT (No such file or directory)
767427 newfstatat(AT_FDCWD, "/usr/bin/python3", {st_mode=S_IFREG|0755, st_size=7477160, ...}, 0) = 0
767427 newfstatat(AT_FDCWD, "/usr/bin/python3", {st_mode=S_IFREG|0755, st_size=7477160, ...}, 0) = 0
767427 access("/usr/bin/python3", X_OK) = 0
767427 newfstatat(AT_FDCWD, "/usr/bin/python3", {st_mode=S_IFREG|0755, st_size=7477160, ...}, 0) = 0
767427 access("/usr/bin/python3", R_OK) = 0
767427 execve("/usr/bin/python3", ["python3", "/home/firstmate/.no-mistakes/wor"..., "playback"], 0x5b66223af170 /* 8 vars */) = 0
767427 access("/etc/ld.so.preload", R_OK) = -1 ENOENT (No such file or directory)
767427 openat(AT_FDCWD, "/etc/ld.so.cache", O_RDONLY|O_CLOEXEC) = 3
767427 openat(AT_FDCWD, "/usr/lib/x86_64-linux-gnu/libm.so.6", O_RDONLY|O_CLOEXEC) = 3
767427 openat(AT_FDCWD, "/usr/lib/x86_64-linux-gnu/libz.so.1", O_RDONLY|O_CLOEXEC) = 3
767427 openat(AT_FDCWD, "/usr/lib/x86_64-linux-gnu/libexpat.so.1", O_RDONLY|O_CLOEXEC) = 3
767427 openat(AT_FDCWD, "/usr/lib/x86_64-linux-gnu/libc.so.6", O_RDONLY|O_CLOEXEC) = 3
767427 open("/proc/sys/vm/overcommit_memory", O_RDONLY) = 3
767427 openat(AT_FDCWD, "/usr/lib/locale/locale-archive", O_RDONLY|O_CLOEXEC) = 3
767427 openat(AT_FDCWD, "/usr/share/locale/locale.alias", O_RDONLY|O_CLOEXEC) = -1 ENOENT (No such file or directory)
767427 openat(AT_FDCWD, "/usr/lib/locale/C.UTF-8/LC_CTYPE", O_RDONLY|O_CLOEXEC) = -1 ENOENT (No such file or directory)
767427 openat(AT_FDCWD, "/usr/lib/locale/C.utf8/LC_CTYPE", O_RDONLY|O_CLOEXEC) = 3
767427 openat(AT_FDCWD, "/usr/lib/x86_64-linux-gnu/gconv/gconv-modules.cache", O_RDONLY|O_CLOEXEC) = 3
767427 openat(AT_FDCWD, "/proc/self/maps", O_RDONLY|O_CLOEXEC) = 3
767427 newfstatat(AT_FDCWD, "/home/firstmate/.local/codex-latest/lib/node_modules/@openai/codex/node_modules/@openai/codex-linux-x64/vendor/x86_64-unknown-linux-musl/codex-path/python3", 0x7fffd73eea50, 0) = -1 ENOENT (No such file or directory)
767427 newfstatat(AT_FDCWD, "/home/firstmate/.codex-5/tmp/arg0/codex-arg065EgpK/python3", 0x7fffd73eea50, 0) = -1 ENOENT (No such file or directory)
767427 newfstatat(AT_FDCWD, "/home/firstmate/.local/codex-latest/lib/node_modules/@openai/codex/node_modules/@openai/codex-linux-x64/vendor/x86_64-unknown-linux-musl/codex-path/python3", 0x7fffd73eea50, 0) = -1 ENOENT (No such file or directory)
767427 newfstatat(AT_FDCWD, "/home/firstmate/.local/bin/python3", 0x7fffd73eea50, 0) = -1 ENOENT (No such file or directory)
767427 newfstatat(AT_FDCWD, "/home/firstmate/go/bin/python3", 0x7fffd73eea50, 0) = -1 ENOENT (No such file or directory)
767427 newfstatat(AT_FDCWD, "/home/firstmate/.cargo/bin/python3", 0x7fffd73eea50, 0) = -1 ENOENT (No such file or directory)
767427 newfstatat(AT_FDCWD, "/home/firstmate/bin/python3", 0x7fffd73eea50, 0) = -1 ENOENT (No such file or directory)
767427 newfstatat(AT_FDCWD, "/opt/homebrew/bin/python3", 0x7fffd73eea50, 0) = -1 ENOENT (No such file or directory)
767427 newfstatat(AT_FDCWD, "/opt/homebrew/sbin/python3", 0x7fffd73eea50, 0) = -1 ENOENT (No such file or directory)
767427 newfstatat(AT_FDCWD, "/usr/local/bin/python3", 0x7fffd73eea50, 0) = -1 ENOENT (No such file or directory)
767427 newfstatat(AT_FDCWD, "/usr/local/sbin/python3", 0x7fffd73eea50, 0) = -1 ENOENT (No such file or directory)
767427 newfstatat(AT_FDCWD, "/usr/bin/python3", {st_mode=S_IFREG|0755, st_size=7477160, ...}, 0) = 0
767427 openat(AT_FDCWD, "/usr/pyvenv.cfg", O_RDONLY) = -1 ENOENT (No such file or directory)
767427 openat(AT_FDCWD, "/usr/bin/pyvenv.cfg", O_RDONLY) = -1 ENOENT (No such file or directory)
767427 readlink("/usr/bin/python3", "python3.14", 4096) = 10
767427 readlink("/usr/bin/python3.14", 0x7fffd73e9a70, 4096) = -1 EINVAL (Invalid argument)
767427 openat(AT_FDCWD, "/usr/bin/python3._pth", O_RDONLY) = -1 ENOENT (No such file or directory)
767427 openat(AT_FDCWD, "/usr/bin/python3.14._pth", O_RDONLY) = -1 ENOENT (No such file or directory)
767427 openat(AT_FDCWD, "/usr/bin/pybuilddir.txt", O_RDONLY) = -1 ENOENT (No such file or directory)
767427 newfstatat(AT_FDCWD, "/usr/bin/Modules/Setup.local", 0x7fffd73eea50, 0) = -1 ENOENT (No such file or directory)
767427 newfstatat(AT_FDCWD, "/usr/bin/lib/python314.zip", 0x7fffd73ee730, 0) = -1 ENOENT (No such file or directory)
767427 newfstatat(AT_FDCWD, "/usr/lib/python314.zip", 0x7fffd73eea50, 0) = -1 ENOENT (No such file or directory)
767427 newfstatat(AT_FDCWD, "/usr/bin/lib/python3.14/os.py", 0x7fffd73eea50, 0) = -1 ENOENT (No such file or directory)
767427 newfstatat(AT_FDCWD, "/usr/bin/lib/python3.14/os.pyc", 0x7fffd73eea50, 0) = -1 ENOENT (No such file or directory)
767427 newfstatat(AT_FDCWD, "/usr/lib/python3.14/os.py", {st_mode=S_IFREG|0644, st_size=41959, ...}, 0) = 0
767427 newfstatat(AT_FDCWD, "/usr/lib/python3.14/lib-dynload", {st_mode=S_IFDIR|0755, st_size=16384, ...}, 0) = 0
767427 newfstatat(AT_FDCWD, "/usr/lib/python3.14/lib-dynload", {st_mode=S_IFDIR|0755, st_size=16384, ...}, 0) = 0
767427 openat(AT_FDCWD, "/etc/localtime", O_RDONLY|O_CLOEXEC) = 3
767427 newfstatat(AT_FDCWD, "/usr/lib/python314.zip", 0x7fffd73ee210, 0) = -1 ENOENT (No such file or directory)
767427 newfstatat(AT_FDCWD, "/usr/lib", {st_mode=S_IFDIR|0755, st_size=4096, ...}, 0) = 0
767427 newfstatat(AT_FDCWD, "/usr/lib/python314.zip", 0x7fffd73ee6f0, 0) = -1 ENOENT (No such file or directory)
767427 newfstatat(AT_FDCWD, "/usr/lib/python3.14", {st_mode=S_IFDIR|0755, st_size=20480, ...}, 0) = 0
767427 newfstatat(AT_FDCWD, "/usr/lib/python3.14", {st_mode=S_IFDIR|0755, st_size=20480, ...}, 0) = 0
767427 newfstatat(AT_FDCWD, "/usr/lib/python3.14", {st_mode=S_IFDIR|0755, st_size=20480, ...}, 0) = 0
767427 openat(AT_FDCWD, "/usr/lib/python3.14", O_RDONLY|O_NONBLOCK|O_CLOEXEC|O_DIRECTORY) = 3
767427 newfstatat(AT_FDCWD, "/usr/lib/python3.14/encodings/__init__.cpython-314-x86_64-linux-gnu.so", 0x7fffd73ee6f0, 0) = -1 ENOENT (No such file or directory)
767427 newfstatat(AT_FDCWD, "/usr/lib/python3.14/encodings/__init__.abi3.so", 0x7fffd73ee6f0, 0) = -1 ENOENT (No such file or directory)
767427 newfstatat(AT_FDCWD, "/usr/lib/python3.14/encodings/__init__.abi3-x86_64-linux-gnu.so", 0x7fffd73ee6f0, 0) = -1 ENOENT (No such file or directory)
767427 newfstatat(AT_FDCWD, "/usr/lib/python3.14/encodings/__init__.so", 0x7fffd73ee6f0, 0) = -1 ENOENT (No such file or directory)
767427 newfstatat(AT_FDCWD, "/usr/lib/python3.14/encodings/__init__.py", {st_mode=S_IFREG|0644, st_size=5945, ...}, 0) = 0
767427 newfstatat(AT_FDCWD, "/usr/lib/python3.14/encodings/__init__.py", {st_mode=S_IFREG|0644, st_size=5945, ...}, 0) = 0
767427 openat(AT_FDCWD, "/usr/lib/python3.14/encodings/__pycache__/__init__.cpython-314.pyc", O_RDONLY|O_CLOEXEC) = 3
767427 newfstatat(AT_FDCWD, "/usr/lib/python3.14/encodings", {st_mode=S_IFDIR|0755, st_size=20480, ...}, 0) = 0
767427 newfstatat(AT_FDCWD, "/usr/lib/python3.14/encodings", {st_mode=S_IFDIR|0755, st_size=20480, ...}, 0) = 0
767427 newfstatat(AT_FDCWD, "/usr/lib/python3.14/encodings", {st_mode=S_IFDIR|0755, st_size=20480, ...}, 0) = 0
767427 openat(AT_FDCWD, "/usr/lib/python3.14/encodings", O_RDONLY|O_NONBLOCK|O_CLOEXEC|O_DIRECTORY) = 3
767427 newfstatat(AT_FDCWD, "/usr/lib/python3.14/encodings/aliases.py", {st_mode=S_IFREG|0644, st_size=15957, ...}, 0) = 0
767427 newfstatat(AT_FDCWD, "/usr/lib/python3.14/encodings/aliases.py", {st_mode=S_IFREG|0644, st_size=15957, ...}, 0) = 0
767427 openat(AT_FDCWD, "/usr/lib/python3.14/encodings/__pycache__/aliases.cpython-314.pyc", O_RDONLY|O_CLOEXEC) = 3
767427 newfstatat(AT_FDCWD, "/usr/lib/python3.14/encodings", {st_mode=S_IFDIR|0755, st_size=20480, ...}, 0) = 0
767427 newfstatat(AT_FDCWD, "/usr/lib/python3.14/encodings/utf_8.py", {st_mode=S_IFREG|0644, st_size=1005, ...}, 0) = 0
767427 newfstatat(AT_FDCWD, "/usr/lib/python3.14/encodings/utf_8.py", {st_mode=S_IFREG|0644, st_size=1005, ...}, 0) = 0
767427 openat(AT_FDCWD, "/usr/lib/python3.14/encodings/__pycache__/utf_8.cpython-314.pyc", O_RDONLY|O_CLOEXEC) = 3
767427 newfstatat(AT_FDCWD, "/usr/bin/pyvenv.cfg", 0x7fffd73edf50, 0) = -1 ENOENT (No such file or directory)
767427 newfstatat(AT_FDCWD, "/usr/pyvenv.cfg", 0x7fffd73edf70, 0) = -1 ENOENT (No such file or directory)
767427 newfstatat(AT_FDCWD, "/home/firstmate/.local/lib/python3.14/site-packages", {st_mode=S_IFDIR|0775, st_size=4096, ...}, 0) = 0
767427 openat(AT_FDCWD, "/home/firstmate/.local/lib/python3.14/site-packages", O_RDONLY|O_NONBLOCK|O_CLOEXEC|O_DIRECTORY) = 3
767427 newfstatat(AT_FDCWD, "/usr/local/lib/python3.14/dist-packages", {st_mode=S_IFDIR|0755, st_size=4096, ...}, 0) = 0
767427 openat(AT_FDCWD, "/usr/local/lib/python3.14/dist-packages", O_RDONLY|O_NONBLOCK|O_CLOEXEC|O_DIRECTORY) = 3
767427 newfstatat(AT_FDCWD, "/usr/lib/python3/dist-packages", {st_mode=S_IFDIR|0755, st_size=12288, ...}, 0) = 0
767427 openat(AT_FDCWD, "/usr/lib/python3/dist-packages", O_RDONLY|O_NONBLOCK|O_CLOEXEC|O_DIRECTORY) = 3
767427 newfstatat(AT_FDCWD, "/usr/lib/python3/dist-packages/distutils-precedence.pth", {st_mode=S_IFREG|0644, st_size=151, ...}, AT_SYMLINK_NOFOLLOW) = 0
767427 openat(AT_FDCWD, "/usr/lib/python3/dist-packages/distutils-precedence.pth", O_RDONLY|O_CLOEXEC) = 3
767427 newfstatat(AT_FDCWD, "/usr/lib/python3.14/encodings", {st_mode=S_IFDIR|0755, st_size=20480, ...}, 0) = 0
767427 newfstatat(AT_FDCWD, "/usr/lib/python3.14/encodings/utf_8_sig.py", {st_mode=S_IFREG|0644, st_size=4133, ...}, 0) = 0
767427 newfstatat(AT_FDCWD, "/usr/lib/python3.14/encodings/utf_8_sig.py", {st_mode=S_IFREG|0644, st_size=4133, ...}, 0) = 0
767427 openat(AT_FDCWD, "/usr/lib/python3.14/encodings/__pycache__/utf_8_sig.cpython-314.pyc", O_RDONLY|O_CLOEXEC) = 3
767427 newfstatat(AT_FDCWD, "/usr/lib/python3.14", {st_mode=S_IFDIR|0755, st_size=20480, ...}, 0) = 0
767427 newfstatat(AT_FDCWD, "/usr/lib/python3.14/lib-dynload", {st_mode=S_IFDIR|0755, st_size=16384, ...}, 0) = 0
767427 newfstatat(AT_FDCWD, "/usr/lib/python3.14/lib-dynload", {st_mode=S_IFDIR|0755, st_size=16384, ...}, 0) = 0
767427 newfstatat(AT_FDCWD, "/usr/lib/python3.14/lib-dynload", {st_mode=S_IFDIR|0755, st_size=16384, ...}, 0) = 0
767427 openat(AT_FDCWD, "/usr/lib/python3.14/lib-dynload", O_RDONLY|O_NONBLOCK|O_CLOEXEC|O_DIRECTORY) = 3
767427 newfstatat(AT_FDCWD, "/home/firstmate/.local/lib/python3.14/site-packages", {st_mode=S_IFDIR|0775, st_size=4096, ...}, 0) = 0
767427 newfstatat(AT_FDCWD, "/home/firstmate/.local/lib/python3.14/site-packages", {st_mode=S_IFDIR|0775, st_size=4096, ...}, 0) = 0
767427 newfstatat(AT_FDCWD, "/home/firstmate/.local/lib/python3.14/site-packages", {st_mode=S_IFDIR|0775, st_size=4096, ...}, 0) = 0
767427 openat(AT_FDCWD, "/home/firstmate/.local/lib/python3.14/site-packages", O_RDONLY|O_NONBLOCK|O_CLOEXEC|O_DIRECTORY) = 3
767427 newfstatat(AT_FDCWD, "/usr/local/lib/python3.14/dist-packages", {st_mode=S_IFDIR|0755, st_size=4096, ...}, 0) = 0
767427 newfstatat(AT_FDCWD, "/usr/local/lib/python3.14/dist-packages", {st_mode=S_IFDIR|0755, st_size=4096, ...}, 0) = 0
767427 newfstatat(AT_FDCWD, "/usr/local/lib/python3.14/dist-packages", {st_mode=S_IFDIR|0755, st_size=4096, ...}, 0) = 0
767427 openat(AT_FDCWD, "/usr/local/lib/python3.14/dist-packages", O_RDONLY|O_NONBLOCK|O_CLOEXEC|O_DIRECTORY) = 3
767427 newfstatat(AT_FDCWD, "/usr/lib/python3/dist-packages", {st_mode=S_IFDIR|0755, st_size=12288, ...}, 0) = 0
767427 newfstatat(AT_FDCWD, "/usr/lib/python3/dist-packages", {st_mode=S_IFDIR|0755, st_size=12288, ...}, 0) = 0
767427 newfstatat(AT_FDCWD, "/usr/lib/python3/dist-packages", {st_mode=S_IFDIR|0755, st_size=12288, ...}, 0) = 0
767427 openat(AT_FDCWD, "/usr/lib/python3/dist-packages", O_RDONLY|O_NONBLOCK|O_CLOEXEC|O_DIRECTORY) = 3
767427 newfstatat(AT_FDCWD, "/usr/lib/python3/dist-packages/_distutils_hack/__init__.cpython-314-x86_64-linux-gnu.so", 0x7fffd73ed700, 0) = -1 ENOENT (No such file or directory)
767427 newfstatat(AT_FDCWD, "/usr/lib/python3/dist-packages/_distutils_hack/__init__.abi3.so", 0x7fffd73ed700, 0) = -1 ENOENT (No such file or directory)
767427 newfstatat(AT_FDCWD, "/usr/lib/python3/dist-packages/_distutils_hack/__init__.abi3-x86_64-linux-gnu.so", 0x7fffd73ed700, 0) = -1 ENOENT (No such file or directory)
767427 newfstatat(AT_FDCWD, "/usr/lib/python3/dist-packages/_distutils_hack/__init__.so", 0x7fffd73ed700, 0) = -1 ENOENT (No such file or directory)
767427 newfstatat(AT_FDCWD, "/usr/lib/python3/dist-packages/_distutils_hack/__init__.py", {st_mode=S_IFREG|0644, st_size=6755, ...}, 0) = 0
767427 newfstatat(AT_FDCWD, "/usr/lib/python3/dist-packages/_distutils_hack/__init__.py", {st_mode=S_IFREG|0644, st_size=6755, ...}, 0) = 0
767427 openat(AT_FDCWD, "/usr/lib/python3/dist-packages/_distutils_hack/__pycache__/__init__.cpython-314.pyc", O_RDONLY|O_CLOEXEC) = 3
767427 newfstatat(AT_FDCWD, "/usr/lib/python3.14/dist-packages", 0x7fffd73ee2c0, 0) = -1 ENOENT (No such file or directory)
767427 newfstatat(AT_FDCWD, "/usr/lib/python3.14", {st_mode=S_IFDIR|0755, st_size=20480, ...}, 0) = 0
767427 newfstatat(AT_FDCWD, "/usr/lib/python3.14/sitecustomize.py", {st_mode=S_IFREG|0644, st_size=155, ...}, 0) = 0
767427 newfstatat(AT_FDCWD, "/usr/lib/python3.14/sitecustomize.py", {st_mode=S_IFREG|0644, st_size=155, ...}, 0) = 0
767427 openat(AT_FDCWD, "/usr/lib/python3.14/__pycache__/sitecustomize.cpython-314.pyc", O_RDONLY|O_CLOEXEC) = 3
767427 newfstatat(AT_FDCWD, "/usr/lib/python3.14", {st_mode=S_IFDIR|0755, st_size=20480, ...}, 0) = 0
767427 newfstatat(AT_FDCWD, "/usr/lib/python3.14/lib-dynload", {st_mode=S_IFDIR|0755, st_size=16384, ...}, 0) = 0
767427 newfstatat(AT_FDCWD, "/home/firstmate/.local/lib/python3.14/site-packages", {st_mode=S_IFDIR|0775, st_size=4096, ...}, 0) = 0
767427 newfstatat(AT_FDCWD, "/usr/local/lib/python3.14/dist-packages", {st_mode=S_IFDIR|0755, st_size=4096, ...}, 0) = 0
767427 newfstatat(AT_FDCWD, "/usr/lib/python3/dist-packages", {st_mode=S_IFDIR|0755, st_size=12288, ...}, 0) = 0
767427 newfstatat(AT_FDCWD, "/usr/lib/python3/dist-packages/apport_python_hook.py", {st_mode=S_IFREG|0644, st_size=8896, ...}, 0) = 0
767427 newfstatat(AT_FDCWD, "/usr/lib/python3/dist-packages/apport_python_hook.py", {st_mode=S_IFREG|0644, st_size=8896, ...}, 0) = 0
767427 openat(AT_FDCWD, "/usr/lib/python3/dist-packages/__pycache__/apport_python_hook.cpython-314.pyc", O_RDONLY|O_CLOEXEC) = 3
767427 newfstatat(AT_FDCWD, "/usr/lib/python3.14", {st_mode=S_IFDIR|0755, st_size=20480, ...}, 0) = 0
767427 newfstatat(AT_FDCWD, "/usr/lib/python3.14/types.py", {st_mode=S_IFREG|0644, st_size=11459, ...}, 0) = 0
767427 newfstatat(AT_FDCWD, "/usr/lib/python3.14/types.py", {st_mode=S_IFREG|0644, st_size=11459, ...}, 0) = 0
767427 openat(AT_FDCWD, "/usr/lib/python3.14/__pycache__/types.cpython-314.pyc", O_RDONLY|O_CLOEXEC) = 3
767427 newfstatat(AT_FDCWD, "/usr/lib/python3.14", {st_mode=S_IFDIR|0755, st_size=20480, ...}, 0) = 0
767427 newfstatat(AT_FDCWD, "/usr/lib/python3.14/lib-dynload", {st_mode=S_IFDIR|0755, st_size=16384, ...}, 0) = 0
767427 newfstatat(AT_FDCWD, "/home/firstmate/.local/lib/python3.14/site-packages", {st_mode=S_IFDIR|0775, st_size=4096, ...}, 0) = 0
767427 newfstatat(AT_FDCWD, "/usr/local/lib/python3.14/dist-packages", {st_mode=S_IFDIR|0755, st_size=4096, ...}, 0) = 0
767427 newfstatat(AT_FDCWD, "/usr/lib/python3/dist-packages", {st_mode=S_IFDIR|0755, st_size=12288, ...}, 0) = 0
767427 newfstatat(AT_FDCWD, "/home/firstmate/.no-mistakes/worktrees/8352e211db7e/01M4F29HK4JCAKXEQ2F50R6HHX/bin/fm_inbox_conversation.py", {st_mode=S_IFREG|0664, st_size=33410, ...}, 0) = 0
767427 openat(AT_FDCWD, "/home/firstmate/.no-mistakes/worktrees/8352e211db7e/01M4F29HK4JCAKXEQ2F50R6HHX/bin/fm_inbox_conversation.py", O_RDONLY|O_CLOEXEC) = 3
767427 newfstatat(AT_FDCWD, "/home/firstmate/.no-mistakes/worktrees/8352e211db7e/01M4F29HK4JCAKXEQ2F50R6HHX/bin/fm_inbox_conversation.py", {st_mode=S_IFREG|0664, st_size=33410, ...}, 0) = 0
767427 readlink("/home/firstmate/.no-mistakes/worktrees/8352e211db7e/01M4F29HK4JCAKXEQ2F50R6HHX/bin/fm_inbox_conversation.py", 0x7fffd73dd2d0, 4096) = -1 EINVAL (Invalid argument)
767427 readlink("/home", 0x7fffd73ddeb0, 1023) = -1 EINVAL (Invalid argument)
767427 readlink("/home/firstmate", 0x7fffd73ddeb0, 1023) = -1 EINVAL (Invalid argument)
767427 readlink("/home/firstmate/.no-mistakes", 0x7fffd73ddeb0, 1023) = -1 EINVAL (Invalid argument)
767427 readlink("/home/firstmate/.no-mistakes/worktrees", 0x7fffd73ddeb0, 1023) = -1 EINVAL (Invalid argument)
767427 readlink("/home/firstmate/.no-mistakes/worktrees/8352e211db7e", 0x7fffd73ddeb0, 1023) = -1 EINVAL (Invalid argument)
767427 readlink("/home/firstmate/.no-mistakes/worktrees/8352e211db7e/01M4F29HK4JCAKXEQ2F50R6HHX", 0x7fffd73ddeb0, 1023) = -1 EINVAL (Invalid argument)
767427 readlink("/home/firstmate/.no-mistakes/worktrees/8352e211db7e/01M4F29HK4JCAKXEQ2F50R6HHX/bin", 0x7fffd73ddeb0, 1023) = -1 EINVAL (Invalid argument)
767427 readlink("/home/firstmate/.no-mistakes/worktrees/8352e211db7e/01M4F29HK4JCAKXEQ2F50R6HHX/bin/fm_inbox_conversation.py", 0x7fffd73ddeb0, 1023) = -1 EINVAL (Invalid argument)
767427 openat(AT_FDCWD, "/home/firstmate/.no-mistakes/worktrees/8352e211db7e/01M4F29HK4JCAKXEQ2F50R6HHX/bin/fm_inbox_conversation.py", O_RDONLY) = 3
767427 newfstatat(AT_FDCWD, "/home/firstmate/.no-mistakes/worktrees/8352e211db7e/01M4F29HK4JCAKXEQ2F50R6HHX/bin", {st_mode=S_IFDIR|0775, st_size=12288, ...}, 0) = 0
767427 newfstatat(AT_FDCWD, "/home/firstmate/.no-mistakes/worktrees/8352e211db7e/01M4F29HK4JCAKXEQ2F50R6HHX/bin", {st_mode=S_IFDIR|0775, st_size=12288, ...}, 0) = 0
767427 newfstatat(AT_FDCWD, "/home/firstmate/.no-mistakes/worktrees/8352e211db7e/01M4F29HK4JCAKXEQ2F50R6HHX/bin", {st_mode=S_IFDIR|0775, st_size=12288, ...}, 0) = 0
767427 openat(AT_FDCWD, "/home/firstmate/.no-mistakes/worktrees/8352e211db7e/01M4F29HK4JCAKXEQ2F50R6HHX/bin", O_RDONLY|O_NONBLOCK|O_CLOEXEC|O_DIRECTORY) = 3
767427 newfstatat(AT_FDCWD, "/usr/lib/python3.14", {st_mode=S_IFDIR|0755, st_size=20480, ...}, 0) = 0
767427 newfstatat(AT_FDCWD, "/usr/lib/python3.14/hashlib.py", {st_mode=S_IFREG|0644, st_size=9459, ...}, 0) = 0
767427 newfstatat(AT_FDCWD, "/usr/lib/python3.14/hashlib.py", {st_mode=S_IFREG|0644, st_size=9459, ...}, 0) = 0
767427 openat(AT_FDCWD, "/usr/lib/python3.14/__pycache__/hashlib.cpython-314.pyc", O_RDONLY|O_CLOEXEC) = 3
767427 newfstatat(AT_FDCWD, "/home/firstmate/.no-mistakes/worktrees/8352e211db7e/01M4F29HK4JCAKXEQ2F50R6HHX/bin", {st_mode=S_IFDIR|0775, st_size=12288, ...}, 0) = 0
767427 newfstatat(AT_FDCWD, "/usr/lib/python3.14", {st_mode=S_IFDIR|0755, st_size=20480, ...}, 0) = 0
767427 newfstatat(AT_FDCWD, "/usr/lib/python3.14/lib-dynload", {st_mode=S_IFDIR|0755, st_size=16384, ...}, 0) = 0
767427 newfstatat(AT_FDCWD, "/usr/lib/python3.14/lib-dynload/_hashlib.cpython-314-x86_64-linux-gnu.so", {st_mode=S_IFREG|0644, st_size=64448, ...}, 0) = 0
767427 openat(AT_FDCWD, "/usr/lib/python3.14/lib-dynload/_hashlib.cpython-314-x86_64-linux-gnu.so", O_RDONLY|O_CLOEXEC) = 3
767427 openat(AT_FDCWD, "/etc/ld.so.cache", O_RDONLY|O_CLOEXEC) = 3
767427 openat(AT_FDCWD, "/usr/lib/x86_64-linux-gnu/libcrypto.so.3", O_RDONLY|O_CLOEXEC) = 3
767427 openat(AT_FDCWD, "/usr/lib/x86_64-linux-gnu/libzstd.so.1", O_RDONLY|O_CLOEXEC) = 3
767427 openat(AT_FDCWD, "/proc/sys/crypto/fips_enabled", O_RDONLY) = -1 ENOENT (No such file or directory)
767427 openat(AT_FDCWD, "/etc/ubuntu-fips", O_RDONLY) = -1 ENOENT (No such file or directory)
767427 openat(AT_FDCWD, "/usr/lib/ssl/openssl.cnf", O_RDONLY) = 3
767427 newfstatat(AT_FDCWD, "/var/lib/crypto-config/profiles/current/openssl.conf.d", 0x7fffd73ed6b0, 0) = -1 ENOENT (No such file or directory)
767427 newfstatat(AT_FDCWD, "/etc/ssl/openssl.conf.d", 0x7fffd73ed6b0, 0) = -1 ENOENT (No such file or directory)
767427 newfstatat(AT_FDCWD, "/home/firstmate/.no-mistakes/worktrees/8352e211db7e/01M4F29HK4JCAKXEQ2F50R6HHX/bin", {st_mode=S_IFDIR|0775, st_size=12288, ...}, 0) = 0
767427 newfstatat(AT_FDCWD, "/usr/lib/python3.14", {st_mode=S_IFDIR|0755, st_size=20480, ...}, 0) = 0
767427 newfstatat(AT_FDCWD, "/usr/lib/python3.14/json/__init__.cpython-314-x86_64-linux-gnu.so", 0x7fffd73ee6e0, 0) = -1 ENOENT (No such file or directory)
767427 newfstatat(AT_FDCWD, "/usr/lib/python3.14/json/__init__.abi3.so", 0x7fffd73ee6e0, 0) = -1 ENOENT (No such file or directory)
767427 newfstatat(AT_FDCWD, "/usr/lib/python3.14/json/__init__.abi3-x86_64-linux-gnu.so", 0x7fffd73ee6e0, 0) = -1 ENOENT (No such file or directory)
767427 newfstatat(AT_FDCWD, "/usr/lib/python3.14/json/__init__.so", 0x7fffd73ee6e0, 0) = -1 ENOENT (No such file or directory)
767427 newfstatat(AT_FDCWD, "/usr/lib/python3.14/json/__init__.py", {st_mode=S_IFREG|0644, st_size=14066, ...}, 0) = 0
767427 newfstatat(AT_FDCWD, "/usr/lib/python3.14/json/__init__.py", {st_mode=S_IFREG|0644, st_size=14066, ...}, 0) = 0
767427 openat(AT_FDCWD, "/usr/lib/python3.14/json/__pycache__/__init__.cpython-314.pyc", O_RDONLY|O_CLOEXEC) = 3
767427 newfstatat(AT_FDCWD, "/usr/lib/python3.14/json", {st_mode=S_IFDIR|0755, st_size=4096, ...}, 0) = 0
767427 newfstatat(AT_FDCWD, "/usr/lib/python3.14/json", {st_mode=S_IFDIR|0755, st_size=4096, ...}, 0) = 0
767427 newfstatat(AT_FDCWD, "/usr/lib/python3.14/json", {st_mode=S_IFDIR|0755, st_size=4096, ...}, 0) = 0
767427 openat(AT_FDCWD, "/usr/lib/python3.14/json", O_RDONLY|O_NONBLOCK|O_CLOEXEC|O_DIRECTORY) = 3
767427 newfstatat(AT_FDCWD, "/usr/lib/python3.14/json/decoder.py", {st_mode=S_IFREG|0644, st_size=12873, ...}, 0) = 0
767427 newfstatat(AT_FDCWD, "/usr/lib/python3.14/json/decoder.py", {st_mode=S_IFREG|0644, st_size=12873, ...}, 0) = 0
767427 openat(AT_FDCWD, "/usr/lib/python3.14/json/__pycache__/decoder.cpython-314.pyc", O_RDONLY|O_CLOEXEC) = 3
767427 newfstatat(AT_FDCWD, "/home/firstmate/.no-mistakes/worktrees/8352e211db7e/01M4F29HK4JCAKXEQ2F50R6HHX/bin", {st_mode=S_IFDIR|0775, st_size=12288, ...}, 0) = 0
767427 newfstatat(AT_FDCWD, "/usr/lib/python3.14", {st_mode=S_IFDIR|0755, st_size=20480, ...}, 0) = 0
767427 newfstatat(AT_FDCWD, "/usr/lib/python3.14/re/__init__.cpython-314-x86_64-linux-gnu.so", 0x7fffd73ed1a0, 0) = -1 ENOENT (No such file or directory)
767427 newfstatat(AT_FDCWD, "/usr/lib/python3.14/re/__init__.abi3.so", 0x7fffd73ed1a0, 0) = -1 ENOENT (No such file or directory)
767427 newfstatat(AT_FDCWD, "/usr/lib/python3.14/re/__init__.abi3-x86_64-linux-gnu.so", 0x7fffd73ed1a0, 0) = -1 ENOENT (No such file or directory)
767427 newfstatat(AT_FDCWD, "/usr/lib/python3.14/re/__init__.so", 0x7fffd73ed1a0, 0) = -1 ENOENT (No such file or directory)
767427 newfstatat(AT_FDCWD, "/usr/lib/python3.14/re/__init__.py", {st_mode=S_IFREG|0644, st_size=17876, ...}, 0) = 0
767427 newfstatat(AT_FDCWD, "/usr/lib/python3.14/re/__init__.py", {st_mode=S_IFREG|0644, st_size=17876, ...}, 0) = 0
767427 openat(AT_FDCWD, "/usr/lib/python3.14/re/__pycache__/__init__.cpython-314.pyc", O_RDONLY|O_CLOEXEC) = 3
767427 newfstatat(AT_FDCWD, "/home/firstmate/.no-mistakes/worktrees/8352e211db7e/01M4F29HK4JCAKXEQ2F50R6HHX/bin", {st_mode=S_IFDIR|0775, st_size=12288, ...}, 0) = 0
767427 newfstatat(AT_FDCWD, "/usr/lib/python3.14", {st_mode=S_IFDIR|0755, st_size=20480, ...}, 0) = 0
767427 newfstatat(AT_FDCWD, "/usr/lib/python3.14/enum.py", {st_mode=S_IFREG|0644, st_size=85442, ...}, 0) = 0
767427 newfstatat(AT_FDCWD, "/usr/lib/python3.14/enum.py", {st_mode=S_IFREG|0644, st_size=85442, ...}, 0) = 0
767427 openat(AT_FDCWD, "/usr/lib/python3.14/__pycache__/enum.cpython-314.pyc", O_RDONLY|O_CLOEXEC) = 3
767427 newfstatat(AT_FDCWD, "/usr/lib/python3.14/re", {st_mode=S_IFDIR|0755, st_size=4096, ...}, 0) = 0
767427 newfstatat(AT_FDCWD, "/usr/lib/python3.14/re", {st_mode=S_IFDIR|0755, st_size=4096, ...}, 0) = 0
767427 newfstatat(AT_FDCWD, "/usr/lib/python3.14/re", {st_mode=S_IFDIR|0755, st_size=4096, ...}, 0) = 0
767427 openat(AT_FDCWD, "/usr/lib/python3.14/re", O_RDONLY|O_NONBLOCK|O_CLOEXEC|O_DIRECTORY) = 3
767427 newfstatat(AT_FDCWD, "/usr/lib/python3.14/re/_compiler.py", {st_mode=S_IFREG|0644, st_size=26855, ...}, 0) = 0
767427 newfstatat(AT_FDCWD, "/usr/lib/python3.14/re/_compiler.py", {st_mode=S_IFREG|0644, st_size=26855, ...}, 0) = 0
767427 openat(AT_FDCWD, "/usr/lib/python3.14/re/__pycache__/_compiler.cpython-314.pyc", O_RDONLY|O_CLOEXEC) = 3
767427 newfstatat(AT_FDCWD, "/usr/lib/python3.14/re", {st_mode=S_IFDIR|0755, st_size=4096, ...}, 0) = 0
767427 newfstatat(AT_FDCWD, "/usr/lib/python3.14/re/_parser.py", {st_mode=S_IFREG|0644, st_size=40353, ...}, 0) = 0
767427 newfstatat(AT_FDCWD, "/usr/lib/python3.14/re/_parser.py", {st_mode=S_IFREG|0644, st_size=40353, ...}, 0) = 0
767427 openat(AT_FDCWD, "/usr/lib/python3.14/re/__pycache__/_parser.cpython-314.pyc", O_RDONLY|O_CLOEXEC) = 3
767427 newfstatat(AT_FDCWD, "/usr/lib/python3.14/re", {st_mode=S_IFDIR|0755, st_size=4096, ...}, 0) = 0
767427 newfstatat(AT_FDCWD, "/usr/lib/python3.14/re/_constants.py", {st_mode=S_IFREG|0644, st_size=6036, ...}, 0) = 0
767427 newfstatat(AT_FDCWD, "/usr/lib/python3.14/re/_constants.py", {st_mode=S_IFREG|0644, st_size=6036, ...}, 0) = 0
767427 openat(AT_FDCWD, "/usr/lib/python3.14/re/__pycache__/_constants.cpython-314.pyc", O_RDONLY|O_CLOEXEC) = 3
767427 newfstatat(AT_FDCWD, "/usr/lib/python3.14/re", {st_mode=S_IFDIR|0755, st_size=4096, ...}, 0) = 0
767427 newfstatat(AT_FDCWD, "/usr/lib/python3.14/re/_casefix.py", {st_mode=S_IFREG|0644, st_size=5444, ...}, 0) = 0
767427 newfstatat(AT_FDCWD, "/usr/lib/python3.14/re/_casefix.py", {st_mode=S_IFREG|0644, st_size=5444, ...}, 0) = 0
767427 openat(AT_FDCWD, "/usr/lib/python3.14/re/__pycache__/_casefix.cpython-314.pyc", O_RDONLY|O_CLOEXEC) = 3
767427 newfstatat(AT_FDCWD, "/home/firstmate/.no-mistakes/worktrees/8352e211db7e/01M4F29HK4JCAKXEQ2F50R6HHX/bin", {st_mode=S_IFDIR|0775, st_size=12288, ...}, 0) = 0
767427 newfstatat(AT_FDCWD, "/usr/lib/python3.14", {st_mode=S_IFDIR|0755, st_size=20480, ...}, 0) = 0
767427 newfstatat(AT_FDCWD, "/usr/lib/python3.14/functools.py", {st_mode=S_IFREG|0644, st_size=43561, ...}, 0) = 0
767427 newfstatat(AT_FDCWD, "/usr/lib/python3.14/functools.py", {st_mode=S_IFREG|0644, st_size=43561, ...}, 0) = 0
767427 openat(AT_FDCWD, "/usr/lib/python3.14/__pycache__/functools.cpython-314.pyc", O_RDONLY|O_CLOEXEC) = 3
767427 newfstatat(AT_FDCWD, "/home/firstmate/.no-mistakes/worktrees/8352e211db7e/01M4F29HK4JCAKXEQ2F50R6HHX/bin", {st_mode=S_IFDIR|0775, st_size=12288, ...}, 0) = 0
767427 newfstatat(AT_FDCWD, "/usr/lib/python3.14", {st_mode=S_IFDIR|0755, st_size=20480, ...}, 0) = 0
767427 newfstatat(AT_FDCWD, "/usr/lib/python3.14/collections/__init__.cpython-314-x86_64-linux-gnu.so", 0x7fffd73ebc60, 0) = -1 ENOENT (No such file or directory)
767427 newfstatat(AT_FDCWD, "/usr/lib/python3.14/collections/__init__.abi3.so", 0x7fffd73ebc60, 0) = -1 ENOENT (No such file or directory)
767427 newfstatat(AT_FDCWD, "/usr/lib/python3.14/collections/__init__.abi3-x86_64-linux-gnu.so", 0x7fffd73ebc60, 0) = -1 ENOENT (No such file or directory)
767427 newfstatat(AT_FDCWD, "/usr/lib/python3.14/collections/__init__.so", 0x7fffd73ebc60, 0) = -1 ENOENT (No such file or directory)
767427 newfstatat(AT_FDCWD, "/usr/lib/python3.14/collections/__init__.py", {st_mode=S_IFREG|0644, st_size=52903, ...}, 0) = 0
767427 newfstatat(AT_FDCWD, "/usr/lib/python3.14/collections/__init__.py", {st_mode=S_IFREG|0644, st_size=52903, ...}, 0) = 0
767427 openat(AT_FDCWD, "/usr/lib/python3.14/collections/__pycache__/__init__.cpython-314.pyc", O_RDONLY|O_CLOEXEC) = 3
767427 newfstatat(AT_FDCWD, "/home/firstmate/.no-mistakes/worktrees/8352e211db7e/01M4F29HK4JCAKXEQ2F50R6HHX/bin", {st_mode=S_IFDIR|0775, st_size=12288, ...}, 0) = 0
767427 newfstatat(AT_FDCWD, "/usr/lib/python3.14", {st_mode=S_IFDIR|0755, st_size=20480, ...}, 0) = 0
767427 newfstatat(AT_FDCWD, "/usr/lib/python3.14/keyword.py", {st_mode=S_IFREG|0644, st_size=1073, ...}, 0) = 0
767427 newfstatat(AT_FDCWD, "/usr/lib/python3.14/keyword.py", {st_mode=S_IFREG|0644, st_size=1073, ...}, 0) = 0
767427 openat(AT_FDCWD, "/usr/lib/python3.14/__pycache__/keyword.cpython-314.pyc", O_RDONLY|O_CLOEXEC) = 3
767427 newfstatat(AT_FDCWD, "/home/firstmate/.no-mistakes/worktrees/8352e211db7e/01M4F29HK4JCAKXEQ2F50R6HHX/bin", {st_mode=S_IFDIR|0775, st_size=12288, ...}, 0) = 0
767427 newfstatat(AT_FDCWD, "/usr/lib/python3.14", {st_mode=S_IFDIR|0755, st_size=20480, ...}, 0) = 0
767427 newfstatat(AT_FDCWD, "/usr/lib/python3.14/operator.py", {st_mode=S_IFREG|0644, st_size=11158, ...}, 0) = 0
767427 newfstatat(AT_FDCWD, "/usr/lib/python3.14/operator.py", {st_mode=S_IFREG|0644, st_size=11158, ...}, 0) = 0
767427 openat(AT_FDCWD, "/usr/lib/python3.14/__pycache__/operator.cpython-314.pyc", O_RDONLY|O_CLOEXEC) = 3
767427 newfstatat(AT_FDCWD, "/home/firstmate/.no-mistakes/worktrees/8352e211db7e/01M4F29HK4JCAKXEQ2F50R6HHX/bin", {st_mode=S_IFDIR|0775, st_size=12288, ...}, 0) = 0
767427 newfstatat(AT_FDCWD, "/usr/lib/python3.14", {st_mode=S_IFDIR|0755, st_size=20480, ...}, 0) = 0
767427 newfstatat(AT_FDCWD, "/usr/lib/python3.14/reprlib.py", {st_mode=S_IFREG|0644, st_size=8064, ...}, 0) = 0
767427 newfstatat(AT_FDCWD, "/usr/lib/python3.14/reprlib.py", {st_mode=S_IFREG|0644, st_size=8064, ...}, 0) = 0
767427 openat(AT_FDCWD, "/usr/lib/python3.14/__pycache__/reprlib.cpython-314.pyc", O_RDONLY|O_CLOEXEC) = 3
767427 newfstatat(AT_FDCWD, "/home/firstmate/.no-mistakes/worktrees/8352e211db7e/01M4F29HK4JCAKXEQ2F50R6HHX/bin", {st_mode=S_IFDIR|0775, st_size=12288, ...}, 0) = 0
767427 newfstatat(AT_FDCWD, "/usr/lib/python3.14", {st_mode=S_IFDIR|0755, st_size=20480, ...}, 0) = 0
767427 newfstatat(AT_FDCWD, "/usr/lib/python3.14/copyreg.py", {st_mode=S_IFREG|0644, st_size=7716, ...}, 0) = 0
767427 newfstatat(AT_FDCWD, "/usr/lib/python3.14/copyreg.py", {st_mode=S_IFREG|0644, st_size=7716, ...}, 0) = 0
767427 openat(AT_FDCWD, "/usr/lib/python3.14/__pycache__/copyreg.cpython-314.pyc", O_RDONLY|O_CLOEXEC) = 3
767427 newfstatat(AT_FDCWD, "/usr/lib/python3.14/json", {st_mode=S_IFDIR|0755, st_size=4096, ...}, 0) = 0
767427 newfstatat(AT_FDCWD, "/usr/lib/python3.14/json/scanner.py", {st_mode=S_IFREG|0644, st_size=2434, ...}, 0) = 0
767427 newfstatat(AT_FDCWD, "/usr/lib/python3.14/json/scanner.py", {st_mode=S_IFREG|0644, st_size=2434, ...}, 0) = 0
767427 openat(AT_FDCWD, "/usr/lib/python3.14/json/__pycache__/scanner.cpython-314.pyc", O_RDONLY|O_CLOEXEC) = 3
767427 newfstatat(AT_FDCWD, "/usr/lib/python3.14/json", {st_mode=S_IFDIR|0755, st_size=4096, ...}, 0) = 0
767427 newfstatat(AT_FDCWD, "/usr/lib/python3.14/json/encoder.py", {st_mode=S_IFREG|0644, st_size=16990, ...}, 0) = 0
767427 newfstatat(AT_FDCWD, "/usr/lib/python3.14/json/encoder.py", {st_mode=S_IFREG|0644, st_size=16990, ...}, 0) = 0
767427 openat(AT_FDCWD, "/usr/lib/python3.14/json/__pycache__/encoder.cpython-314.pyc", O_RDONLY|O_CLOEXEC) = 3
767427 newfstatat(AT_FDCWD, "/home/firstmate/.no-mistakes/worktrees/8352e211db7e/01M4F29HK4JCAKXEQ2F50R6HHX/bin", {st_mode=S_IFDIR|0775, st_size=12288, ...}, 0) = 0
767427 newfstatat(AT_FDCWD, "/usr/lib/python3.14", {st_mode=S_IFDIR|0755, st_size=20480, ...}, 0) = 0
767427 newfstatat(AT_FDCWD, "/usr/lib/python3.14/pathlib/__init__.cpython-314-x86_64-linux-gnu.so", 0x7fffd73ee6e0, 0) = -1 ENOENT (No such file or directory)
767427 newfstatat(AT_FDCWD, "/usr/lib/python3.14/pathlib/__init__.abi3.so", 0x7fffd73ee6e0, 0) = -1 ENOENT (No such file or directory)
767427 newfstatat(AT_FDCWD, "/usr/lib/python3.14/pathlib/__init__.abi3-x86_64-linux-gnu.so", 0x7fffd73ee6e0, 0) = -1 ENOENT (No such file or directory)
767427 newfstatat(AT_FDCWD, "/usr/lib/python3.14/pathlib/__init__.so", 0x7fffd73ee6e0, 0) = -1 ENOENT (No such file or directory)
767427 newfstatat(AT_FDCWD, "/usr/lib/python3.14/pathlib/__init__.py", {st_mode=S_IFREG|0644, st_size=46833, ...}, 0) = 0
767427 newfstatat(AT_FDCWD, "/usr/lib/python3.14/pathlib/__init__.py", {st_mode=S_IFREG|0644, st_size=46833, ...}, 0) = 0
767427 openat(AT_FDCWD, "/usr/lib/python3.14/pathlib/__pycache__/__init__.cpython-314.pyc", O_RDONLY|O_CLOEXEC) = 3
767427 newfstatat(AT_FDCWD, "/home/firstmate/.no-mistakes/worktrees/8352e211db7e/01M4F29HK4JCAKXEQ2F50R6HHX/bin", {st_mode=S_IFDIR|0775, st_size=12288, ...}, 0) = 0
767427 newfstatat(AT_FDCWD, "/usr/lib/python3.14", {st_mode=S_IFDIR|0755, st_size=20480, ...}, 0) = 0
767427 newfstatat(AT_FDCWD, "/usr/lib/python3.14/glob.py", {st_mode=S_IFREG|0644, st_size=20768, ...}, 0) = 0
767427 newfstatat(AT_FDCWD, "/usr/lib/python3.14/glob.py", {st_mode=S_IFREG|0644, st_size=20768, ...}, 0) = 0
767427 openat(AT_FDCWD, "/usr/lib/python3.14/__pycache__/glob.cpython-314.pyc", O_RDONLY|O_CLOEXEC) = 3
767427 newfstatat(AT_FDCWD, "/home/firstmate/.no-mistakes/worktrees/8352e211db7e/01M4F29HK4JCAKXEQ2F50R6HHX/bin", {st_mode=S_IFDIR|0775, st_size=12288, ...}, 0) = 0
767427 newfstatat(AT_FDCWD, "/usr/lib/python3.14", {st_mode=S_IFDIR|0755, st_size=20480, ...}, 0) = 0
767427 newfstatat(AT_FDCWD, "/usr/lib/python3.14/contextlib.py", {st_mode=S_IFREG|0644, st_size=27801, ...}, 0) = 0
767427 newfstatat(AT_FDCWD, "/usr/lib/python3.14/contextlib.py", {st_mode=S_IFREG|0644, st_size=27801, ...}, 0) = 0
767427 openat(AT_FDCWD, "/usr/lib/python3.14/__pycache__/contextlib.cpython-314.pyc", O_RDONLY|O_CLOEXEC) = 3
767427 newfstatat(AT_FDCWD, "/home/firstmate/.no-mistakes/worktrees/8352e211db7e/01M4F29HK4JCAKXEQ2F50R6HHX/bin", {st_mode=S_IFDIR|0775, st_size=12288, ...}, 0) = 0
767427 newfstatat(AT_FDCWD, "/usr/lib/python3.14", {st_mode=S_IFDIR|0755, st_size=20480, ...}, 0) = 0
767427 newfstatat(AT_FDCWD, "/usr/lib/python3.14/fnmatch.py", {st_mode=S_IFREG|0644, st_size=6791, ...}, 0) = 0
767427 newfstatat(AT_FDCWD, "/usr/lib/python3.14/fnmatch.py", {st_mode=S_IFREG|0644, st_size=6791, ...}, 0) = 0
767427 openat(AT_FDCWD, "/usr/lib/python3.14/__pycache__/fnmatch.cpython-314.pyc", O_RDONLY|O_CLOEXEC) = 3
767427 newfstatat(AT_FDCWD, "/usr/lib/python3.14/pathlib", {st_mode=S_IFDIR|0755, st_size=4096, ...}, 0) = 0
767427 newfstatat(AT_FDCWD, "/usr/lib/python3.14/pathlib", {st_mode=S_IFDIR|0755, st_size=4096, ...}, 0) = 0
767427 newfstatat(AT_FDCWD, "/usr/lib/python3.14/pathlib", {st_mode=S_IFDIR|0755, st_size=4096, ...}, 0) = 0
767427 openat(AT_FDCWD, "/usr/lib/python3.14/pathlib", O_RDONLY|O_NONBLOCK|O_CLOEXEC|O_DIRECTORY) = 3
767427 newfstatat(AT_FDCWD, "/usr/lib/python3.14/pathlib/_os.py", {st_mode=S_IFREG|0644, st_size=18161, ...}, 0) = 0
767427 newfstatat(AT_FDCWD, "/usr/lib/python3.14/pathlib/_os.py", {st_mode=S_IFREG|0644, st_size=18161, ...}, 0) = 0
767427 openat(AT_FDCWD, "/usr/lib/python3.14/pathlib/__pycache__/_os.cpython-314.pyc", O_RDONLY|O_CLOEXEC) = 3
767427 newfstatat(AT_FDCWD, "/home/firstmate/.no-mistakes/worktrees/8352e211db7e/01M4F29HK4JCAKXEQ2F50R6HHX/bin", {st_mode=S_IFDIR|0775, st_size=12288, ...}, 0) = 0
767427 newfstatat(AT_FDCWD, "/usr/lib/python3.14", {st_mode=S_IFDIR|0755, st_size=20480, ...}, 0) = 0
767427 newfstatat(AT_FDCWD, "/usr/lib/python3.14/lib-dynload", {st_mode=S_IFDIR|0755, st_size=16384, ...}, 0) = 0
767427 newfstatat(AT_FDCWD, "/home/firstmate/.local/lib/python3.14/site-packages", {st_mode=S_IFDIR|0775, st_size=4096, ...}, 0) = 0
767427 newfstatat(AT_FDCWD, "/usr/local/lib/python3.14/dist-packages", {st_mode=S_IFDIR|0755, st_size=4096, ...}, 0) = 0
767427 newfstatat(AT_FDCWD, "/usr/lib/python3/dist-packages", {st_mode=S_IFDIR|0755, st_size=12288, ...}, 0) = 0
767427 newfstatat(AT_FDCWD, "/home/firstmate/.no-mistakes/worktrees/8352e211db7e/01M4F29HK4JCAKXEQ2F50R6HHX/bin", {st_mode=S_IFDIR|0775, st_size=12288, ...}, 0) = 0
767427 newfstatat(AT_FDCWD, "/usr/lib/python3.14", {st_mode=S_IFDIR|0755, st_size=20480, ...}, 0) = 0
767427 newfstatat(AT_FDCWD, "/usr/lib/python3.14/lib-dynload", {st_mode=S_IFDIR|0755, st_size=16384, ...}, 0) = 0
767427 newfstatat(AT_FDCWD, "/home/firstmate/.local/lib/python3.14/site-packages", {st_mode=S_IFDIR|0775, st_size=4096, ...}, 0) = 0
767427 newfstatat(AT_FDCWD, "/usr/local/lib/python3.14/dist-packages", {st_mode=S_IFDIR|0755, st_size=4096, ...}, 0) = 0
767427 newfstatat(AT_FDCWD, "/usr/lib/python3/dist-packages", {st_mode=S_IFDIR|0755, st_size=12288, ...}, 0) = 0
767427 newfstatat(AT_FDCWD, "/home/firstmate/.no-mistakes/worktrees/8352e211db7e/01M4F29HK4JCAKXEQ2F50R6HHX/bin", {st_mode=S_IFDIR|0775, st_size=12288, ...}, 0) = 0
767427 newfstatat(AT_FDCWD, "/usr/lib/python3.14", {st_mode=S_IFDIR|0755, st_size=20480, ...}, 0) = 0
767427 newfstatat(AT_FDCWD, "/usr/lib/python3.14/lib-dynload", {st_mode=S_IFDIR|0755, st_size=16384, ...}, 0) = 0
767427 newfstatat(AT_FDCWD, "/home/firstmate/.local/lib/python3.14/site-packages", {st_mode=S_IFDIR|0775, st_size=4096, ...}, 0) = 0
767427 newfstatat(AT_FDCWD, "/usr/local/lib/python3.14/dist-packages", {st_mode=S_IFDIR|0755, st_size=4096, ...}, 0) = 0
767427 newfstatat(AT_FDCWD, "/usr/lib/python3/dist-packages", {st_mode=S_IFDIR|0755, st_size=12288, ...}, 0) = 0
767427 newfstatat(AT_FDCWD, "/home/firstmate/.no-mistakes/worktrees/8352e211db7e/01M4F29HK4JCAKXEQ2F50R6HHX/bin", {st_mode=S_IFDIR|0775, st_size=12288, ...}, 0) = 0
767427 newfstatat(AT_FDCWD, "/usr/lib/python3.14", {st_mode=S_IFDIR|0755, st_size=20480, ...}, 0) = 0
767427 newfstatat(AT_FDCWD, "/usr/lib/python3.14/lib-dynload", {st_mode=S_IFDIR|0755, st_size=16384, ...}, 0) = 0
767427 newfstatat(AT_FDCWD, "/home/firstmate/.local/lib/python3.14/site-packages", {st_mode=S_IFDIR|0775, st_size=4096, ...}, 0) = 0
767427 newfstatat(AT_FDCWD, "/usr/local/lib/python3.14/dist-packages", {st_mode=S_IFDIR|0755, st_size=4096, ...}, 0) = 0
767427 newfstatat(AT_FDCWD, "/usr/lib/python3/dist-packages", {st_mode=S_IFDIR|0755, st_size=12288, ...}, 0) = 0
767427 newfstatat(AT_FDCWD, "/home/firstmate/.no-mistakes/worktrees/8352e211db7e/01M4F29HK4JCAKXEQ2F50R6HHX/bin", {st_mode=S_IFDIR|0775, st_size=12288, ...}, 0) = 0
767427 newfstatat(AT_FDCWD, "/usr/lib/python3.14", {st_mode=S_IFDIR|0755, st_size=20480, ...}, 0) = 0
767427 newfstatat(AT_FDCWD, "/usr/lib/python3.14/lib-dynload", {st_mode=S_IFDIR|0755, st_size=16384, ...}, 0) = 0
767427 newfstatat(AT_FDCWD, "/home/firstmate/.local/lib/python3.14/site-packages", {st_mode=S_IFDIR|0775, st_size=4096, ...}, 0) = 0
767427 newfstatat(AT_FDCWD, "/usr/local/lib/python3.14/dist-packages", {st_mode=S_IFDIR|0755, st_size=4096, ...}, 0) = 0
767427 newfstatat(AT_FDCWD, "/usr/lib/python3/dist-packages", {st_mode=S_IFDIR|0755, st_size=12288, ...}, 0) = 0
767427 newfstatat(AT_FDCWD, "/home/firstmate/.no-mistakes/worktrees/8352e211db7e/01M4F29HK4JCAKXEQ2F50R6HHX/bin", {st_mode=S_IFDIR|0775, st_size=12288, ...}, 0) = 0
767427 newfstatat(AT_FDCWD, "/usr/lib/python3.14", {st_mode=S_IFDIR|0755, st_size=20480, ...}, 0) = 0
767427 newfstatat(AT_FDCWD, "/usr/lib/python3.14/lib-dynload", {st_mode=S_IFDIR|0755, st_size=16384, ...}, 0) = 0
767427 newfstatat(AT_FDCWD, "/home/firstmate/.local/lib/python3.14/site-packages", {st_mode=S_IFDIR|0775, st_size=4096, ...}, 0) = 0
767427 newfstatat(AT_FDCWD, "/usr/local/lib/python3.14/dist-packages", {st_mode=S_IFDIR|0755, st_size=4096, ...}, 0) = 0
767427 newfstatat(AT_FDCWD, "/usr/lib/python3/dist-packages", {st_mode=S_IFDIR|0755, st_size=12288, ...}, 0) = 0
767427 newfstatat(AT_FDCWD, "/home/firstmate/.no-mistakes/worktrees/8352e211db7e/01M4F29HK4JCAKXEQ2F50R6HHX/bin", {st_mode=S_IFDIR|0775, st_size=12288, ...}, 0) = 0
767427 newfstatat(AT_FDCWD, "/usr/lib/python3.14", {st_mode=S_IFDIR|0755, st_size=20480, ...}, 0) = 0
767427 newfstatat(AT_FDCWD, "/usr/lib/python3.14/lib-dynload", {st_mode=S_IFDIR|0755, st_size=16384, ...}, 0) = 0
767427 newfstatat(AT_FDCWD, "/home/firstmate/.local/lib/python3.14/site-packages", {st_mode=S_IFDIR|0775, st_size=4096, ...}, 0) = 0
767427 newfstatat(AT_FDCWD, "/usr/local/lib/python3.14/dist-packages", {st_mode=S_IFDIR|0755, st_size=4096, ...}, 0) = 0
767427 newfstatat(AT_FDCWD, "/usr/lib/python3/dist-packages", {st_mode=S_IFDIR|0755, st_size=12288, ...}, 0) = 0
767427 newfstatat(AT_FDCWD, "/home/firstmate/.no-mistakes/worktrees/8352e211db7e/01M4F29HK4JCAKXEQ2F50R6HHX/bin", {st_mode=S_IFDIR|0775, st_size=12288, ...}, 0) = 0
767427 newfstatat(AT_FDCWD, "/usr/lib/python3.14", {st_mode=S_IFDIR|0755, st_size=20480, ...}, 0) = 0
767427 newfstatat(AT_FDCWD, "/usr/lib/python3.14/lib-dynload", {st_mode=S_IFDIR|0755, st_size=16384, ...}, 0) = 0
767427 newfstatat(AT_FDCWD, "/home/firstmate/.local/lib/python3.14/site-packages", {st_mode=S_IFDIR|0775, st_size=4096, ...}, 0) = 0
767427 newfstatat(AT_FDCWD, "/usr/local/lib/python3.14/dist-packages", {st_mode=S_IFDIR|0755, st_size=4096, ...}, 0) = 0
767427 newfstatat(AT_FDCWD, "/usr/lib/python3/dist-packages", {st_mode=S_IFDIR|0755, st_size=12288, ...}, 0) = 0
767427 newfstatat(AT_FDCWD, "/home/firstmate/.no-mistakes/worktrees/8352e211db7e/01M4F29HK4JCAKXEQ2F50R6HHX/bin", {st_mode=S_IFDIR|0775, st_size=12288, ...}, 0) = 0
767427 newfstatat(AT_FDCWD, "/usr/lib/python3.14", {st_mode=S_IFDIR|0755, st_size=20480, ...}, 0) = 0
767427 newfstatat(AT_FDCWD, "/usr/lib/python3.14/lib-dynload", {st_mode=S_IFDIR|0755, st_size=16384, ...}, 0) = 0
767427 newfstatat(AT_FDCWD, "/home/firstmate/.local/lib/python3.14/site-packages", {st_mode=S_IFDIR|0775, st_size=4096, ...}, 0) = 0
767427 newfstatat(AT_FDCWD, "/usr/local/lib/python3.14/dist-packages", {st_mode=S_IFDIR|0755, st_size=4096, ...}, 0) = 0
767427 newfstatat(AT_FDCWD, "/usr/lib/python3/dist-packages", {st_mode=S_IFDIR|0755, st_size=12288, ...}, 0) = 0
767427 newfstatat(AT_FDCWD, "/home/firstmate/.no-mistakes/worktrees/8352e211db7e/01M4F29HK4JCAKXEQ2F50R6HHX/bin", {st_mode=S_IFDIR|0775, st_size=12288, ...}, 0) = 0
767427 newfstatat(AT_FDCWD, "/usr/lib/python3.14", {st_mode=S_IFDIR|0755, st_size=20480, ...}, 0) = 0
767427 newfstatat(AT_FDCWD, "/usr/lib/python3.14/secrets.py", {st_mode=S_IFREG|0644, st_size=1984, ...}, 0) = 0
767427 newfstatat(AT_FDCWD, "/usr/lib/python3.14/secrets.py", {st_mode=S_IFREG|0644, st_size=1984, ...}, 0) = 0
767427 openat(AT_FDCWD, "/usr/lib/python3.14/__pycache__/secrets.cpython-314.pyc", O_RDONLY|O_CLOEXEC) = 3
767427 newfstatat(AT_FDCWD, "/home/firstmate/.no-mistakes/worktrees/8352e211db7e/01M4F29HK4JCAKXEQ2F50R6HHX/bin", {st_mode=S_IFDIR|0775, st_size=12288, ...}, 0) = 0
767427 newfstatat(AT_FDCWD, "/usr/lib/python3.14", {st_mode=S_IFDIR|0755, st_size=20480, ...}, 0) = 0
767427 newfstatat(AT_FDCWD, "/usr/lib/python3.14/base64.py", {st_mode=S_IFREG|0644, st_size=22029, ...}, 0) = 0
767427 newfstatat(AT_FDCWD, "/usr/lib/python3.14/base64.py", {st_mode=S_IFREG|0644, st_size=22029, ...}, 0) = 0
767427 openat(AT_FDCWD, "/usr/lib/python3.14/__pycache__/base64.cpython-314.pyc", O_RDONLY|O_CLOEXEC) = 3
767427 newfstatat(AT_FDCWD, "/home/firstmate/.no-mistakes/worktrees/8352e211db7e/01M4F29HK4JCAKXEQ2F50R6HHX/bin", {st_mode=S_IFDIR|0775, st_size=12288, ...}, 0) = 0
767427 newfstatat(AT_FDCWD, "/usr/lib/python3.14", {st_mode=S_IFDIR|0755, st_size=20480, ...}, 0) = 0
767427 newfstatat(AT_FDCWD, "/usr/lib/python3.14/struct.py", {st_mode=S_IFREG|0644, st_size=285, ...}, 0) = 0
767427 newfstatat(AT_FDCWD, "/usr/lib/python3.14/struct.py", {st_mode=S_IFREG|0644, st_size=285, ...}, 0) = 0
767427 openat(AT_FDCWD, "/usr/lib/python3.14/__pycache__/struct.cpython-314.pyc", O_RDONLY|O_CLOEXEC) = 3
767427 newfstatat(AT_FDCWD, "/home/firstmate/.no-mistakes/worktrees/8352e211db7e/01M4F29HK4JCAKXEQ2F50R6HHX/bin", {st_mode=S_IFDIR|0775, st_size=12288, ...}, 0) = 0
767427 newfstatat(AT_FDCWD, "/usr/lib/python3.14", {st_mode=S_IFDIR|0755, st_size=20480, ...}, 0) = 0
767427 newfstatat(AT_FDCWD, "/usr/lib/python3.14/hmac.py", {st_mode=S_IFREG|0644, st_size=9589, ...}, 0) = 0
767427 newfstatat(AT_FDCWD, "/usr/lib/python3.14/hmac.py", {st_mode=S_IFREG|0644, st_size=9589, ...}, 0) = 0
767427 openat(AT_FDCWD, "/usr/lib/python3.14/__pycache__/hmac.cpython-314.pyc", O_RDONLY|O_CLOEXEC) = 3
767427 newfstatat(AT_FDCWD, "/home/firstmate/.no-mistakes/worktrees/8352e211db7e/01M4F29HK4JCAKXEQ2F50R6HHX/bin", {st_mode=S_IFDIR|0775, st_size=12288, ...}, 0) = 0
767427 newfstatat(AT_FDCWD, "/usr/lib/python3.14", {st_mode=S_IFDIR|0755, st_size=20480, ...}, 0) = 0
767427 newfstatat(AT_FDCWD, "/usr/lib/python3.14/lib-dynload", {st_mode=S_IFDIR|0755, st_size=16384, ...}, 0) = 0
767427 newfstatat(AT_FDCWD, "/usr/lib/python3.14/lib-dynload/_hmac.cpython-314-x86_64-linux-gnu.so", {st_mode=S_IFREG|0644, st_size=151584, ...}, 0) = 0
767427 openat(AT_FDCWD, "/usr/lib/python3.14/lib-dynload/_hmac.cpython-314-x86_64-linux-gnu.so", O_RDONLY|O_CLOEXEC) = 3
767427 newfstatat(AT_FDCWD, "/home/firstmate/.no-mistakes/worktrees/8352e211db7e/01M4F29HK4JCAKXEQ2F50R6HHX/bin", {st_mode=S_IFDIR|0775, st_size=12288, ...}, 0) = 0
767427 newfstatat(AT_FDCWD, "/usr/lib/python3.14", {st_mode=S_IFDIR|0755, st_size=20480, ...}, 0) = 0
767427 newfstatat(AT_FDCWD, "/usr/lib/python3.14/random.py", {st_mode=S_IFREG|0644, st_size=37259, ...}, 0) = 0
767427 newfstatat(AT_FDCWD, "/usr/lib/python3.14/random.py", {st_mode=S_IFREG|0644, st_size=37259, ...}, 0) = 0
767427 openat(AT_FDCWD, "/usr/lib/python3.14/__pycache__/random.cpython-314.pyc", O_RDONLY|O_CLOEXEC) = 3
767427 newfstatat(AT_FDCWD, "/home/firstmate/.no-mistakes/worktrees/8352e211db7e/01M4F29HK4JCAKXEQ2F50R6HHX/bin", {st_mode=S_IFDIR|0775, st_size=12288, ...}, 0) = 0
767427 newfstatat(AT_FDCWD, "/usr/lib/python3.14", {st_mode=S_IFDIR|0755, st_size=20480, ...}, 0) = 0
767427 newfstatat(AT_FDCWD, "/usr/lib/python3.14/bisect.py", {st_mode=S_IFREG|0644, st_size=3423, ...}, 0) = 0
767427 newfstatat(AT_FDCWD, "/usr/lib/python3.14/bisect.py", {st_mode=S_IFREG|0644, st_size=3423, ...}, 0) = 0
767427 openat(AT_FDCWD, "/usr/lib/python3.14/__pycache__/bisect.cpython-314.pyc", O_RDONLY|O_CLOEXEC) = 3
767427 newfstatat(AT_FDCWD, "/home/firstmate/.no-mistakes/worktrees/8352e211db7e/01M4F29HK4JCAKXEQ2F50R6HHX/bin", {st_mode=S_IFDIR|0775, st_size=12288, ...}, 0) = 0
767427 newfstatat(AT_FDCWD, "/usr/lib/python3.14", {st_mode=S_IFDIR|0755, st_size=20480, ...}, 0) = 0
767427 newfstatat(AT_FDCWD, "/usr/lib/python3.14/subprocess.py", {st_mode=S_IFREG|0644, st_size=90732, ...}, 0) = 0
767427 newfstatat(AT_FDCWD, "/usr/lib/python3.14/subprocess.py", {st_mode=S_IFREG|0644, st_size=90732, ...}, 0) = 0
767427 openat(AT_FDCWD, "/usr/lib/python3.14/__pycache__/subprocess.cpython-314.pyc", O_RDONLY|O_CLOEXEC) = 3
767427 newfstatat(AT_FDCWD, "/home/firstmate/.no-mistakes/worktrees/8352e211db7e/01M4F29HK4JCAKXEQ2F50R6HHX/bin", {st_mode=S_IFDIR|0775, st_size=12288, ...}, 0) = 0
767427 newfstatat(AT_FDCWD, "/usr/lib/python3.14", {st_mode=S_IFDIR|0755, st_size=20480, ...}, 0) = 0
767427 newfstatat(AT_FDCWD, "/usr/lib/python3.14/locale.py", {st_mode=S_IFREG|0644, st_size=79129, ...}, 0) = 0
767427 newfstatat(AT_FDCWD, "/usr/lib/python3.14/locale.py", {st_mode=S_IFREG|0644, st_size=79129, ...}, 0) = 0
767427 openat(AT_FDCWD, "/usr/lib/python3.14/__pycache__/locale.cpython-314.pyc", O_RDONLY|O_CLOEXEC) = 3
767427 newfstatat(AT_FDCWD, "/home/firstmate/.no-mistakes/worktrees/8352e211db7e/01M4F29HK4JCAKXEQ2F50R6HHX/bin", {st_mode=S_IFDIR|0775, st_size=12288, ...}, 0) = 0
767427 newfstatat(AT_FDCWD, "/usr/lib/python3.14", {st_mode=S_IFDIR|0755, st_size=20480, ...}, 0) = 0
767427 newfstatat(AT_FDCWD, "/usr/lib/python3.14/signal.py", {st_mode=S_IFREG|0644, st_size=2495, ...}, 0) = 0
767427 newfstatat(AT_FDCWD, "/usr/lib/python3.14/signal.py", {st_mode=S_IFREG|0644, st_size=2495, ...}, 0) = 0
767427 openat(AT_FDCWD, "/usr/lib/python3.14/__pycache__/signal.cpython-314.pyc", O_RDONLY|O_CLOEXEC) = 3
767427 newfstatat(AT_FDCWD, "/home/firstmate/.no-mistakes/worktrees/8352e211db7e/01M4F29HK4JCAKXEQ2F50R6HHX/bin", {st_mode=S_IFDIR|0775, st_size=12288, ...}, 0) = 0
767427 newfstatat(AT_FDCWD, "/usr/lib/python3.14", {st_mode=S_IFDIR|0755, st_size=20480, ...}, 0) = 0
767427 newfstatat(AT_FDCWD, "/usr/lib/python3.14/threading.py", {st_mode=S_IFREG|0644, st_size=56923, ...}, 0) = 0
767427 newfstatat(AT_FDCWD, "/usr/lib/python3.14/threading.py", {st_mode=S_IFREG|0644, st_size=56923, ...}, 0) = 0
767427 openat(AT_FDCWD, "/usr/lib/python3.14/__pycache__/threading.cpython-314.pyc", O_RDONLY|O_CLOEXEC) = 3
767427 newfstatat(AT_FDCWD, "/home/firstmate/.no-mistakes/worktrees/8352e211db7e/01M4F29HK4JCAKXEQ2F50R6HHX/bin", {st_mode=S_IFDIR|0775, st_size=12288, ...}, 0) = 0
767427 newfstatat(AT_FDCWD, "/usr/lib/python3.14", {st_mode=S_IFDIR|0755, st_size=20480, ...}, 0) = 0
767427 newfstatat(AT_FDCWD, "/usr/lib/python3.14/_weakrefset.py", {st_mode=S_IFREG|0644, st_size=3962, ...}, 0) = 0
767427 newfstatat(AT_FDCWD, "/usr/lib/python3.14/_weakrefset.py", {st_mode=S_IFREG|0644, st_size=3962, ...}, 0) = 0
767427 openat(AT_FDCWD, "/usr/lib/python3.14/__pycache__/_weakrefset.cpython-314.pyc", O_RDONLY|O_CLOEXEC) = 3
767427 newfstatat(AT_FDCWD, "/home/firstmate/.no-mistakes/worktrees/8352e211db7e/01M4F29HK4JCAKXEQ2F50R6HHX/bin", {st_mode=S_IFDIR|0775, st_size=12288, ...}, 0) = 0
767427 newfstatat(AT_FDCWD, "/usr/lib/python3.14", {st_mode=S_IFDIR|0755, st_size=20480, ...}, 0) = 0
767427 newfstatat(AT_FDCWD, "/usr/lib/python3.14/warnings.py", {st_mode=S_IFREG|0644, st_size=1966, ...}, 0) = 0
767427 newfstatat(AT_FDCWD, "/usr/lib/python3.14/warnings.py", {st_mode=S_IFREG|0644, st_size=1966, ...}, 0) = 0
767427 openat(AT_FDCWD, "/usr/lib/python3.14/__pycache__/warnings.cpython-314.pyc", O_RDONLY|O_CLOEXEC) = 3
767427 newfstatat(AT_FDCWD, "/home/firstmate/.no-mistakes/worktrees/8352e211db7e/01M4F29HK4JCAKXEQ2F50R6HHX/bin", {st_mode=S_IFDIR|0775, st_size=12288, ...}, 0) = 0
767427 newfstatat(AT_FDCWD, "/usr/lib/python3.14", {st_mode=S_IFDIR|0755, st_size=20480, ...}, 0) = 0
767427 newfstatat(AT_FDCWD, "/usr/lib/python3.14/_py_warnings.py", {st_mode=S_IFREG|0644, st_size=30631, ...}, 0) = 0
767427 newfstatat(AT_FDCWD, "/usr/lib/python3.14/_py_warnings.py", {st_mode=S_IFREG|0644, st_size=30631, ...}, 0) = 0
767427 openat(AT_FDCWD, "/usr/lib/python3.14/__pycache__/_py_warnings.cpython-314.pyc", O_RDONLY|O_CLOEXEC) = 3
767427 newfstatat(AT_FDCWD, "/home/firstmate/.no-mistakes/worktrees/8352e211db7e/01M4F29HK4JCAKXEQ2F50R6HHX/bin", {st_mode=S_IFDIR|0775, st_size=12288, ...}, 0) = 0
767427 newfstatat(AT_FDCWD, "/usr/lib/python3.14", {st_mode=S_IFDIR|0755, st_size=20480, ...}, 0) = 0
767427 newfstatat(AT_FDCWD, "/usr/lib/python3.14/lib-dynload", {st_mode=S_IFDIR|0755, st_size=16384, ...}, 0) = 0
767427 newfstatat(AT_FDCWD, "/home/firstmate/.local/lib/python3.14/site-packages", {st_mode=S_IFDIR|0775, st_size=4096, ...}, 0) = 0
767427 newfstatat(AT_FDCWD, "/usr/local/lib/python3.14/dist-packages", {st_mode=S_IFDIR|0755, st_size=4096, ...}, 0) = 0
767427 newfstatat(AT_FDCWD, "/usr/lib/python3/dist-packages", {st_mode=S_IFDIR|0755, st_size=12288, ...}, 0) = 0
767427 newfstatat(AT_FDCWD, "/home/firstmate/.no-mistakes/worktrees/8352e211db7e/01M4F29HK4JCAKXEQ2F50R6HHX/bin", {st_mode=S_IFDIR|0775, st_size=12288, ...}, 0) = 0
767427 newfstatat(AT_FDCWD, "/usr/lib/python3.14", {st_mode=S_IFDIR|0755, st_size=20480, ...}, 0) = 0
767427 newfstatat(AT_FDCWD, "/usr/lib/python3.14/selectors.py", {st_mode=S_IFREG|0644, st_size=19457, ...}, 0) = 0
767427 newfstatat(AT_FDCWD, "/usr/lib/python3.14/selectors.py", {st_mode=S_IFREG|0644, st_size=19457, ...}, 0) = 0
767427 openat(AT_FDCWD, "/usr/lib/python3.14/__pycache__/selectors.cpython-314.pyc", O_RDONLY|O_CLOEXEC) = 3
767427 newfstatat(AT_FDCWD, "/home/firstmate/.no-mistakes/worktrees/8352e211db7e/01M4F29HK4JCAKXEQ2F50R6HHX/.test-tmp/boundary/home/.voice-conversation-lab", 0x7fffd73ee870, 0) = -1 ENOENT (No such file or directory)
767427 openat(AT_FDCWD, "/home/firstmate/.no-mistakes/worktrees/8352e211db7e/01M4F29HK4JCAKXEQ2F50R6HHX/.test-tmp/boundary/home/state/voice-conversation/policy.json", O_RDONLY|O_CLOEXEC) = 3
767427 openat(AT_FDCWD, "/home/firstmate/.no-mistakes/worktrees/8352e211db7e/01M4F29HK4JCAKXEQ2F50R6HHX/.test-tmp/boundary/home/state/voice-conversation/lock", O_WRONLY|O_CREAT|O_NOFOLLOW|O_CLOEXEC, 0600) = 3
767427 newfstatat(AT_FDCWD, "/home/firstmate/.no-mistakes/worktrees/8352e211db7e/01M4F29HK4JCAKXEQ2F50R6HHX/.test-tmp/boundary/home/state/voice-conversation/journal.json", {st_mode=S_IFREG|0600, st_size=2894, ...}, 0) = 0
767427 openat(AT_FDCWD, "/home/firstmate/.no-mistakes/worktrees/8352e211db7e/01M4F29HK4JCAKXEQ2F50R6HHX/.test-tmp/boundary/home/state/voice-conversation/journal.json", O_RDONLY|O_CLOEXEC) = 4
767427 openat(AT_FDCWD, "/home/firstmate/.no-mistakes/worktrees/8352e211db7e/01M4F29HK4JCAKXEQ2F50R6HHX/.test-tmp/boundary/home/state/inbox/", O_RDONLY|O_NONBLOCK|O_CLOEXEC|O_DIRECTORY) = 4
767427 openat(AT_FDCWD, "/home/firstmate/.no-mistakes/worktrees/8352e211db7e/01M4F29HK4JCAKXEQ2F50R6HHX/.test-tmp/boundary/home/state/inbox/handled/", O_RDONLY|O_NONBLOCK|O_CLOEXEC|O_DIRECTORY) = 4
767427 openat(AT_FDCWD, "/home/firstmate/.no-mistakes/worktrees/8352e211db7e/01M4F29HK4JCAKXEQ2F50R6HHX/.test-tmp/boundary/home/state/inbox/handled/vc-72fcee7d40e2626eb6bcb0284ad62c4465312ee139309aa2a4c12c917b8650a2.note", O_RDONLY|O_CLOEXEC) = 4
767427 newfstatat(AT_FDCWD, "/home/firstmate/.no-mistakes/worktrees/8352e211db7e/01M4F29HK4JCAKXEQ2F50R6HHX/.test-tmp/boundary/home/state/inbox/vc-72fcee7d40e2626eb6bcb0284ad62c4465312ee139309aa2a4c12c917b8650a2.note", 0x7fffd73ee890, 0) = -1 ENOENT (No such file or directory)
767427 newfstatat(AT_FDCWD, "/home/firstmate/.no-mistakes/worktrees/8352e211db7e/01M4F29HK4JCAKXEQ2F50R6HHX/.test-tmp/boundary/home/state/inbox/handled/vc-72fcee7d40e2626eb6bcb0284ad62c4465312ee139309aa2a4c12c917b8650a2.note", {st_mode=S_IFREG|0600, st_size=399, ...}, 0) = 0
767427 newfstatat(AT_FDCWD, "/home/firstmate/.no-mistakes/worktrees/8352e211db7e/01M4F29HK4JCAKXEQ2F50R6HHX/.test-tmp/boundary/home/state/inbox/vc-72fcee7d40e2626eb6bcb0284ad62c4465312ee139309aa2a4c12c917b8650a2.note", 0x7fffd73ee890, 0) = -1 ENOENT (No such file or directory)
767427 openat(AT_FDCWD, "/home/firstmate/.no-mistakes/worktrees/8352e211db7e/01M4F29HK4JCAKXEQ2F50R6HHX/.test-tmp/boundary/home/state/voice-conversation/.journal.json.7fd9ea3df3ff3b47", O_WRONLY|O_CREAT|O_EXCL|O_CLOEXEC, 0666) = 4
767427 rename("/home/firstmate/.no-mistakes/worktrees/8352e211db7e/01M4F29HK4JCAKXEQ2F50R6HHX/.test-tmp/boundary/home/state/voice-conversation/.journal.json.7fd9ea3df3ff3b47", "/home/firstmate/.no-mistakes/worktrees/8352e211db7e/01M4F29HK4JCAKXEQ2F50R6HHX/.test-tmp/boundary/home/state/voice-conversation/journal.json") = 0
767427 openat(AT_FDCWD, "/home/firstmate/.no-mistakes/worktrees/8352e211db7e/01M4F29HK4JCAKXEQ2F50R6HHX/.test-tmp/boundary/home/state/voice-conversation", O_RDONLY|O_CLOEXEC) = 4
767427 unlink("/home/firstmate/.no-mistakes/worktrees/8352e211db7e/01M4F29HK4JCAKXEQ2F50R6HHX/.test-tmp/boundary/home/state/voice-conversation/.journal.json.7fd9ea3df3ff3b47") = -1 ENOENT (No such file or directory)
767427 +++ exited with 0 +++
767354 --- SIGCHLD {si_signo=SIGCHLD, si_code=CLD_EXITED, si_pid=767427, si_uid=0, si_status=0, si_utime=12 /* 0.12 s */, si_stime=8 /* 0.08 s */} ---
767354 openat(AT_FDCWD, "/home/firstmate/.no-mistakes/worktrees/8352e211db7e/01M4F29HK4JCAKXEQ2F50R6HHX/.test-tmp/boundary/home/state/courier-pickup/.state.5b800d7ade678435", O_WRONLY|O_CREAT|O_EXCL|O_CLOEXEC, 0666) = 4
767354 rename("/home/firstmate/.no-mistakes/worktrees/8352e211db7e/01M4F29HK4JCAKXEQ2F50R6HHX/.test-tmp/boundary/home/state/courier-pickup/.state.5b800d7ade678435", "/home/firstmate/.no-mistakes/worktrees/8352e211db7e/01M4F29HK4JCAKXEQ2F50R6HHX/.test-tmp/boundary/home/state/courier-pickup/state.json") = 0
767354 openat(AT_FDCWD, "/home/firstmate/.no-mistakes/worktrees/8352e211db7e/01M4F29HK4JCAKXEQ2F50R6HHX/.test-tmp/boundary/home/state/courier-pickup", O_RDONLY|O_NOFOLLOW|O_CLOEXEC|O_DIRECTORY) = 4
767354 openat(AT_FDCWD, "/home/firstmate/.no-mistakes/worktrees/8352e211db7e/01M4F29HK4JCAKXEQ2F50R6HHX/.test-tmp/boundary/courier/srv/courier/inbound", O_RDONLY|O_NOFOLLOW|O_CLOEXEC|O_DIRECTORY) = 4
767354 openat(AT_FDCWD, "/home/firstmate/.no-mistakes/worktrees/8352e211db7e/01M4F29HK4JCAKXEQ2F50R6HHX/.test-tmp/boundary/courier/srv/courier/inbound", O_RDONLY|O_NOFOLLOW|O_CLOEXEC|O_DIRECTORY) = 4
767354 openat(4, "000000000002-vote-isolated-vote.json", O_RDONLY|O_NONBLOCK|O_NOFOLLOW|O_CLOEXEC) = 5
767354 newfstatat(AT_FDCWD, "/home/firstmate/.no-mistakes/worktrees/8352e211db7e/01M4F29HK4JCAKXEQ2F50R6HHX/bin", {st_mode=S_IFDIR|0775, st_size=12288, ...}, 0) = 0
767354 newfstatat(AT_FDCWD, "/usr/lib/python3.14", {st_mode=S_IFDIR|0755, st_size=20480, ...}, 0) = 0
767354 newfstatat(AT_FDCWD, "/usr/lib/python3.14/_strptime.py", {st_mode=S_IFREG|0644, st_size=35516, ...}, 0) = 0
767354 newfstatat(AT_FDCWD, "/usr/lib/python3.14/_strptime.py", {st_mode=S_IFREG|0644, st_size=35516, ...}, 0) = 0
767354 openat(AT_FDCWD, "/usr/lib/python3.14/__pycache__/_strptime.cpython-314.pyc", O_RDONLY|O_CLOEXEC) = 5
767354 newfstatat(AT_FDCWD, "/etc/localtime", {st_mode=S_IFREG|0644, st_size=114, ...}, 0) = 0
767354 openat(AT_FDCWD, "/home/firstmate/.no-mistakes/worktrees/8352e211db7e/01M4F29HK4JCAKXEQ2F50R6HHX/.test-tmp/boundary/home/state/courier-pickup/.state.a3437df9834653b9", O_WRONLY|O_CREAT|O_EXCL|O_CLOEXEC, 0666) = 4
767354 rename("/home/firstmate/.no-mistakes/worktrees/8352e211db7e/01M4F29HK4JCAKXEQ2F50R6HHX/.test-tmp/boundary/home/state/courier-pickup/.state.a3437df9834653b9", "/home/firstmate/.no-mistakes/worktrees/8352e211db7e/01M4F29HK4JCAKXEQ2F50R6HHX/.test-tmp/boundary/home/state/courier-pickup/state.json") = 0
767354 openat(AT_FDCWD, "/home/firstmate/.no-mistakes/worktrees/8352e211db7e/01M4F29HK4JCAKXEQ2F50R6HHX/.test-tmp/boundary/home/state/courier-pickup", O_RDONLY|O_NOFOLLOW|O_CLOEXEC|O_DIRECTORY) = 4
767716 execve("/home/firstmate/.no-mistakes/worktrees/8352e211db7e/01M4F29HK4JCAKXEQ2F50R6HHX/bin/fm-inbox.sh", ["/home/firstmate/.no-mistakes/wor"..., "conversation", "poll"], 0x7904db50e470 /* 6 vars */) = 0
767716 access("/etc/ld.so.preload", R_OK) = -1 ENOENT (No such file or directory)
767716 openat(AT_FDCWD, "/etc/ld.so.cache", O_RDONLY|O_CLOEXEC) = 3
767716 openat(AT_FDCWD, "/usr/lib/x86_64-linux-gnu/libselinux.so.1", O_RDONLY|O_CLOEXEC) = 3
767716 openat(AT_FDCWD, "/usr/lib/x86_64-linux-gnu/libgcc_s.so.1", O_RDONLY|O_CLOEXEC) = 3
767716 openat(AT_FDCWD, "/usr/lib/x86_64-linux-gnu/libm.so.6", O_RDONLY|O_CLOEXEC) = 3
767716 openat(AT_FDCWD, "/usr/lib/x86_64-linux-gnu/libc.so.6", O_RDONLY|O_CLOEXEC) = 3
767716 openat(AT_FDCWD, "/usr/lib/x86_64-linux-gnu/libpcre2-8.so.0", O_RDONLY|O_CLOEXEC) = 3
767716 statfs("/sys/fs/selinux", 0x7ffc9fea2120) = -1 ENOENT (No such file or directory)
767716 statfs("/selinux", 0x7ffc9fea2120) = -1 ENOENT (No such file or directory)
767716 openat(AT_FDCWD, "/proc/filesystems", O_RDONLY|O_CLOEXEC) = 3
767716 access("/etc/selinux/config", F_OK) = -1 ENOENT (No such file or directory)
767716 openat(AT_FDCWD, "/proc/self/maps", O_RDONLY|O_CLOEXEC) = 3
767716 openat(AT_FDCWD, "/home/firstmate/.no-mistakes/worktrees/8352e211db7e/01M4F29HK4JCAKXEQ2F50R6HHX/bin/fm-inbox.sh", O_RDONLY|O_CLOEXEC) = 3
767716 statx(AT_FDCWD, "/usr/share/coreutils/locales/env", AT_STATX_SYNC_AS_STAT, STATX_ALL, {stx_mask=STATX_ALL|STATX_MNT_ID, stx_attributes=0, stx_mode=S_IFDIR|0755, stx_size=4096, ...}) = 0
767716 statx(AT_FDCWD, "/usr/share/coreutils/locales/uucore", AT_STATX_SYNC_AS_STAT, STATX_ALL, {stx_mask=STATX_ALL|STATX_MNT_ID, stx_attributes=0, stx_mode=S_IFDIR|0755, stx_size=4096, ...}) = 0
767716 openat(AT_FDCWD, "/usr/share/coreutils/locales/uucore/en-US.ftl", O_RDONLY|O_CLOEXEC) = 3
767716 statx(3, "", AT_STATX_SYNC_AS_STAT|AT_EMPTY_PATH, STATX_ALL, {stx_mask=STATX_ALL|STATX_MNT_ID, stx_attributes=0, stx_mode=S_IFREG|0644, stx_size=4080, ...}) = 0
767716 statx(AT_FDCWD, "/usr/share/coreutils/locales/env", AT_STATX_SYNC_AS_STAT, STATX_ALL, {stx_mask=STATX_ALL|STATX_MNT_ID, stx_attributes=0, stx_mode=S_IFDIR|0755, stx_size=4096, ...}) = 0
767716 openat(AT_FDCWD, "/usr/share/coreutils/locales/env/en-US.ftl", O_RDONLY|O_CLOEXEC) = -1 ENOENT (No such file or directory)
767716 execve("/home/firstmate/.local/codex-latest/lib/node_modules/@openai/codex/node_modules/@openai/codex-linux-x64/vendor/x86_64-unknown-linux-musl/codex-path/bash", ["bash", "/home/firstmate/.no-mistakes/wor"..., "conversation", "poll"], 0x7ffc9fea22f8 /* 6 vars */) = -1 ENOENT (No such file or directory)
767716 execve("/home/firstmate/.codex-5/tmp/arg0/codex-arg065EgpK/bash", ["bash", "/home/firstmate/.no-mistakes/wor"..., "conversation", "poll"], 0x7ffc9fea22f8 /* 6 vars */) = -1 ENOENT (No such file or directory)
767716 execve("/home/firstmate/.local/codex-latest/lib/node_modules/@openai/codex/node_modules/@openai/codex-linux-x64/vendor/x86_64-unknown-linux-musl/codex-path/bash", ["bash", "/home/firstmate/.no-mistakes/wor"..., "conversation", "poll"], 0x7ffc9fea22f8 /* 6 vars */) = -1 ENOENT (No such file or directory)
767716 execve("/home/firstmate/.local/bin/bash", ["bash", "/home/firstmate/.no-mistakes/wor"..., "conversation", "poll"], 0x7ffc9fea22f8 /* 6 vars */) = -1 ENOENT (No such file or directory)
767716 execve("/home/firstmate/go/bin/bash", ["bash", "/home/firstmate/.no-mistakes/wor"..., "conversation", "poll"], 0x7ffc9fea22f8 /* 6 vars */) = -1 ENOENT (No such file or directory)
767716 execve("/home/firstmate/.cargo/bin/bash", ["bash", "/home/firstmate/.no-mistakes/wor"..., "conversation", "poll"], 0x7ffc9fea22f8 /* 6 vars */) = -1 ENOENT (No such file or directory)
767716 execve("/home/firstmate/bin/bash", ["bash", "/home/firstmate/.no-mistakes/wor"..., "conversation", "poll"], 0x7ffc9fea22f8 /* 6 vars */) = -1 ENOENT (No such file or directory)
767716 execve("/opt/homebrew/bin/bash", ["bash", "/home/firstmate/.no-mistakes/wor"..., "conversation", "poll"], 0x7ffc9fea22f8 /* 6 vars */) = -1 ENOENT (No such file or directory)
767716 execve("/opt/homebrew/sbin/bash", ["bash", "/home/firstmate/.no-mistakes/wor"..., "conversation", "poll"], 0x7ffc9fea22f8 /* 6 vars */) = -1 ENOENT (No such file or directory)
767716 execve("/usr/local/bin/bash", ["bash", "/home/firstmate/.no-mistakes/wor"..., "conversation", "poll"], 0x7ffc9fea22f8 /* 6 vars */) = -1 ENOENT (No such file or directory)
767716 execve("/usr/local/sbin/bash", ["bash", "/home/firstmate/.no-mistakes/wor"..., "conversation", "poll"], 0x7ffc9fea22f8 /* 6 vars */) = -1 ENOENT (No such file or directory)
767716 execve("/usr/bin/bash", ["bash", "/home/firstmate/.no-mistakes/wor"..., "conversation", "poll"], 0x7ffc9fea22f8 /* 6 vars */) = 0
767716 access("/etc/ld.so.preload", R_OK) = -1 ENOENT (No such file or directory)
767716 openat(AT_FDCWD, "/etc/ld.so.cache", O_RDONLY|O_CLOEXEC) = 3
767716 openat(AT_FDCWD, "/usr/lib/x86_64-linux-gnu/libtinfo.so.6", O_RDONLY|O_CLOEXEC) = 3
767716 openat(AT_FDCWD, "/usr/lib/x86_64-linux-gnu/libc.so.6", O_RDONLY|O_CLOEXEC) = 3
767716 openat(AT_FDCWD, "/dev/tty", O_RDWR|O_NONBLOCK) = -1 ENXIO (No such device or address)
767716 openat(AT_FDCWD, "/usr/lib/locale/locale-archive", O_RDONLY|O_CLOEXEC) = 3
767716 openat(AT_FDCWD, "/usr/share/locale/locale.alias", O_RDONLY|O_CLOEXEC) = -1 ENOENT (No such file or directory)
767716 openat(AT_FDCWD, "/usr/lib/locale/C.UTF-8/LC_IDENTIFICATION", O_RDONLY|O_CLOEXEC) = -1 ENOENT (No such file or directory)
767716 openat(AT_FDCWD, "/usr/lib/locale/C.utf8/LC_IDENTIFICATION", O_RDONLY|O_CLOEXEC) = 3
767716 openat(AT_FDCWD, "/usr/lib/x86_64-linux-gnu/gconv/gconv-modules.cache", O_RDONLY|O_CLOEXEC) = 3
767716 openat(AT_FDCWD, "/usr/lib/locale/C.UTF-8/LC_MEASUREMENT", O_RDONLY|O_CLOEXEC) = -1 ENOENT (No such file or directory)
767716 openat(AT_FDCWD, "/usr/lib/locale/C.utf8/LC_MEASUREMENT", O_RDONLY|O_CLOEXEC) = 3
767716 openat(AT_FDCWD, "/usr/lib/locale/C.UTF-8/LC_TELEPHONE", O_RDONLY|O_CLOEXEC) = -1 ENOENT (No such file or directory)
767716 openat(AT_FDCWD, "/usr/lib/locale/C.utf8/LC_TELEPHONE", O_RDONLY|O_CLOEXEC) = 3
767716 openat(AT_FDCWD, "/usr/lib/locale/C.UTF-8/LC_ADDRESS", O_RDONLY|O_CLOEXEC) = -1 ENOENT (No such file or directory)
767716 openat(AT_FDCWD, "/usr/lib/locale/C.utf8/LC_ADDRESS", O_RDONLY|O_CLOEXEC) = 3
767716 openat(AT_FDCWD, "/usr/lib/locale/C.UTF-8/LC_NAME", O_RDONLY|O_CLOEXEC) = -1 ENOENT (No such file or directory)
767716 openat(AT_FDCWD, "/usr/lib/locale/C.utf8/LC_NAME", O_RDONLY|O_CLOEXEC) = 3
767716 openat(AT_FDCWD, "/usr/lib/locale/C.UTF-8/LC_PAPER", O_RDONLY|O_CLOEXEC) = -1 ENOENT (No such file or directory)
767716 openat(AT_FDCWD, "/usr/lib/locale/C.utf8/LC_PAPER", O_RDONLY|O_CLOEXEC) = 3
767716 openat(AT_FDCWD, "/usr/lib/locale/C.UTF-8/LC_MESSAGES", O_RDONLY|O_CLOEXEC) = -1 ENOENT (No such file or directory)
767716 openat(AT_FDCWD, "/usr/lib/locale/C.utf8/LC_MESSAGES", O_RDONLY|O_CLOEXEC) = 3
767716 openat(AT_FDCWD, "/usr/lib/locale/C.utf8/LC_MESSAGES/SYS_LC_MESSAGES", O_RDONLY|O_CLOEXEC) = 3
767716 openat(AT_FDCWD, "/usr/lib/locale/C.UTF-8/LC_MONETARY", O_RDONLY|O_CLOEXEC) = -1 ENOENT (No such file or directory)
767716 openat(AT_FDCWD, "/usr/lib/locale/C.utf8/LC_MONETARY", O_RDONLY|O_CLOEXEC) = 3
767716 openat(AT_FDCWD, "/usr/lib/locale/C.UTF-8/LC_COLLATE", O_RDONLY|O_CLOEXEC) = -1 ENOENT (No such file or directory)
767716 openat(AT_FDCWD, "/usr/lib/locale/C.utf8/LC_COLLATE", O_RDONLY|O_CLOEXEC) = 3
767716 openat(AT_FDCWD, "/usr/lib/locale/C.UTF-8/LC_TIME", O_RDONLY|O_CLOEXEC) = -1 ENOENT (No such file or directory)
767716 openat(AT_FDCWD, "/usr/lib/locale/C.utf8/LC_TIME", O_RDONLY|O_CLOEXEC) = 3
767716 openat(AT_FDCWD, "/usr/lib/locale/C.UTF-8/LC_NUMERIC", O_RDONLY|O_CLOEXEC) = -1 ENOENT (No such file or directory)
767716 openat(AT_FDCWD, "/usr/lib/locale/C.utf8/LC_NUMERIC", O_RDONLY|O_CLOEXEC) = 3
767716 openat(AT_FDCWD, "/usr/lib/locale/C.UTF-8/LC_CTYPE", O_RDONLY|O_CLOEXEC) = -1 ENOENT (No such file or directory)
767716 openat(AT_FDCWD, "/usr/lib/locale/C.utf8/LC_CTYPE", O_RDONLY|O_CLOEXEC) = 3
767716 getcwd("/home/firstmate/.no-mistakes/worktrees/8352e211db7e/01M4F29HK4JCAKXEQ2F50R6HHX", 4096) = 79
767716 newfstatat(AT_FDCWD, ".", {st_mode=S_IFDIR|0775, st_size=4096, ...}, 0) = 0
767716 newfstatat(AT_FDCWD, "/home/firstmate/.local/codex-latest/lib/node_modules/@openai/codex/node_modules/@openai/codex-linux-x64/vendor/x86_64-unknown-linux-musl/codex-path/bash", 0x7ffc84455140, 0) = -1 ENOENT (No such file or directory)
767716 newfstatat(AT_FDCWD, "/home/firstmate/.codex-5/tmp/arg0/codex-arg065EgpK/bash", 0x7ffc84455140, 0) = -1 ENOENT (No such file or directory)
767716 newfstatat(AT_FDCWD, "/home/firstmate/.local/codex-latest/lib/node_modules/@openai/codex/node_modules/@openai/codex-linux-x64/vendor/x86_64-unknown-linux-musl/codex-path/bash", 0x7ffc84455140, 0) = -1 ENOENT (No such file or directory)
767716 newfstatat(AT_FDCWD, "/home/firstmate/.local/bin/bash", 0x7ffc84455140, 0) = -1 ENOENT (No such file or directory)
767716 newfstatat(AT_FDCWD, "/home/firstmate/go/bin/bash", 0x7ffc84455140, 0) = -1 ENOENT (No such file or directory)
767716 newfstatat(AT_FDCWD, "/home/firstmate/.cargo/bin/bash", 0x7ffc84455140, 0) = -1 ENOENT (No such file or directory)
767716 newfstatat(AT_FDCWD, "/home/firstmate/bin/bash", 0x7ffc84455140, 0) = -1 ENOENT (No such file or directory)
767716 newfstatat(AT_FDCWD, "/opt/homebrew/bin/bash", 0x7ffc84455140, 0) = -1 ENOENT (No such file or directory)
767716 newfstatat(AT_FDCWD, "/opt/homebrew/sbin/bash", 0x7ffc84455140, 0) = -1 ENOENT (No such file or directory)
767716 newfstatat(AT_FDCWD, "/usr/local/bin/bash", 0x7ffc84455140, 0) = -1 ENOENT (No such file or directory)
767716 newfstatat(AT_FDCWD, "/usr/local/sbin/bash", 0x7ffc84455140, 0) = -1 ENOENT (No such file or directory)
767716 newfstatat(AT_FDCWD, "/usr/bin/bash", {st_mode=S_IFREG|0755, st_size=1540520, ...}, 0) = 0
767716 newfstatat(AT_FDCWD, "/usr/bin/bash", {st_mode=S_IFREG|0755, st_size=1540520, ...}, 0) = 0
767716 access("/usr/bin/bash", X_OK)    = 0
767716 newfstatat(AT_FDCWD, "/usr/bin/bash", {st_mode=S_IFREG|0755, st_size=1540520, ...}, 0) = 0
767716 access("/usr/bin/bash", R_OK)    = 0
767716 newfstatat(AT_FDCWD, "/etc/nsswitch.conf", {st_mode=S_IFREG|0644, st_size=526, ...}, 0) = 0
767716 newfstatat(AT_FDCWD, "/", {st_mode=S_IFDIR|0755, st_size=4096, ...}, 0) = 0
767716 openat(AT_FDCWD, "/etc/nsswitch.conf", O_RDONLY|O_CLOEXEC) = 3
767716 openat(AT_FDCWD, "/etc/passwd", O_RDONLY|O_CLOEXEC) = 3
767716 openat(AT_FDCWD, "/home/firstmate/.no-mistakes/worktrees/8352e211db7e/01M4F29HK4JCAKXEQ2F50R6HHX/bin/fm-inbox.sh", O_RDONLY) = 3
767716 newfstatat(AT_FDCWD, "/home/firstmate/.no-mistakes/worktrees/8352e211db7e/01M4F29HK4JCAKXEQ2F50R6HHX/bin/fm-inbox.sh", {st_mode=S_IFREG|0775, st_size=17467, ...}, 0) = 0
767716 newfstatat(AT_FDCWD, "/home/firstmate/.toolbox/bin", 0x7ffc84454f40, 0) = -1 ENOENT (No such file or directory)
767748 newfstatat(AT_FDCWD, ".", {st_mode=S_IFDIR|0775, st_size=4096, ...}, 0) = 0
767748 newfstatat(AT_FDCWD, "/home/firstmate/.local/codex-latest/lib/node_modules/@openai/codex/node_modules/@openai/codex-linux-x64/vendor/x86_64-unknown-linux-musl/codex-path/dirname", 0x7ffc84453d00, 0) = -1 ENOENT (No such file or directory)
767748 newfstatat(AT_FDCWD, "/home/firstmate/.codex-5/tmp/arg0/codex-arg065EgpK/dirname", 0x7ffc84453d00, 0) = -1 ENOENT (No such file or directory)
767748 newfstatat(AT_FDCWD, "/home/firstmate/.local/codex-latest/lib/node_modules/@openai/codex/node_modules/@openai/codex-linux-x64/vendor/x86_64-unknown-linux-musl/codex-path/dirname", 0x7ffc84453d00, 0) = -1 ENOENT (No such file or directory)
767748 newfstatat(AT_FDCWD, "/home/firstmate/.local/bin/dirname", 0x7ffc84453d00, 0) = -1 ENOENT (No such file or directory)
767748 newfstatat(AT_FDCWD, "/home/firstmate/go/bin/dirname", 0x7ffc84453d00, 0) = -1 ENOENT (No such file or directory)
767748 newfstatat(AT_FDCWD, "/home/firstmate/.cargo/bin/dirname", 0x7ffc84453d00, 0) = -1 ENOENT (No such file or directory)
767748 newfstatat(AT_FDCWD, "/home/firstmate/bin/dirname", 0x7ffc84453d00, 0) = -1 ENOENT (No such file or directory)
767748 newfstatat(AT_FDCWD, "/opt/homebrew/bin/dirname", 0x7ffc84453d00, 0) = -1 ENOENT (No such file or directory)
767748 newfstatat(AT_FDCWD, "/opt/homebrew/sbin/dirname", 0x7ffc84453d00, 0) = -1 ENOENT (No such file or directory)
767748 newfstatat(AT_FDCWD, "/usr/local/bin/dirname", 0x7ffc84453d00, 0) = -1 ENOENT (No such file or directory)
767748 newfstatat(AT_FDCWD, "/usr/local/sbin/dirname", 0x7ffc84453d00, 0) = -1 ENOENT (No such file or directory)
767748 newfstatat(AT_FDCWD, "/usr/bin/dirname", {st_mode=S_IFREG|0755, st_size=11352352, ...}, 0) = 0
767748 newfstatat(AT_FDCWD, "/usr/bin/dirname", {st_mode=S_IFREG|0755, st_size=11352352, ...}, 0) = 0
767748 access("/usr/bin/dirname", X_OK) = 0
767748 newfstatat(AT_FDCWD, "/usr/bin/dirname", {st_mode=S_IFREG|0755, st_size=11352352, ...}, 0) = 0
767748 access("/usr/bin/dirname", R_OK) = 0
767748 execve("/usr/bin/dirname", ["dirname", "/home/firstmate/.no-mistakes/wor"...], 0x5a34a0fdd090 /* 9 vars */) = 0
767748 access("/etc/ld.so.preload", R_OK) = -1 ENOENT (No such file or directory)
767748 openat(AT_FDCWD, "/etc/ld.so.cache", O_RDONLY|O_CLOEXEC) = 3
767748 openat(AT_FDCWD, "/usr/lib/x86_64-linux-gnu/libselinux.so.1", O_RDONLY|O_CLOEXEC) = 3
767748 openat(AT_FDCWD, "/usr/lib/x86_64-linux-gnu/libgcc_s.so.1", O_RDONLY|O_CLOEXEC) = 3
767748 openat(AT_FDCWD, "/usr/lib/x86_64-linux-gnu/libm.so.6", O_RDONLY|O_CLOEXEC) = 3
767748 openat(AT_FDCWD, "/usr/lib/x86_64-linux-gnu/libc.so.6", O_RDONLY|O_CLOEXEC) = 3
767748 openat(AT_FDCWD, "/usr/lib/x86_64-linux-gnu/libpcre2-8.so.0", O_RDONLY|O_CLOEXEC) = 3
767748 statfs("/sys/fs/selinux", 0x7ffeeba0c680) = -1 ENOENT (No such file or directory)
767748 statfs("/selinux", 0x7ffeeba0c680) = -1 ENOENT (No such file or directory)
767748 openat(AT_FDCWD, "/proc/filesystems", O_RDONLY|O_CLOEXEC) = 3
767748 access("/etc/selinux/config", F_OK) = -1 ENOENT (No such file or directory)
767748 openat(AT_FDCWD, "/proc/self/maps", O_RDONLY|O_CLOEXEC) = 3
767748 statx(AT_FDCWD, "/usr/share/coreutils/locales/dirname", AT_STATX_SYNC_AS_STAT, STATX_ALL, {stx_mask=STATX_ALL|STATX_MNT_ID, stx_attributes=0, stx_mode=S_IFDIR|0755, stx_size=4096, ...}) = 0
767748 statx(AT_FDCWD, "/usr/share/coreutils/locales/uucore", AT_STATX_SYNC_AS_STAT, STATX_ALL, {stx_mask=STATX_ALL|STATX_MNT_ID, stx_attributes=0, stx_mode=S_IFDIR|0755, stx_size=4096, ...}) = 0
767748 openat(AT_FDCWD, "/usr/share/coreutils/locales/uucore/en-US.ftl", O_RDONLY|O_CLOEXEC) = 3
767748 statx(3, "", AT_STATX_SYNC_AS_STAT|AT_EMPTY_PATH, STATX_ALL, {stx_mask=STATX_ALL|STATX_MNT_ID, stx_attributes=0, stx_mode=S_IFREG|0644, stx_size=4080, ...}) = 0
767748 statx(AT_FDCWD, "/usr/share/coreutils/locales/dirname", AT_STATX_SYNC_AS_STAT, STATX_ALL, {stx_mask=STATX_ALL|STATX_MNT_ID, stx_attributes=0, stx_mode=S_IFDIR|0755, stx_size=4096, ...}) = 0
767748 openat(AT_FDCWD, "/usr/share/coreutils/locales/dirname/en-US.ftl", O_RDONLY|O_CLOEXEC) = -1 ENOENT (No such file or directory)
767748 +++ exited with 0 +++
767738 --- SIGCHLD {si_signo=SIGCHLD, si_code=CLD_EXITED, si_pid=767748, si_uid=0, si_status=0, si_utime=0, si_stime=1 /* 0.01 s */} ---
767738 newfstatat(AT_FDCWD, "/home", {st_mode=S_IFDIR|0755, st_size=4096, ...}, 0) = 0
767738 newfstatat(AT_FDCWD, "/home/firstmate", {st_mode=S_IFDIR|0750, st_size=16384, ...}, 0) = 0
767738 newfstatat(AT_FDCWD, "/home/firstmate/.no-mistakes", {st_mode=S_IFDIR|0755, st_size=4096, ...}, 0) = 0
767738 newfstatat(AT_FDCWD, "/home/firstmate/.no-mistakes/worktrees", {st_mode=S_IFDIR|0755, st_size=4096, ...}, 0) = 0
767738 newfstatat(AT_FDCWD, "/home/firstmate/.no-mistakes/worktrees/8352e211db7e", {st_mode=S_IFDIR|0775, st_size=4096, ...}, 0) = 0
767738 newfstatat(AT_FDCWD, "/home/firstmate/.no-mistakes/worktrees/8352e211db7e/01M4F29HK4JCAKXEQ2F50R6HHX", {st_mode=S_IFDIR|0775, st_size=4096, ...}, 0) = 0
767738 newfstatat(AT_FDCWD, "/home/firstmate/.no-mistakes/worktrees/8352e211db7e/01M4F29HK4JCAKXEQ2F50R6HHX/bin", {st_mode=S_IFDIR|0775, st_size=12288, ...}, 0) = 0
767738 chdir("/home/firstmate/.no-mistakes/worktrees/8352e211db7e/01M4F29HK4JCAKXEQ2F50R6HHX/bin") = 0
767738 +++ exited with 0 +++
767716 --- SIGCHLD {si_signo=SIGCHLD, si_code=CLD_EXITED, si_pid=767738, si_uid=0, si_status=0, si_utime=0, si_stime=0} ---
767761 newfstatat(AT_FDCWD, "/home", {st_mode=S_IFDIR|0755, st_size=4096, ...}, 0) = 0
767761 newfstatat(AT_FDCWD, "/home/firstmate", {st_mode=S_IFDIR|0750, st_size=16384, ...}, 0) = 0
767761 newfstatat(AT_FDCWD, "/home/firstmate/.no-mistakes", {st_mode=S_IFDIR|0755, st_size=4096, ...}, 0) = 0
767761 newfstatat(AT_FDCWD, "/home/firstmate/.no-mistakes/worktrees", {st_mode=S_IFDIR|0755, st_size=4096, ...}, 0) = 0
767761 newfstatat(AT_FDCWD, "/home/firstmate/.no-mistakes/worktrees/8352e211db7e", {st_mode=S_IFDIR|0775, st_size=4096, ...}, 0) = 0
767761 newfstatat(AT_FDCWD, "/home/firstmate/.no-mistakes/worktrees/8352e211db7e/01M4F29HK4JCAKXEQ2F50R6HHX", {st_mode=S_IFDIR|0775, st_size=4096, ...}, 0) = 0
767761 newfstatat(AT_FDCWD, "/home/firstmate/.no-mistakes/worktrees/8352e211db7e/01M4F29HK4JCAKXEQ2F50R6HHX/bin", {st_mode=S_IFDIR|0775, st_size=12288, ...}, 0) = 0
767761 newfstatat(AT_FDCWD, "/home/firstmate/.no-mistakes/worktrees/8352e211db7e/01M4F29HK4JCAKXEQ2F50R6HHX/bin", {st_mode=S_IFDIR|0775, st_size=12288, ...}, 0) = 0
767761 chdir("/home/firstmate/.no-mistakes/worktrees/8352e211db7e/01M4F29HK4JCAKXEQ2F50R6HHX") = 0
767761 +++ exited with 0 +++
767716 --- SIGCHLD {si_signo=SIGCHLD, si_code=CLD_EXITED, si_pid=767761, si_uid=0, si_status=0, si_utime=0, si_stime=0} ---
767762 faccessat2(AT_FDCWD, "/home/firstmate/.no-mistakes/worktrees/8352e211db7e/01M4F29HK4JCAKXEQ2F50R6HHX/.test-tmp/boundary/home/config/inbox-profile", R_OK, AT_EACCESS) = -1 ENOENT (No such file or directory)
767762 +++ exited with 0 +++
767716 --- SIGCHLD {si_signo=SIGCHLD, si_code=CLD_EXITED, si_pid=767762, si_uid=0, si_status=0, si_utime=0, si_stime=0} ---
767716 newfstatat(AT_FDCWD, "/home/firstmate/.no-mistakes/worktrees/8352e211db7e/01M4F29HK4JCAKXEQ2F50R6HHX/.test-tmp/boundary/home/.voice-conversation-lab", 0x7ffc84454c50, 0) = -1 ENOENT (No such file or directory)
767716 openat(AT_FDCWD, "/home/firstmate/.no-mistakes/worktrees/8352e211db7e/01M4F29HK4JCAKXEQ2F50R6HHX/bin/fm-wake-lib.sh", O_RDONLY) = 3
767765 newfstatat(AT_FDCWD, ".", {st_mode=S_IFDIR|0775, st_size=4096, ...}, 0) = 0
767765 newfstatat(AT_FDCWD, "/home/firstmate/.local/codex-latest/lib/node_modules/@openai/codex/node_modules/@openai/codex-linux-x64/vendor/x86_64-unknown-linux-musl/codex-path/dirname", 0x7ffc84452ef0, 0) = -1 ENOENT (No such file or directory)
767765 newfstatat(AT_FDCWD, "/home/firstmate/.codex-5/tmp/arg0/codex-arg065EgpK/dirname", 0x7ffc84452ef0, 0) = -1 ENOENT (No such file or directory)
767765 newfstatat(AT_FDCWD, "/home/firstmate/.local/codex-latest/lib/node_modules/@openai/codex/node_modules/@openai/codex-linux-x64/vendor/x86_64-unknown-linux-musl/codex-path/dirname", 0x7ffc84452ef0, 0) = -1 ENOENT (No such file or directory)
767765 newfstatat(AT_FDCWD, "/home/firstmate/.local/bin/dirname", 0x7ffc84452ef0, 0) = -1 ENOENT (No such file or directory)
767765 newfstatat(AT_FDCWD, "/home/firstmate/go/bin/dirname", 0x7ffc84452ef0, 0) = -1 ENOENT (No such file or directory)
767765 newfstatat(AT_FDCWD, "/home/firstmate/.cargo/bin/dirname", 0x7ffc84452ef0, 0) = -1 ENOENT (No such file or directory)
767765 newfstatat(AT_FDCWD, "/home/firstmate/bin/dirname", 0x7ffc84452ef0, 0) = -1 ENOENT (No such file or directory)
767765 newfstatat(AT_FDCWD, "/opt/homebrew/bin/dirname", 0x7ffc84452ef0, 0) = -1 ENOENT (No such file or directory)
767765 newfstatat(AT_FDCWD, "/opt/homebrew/sbin/dirname", 0x7ffc84452ef0, 0) = -1 ENOENT (No such file or directory)
767765 newfstatat(AT_FDCWD, "/usr/local/bin/dirname", 0x7ffc84452ef0, 0) = -1 ENOENT (No such file or directory)
767765 newfstatat(AT_FDCWD, "/usr/local/sbin/dirname", 0x7ffc84452ef0, 0) = -1 ENOENT (No such file or directory)
767765 newfstatat(AT_FDCWD, "/usr/bin/dirname", {st_mode=S_IFREG|0755, st_size=11352352, ...}, 0) = 0
767765 newfstatat(AT_FDCWD, "/usr/bin/dirname", {st_mode=S_IFREG|0755, st_size=11352352, ...}, 0) = 0
767765 access("/usr/bin/dirname", X_OK) = 0
767765 newfstatat(AT_FDCWD, "/usr/bin/dirname", {st_mode=S_IFREG|0755, st_size=11352352, ...}, 0) = 0
767765 access("/usr/bin/dirname", R_OK) = 0
767765 execve("/usr/bin/dirname", ["dirname", "/home/firstmate/.no-mistakes/wor"...], 0x5a34a1016640 /* 9 vars */) = 0
767765 access("/etc/ld.so.preload", R_OK) = -1 ENOENT (No such file or directory)
767765 openat(AT_FDCWD, "/etc/ld.so.cache", O_RDONLY|O_CLOEXEC) = 3
767765 openat(AT_FDCWD, "/usr/lib/x86_64-linux-gnu/libselinux.so.1", O_RDONLY|O_CLOEXEC) = 3
767765 openat(AT_FDCWD, "/usr/lib/x86_64-linux-gnu/libgcc_s.so.1", O_RDONLY|O_CLOEXEC) = 3
767765 openat(AT_FDCWD, "/usr/lib/x86_64-linux-gnu/libm.so.6", O_RDONLY|O_CLOEXEC) = 3
767765 openat(AT_FDCWD, "/usr/lib/x86_64-linux-gnu/libc.so.6", O_RDONLY|O_CLOEXEC) = 3
767765 openat(AT_FDCWD, "/usr/lib/x86_64-linux-gnu/libpcre2-8.so.0", O_RDONLY|O_CLOEXEC) = 3
767765 statfs("/sys/fs/selinux", 0x7ffd7bf93de0) = -1 ENOENT (No such file or directory)
767765 statfs("/selinux", 0x7ffd7bf93de0) = -1 ENOENT (No such file or directory)
767765 openat(AT_FDCWD, "/proc/filesystems", O_RDONLY|O_CLOEXEC) = 3
767765 access("/etc/selinux/config", F_OK) = -1 ENOENT (No such file or directory)
767765 openat(AT_FDCWD, "/proc/self/maps", O_RDONLY|O_CLOEXEC) = 3
767765 statx(AT_FDCWD, "/usr/share/coreutils/locales/dirname", AT_STATX_SYNC_AS_STAT, STATX_ALL, {stx_mask=STATX_ALL|STATX_MNT_ID, stx_attributes=0, stx_mode=S_IFDIR|0755, stx_size=4096, ...}) = 0
767765 statx(AT_FDCWD, "/usr/share/coreutils/locales/uucore", AT_STATX_SYNC_AS_STAT, STATX_ALL, {stx_mask=STATX_ALL|STATX_MNT_ID, stx_attributes=0, stx_mode=S_IFDIR|0755, stx_size=4096, ...}) = 0
767765 openat(AT_FDCWD, "/usr/share/coreutils/locales/uucore/en-US.ftl", O_RDONLY|O_CLOEXEC) = 3
767765 statx(3, "", AT_STATX_SYNC_AS_STAT|AT_EMPTY_PATH, STATX_ALL, {stx_mask=STATX_ALL|STATX_MNT_ID, stx_attributes=0, stx_mode=S_IFREG|0644, stx_size=4080, ...}) = 0
767765 statx(AT_FDCWD, "/usr/share/coreutils/locales/dirname", AT_STATX_SYNC_AS_STAT, STATX_ALL, {stx_mask=STATX_ALL|STATX_MNT_ID, stx_attributes=0, stx_mode=S_IFDIR|0755, stx_size=4096, ...}) = 0
767765 openat(AT_FDCWD, "/usr/share/coreutils/locales/dirname/en-US.ftl", O_RDONLY|O_CLOEXEC) = -1 ENOENT (No such file or directory)
767765 +++ exited with 0 +++
767764 --- SIGCHLD {si_signo=SIGCHLD, si_code=CLD_EXITED, si_pid=767765, si_uid=0, si_status=0, si_utime=0, si_stime=0} ---
767764 newfstatat(AT_FDCWD, "/home", {st_mode=S_IFDIR|0755, st_size=4096, ...}, 0) = 0
767764 newfstatat(AT_FDCWD, "/home/firstmate", {st_mode=S_IFDIR|0750, st_size=16384, ...}, 0) = 0
767764 newfstatat(AT_FDCWD, "/home/firstmate/.no-mistakes", {st_mode=S_IFDIR|0755, st_size=4096, ...}, 0) = 0
767764 newfstatat(AT_FDCWD, "/home/firstmate/.no-mistakes/worktrees", {st_mode=S_IFDIR|0755, st_size=4096, ...}, 0) = 0
767764 newfstatat(AT_FDCWD, "/home/firstmate/.no-mistakes/worktrees/8352e211db7e", {st_mode=S_IFDIR|0775, st_size=4096, ...}, 0) = 0
767764 newfstatat(AT_FDCWD, "/home/firstmate/.no-mistakes/worktrees/8352e211db7e/01M4F29HK4JCAKXEQ2F50R6HHX", {st_mode=S_IFDIR|0775, st_size=4096, ...}, 0) = 0
767764 newfstatat(AT_FDCWD, "/home/firstmate/.no-mistakes/worktrees/8352e211db7e/01M4F29HK4JCAKXEQ2F50R6HHX/bin", {st_mode=S_IFDIR|0775, st_size=12288, ...}, 0) = 0
767764 chdir("/home/firstmate/.no-mistakes/worktrees/8352e211db7e/01M4F29HK4JCAKXEQ2F50R6HHX/bin") = 0
767764 +++ exited with 0 +++
767716 --- SIGCHLD {si_signo=SIGCHLD, si_code=CLD_EXITED, si_pid=767764, si_uid=0, si_status=0, si_utime=0, si_stime=0} ---
767772 newfstatat(AT_FDCWD, "/home", {st_mode=S_IFDIR|0755, st_size=4096, ...}, 0) = 0
767772 newfstatat(AT_FDCWD, "/home/firstmate", {st_mode=S_IFDIR|0750, st_size=16384, ...}, 0) = 0
767772 newfstatat(AT_FDCWD, "/home/firstmate/.no-mistakes", {st_mode=S_IFDIR|0755, st_size=4096, ...}, 0) = 0
767772 newfstatat(AT_FDCWD, "/home/firstmate/.no-mistakes/worktrees", {st_mode=S_IFDIR|0755, st_size=4096, ...}, 0) = 0
767772 newfstatat(AT_FDCWD, "/home/firstmate/.no-mistakes/worktrees/8352e211db7e", {st_mode=S_IFDIR|0775, st_size=4096, ...}, 0) = 0
767772 newfstatat(AT_FDCWD, "/home/firstmate/.no-mistakes/worktrees/8352e211db7e/01M4F29HK4JCAKXEQ2F50R6HHX", {st_mode=S_IFDIR|0775, st_size=4096, ...}, 0) = 0
767772 newfstatat(AT_FDCWD, "/home/firstmate/.no-mistakes/worktrees/8352e211db7e/01M4F29HK4JCAKXEQ2F50R6HHX/bin", {st_mode=S_IFDIR|0775, st_size=12288, ...}, 0) = 0
767772 newfstatat(AT_FDCWD, "/home/firstmate/.no-mistakes/worktrees/8352e211db7e/01M4F29HK4JCAKXEQ2F50R6HHX/bin", {st_mode=S_IFDIR|0775, st_size=12288, ...}, 0) = 0
767772 chdir("/home/firstmate/.no-mistakes/worktrees/8352e211db7e/01M4F29HK4JCAKXEQ2F50R6HHX") = 0
767772 +++ exited with 0 +++
767716 --- SIGCHLD {si_signo=SIGCHLD, si_code=CLD_EXITED, si_pid=767772, si_uid=0, si_status=0, si_utime=0, si_stime=0} ---
767776 newfstatat(AT_FDCWD, ".", {st_mode=S_IFDIR|0775, st_size=4096, ...}, 0) = 0
767776 newfstatat(AT_FDCWD, "/home/firstmate/.local/codex-latest/lib/node_modules/@openai/codex/node_modules/@openai/codex-linux-x64/vendor/x86_64-unknown-linux-musl/codex-path/uname", 0x7ffc84453900, 0) = -1 ENOENT (No such file or directory)
767776 newfstatat(AT_FDCWD, "/home/firstmate/.codex-5/tmp/arg0/codex-arg065EgpK/uname", 0x7ffc84453900, 0) = -1 ENOENT (No such file or directory)
767776 newfstatat(AT_FDCWD, "/home/firstmate/.local/codex-latest/lib/node_modules/@openai/codex/node_modules/@openai/codex-linux-x64/vendor/x86_64-unknown-linux-musl/codex-path/uname", 0x7ffc84453900, 0) = -1 ENOENT (No such file or directory)
767776 newfstatat(AT_FDCWD, "/home/firstmate/.local/bin/uname", 0x7ffc84453900, 0) = -1 ENOENT (No such file or directory)
767776 newfstatat(AT_FDCWD, "/home/firstmate/go/bin/uname", 0x7ffc84453900, 0) = -1 ENOENT (No such file or directory)
767776 newfstatat(AT_FDCWD, "/home/firstmate/.cargo/bin/uname", 0x7ffc84453900, 0) = -1 ENOENT (No such file or directory)
767776 newfstatat(AT_FDCWD, "/home/firstmate/bin/uname", 0x7ffc84453900, 0) = -1 ENOENT (No such file or directory)
767776 newfstatat(AT_FDCWD, "/opt/homebrew/bin/uname", 0x7ffc84453900, 0) = -1 ENOENT (No such file or directory)
767776 newfstatat(AT_FDCWD, "/opt/homebrew/sbin/uname", 0x7ffc84453900, 0) = -1 ENOENT (No such file or directory)
767776 newfstatat(AT_FDCWD, "/usr/local/bin/uname", 0x7ffc84453900, 0) = -1 ENOENT (No such file or directory)
767776 newfstatat(AT_FDCWD, "/usr/local/sbin/uname", 0x7ffc84453900, 0) = -1 ENOENT (No such file or directory)
767776 newfstatat(AT_FDCWD, "/usr/bin/uname", {st_mode=S_IFREG|0755, st_size=11352352, ...}, 0) = 0
767776 newfstatat(AT_FDCWD, "/usr/bin/uname", {st_mode=S_IFREG|0755, st_size=11352352, ...}, 0) = 0
767776 access("/usr/bin/uname", X_OK)   = 0
767776 newfstatat(AT_FDCWD, "/usr/bin/uname", {st_mode=S_IFREG|0755, st_size=11352352, ...}, 0) = 0
767776 access("/usr/bin/uname", R_OK)   = 0
767779 openat(AT_FDCWD, "/dev/null", O_WRONLY|O_CREAT|O_TRUNC, 0666) = 3
767779 execve("/usr/bin/uname", ["uname"], 0x5a34a1015570 /* 9 vars */) = 0
767779 access("/etc/ld.so.preload", R_OK) = -1 ENOENT (No such file or directory)
767779 openat(AT_FDCWD, "/etc/ld.so.cache", O_RDONLY|O_CLOEXEC) = 3
767779 openat(AT_FDCWD, "/usr/lib/x86_64-linux-gnu/libselinux.so.1", O_RDONLY|O_CLOEXEC) = 3
767779 openat(AT_FDCWD, "/usr/lib/x86_64-linux-gnu/libgcc_s.so.1", O_RDONLY|O_CLOEXEC) = 3
767779 openat(AT_FDCWD, "/usr/lib/x86_64-linux-gnu/libm.so.6", O_RDONLY|O_CLOEXEC) = 3
767779 openat(AT_FDCWD, "/usr/lib/x86_64-linux-gnu/libc.so.6", O_RDONLY|O_CLOEXEC) = 3
767779 openat(AT_FDCWD, "/usr/lib/x86_64-linux-gnu/libpcre2-8.so.0", O_RDONLY|O_CLOEXEC) = 3
767779 statfs("/sys/fs/selinux", 0x7ffd7cfe44d0) = -1 ENOENT (No such file or directory)
767779 statfs("/selinux", 0x7ffd7cfe44d0) = -1 ENOENT (No such file or directory)
767779 openat(AT_FDCWD, "/proc/filesystems", O_RDONLY|O_CLOEXEC) = 3
767779 access("/etc/selinux/config", F_OK) = -1 ENOENT (No such file or directory)
767779 openat(AT_FDCWD, "/proc/self/maps", O_RDONLY|O_CLOEXEC) = 3
767779 statx(AT_FDCWD, "/usr/share/coreutils/locales/uname", AT_STATX_SYNC_AS_STAT, STATX_ALL, {stx_mask=STATX_ALL|STATX_MNT_ID, stx_attributes=0, stx_mode=S_IFDIR|0755, stx_size=4096, ...}) = 0
767779 statx(AT_FDCWD, "/usr/share/coreutils/locales/uucore", AT_STATX_SYNC_AS_STAT, STATX_ALL, {stx_mask=STATX_ALL|STATX_MNT_ID, stx_attributes=0, stx_mode=S_IFDIR|0755, stx_size=4096, ...}) = 0
767779 openat(AT_FDCWD, "/usr/share/coreutils/locales/uucore/en-US.ftl", O_RDONLY|O_CLOEXEC) = 3
767779 statx(3, "", AT_STATX_SYNC_AS_STAT|AT_EMPTY_PATH, STATX_ALL, {stx_mask=STATX_ALL|STATX_MNT_ID, stx_attributes=0, stx_mode=S_IFREG|0644, stx_size=4080, ...}) = 0
767779 statx(AT_FDCWD, "/usr/share/coreutils/locales/uname", AT_STATX_SYNC_AS_STAT, STATX_ALL, {stx_mask=STATX_ALL|STATX_MNT_ID, stx_attributes=0, stx_mode=S_IFDIR|0755, stx_size=4096, ...}) = 0
767779 openat(AT_FDCWD, "/usr/share/coreutils/locales/uname/en-US.ftl", O_RDONLY|O_CLOEXEC) = -1 ENOENT (No such file or directory)
767779 +++ exited with 0 +++
767776 --- SIGCHLD {si_signo=SIGCHLD, si_code=CLD_EXITED, si_pid=767779, si_uid=0, si_status=0, si_utime=0, si_stime=0} ---
767776 +++ exited with 0 +++
767716 --- SIGCHLD {si_signo=SIGCHLD, si_code=CLD_EXITED, si_pid=767776, si_uid=0, si_status=0, si_utime=0, si_stime=0} ---
767716 newfstatat(AT_FDCWD, ".", {st_mode=S_IFDIR|0775, st_size=4096, ...}, 0) = 0
767716 newfstatat(AT_FDCWD, "/home/firstmate/.local/codex-latest/lib/node_modules/@openai/codex/node_modules/@openai/codex-linux-x64/vendor/x86_64-unknown-linux-musl/codex-path/mkdir", 0x7ffc84454210, 0) = -1 ENOENT (No such file or directory)
767716 newfstatat(AT_FDCWD, "/home/firstmate/.codex-5/tmp/arg0/codex-arg065EgpK/mkdir", 0x7ffc84454210, 0) = -1 ENOENT (No such file or directory)
767716 newfstatat(AT_FDCWD, "/home/firstmate/.local/codex-latest/lib/node_modules/@openai/codex/node_modules/@openai/codex-linux-x64/vendor/x86_64-unknown-linux-musl/codex-path/mkdir", 0x7ffc84454210, 0) = -1 ENOENT (No such file or directory)
767716 newfstatat(AT_FDCWD, "/home/firstmate/.local/bin/mkdir", 0x7ffc84454210, 0) = -1 ENOENT (No such file or directory)
767716 newfstatat(AT_FDCWD, "/home/firstmate/go/bin/mkdir", 0x7ffc84454210, 0) = -1 ENOENT (No such file or directory)
767716 newfstatat(AT_FDCWD, "/home/firstmate/.cargo/bin/mkdir", 0x7ffc84454210, 0) = -1 ENOENT (No such file or directory)
767716 newfstatat(AT_FDCWD, "/home/firstmate/bin/mkdir", 0x7ffc84454210, 0) = -1 ENOENT (No such file or directory)
767716 newfstatat(AT_FDCWD, "/opt/homebrew/bin/mkdir", 0x7ffc84454210, 0) = -1 ENOENT (No such file or directory)
767716 newfstatat(AT_FDCWD, "/opt/homebrew/sbin/mkdir", 0x7ffc84454210, 0) = -1 ENOENT (No such file or directory)
767716 newfstatat(AT_FDCWD, "/usr/local/bin/mkdir", 0x7ffc84454210, 0) = -1 ENOENT (No such file or directory)
767716 newfstatat(AT_FDCWD, "/usr/local/sbin/mkdir", 0x7ffc84454210, 0) = -1 ENOENT (No such file or directory)
767716 newfstatat(AT_FDCWD, "/usr/bin/mkdir", {st_mode=S_IFREG|0755, st_size=11352352, ...}, 0) = 0
767716 newfstatat(AT_FDCWD, "/usr/bin/mkdir", {st_mode=S_IFREG|0755, st_size=11352352, ...}, 0) = 0
767716 access("/usr/bin/mkdir", X_OK)   = 0
767716 newfstatat(AT_FDCWD, "/usr/bin/mkdir", {st_mode=S_IFREG|0755, st_size=11352352, ...}, 0) = 0
767716 access("/usr/bin/mkdir", R_OK)   = 0
767785 execve("/usr/bin/mkdir", ["mkdir", "-p", "/home/firstmate/.no-mistakes/wor"...], 0x5a34a1015570 /* 9 vars */) = 0
767785 access("/etc/ld.so.preload", R_OK) = -1 ENOENT (No such file or directory)
767785 openat(AT_FDCWD, "/etc/ld.so.cache", O_RDONLY|O_CLOEXEC) = 3
767785 openat(AT_FDCWD, "/usr/lib/x86_64-linux-gnu/libselinux.so.1", O_RDONLY|O_CLOEXEC) = 3
767785 openat(AT_FDCWD, "/usr/lib/x86_64-linux-gnu/libgcc_s.so.1", O_RDONLY|O_CLOEXEC) = 3
767785 openat(AT_FDCWD, "/usr/lib/x86_64-linux-gnu/libm.so.6", O_RDONLY|O_CLOEXEC) = 3
767785 openat(AT_FDCWD, "/usr/lib/x86_64-linux-gnu/libc.so.6", O_RDONLY|O_CLOEXEC) = 3
767785 openat(AT_FDCWD, "/usr/lib/x86_64-linux-gnu/libpcre2-8.so.0", O_RDONLY|O_CLOEXEC) = 3
767785 statfs("/sys/fs/selinux", 0x7ffe3346bff0) = -1 ENOENT (No such file or directory)
767785 statfs("/selinux", 0x7ffe3346bff0) = -1 ENOENT (No such file or directory)
767785 openat(AT_FDCWD, "/proc/filesystems", O_RDONLY|O_CLOEXEC) = 3
767785 access("/etc/selinux/config", F_OK) = -1 ENOENT (No such file or directory)
767785 openat(AT_FDCWD, "/proc/self/maps", O_RDONLY|O_CLOEXEC) = 3
767785 statx(AT_FDCWD, "/usr/share/coreutils/locales/mkdir", AT_STATX_SYNC_AS_STAT, STATX_ALL, {stx_mask=STATX_ALL|STATX_MNT_ID, stx_attributes=0, stx_mode=S_IFDIR|0755, stx_size=4096, ...}) = 0
767785 statx(AT_FDCWD, "/usr/share/coreutils/locales/uucore", AT_STATX_SYNC_AS_STAT, STATX_ALL, {stx_mask=STATX_ALL|STATX_MNT_ID, stx_attributes=0, stx_mode=S_IFDIR|0755, stx_size=4096, ...}) = 0
767785 openat(AT_FDCWD, "/usr/share/coreutils/locales/uucore/en-US.ftl", O_RDONLY|O_CLOEXEC) = 3
767785 statx(3, "", AT_STATX_SYNC_AS_STAT|AT_EMPTY_PATH, STATX_ALL, {stx_mask=STATX_ALL|STATX_MNT_ID, stx_attributes=0, stx_mode=S_IFREG|0644, stx_size=4080, ...}) = 0
767785 statx(AT_FDCWD, "/usr/share/coreutils/locales/mkdir", AT_STATX_SYNC_AS_STAT, STATX_ALL, {stx_mask=STATX_ALL|STATX_MNT_ID, stx_attributes=0, stx_mode=S_IFDIR|0755, stx_size=4096, ...}) = 0
767785 openat(AT_FDCWD, "/usr/share/coreutils/locales/mkdir/en-US.ftl", O_RDONLY|O_CLOEXEC) = -1 ENOENT (No such file or directory)
767785 statx(AT_FDCWD, "/home/firstmate/.no-mistakes/worktrees/8352e211db7e/01M4F29HK4JCAKXEQ2F50R6HHX/.test-tmp/boundary/home/state", AT_STATX_SYNC_AS_STAT, STATX_ALL, {stx_mask=STATX_ALL|STATX_MNT_ID, stx_attributes=0, stx_mode=S_IFDIR|0700, stx_size=4096, ...}) = 0
767785 statx(AT_FDCWD, "/", AT_STATX_SYNC_AS_STAT, STATX_ALL, {stx_mask=STATX_ALL|STATX_MNT_ID, stx_attributes=STATX_ATTR_MOUNT_ROOT, stx_mode=S_IFDIR|0755, stx_size=4096, ...}) = 0
767785 statx(AT_FDCWD, "/home", AT_STATX_SYNC_AS_STAT, STATX_ALL, {stx_mask=STATX_ALL|STATX_MNT_ID, stx_attributes=0, stx_mode=S_IFDIR|0755, stx_size=4096, ...}) = 0
767785 statx(AT_FDCWD, "/home/firstmate", AT_STATX_SYNC_AS_STAT, STATX_ALL, {stx_mask=STATX_ALL|STATX_MNT_ID, stx_attributes=0, stx_mode=S_IFDIR|0750, stx_size=16384, ...}) = 0
767785 statx(AT_FDCWD, "/home/firstmate/.no-mistakes", AT_STATX_SYNC_AS_STAT, STATX_ALL, {stx_mask=STATX_ALL|STATX_MNT_ID, stx_attributes=0, stx_mode=S_IFDIR|0755, stx_size=4096, ...}) = 0
767785 statx(AT_FDCWD, "/home/firstmate/.no-mistakes/worktrees", AT_STATX_SYNC_AS_STAT, STATX_ALL, {stx_mask=STATX_ALL|STATX_MNT_ID, stx_attributes=0, stx_mode=S_IFDIR|0755, stx_size=4096, ...}) = 0
767785 statx(AT_FDCWD, "/home/firstmate/.no-mistakes/worktrees/8352e211db7e", AT_STATX_SYNC_AS_STAT, STATX_ALL, {stx_mask=STATX_ALL|STATX_MNT_ID, stx_attributes=0, stx_mode=S_IFDIR|0775, stx_size=4096, ...}) = 0
767785 statx(AT_FDCWD, "/home/firstmate/.no-mistakes/worktrees/8352e211db7e/01M4F29HK4JCAKXEQ2F50R6HHX", AT_STATX_SYNC_AS_STAT, STATX_ALL, {stx_mask=STATX_ALL|STATX_MNT_ID, stx_attributes=0, stx_mode=S_IFDIR|0775, stx_size=4096, ...}) = 0
767785 statx(AT_FDCWD, "/home/firstmate/.no-mistakes/worktrees/8352e211db7e/01M4F29HK4JCAKXEQ2F50R6HHX/.test-tmp", AT_STATX_SYNC_AS_STAT, STATX_ALL, {stx_mask=STATX_ALL|STATX_MNT_ID, stx_attributes=0, stx_mode=S_IFDIR|0775, stx_size=4096, ...}) = 0
767785 statx(AT_FDCWD, "/home/firstmate/.no-mistakes/worktrees/8352e211db7e/01M4F29HK4JCAKXEQ2F50R6HHX/.test-tmp/boundary", AT_STATX_SYNC_AS_STAT, STATX_ALL, {stx_mask=STATX_ALL|STATX_MNT_ID, stx_attributes=0, stx_mode=S_IFDIR|0700, stx_size=4096, ...}) = 0
767785 statx(AT_FDCWD, "/home/firstmate/.no-mistakes/worktrees/8352e211db7e/01M4F29HK4JCAKXEQ2F50R6HHX/.test-tmp/boundary/home", AT_STATX_SYNC_AS_STAT, STATX_ALL, {stx_mask=STATX_ALL|STATX_MNT_ID, stx_attributes=STATX_ATTR_MOUNT_ROOT, stx_mode=S_IFDIR|0700, stx_size=4096, ...}) = 0
767785 statx(AT_FDCWD, "/home/firstmate/.no-mistakes/worktrees/8352e211db7e/01M4F29HK4JCAKXEQ2F50R6HHX/.test-tmp/boundary/home/state", AT_STATX_SYNC_AS_STAT, STATX_ALL, {stx_mask=STATX_ALL|STATX_MNT_ID, stx_attributes=0, stx_mode=S_IFDIR|0700, stx_size=4096, ...}) = 0
767785 mkdir("/home/firstmate/.no-mistakes/worktrees/8352e211db7e/01M4F29HK4JCAKXEQ2F50R6HHX/.test-tmp/boundary/home/state", 0700) = -1 EEXIST (File exists)
767785 statx(AT_FDCWD, "/home/firstmate/.no-mistakes/worktrees/8352e211db7e/01M4F29HK4JCAKXEQ2F50R6HHX/.test-tmp/boundary/home/state", AT_STATX_SYNC_AS_STAT, STATX_ALL, {stx_mask=STATX_ALL|STATX_MNT_ID, stx_attributes=0, stx_mode=S_IFDIR|0700, stx_size=4096, ...}) = 0
767785 +++ exited with 0 +++
767716 --- SIGCHLD {si_signo=SIGCHLD, si_code=CLD_EXITED, si_pid=767785, si_uid=0, si_status=0, si_utime=0, si_stime=0} ---
767799 newfstatat(AT_FDCWD, ".", {st_mode=S_IFDIR|0775, st_size=4096, ...}, 0) = 0
767799 newfstatat(AT_FDCWD, "/home/firstmate/.local/codex-latest/lib/node_modules/@openai/codex/node_modules/@openai/codex-linux-x64/vendor/x86_64-unknown-linux-musl/codex-path/cat", 0x7ffc84453f70, 0) = -1 ENOENT (No such file or directory)
767799 newfstatat(AT_FDCWD, "/home/firstmate/.codex-5/tmp/arg0/codex-arg065EgpK/cat", 0x7ffc84453f70, 0) = -1 ENOENT (No such file or directory)
767799 newfstatat(AT_FDCWD, "/home/firstmate/.local/codex-latest/lib/node_modules/@openai/codex/node_modules/@openai/codex-linux-x64/vendor/x86_64-unknown-linux-musl/codex-path/cat", 0x7ffc84453f70, 0) = -1 ENOENT (No such file or directory)
767799 newfstatat(AT_FDCWD, "/home/firstmate/.local/bin/cat", 0x7ffc84453f70, 0) = -1 ENOENT (No such file or directory)
767799 newfstatat(AT_FDCWD, "/home/firstmate/go/bin/cat", 0x7ffc84453f70, 0) = -1 ENOENT (No such file or directory)
767799 newfstatat(AT_FDCWD, "/home/firstmate/.cargo/bin/cat", 0x7ffc84453f70, 0) = -1 ENOENT (No such file or directory)
767799 newfstatat(AT_FDCWD, "/home/firstmate/bin/cat", 0x7ffc84453f70, 0) = -1 ENOENT (No such file or directory)
767799 newfstatat(AT_FDCWD, "/opt/homebrew/bin/cat", 0x7ffc84453f70, 0) = -1 ENOENT (No such file or directory)
767799 newfstatat(AT_FDCWD, "/opt/homebrew/sbin/cat", 0x7ffc84453f70, 0) = -1 ENOENT (No such file or directory)
767799 newfstatat(AT_FDCWD, "/usr/local/bin/cat", 0x7ffc84453f70, 0) = -1 ENOENT (No such file or directory)
767799 newfstatat(AT_FDCWD, "/usr/local/sbin/cat", 0x7ffc84453f70, 0) = -1 ENOENT (No such file or directory)
767799 newfstatat(AT_FDCWD, "/usr/bin/cat", {st_mode=S_IFREG|0755, st_size=11352352, ...}, 0) = 0
767799 newfstatat(AT_FDCWD, "/usr/bin/cat", {st_mode=S_IFREG|0755, st_size=11352352, ...}, 0) = 0
767799 access("/usr/bin/cat", X_OK)     = 0
767799 newfstatat(AT_FDCWD, "/usr/bin/cat", {st_mode=S_IFREG|0755, st_size=11352352, ...}, 0) = 0
767799 access("/usr/bin/cat", R_OK)     = 0
767801 openat(AT_FDCWD, "/dev/null", O_WRONLY|O_CREAT|O_TRUNC, 0666) = 3
767801 execve("/usr/bin/cat", ["cat", "/home/firstmate/.no-mistakes/wor"...], 0x5a34a1015570 /* 9 vars */) = 0
767801 access("/etc/ld.so.preload", R_OK) = -1 ENOENT (No such file or directory)
767801 openat(AT_FDCWD, "/etc/ld.so.cache", O_RDONLY|O_CLOEXEC) = 3
767801 openat(AT_FDCWD, "/usr/lib/x86_64-linux-gnu/libselinux.so.1", O_RDONLY|O_CLOEXEC) = 3
767801 openat(AT_FDCWD, "/usr/lib/x86_64-linux-gnu/libgcc_s.so.1", O_RDONLY|O_CLOEXEC) = 3
767801 openat(AT_FDCWD, "/usr/lib/x86_64-linux-gnu/libm.so.6", O_RDONLY|O_CLOEXEC) = 3
767801 openat(AT_FDCWD, "/usr/lib/x86_64-linux-gnu/libc.so.6", O_RDONLY|O_CLOEXEC) = 3
767801 openat(AT_FDCWD, "/usr/lib/x86_64-linux-gnu/libpcre2-8.so.0", O_RDONLY|O_CLOEXEC) = 3
767801 statfs("/sys/fs/selinux", 0x7ffc57a64520) = -1 ENOENT (No such file or directory)
767801 statfs("/selinux", 0x7ffc57a64520) = -1 ENOENT (No such file or directory)
767801 openat(AT_FDCWD, "/proc/filesystems", O_RDONLY|O_CLOEXEC) = 3
767801 access("/etc/selinux/config", F_OK) = -1 ENOENT (No such file or directory)
767801 openat(AT_FDCWD, "/proc/self/maps", O_RDONLY|O_CLOEXEC) = 3
767801 statx(AT_FDCWD, "/usr/share/coreutils/locales/cat", AT_STATX_SYNC_AS_STAT, STATX_ALL, {stx_mask=STATX_ALL|STATX_MNT_ID, stx_attributes=0, stx_mode=S_IFDIR|0755, stx_size=4096, ...}) = 0
767801 statx(AT_FDCWD, "/usr/share/coreutils/locales/uucore", AT_STATX_SYNC_AS_STAT, STATX_ALL, {stx_mask=STATX_ALL|STATX_MNT_ID, stx_attributes=0, stx_mode=S_IFDIR|0755, stx_size=4096, ...}) = 0
767801 openat(AT_FDCWD, "/usr/share/coreutils/locales/uucore/en-US.ftl", O_RDONLY|O_CLOEXEC) = 3
767801 statx(3, "", AT_STATX_SYNC_AS_STAT|AT_EMPTY_PATH, STATX_ALL, {stx_mask=STATX_ALL|STATX_MNT_ID, stx_attributes=0, stx_mode=S_IFREG|0644, stx_size=4080, ...}) = 0
767801 statx(AT_FDCWD, "/usr/share/coreutils/locales/cat", AT_STATX_SYNC_AS_STAT, STATX_ALL, {stx_mask=STATX_ALL|STATX_MNT_ID, stx_attributes=0, stx_mode=S_IFDIR|0755, stx_size=4096, ...}) = 0
767801 openat(AT_FDCWD, "/usr/share/coreutils/locales/cat/en-US.ftl", O_RDONLY|O_CLOEXEC) = -1 ENOENT (No such file or directory)
767801 statx(AT_FDCWD, "/home/firstmate/.no-mistakes/worktrees/8352e211db7e/01M4F29HK4JCAKXEQ2F50R6HHX/.test-tmp/boundary/home/state/.lock", AT_STATX_SYNC_AS_STAT, STATX_ALL, {stx_mask=STATX_ALL|STATX_MNT_ID, stx_attributes=0, stx_mode=S_IFREG|0600, stx_size=7, ...}) = 0
767801 openat(AT_FDCWD, "/home/firstmate/.no-mistakes/worktrees/8352e211db7e/01M4F29HK4JCAKXEQ2F50R6HHX/.test-tmp/boundary/home/state/.lock", O_RDONLY|O_CLOEXEC) = 3
767801 +++ exited with 0 +++
767799 --- SIGCHLD {si_signo=SIGCHLD, si_code=CLD_EXITED, si_pid=767801, si_uid=0, si_status=0, si_utime=0, si_stime=0} ---
767799 +++ exited with 0 +++
767716 --- SIGCHLD {si_signo=SIGCHLD, si_code=CLD_EXITED, si_pid=767799, si_uid=0, si_status=0, si_utime=0, si_stime=0} ---
767716 openat(AT_FDCWD, "/dev/null", O_WRONLY|O_CREAT|O_TRUNC, 0666) = 3
767716 faccessat2(AT_FDCWD, "/proc/760355/stat", R_OK, AT_EACCESS) = 0
767716 faccessat2(AT_FDCWD, "/proc/760355/cmdline", R_OK, AT_EACCESS) = 0
767803 newfstatat(AT_FDCWD, ".", {st_mode=S_IFDIR|0775, st_size=4096, ...}, 0) = 0
767803 newfstatat(AT_FDCWD, "/home/firstmate/.local/codex-latest/lib/node_modules/@openai/codex/node_modules/@openai/codex-linux-x64/vendor/x86_64-unknown-linux-musl/codex-path/cat", 0x7ffc84452b80, 0) = -1 ENOENT (No such file or directory)
767803 newfstatat(AT_FDCWD, "/home/firstmate/.codex-5/tmp/arg0/codex-arg065EgpK/cat", 0x7ffc84452b80, 0) = -1 ENOENT (No such file or directory)
767803 newfstatat(AT_FDCWD, "/home/firstmate/.local/codex-latest/lib/node_modules/@openai/codex/node_modules/@openai/codex-linux-x64/vendor/x86_64-unknown-linux-musl/codex-path/cat", 0x7ffc84452b80, 0) = -1 ENOENT (No such file or directory)
767803 newfstatat(AT_FDCWD, "/home/firstmate/.local/bin/cat", 0x7ffc84452b80, 0) = -1 ENOENT (No such file or directory)
767803 newfstatat(AT_FDCWD, "/home/firstmate/go/bin/cat", 0x7ffc84452b80, 0) = -1 ENOENT (No such file or directory)
767803 newfstatat(AT_FDCWD, "/home/firstmate/.cargo/bin/cat", 0x7ffc84452b80, 0) = -1 ENOENT (No such file or directory)
767803 newfstatat(AT_FDCWD, "/home/firstmate/bin/cat", 0x7ffc84452b80, 0) = -1 ENOENT (No such file or directory)
767803 newfstatat(AT_FDCWD, "/opt/homebrew/bin/cat", 0x7ffc84452b80, 0) = -1 ENOENT (No such file or directory)
767803 newfstatat(AT_FDCWD, "/opt/homebrew/sbin/cat", 0x7ffc84452b80, 0) = -1 ENOENT (No such file or directory)
767803 newfstatat(AT_FDCWD, "/usr/local/bin/cat", 0x7ffc84452b80, 0) = -1 ENOENT (No such file or directory)
767803 newfstatat(AT_FDCWD, "/usr/local/sbin/cat", 0x7ffc84452b80, 0) = -1 ENOENT (No such file or directory)
767803 newfstatat(AT_FDCWD, "/usr/bin/cat", {st_mode=S_IFREG|0755, st_size=11352352, ...}, 0) = 0
767803 newfstatat(AT_FDCWD, "/usr/bin/cat", {st_mode=S_IFREG|0755, st_size=11352352, ...}, 0) = 0
767803 access("/usr/bin/cat", X_OK)     = 0
767803 newfstatat(AT_FDCWD, "/usr/bin/cat", {st_mode=S_IFREG|0755, st_size=11352352, ...}, 0) = 0
767803 access("/usr/bin/cat", R_OK)     = 0
767807 openat(AT_FDCWD, "/dev/null", O_WRONLY|O_CREAT|O_TRUNC, 0666) = 3
767807 execve("/usr/bin/cat", ["cat", "/proc/760355/stat"], 0x5a34a1015570 /* 9 vars */) = 0
767807 access("/etc/ld.so.preload", R_OK) = -1 ENOENT (No such file or directory)
767807 openat(AT_FDCWD, "/etc/ld.so.cache", O_RDONLY|O_CLOEXEC) = 3
767807 openat(AT_FDCWD, "/usr/lib/x86_64-linux-gnu/libselinux.so.1", O_RDONLY|O_CLOEXEC) = 3
767807 openat(AT_FDCWD, "/usr/lib/x86_64-linux-gnu/libgcc_s.so.1", O_RDONLY|O_CLOEXEC) = 3
767807 openat(AT_FDCWD, "/usr/lib/x86_64-linux-gnu/libm.so.6", O_RDONLY|O_CLOEXEC) = 3
767807 openat(AT_FDCWD, "/usr/lib/x86_64-linux-gnu/libc.so.6", O_RDONLY|O_CLOEXEC) = 3
767807 openat(AT_FDCWD, "/usr/lib/x86_64-linux-gnu/libpcre2-8.so.0", O_RDONLY|O_CLOEXEC) = 3
767807 statfs("/sys/fs/selinux", 0x7ffec34fb3b0) = -1 ENOENT (No such file or directory)
767807 statfs("/selinux", 0x7ffec34fb3b0) = -1 ENOENT (No such file or directory)
767807 openat(AT_FDCWD, "/proc/filesystems", O_RDONLY|O_CLOEXEC) = 3
767807 access("/etc/selinux/config", F_OK) = -1 ENOENT (No such file or directory)
767807 openat(AT_FDCWD, "/proc/self/maps", O_RDONLY|O_CLOEXEC) = 3
767807 statx(AT_FDCWD, "/usr/share/coreutils/locales/cat", AT_STATX_SYNC_AS_STAT, STATX_ALL, {stx_mask=STATX_ALL|STATX_MNT_ID, stx_attributes=0, stx_mode=S_IFDIR|0755, stx_size=4096, ...}) = 0
767807 statx(AT_FDCWD, "/usr/share/coreutils/locales/uucore", AT_STATX_SYNC_AS_STAT, STATX_ALL, {stx_mask=STATX_ALL|STATX_MNT_ID, stx_attributes=0, stx_mode=S_IFDIR|0755, stx_size=4096, ...}) = 0
767807 openat(AT_FDCWD, "/usr/share/coreutils/locales/uucore/en-US.ftl", O_RDONLY|O_CLOEXEC) = 3
767807 statx(3, "", AT_STATX_SYNC_AS_STAT|AT_EMPTY_PATH, STATX_ALL, {stx_mask=STATX_ALL|STATX_MNT_ID, stx_attributes=0, stx_mode=S_IFREG|0644, stx_size=4080, ...}) = 0
767807 statx(AT_FDCWD, "/usr/share/coreutils/locales/cat", AT_STATX_SYNC_AS_STAT, STATX_ALL, {stx_mask=STATX_ALL|STATX_MNT_ID, stx_attributes=0, stx_mode=S_IFDIR|0755, stx_size=4096, ...}) = 0
767807 openat(AT_FDCWD, "/usr/share/coreutils/locales/cat/en-US.ftl", O_RDONLY|O_CLOEXEC) = -1 ENOENT (No such file or directory)
767807 statx(AT_FDCWD, "/proc/760355/stat", AT_STATX_SYNC_AS_STAT, STATX_ALL, {stx_mask=STATX_BASIC_STATS|STATX_MNT_ID, stx_attributes=0, stx_mode=S_IFREG|0444, stx_size=0, ...}) = 0
767807 openat(AT_FDCWD, "/proc/760355/stat", O_RDONLY|O_CLOEXEC) = 3
767807 +++ exited with 0 +++
767803 --- SIGCHLD {si_signo=SIGCHLD, si_code=CLD_EXITED, si_pid=767807, si_uid=0, si_status=0, si_utime=0, si_stime=0} ---
767803 +++ exited with 0 +++
767716 --- SIGCHLD {si_signo=SIGCHLD, si_code=CLD_EXITED, si_pid=767803, si_uid=0, si_status=0, si_utime=0, si_stime=0} ---
767822 newfstatat(AT_FDCWD, ".", {st_mode=S_IFDIR|0775, st_size=4096, ...}, 0) = 0
767822 newfstatat(AT_FDCWD, "/home/firstmate/.local/codex-latest/lib/node_modules/@openai/codex/node_modules/@openai/codex-linux-x64/vendor/x86_64-unknown-linux-musl/codex-path/od", 0x7ffc84452d50, 0) = -1 ENOENT (No such file or directory)
767822 newfstatat(AT_FDCWD, "/home/firstmate/.codex-5/tmp/arg0/codex-arg065EgpK/od", 0x7ffc84452d50, 0) = -1 ENOENT (No such file or directory)
767822 newfstatat(AT_FDCWD, "/home/firstmate/.local/codex-latest/lib/node_modules/@openai/codex/node_modules/@openai/codex-linux-x64/vendor/x86_64-unknown-linux-musl/codex-path/od", 0x7ffc84452d50, 0) = -1 ENOENT (No such file or directory)
767822 newfstatat(AT_FDCWD, "/home/firstmate/.local/bin/od", 0x7ffc84452d50, 0) = -1 ENOENT (No such file or directory)
767822 newfstatat(AT_FDCWD, "/home/firstmate/go/bin/od", 0x7ffc84452d50, 0) = -1 ENOENT (No such file or directory)
767822 newfstatat(AT_FDCWD, "/home/firstmate/.cargo/bin/od", 0x7ffc84452d50, 0) = -1 ENOENT (No such file or directory)
767823 newfstatat(AT_FDCWD, ".", {st_mode=S_IFDIR|0775, st_size=4096, ...}, 0) = 0
767822 newfstatat(AT_FDCWD, "/home/firstmate/bin/od" <unfinished ...>
767823 newfstatat(AT_FDCWD, "/home/firstmate/.local/codex-latest/lib/node_modules/@openai/codex/node_modules/@openai/codex-linux-x64/vendor/x86_64-unknown-linux-musl/codex-path/tr" <unfinished ...>
767822 <... newfstatat resumed>, 0x7ffc84452d50, 0) = -1 ENOENT (No such file or directory)
767823 <... newfstatat resumed>, 0x7ffc84452d50, 0) = -1 ENOENT (No such file or directory)
767822 newfstatat(AT_FDCWD, "/opt/homebrew/bin/od", 0x7ffc84452d50, 0) = -1 ENOENT (No such file or directory)
767822 newfstatat(AT_FDCWD, "/opt/homebrew/sbin/od", 0x7ffc84452d50, 0) = -1 ENOENT (No such file or directory)
767822 newfstatat(AT_FDCWD, "/usr/local/bin/od", 0x7ffc84452d50, 0) = -1 ENOENT (No such file or directory)
767822 newfstatat(AT_FDCWD, "/usr/local/sbin/od", 0x7ffc84452d50, 0) = -1 ENOENT (No such file or directory)
767822 newfstatat(AT_FDCWD, "/usr/bin/od" <unfinished ...>
767823 newfstatat(AT_FDCWD, "/home/firstmate/.codex-5/tmp/arg0/codex-arg065EgpK/tr" <unfinished ...>
767822 <... newfstatat resumed>, {st_mode=S_IFREG|0755, st_size=11352352, ...}, 0) = 0
767823 <... newfstatat resumed>, 0x7ffc84452d50, 0) = -1 ENOENT (No such file or directory)
767823 newfstatat(AT_FDCWD, "/home/firstmate/.local/codex-latest/lib/node_modules/@openai/codex/node_modules/@openai/codex-linux-x64/vendor/x86_64-unknown-linux-musl/codex-path/tr" <unfinished ...>
767822 newfstatat(AT_FDCWD, "/usr/bin/od" <unfinished ...>
767823 <... newfstatat resumed>, 0x7ffc84452d50, 0) = -1 ENOENT (No such file or directory)
767822 <... newfstatat resumed>, {st_mode=S_IFREG|0755, st_size=11352352, ...}, 0) = 0
767823 newfstatat(AT_FDCWD, "/home/firstmate/.local/bin/tr", 0x7ffc84452d50, 0) = -1 ENOENT (No such file or directory)
767823 newfstatat(AT_FDCWD, "/home/firstmate/go/bin/tr", 0x7ffc84452d50, 0) = -1 ENOENT (No such file or directory)
767823 newfstatat(AT_FDCWD, "/home/firstmate/.cargo/bin/tr", 0x7ffc84452d50, 0) = -1 ENOENT (No such file or directory)
767822 access("/usr/bin/od", X_OK)      = 0
767822 newfstatat(AT_FDCWD, "/usr/bin/od", {st_mode=S_IFREG|0755, st_size=11352352, ...}, 0) = 0
767823 newfstatat(AT_FDCWD, "/home/firstmate/bin/tr", 0x7ffc84452d50, 0) = -1 ENOENT (No such file or directory)
767823 newfstatat(AT_FDCWD, "/opt/homebrew/bin/tr", 0x7ffc84452d50, 0) = -1 ENOENT (No such file or directory)
767823 newfstatat(AT_FDCWD, "/opt/homebrew/sbin/tr", 0x7ffc84452d50, 0) = -1 ENOENT (No such file or directory)
767823 newfstatat(AT_FDCWD, "/usr/local/bin/tr", 0x7ffc84452d50, 0) = -1 ENOENT (No such file or directory)
767823 newfstatat(AT_FDCWD, "/usr/local/sbin/tr", 0x7ffc84452d50, 0) = -1 ENOENT (No such file or directory)
767823 newfstatat(AT_FDCWD, "/usr/bin/tr", {st_mode=S_IFREG|0755, st_size=11352352, ...}, 0) = 0
767823 newfstatat(AT_FDCWD, "/usr/bin/tr", {st_mode=S_IFREG|0755, st_size=11352352, ...}, 0) = 0
767822 access("/usr/bin/od", R_OK)      = 0
767823 access("/usr/bin/tr", X_OK)      = 0
767823 newfstatat(AT_FDCWD, "/usr/bin/tr", {st_mode=S_IFREG|0755, st_size=11352352, ...}, 0) = 0
767822 openat(AT_FDCWD, "/dev/null", O_WRONLY|O_CREAT|O_TRUNC, 0666) = 3
767822 execve("/usr/bin/od", ["od", "-An", "-v", "-tx1", "/proc/760355/cmdline"], 0x5a34a1015570 /* 9 vars */ <unfinished ...>
767823 access("/usr/bin/tr", R_OK)      = 0
767822 <... execve resumed>)            = 0
767823 execve("/usr/bin/tr", ["tr", "-d", "[:space:]"], 0x5a34a1015570 /* 9 vars */ <unfinished ...>
767822 access("/etc/ld.so.preload", R_OK) = -1 ENOENT (No such file or directory)
767822 openat(AT_FDCWD, "/etc/ld.so.cache", O_RDONLY|O_CLOEXEC) = 3
767822 openat(AT_FDCWD, "/usr/lib/x86_64-linux-gnu/libselinux.so.1", O_RDONLY|O_CLOEXEC <unfinished ...>
767823 <... execve resumed>)            = 0
767822 <... openat resumed>)            = 3
767822 openat(AT_FDCWD, "/usr/lib/x86_64-linux-gnu/libgcc_s.so.1", O_RDONLY|O_CLOEXEC) = 3
767823 access("/etc/ld.so.preload", R_OK) = -1 ENOENT (No such file or directory)
767823 openat(AT_FDCWD, "/etc/ld.so.cache", O_RDONLY|O_CLOEXEC) = 3
767822 openat(AT_FDCWD, "/usr/lib/x86_64-linux-gnu/libm.so.6", O_RDONLY|O_CLOEXEC) = 3
767823 openat(AT_FDCWD, "/usr/lib/x86_64-linux-gnu/libselinux.so.1", O_RDONLY|O_CLOEXEC) = 3
767822 openat(AT_FDCWD, "/usr/lib/x86_64-linux-gnu/libc.so.6", O_RDONLY|O_CLOEXEC) = 3
767823 openat(AT_FDCWD, "/usr/lib/x86_64-linux-gnu/libgcc_s.so.1", O_RDONLY|O_CLOEXEC) = 3
767822 openat(AT_FDCWD, "/usr/lib/x86_64-linux-gnu/libpcre2-8.so.0", O_RDONLY|O_CLOEXEC) = 3
767823 openat(AT_FDCWD, "/usr/lib/x86_64-linux-gnu/libm.so.6", O_RDONLY|O_CLOEXEC) = 3
767823 openat(AT_FDCWD, "/usr/lib/x86_64-linux-gnu/libc.so.6", O_RDONLY|O_CLOEXEC) = 3
767823 openat(AT_FDCWD, "/usr/lib/x86_64-linux-gnu/libpcre2-8.so.0", O_RDONLY|O_CLOEXEC) = 3
767822 statfs("/sys/fs/selinux", 0x7ffdcb1384b0) = -1 ENOENT (No such file or directory)
767822 statfs("/selinux", 0x7ffdcb1384b0) = -1 ENOENT (No such file or directory)
767822 openat(AT_FDCWD, "/proc/filesystems", O_RDONLY|O_CLOEXEC) = 3
767822 access("/etc/selinux/config", F_OK) = -1 ENOENT (No such file or directory)
767822 openat(AT_FDCWD, "/proc/self/maps", O_RDONLY|O_CLOEXEC) = 3
767823 statfs("/sys/fs/selinux", 0x7ffc072552d0) = -1 ENOENT (No such file or directory)
767823 statfs("/selinux", 0x7ffc072552d0) = -1 ENOENT (No such file or directory)
767823 openat(AT_FDCWD, "/proc/filesystems", O_RDONLY|O_CLOEXEC) = 3
767822 statx(AT_FDCWD, "/usr/share/coreutils/locales/od", AT_STATX_SYNC_AS_STAT, STATX_ALL, {stx_mask=STATX_ALL|STATX_MNT_ID, stx_attributes=0, stx_mode=S_IFDIR|0755, stx_size=4096, ...}) = 0
767822 statx(AT_FDCWD, "/usr/share/coreutils/locales/uucore", AT_STATX_SYNC_AS_STAT, STATX_ALL, {stx_mask=STATX_ALL|STATX_MNT_ID, stx_attributes=0, stx_mode=S_IFDIR|0755, stx_size=4096, ...}) = 0
767822 openat(AT_FDCWD, "/usr/share/coreutils/locales/uucore/en-US.ftl", O_RDONLY|O_CLOEXEC) = 3
767823 access("/etc/selinux/config", F_OK <unfinished ...>
767822 statx(3, "", AT_STATX_SYNC_AS_STAT|AT_EMPTY_PATH, STATX_ALL <unfinished ...>
767823 <... access resumed>)            = -1 ENOENT (No such file or directory)
767822 <... statx resumed>, {stx_mask=STATX_ALL|STATX_MNT_ID, stx_attributes=0, stx_mode=S_IFREG|0644, stx_size=4080, ...}) = 0
767822 statx(AT_FDCWD, "/usr/share/coreutils/locales/od", AT_STATX_SYNC_AS_STAT, STATX_ALL, {stx_mask=STATX_ALL|STATX_MNT_ID, stx_attributes=0, stx_mode=S_IFDIR|0755, stx_size=4096, ...}) = 0
767822 openat(AT_FDCWD, "/usr/share/coreutils/locales/od/en-US.ftl", O_RDONLY|O_CLOEXEC) = -1 ENOENT (No such file or directory)
767823 openat(AT_FDCWD, "/proc/self/maps", O_RDONLY|O_CLOEXEC) = 3
767822 openat(AT_FDCWD, "/proc/760355/cmdline", O_RDONLY|O_CLOEXEC) = 3
767823 statx(AT_FDCWD, "/usr/share/coreutils/locales/tr", AT_STATX_SYNC_AS_STAT, STATX_ALL, {stx_mask=STATX_ALL|STATX_MNT_ID, stx_attributes=0, stx_mode=S_IFDIR|0755, stx_size=4096, ...}) = 0
767823 statx(AT_FDCWD, "/usr/share/coreutils/locales/uucore", AT_STATX_SYNC_AS_STAT, STATX_ALL, {stx_mask=STATX_ALL|STATX_MNT_ID, stx_attributes=0, stx_mode=S_IFDIR|0755, stx_size=4096, ...}) = 0
767823 openat(AT_FDCWD, "/usr/share/coreutils/locales/uucore/en-US.ftl", O_RDONLY|O_CLOEXEC) = 3
767823 statx(3, "", AT_STATX_SYNC_AS_STAT|AT_EMPTY_PATH, STATX_ALL, {stx_mask=STATX_ALL|STATX_MNT_ID, stx_attributes=0, stx_mode=S_IFREG|0644, stx_size=4080, ...}) = 0
767823 statx(AT_FDCWD, "/usr/share/coreutils/locales/tr", AT_STATX_SYNC_AS_STAT, STATX_ALL, {stx_mask=STATX_ALL|STATX_MNT_ID, stx_attributes=0, stx_mode=S_IFDIR|0755, stx_size=4096, ...}) = 0
767823 openat(AT_FDCWD, "/usr/share/coreutils/locales/tr/en-US.ftl", O_RDONLY|O_CLOEXEC) = -1 ENOENT (No such file or directory)
767822 +++ exited with 0 +++
767823 +++ exited with 0 +++
767821 --- SIGCHLD {si_signo=SIGCHLD, si_code=CLD_EXITED, si_pid=767822, si_uid=0, si_status=0, si_utime=0, si_stime=1 /* 0.01 s */} ---
767821 +++ exited with 0 +++
767716 --- SIGCHLD {si_signo=SIGCHLD, si_code=CLD_EXITED, si_pid=767821, si_uid=0, si_status=0, si_utime=0, si_stime=0} ---
767837 newfstatat(AT_FDCWD, ".", {st_mode=S_IFDIR|0775, st_size=4096, ...}, 0) = 0
767837 newfstatat(AT_FDCWD, "/home/firstmate/.local/codex-latest/lib/node_modules/@openai/codex/node_modules/@openai/codex-linux-x64/vendor/x86_64-unknown-linux-musl/codex-path/cat", 0x7ffc84454070, 0) = -1 ENOENT (No such file or directory)
767837 newfstatat(AT_FDCWD, "/home/firstmate/.codex-5/tmp/arg0/codex-arg065EgpK/cat", 0x7ffc84454070, 0) = -1 ENOENT (No such file or directory)
767837 newfstatat(AT_FDCWD, "/home/firstmate/.local/codex-latest/lib/node_modules/@openai/codex/node_modules/@openai/codex-linux-x64/vendor/x86_64-unknown-linux-musl/codex-path/cat", 0x7ffc84454070, 0) = -1 ENOENT (No such file or directory)
767837 newfstatat(AT_FDCWD, "/home/firstmate/.local/bin/cat", 0x7ffc84454070, 0) = -1 ENOENT (No such file or directory)
767837 newfstatat(AT_FDCWD, "/home/firstmate/go/bin/cat", 0x7ffc84454070, 0) = -1 ENOENT (No such file or directory)
767837 newfstatat(AT_FDCWD, "/home/firstmate/.cargo/bin/cat", 0x7ffc84454070, 0) = -1 ENOENT (No such file or directory)
767837 newfstatat(AT_FDCWD, "/home/firstmate/bin/cat", 0x7ffc84454070, 0) = -1 ENOENT (No such file or directory)
767837 newfstatat(AT_FDCWD, "/opt/homebrew/bin/cat", 0x7ffc84454070, 0) = -1 ENOENT (No such file or directory)
767837 newfstatat(AT_FDCWD, "/opt/homebrew/sbin/cat", 0x7ffc84454070, 0) = -1 ENOENT (No such file or directory)
767837 newfstatat(AT_FDCWD, "/usr/local/bin/cat", 0x7ffc84454070, 0) = -1 ENOENT (No such file or directory)
767837 newfstatat(AT_FDCWD, "/usr/local/sbin/cat", 0x7ffc84454070, 0) = -1 ENOENT (No such file or directory)
767837 newfstatat(AT_FDCWD, "/usr/bin/cat", {st_mode=S_IFREG|0755, st_size=11352352, ...}, 0) = 0
767837 newfstatat(AT_FDCWD, "/usr/bin/cat", {st_mode=S_IFREG|0755, st_size=11352352, ...}, 0) = 0
767837 access("/usr/bin/cat", X_OK)     = 0
767837 newfstatat(AT_FDCWD, "/usr/bin/cat", {st_mode=S_IFREG|0755, st_size=11352352, ...}, 0) = 0
767837 access("/usr/bin/cat", R_OK)     = 0
767837 execve("/usr/bin/cat", ["cat", "/home/firstmate/.no-mistakes/wor"...], 0x5a34a0ffe170 /* 9 vars */) = 0
767837 access("/etc/ld.so.preload", R_OK) = -1 ENOENT (No such file or directory)
767837 openat(AT_FDCWD, "/etc/ld.so.cache", O_RDONLY|O_CLOEXEC) = 3
767837 openat(AT_FDCWD, "/usr/lib/x86_64-linux-gnu/libselinux.so.1", O_RDONLY|O_CLOEXEC) = 3
767837 openat(AT_FDCWD, "/usr/lib/x86_64-linux-gnu/libgcc_s.so.1", O_RDONLY|O_CLOEXEC) = 3
767837 openat(AT_FDCWD, "/usr/lib/x86_64-linux-gnu/libm.so.6", O_RDONLY|O_CLOEXEC) = 3
767837 openat(AT_FDCWD, "/usr/lib/x86_64-linux-gnu/libc.so.6", O_RDONLY|O_CLOEXEC) = 3
767837 openat(AT_FDCWD, "/usr/lib/x86_64-linux-gnu/libpcre2-8.so.0", O_RDONLY|O_CLOEXEC) = 3
767837 statfs("/sys/fs/selinux", 0x7ffdfd246980) = -1 ENOENT (No such file or directory)
767837 statfs("/selinux", 0x7ffdfd246980) = -1 ENOENT (No such file or directory)
767837 openat(AT_FDCWD, "/proc/filesystems", O_RDONLY|O_CLOEXEC) = 3
767837 access("/etc/selinux/config", F_OK) = -1 ENOENT (No such file or directory)
767837 openat(AT_FDCWD, "/proc/self/maps", O_RDONLY|O_CLOEXEC) = 3
767837 statx(AT_FDCWD, "/usr/share/coreutils/locales/cat", AT_STATX_SYNC_AS_STAT, STATX_ALL, {stx_mask=STATX_ALL|STATX_MNT_ID, stx_attributes=0, stx_mode=S_IFDIR|0755, stx_size=4096, ...}) = 0
767837 statx(AT_FDCWD, "/usr/share/coreutils/locales/uucore", AT_STATX_SYNC_AS_STAT, STATX_ALL, {stx_mask=STATX_ALL|STATX_MNT_ID, stx_attributes=0, stx_mode=S_IFDIR|0755, stx_size=4096, ...}) = 0
767837 openat(AT_FDCWD, "/usr/share/coreutils/locales/uucore/en-US.ftl", O_RDONLY|O_CLOEXEC) = 3
767837 statx(3, "", AT_STATX_SYNC_AS_STAT|AT_EMPTY_PATH, STATX_ALL, {stx_mask=STATX_ALL|STATX_MNT_ID, stx_attributes=0, stx_mode=S_IFREG|0644, stx_size=4080, ...}) = 0
767837 statx(AT_FDCWD, "/usr/share/coreutils/locales/cat", AT_STATX_SYNC_AS_STAT, STATX_ALL, {stx_mask=STATX_ALL|STATX_MNT_ID, stx_attributes=0, stx_mode=S_IFDIR|0755, stx_size=4096, ...}) = 0
767837 openat(AT_FDCWD, "/usr/share/coreutils/locales/cat/en-US.ftl", O_RDONLY|O_CLOEXEC) = -1 ENOENT (No such file or directory)
767837 statx(AT_FDCWD, "/home/firstmate/.no-mistakes/worktrees/8352e211db7e/01M4F29HK4JCAKXEQ2F50R6HHX/.test-tmp/boundary/home/state/.lock", AT_STATX_SYNC_AS_STAT, STATX_ALL, {stx_mask=STATX_ALL|STATX_MNT_ID, stx_attributes=0, stx_mode=S_IFREG|0600, stx_size=7, ...}) = 0
767837 openat(AT_FDCWD, "/home/firstmate/.no-mistakes/worktrees/8352e211db7e/01M4F29HK4JCAKXEQ2F50R6HHX/.test-tmp/boundary/home/state/.lock", O_RDONLY|O_CLOEXEC) = 3
767837 +++ exited with 0 +++
767716 --- SIGCHLD {si_signo=SIGCHLD, si_code=CLD_EXITED, si_pid=767837, si_uid=0, si_status=0, si_utime=0, si_stime=1 /* 0.01 s */} ---
767716 newfstatat(AT_FDCWD, ".", {st_mode=S_IFDIR|0775, st_size=4096, ...}, 0) = 0
767716 newfstatat(AT_FDCWD, "/home/firstmate/.local/codex-latest/lib/node_modules/@openai/codex/node_modules/@openai/codex-linux-x64/vendor/x86_64-unknown-linux-musl/codex-path/python3", 0x7ffc84454d60, 0) = -1 ENOENT (No such file or directory)
767716 newfstatat(AT_FDCWD, "/home/firstmate/.codex-5/tmp/arg0/codex-arg065EgpK/python3", 0x7ffc84454d60, 0) = -1 ENOENT (No such file or directory)
767716 newfstatat(AT_FDCWD, "/home/firstmate/.local/codex-latest/lib/node_modules/@openai/codex/node_modules/@openai/codex-linux-x64/vendor/x86_64-unknown-linux-musl/codex-path/python3", 0x7ffc84454d60, 0) = -1 ENOENT (No such file or directory)
767716 newfstatat(AT_FDCWD, "/home/firstmate/.local/bin/python3", 0x7ffc84454d60, 0) = -1 ENOENT (No such file or directory)
767716 newfstatat(AT_FDCWD, "/home/firstmate/go/bin/python3", 0x7ffc84454d60, 0) = -1 ENOENT (No such file or directory)
767716 newfstatat(AT_FDCWD, "/home/firstmate/.cargo/bin/python3", 0x7ffc84454d60, 0) = -1 ENOENT (No such file or directory)
767716 newfstatat(AT_FDCWD, "/home/firstmate/bin/python3", 0x7ffc84454d60, 0) = -1 ENOENT (No such file or directory)
767716 newfstatat(AT_FDCWD, "/opt/homebrew/bin/python3", 0x7ffc84454d60, 0) = -1 ENOENT (No such file or directory)
767716 newfstatat(AT_FDCWD, "/opt/homebrew/sbin/python3", 0x7ffc84454d60, 0) = -1 ENOENT (No such file or directory)
767716 newfstatat(AT_FDCWD, "/usr/local/bin/python3", 0x7ffc84454d60, 0) = -1 ENOENT (No such file or directory)
767716 newfstatat(AT_FDCWD, "/usr/local/sbin/python3", 0x7ffc84454d60, 0) = -1 ENOENT (No such file or directory)
767716 newfstatat(AT_FDCWD, "/usr/bin/python3", {st_mode=S_IFREG|0755, st_size=7477160, ...}, 0) = 0
767716 newfstatat(AT_FDCWD, "/usr/bin/python3", {st_mode=S_IFREG|0755, st_size=7477160, ...}, 0) = 0
767716 access("/usr/bin/python3", X_OK) = 0
767716 newfstatat(AT_FDCWD, "/usr/bin/python3", {st_mode=S_IFREG|0755, st_size=7477160, ...}, 0) = 0
767716 access("/usr/bin/python3", R_OK) = 0
767716 execve("/usr/bin/python3", ["python3", "/home/firstmate/.no-mistakes/wor"..., "poll"], 0x5a34a0ffe170 /* 8 vars */) = 0
767716 access("/etc/ld.so.preload", R_OK) = -1 ENOENT (No such file or directory)
767716 openat(AT_FDCWD, "/etc/ld.so.cache", O_RDONLY|O_CLOEXEC) = 3
767716 openat(AT_FDCWD, "/usr/lib/x86_64-linux-gnu/libm.so.6", O_RDONLY|O_CLOEXEC) = 3
767716 openat(AT_FDCWD, "/usr/lib/x86_64-linux-gnu/libz.so.1", O_RDONLY|O_CLOEXEC) = 3
767716 openat(AT_FDCWD, "/usr/lib/x86_64-linux-gnu/libexpat.so.1", O_RDONLY|O_CLOEXEC) = 3
767716 openat(AT_FDCWD, "/usr/lib/x86_64-linux-gnu/libc.so.6", O_RDONLY|O_CLOEXEC) = 3
767716 open("/proc/sys/vm/overcommit_memory", O_RDONLY) = 3
767716 openat(AT_FDCWD, "/usr/lib/locale/locale-archive", O_RDONLY|O_CLOEXEC) = 3
767716 openat(AT_FDCWD, "/usr/share/locale/locale.alias", O_RDONLY|O_CLOEXEC) = -1 ENOENT (No such file or directory)
767716 openat(AT_FDCWD, "/usr/lib/locale/C.UTF-8/LC_CTYPE", O_RDONLY|O_CLOEXEC) = -1 ENOENT (No such file or directory)
767716 openat(AT_FDCWD, "/usr/lib/locale/C.utf8/LC_CTYPE", O_RDONLY|O_CLOEXEC) = 3
767716 openat(AT_FDCWD, "/usr/lib/x86_64-linux-gnu/gconv/gconv-modules.cache", O_RDONLY|O_CLOEXEC) = 3
767716 openat(AT_FDCWD, "/proc/self/maps", O_RDONLY|O_CLOEXEC) = 3
767716 newfstatat(AT_FDCWD, "/home/firstmate/.local/codex-latest/lib/node_modules/@openai/codex/node_modules/@openai/codex-linux-x64/vendor/x86_64-unknown-linux-musl/codex-path/python3", 0x7ffc8d2e5300, 0) = -1 ENOENT (No such file or directory)
767716 newfstatat(AT_FDCWD, "/home/firstmate/.codex-5/tmp/arg0/codex-arg065EgpK/python3", 0x7ffc8d2e5300, 0) = -1 ENOENT (No such file or directory)
767716 newfstatat(AT_FDCWD, "/home/firstmate/.local/codex-latest/lib/node_modules/@openai/codex/node_modules/@openai/codex-linux-x64/vendor/x86_64-unknown-linux-musl/codex-path/python3", 0x7ffc8d2e5300, 0) = -1 ENOENT (No such file or directory)
767716 newfstatat(AT_FDCWD, "/home/firstmate/.local/bin/python3", 0x7ffc8d2e5300, 0) = -1 ENOENT (No such file or directory)
767716 newfstatat(AT_FDCWD, "/home/firstmate/go/bin/python3", 0x7ffc8d2e5300, 0) = -1 ENOENT (No such file or directory)
767716 newfstatat(AT_FDCWD, "/home/firstmate/.cargo/bin/python3", 0x7ffc8d2e5300, 0) = -1 ENOENT (No such file or directory)
767716 newfstatat(AT_FDCWD, "/home/firstmate/bin/python3", 0x7ffc8d2e5300, 0) = -1 ENOENT (No such file or directory)
767716 newfstatat(AT_FDCWD, "/opt/homebrew/bin/python3", 0x7ffc8d2e5300, 0) = -1 ENOENT (No such file or directory)
767716 newfstatat(AT_FDCWD, "/opt/homebrew/sbin/python3", 0x7ffc8d2e5300, 0) = -1 ENOENT (No such file or directory)
767716 newfstatat(AT_FDCWD, "/usr/local/bin/python3", 0x7ffc8d2e5300, 0) = -1 ENOENT (No such file or directory)
767716 newfstatat(AT_FDCWD, "/usr/local/sbin/python3", 0x7ffc8d2e5300, 0) = -1 ENOENT (No such file or directory)
767716 newfstatat(AT_FDCWD, "/usr/bin/python3", {st_mode=S_IFREG|0755, st_size=7477160, ...}, 0) = 0
767716 openat(AT_FDCWD, "/usr/pyvenv.cfg", O_RDONLY) = -1 ENOENT (No such file or directory)
767716 openat(AT_FDCWD, "/usr/bin/pyvenv.cfg", O_RDONLY) = -1 ENOENT (No such file or directory)
767716 readlink("/usr/bin/python3", "python3.14", 4096) = 10
767716 readlink("/usr/bin/python3.14", 0x7ffc8d2e0320, 4096) = -1 EINVAL (Invalid argument)
767716 openat(AT_FDCWD, "/usr/bin/python3._pth", O_RDONLY) = -1 ENOENT (No such file or directory)
767716 openat(AT_FDCWD, "/usr/bin/python3.14._pth", O_RDONLY) = -1 ENOENT (No such file or directory)
767716 openat(AT_FDCWD, "/usr/bin/pybuilddir.txt", O_RDONLY) = -1 ENOENT (No such file or directory)
767716 newfstatat(AT_FDCWD, "/usr/bin/Modules/Setup.local", 0x7ffc8d2e5300, 0) = -1 ENOENT (No such file or directory)
767716 newfstatat(AT_FDCWD, "/usr/bin/lib/python314.zip", 0x7ffc8d2e4fe0, 0) = -1 ENOENT (No such file or directory)
767716 newfstatat(AT_FDCWD, "/usr/lib/python314.zip", 0x7ffc8d2e5300, 0) = -1 ENOENT (No such file or directory)
767716 newfstatat(AT_FDCWD, "/usr/bin/lib/python3.14/os.py", 0x7ffc8d2e5300, 0) = -1 ENOENT (No such file or directory)
767716 newfstatat(AT_FDCWD, "/usr/bin/lib/python3.14/os.pyc", 0x7ffc8d2e5300, 0) = -1 ENOENT (No such file or directory)
767716 newfstatat(AT_FDCWD, "/usr/lib/python3.14/os.py", {st_mode=S_IFREG|0644, st_size=41959, ...}, 0) = 0
767716 newfstatat(AT_FDCWD, "/usr/lib/python3.14/lib-dynload", {st_mode=S_IFDIR|0755, st_size=16384, ...}, 0) = 0
767716 newfstatat(AT_FDCWD, "/usr/lib/python3.14/lib-dynload", {st_mode=S_IFDIR|0755, st_size=16384, ...}, 0) = 0
767716 openat(AT_FDCWD, "/etc/localtime", O_RDONLY|O_CLOEXEC) = 3
767716 newfstatat(AT_FDCWD, "/usr/lib/python314.zip", 0x7ffc8d2e4ac0, 0) = -1 ENOENT (No such file or directory)
767716 newfstatat(AT_FDCWD, "/usr/lib", {st_mode=S_IFDIR|0755, st_size=4096, ...}, 0) = 0
767716 newfstatat(AT_FDCWD, "/usr/lib/python314.zip", 0x7ffc8d2e4fa0, 0) = -1 ENOENT (No such file or directory)
767716 newfstatat(AT_FDCWD, "/usr/lib/python3.14", {st_mode=S_IFDIR|0755, st_size=20480, ...}, 0) = 0
767716 newfstatat(AT_FDCWD, "/usr/lib/python3.14", {st_mode=S_IFDIR|0755, st_size=20480, ...}, 0) = 0
767716 newfstatat(AT_FDCWD, "/usr/lib/python3.14", {st_mode=S_IFDIR|0755, st_size=20480, ...}, 0) = 0
767716 openat(AT_FDCWD, "/usr/lib/python3.14", O_RDONLY|O_NONBLOCK|O_CLOEXEC|O_DIRECTORY) = 3
767716 newfstatat(AT_FDCWD, "/usr/lib/python3.14/encodings/__init__.cpython-314-x86_64-linux-gnu.so", 0x7ffc8d2e4fa0, 0) = -1 ENOENT (No such file or directory)
767716 newfstatat(AT_FDCWD, "/usr/lib/python3.14/encodings/__init__.abi3.so", 0x7ffc8d2e4fa0, 0) = -1 ENOENT (No such file or directory)
767716 newfstatat(AT_FDCWD, "/usr/lib/python3.14/encodings/__init__.abi3-x86_64-linux-gnu.so", 0x7ffc8d2e4fa0, 0) = -1 ENOENT (No such file or directory)
767716 newfstatat(AT_FDCWD, "/usr/lib/python3.14/encodings/__init__.so", 0x7ffc8d2e4fa0, 0) = -1 ENOENT (No such file or directory)
767716 newfstatat(AT_FDCWD, "/usr/lib/python3.14/encodings/__init__.py", {st_mode=S_IFREG|0644, st_size=5945, ...}, 0) = 0
767716 newfstatat(AT_FDCWD, "/usr/lib/python3.14/encodings/__init__.py", {st_mode=S_IFREG|0644, st_size=5945, ...}, 0) = 0
767716 openat(AT_FDCWD, "/usr/lib/python3.14/encodings/__pycache__/__init__.cpython-314.pyc", O_RDONLY|O_CLOEXEC) = 3
767716 newfstatat(AT_FDCWD, "/usr/lib/python3.14/encodings", {st_mode=S_IFDIR|0755, st_size=20480, ...}, 0) = 0
767716 newfstatat(AT_FDCWD, "/usr/lib/python3.14/encodings", {st_mode=S_IFDIR|0755, st_size=20480, ...}, 0) = 0
767716 newfstatat(AT_FDCWD, "/usr/lib/python3.14/encodings", {st_mode=S_IFDIR|0755, st_size=20480, ...}, 0) = 0
767716 openat(AT_FDCWD, "/usr/lib/python3.14/encodings", O_RDONLY|O_NONBLOCK|O_CLOEXEC|O_DIRECTORY) = 3
767716 newfstatat(AT_FDCWD, "/usr/lib/python3.14/encodings/aliases.py", {st_mode=S_IFREG|0644, st_size=15957, ...}, 0) = 0
767716 newfstatat(AT_FDCWD, "/usr/lib/python3.14/encodings/aliases.py", {st_mode=S_IFREG|0644, st_size=15957, ...}, 0) = 0
767716 openat(AT_FDCWD, "/usr/lib/python3.14/encodings/__pycache__/aliases.cpython-314.pyc", O_RDONLY|O_CLOEXEC) = 3
767716 newfstatat(AT_FDCWD, "/usr/lib/python3.14/encodings", {st_mode=S_IFDIR|0755, st_size=20480, ...}, 0) = 0
767716 newfstatat(AT_FDCWD, "/usr/lib/python3.14/encodings/utf_8.py", {st_mode=S_IFREG|0644, st_size=1005, ...}, 0) = 0
767716 newfstatat(AT_FDCWD, "/usr/lib/python3.14/encodings/utf_8.py", {st_mode=S_IFREG|0644, st_size=1005, ...}, 0) = 0
767716 openat(AT_FDCWD, "/usr/lib/python3.14/encodings/__pycache__/utf_8.cpython-314.pyc", O_RDONLY|O_CLOEXEC) = 3
767716 newfstatat(AT_FDCWD, "/usr/bin/pyvenv.cfg", 0x7ffc8d2e4800, 0) = -1 ENOENT (No such file or directory)
767716 newfstatat(AT_FDCWD, "/usr/pyvenv.cfg", 0x7ffc8d2e4820, 0) = -1 ENOENT (No such file or directory)
767716 newfstatat(AT_FDCWD, "/home/firstmate/.local/lib/python3.14/site-packages", {st_mode=S_IFDIR|0775, st_size=4096, ...}, 0) = 0
767716 openat(AT_FDCWD, "/home/firstmate/.local/lib/python3.14/site-packages", O_RDONLY|O_NONBLOCK|O_CLOEXEC|O_DIRECTORY) = 3
767716 newfstatat(AT_FDCWD, "/usr/local/lib/python3.14/dist-packages", {st_mode=S_IFDIR|0755, st_size=4096, ...}, 0) = 0
767716 openat(AT_FDCWD, "/usr/local/lib/python3.14/dist-packages", O_RDONLY|O_NONBLOCK|O_CLOEXEC|O_DIRECTORY) = 3
767716 newfstatat(AT_FDCWD, "/usr/lib/python3/dist-packages", {st_mode=S_IFDIR|0755, st_size=12288, ...}, 0) = 0
767716 openat(AT_FDCWD, "/usr/lib/python3/dist-packages", O_RDONLY|O_NONBLOCK|O_CLOEXEC|O_DIRECTORY) = 3
767716 newfstatat(AT_FDCWD, "/usr/lib/python3/dist-packages/distutils-precedence.pth", {st_mode=S_IFREG|0644, st_size=151, ...}, AT_SYMLINK_NOFOLLOW) = 0
767716 openat(AT_FDCWD, "/usr/lib/python3/dist-packages/distutils-precedence.pth", O_RDONLY|O_CLOEXEC) = 3
767716 newfstatat(AT_FDCWD, "/usr/lib/python3.14/encodings", {st_mode=S_IFDIR|0755, st_size=20480, ...}, 0) = 0
767716 newfstatat(AT_FDCWD, "/usr/lib/python3.14/encodings/utf_8_sig.py", {st_mode=S_IFREG|0644, st_size=4133, ...}, 0) = 0
767716 newfstatat(AT_FDCWD, "/usr/lib/python3.14/encodings/utf_8_sig.py", {st_mode=S_IFREG|0644, st_size=4133, ...}, 0) = 0
767716 openat(AT_FDCWD, "/usr/lib/python3.14/encodings/__pycache__/utf_8_sig.cpython-314.pyc", O_RDONLY|O_CLOEXEC) = 3
767716 newfstatat(AT_FDCWD, "/usr/lib/python3.14", {st_mode=S_IFDIR|0755, st_size=20480, ...}, 0) = 0
767716 newfstatat(AT_FDCWD, "/usr/lib/python3.14/lib-dynload", {st_mode=S_IFDIR|0755, st_size=16384, ...}, 0) = 0
767716 newfstatat(AT_FDCWD, "/usr/lib/python3.14/lib-dynload", {st_mode=S_IFDIR|0755, st_size=16384, ...}, 0) = 0
767716 newfstatat(AT_FDCWD, "/usr/lib/python3.14/lib-dynload", {st_mode=S_IFDIR|0755, st_size=16384, ...}, 0) = 0
767716 openat(AT_FDCWD, "/usr/lib/python3.14/lib-dynload", O_RDONLY|O_NONBLOCK|O_CLOEXEC|O_DIRECTORY) = 3
767716 newfstatat(AT_FDCWD, "/home/firstmate/.local/lib/python3.14/site-packages", {st_mode=S_IFDIR|0775, st_size=4096, ...}, 0) = 0
767716 newfstatat(AT_FDCWD, "/home/firstmate/.local/lib/python3.14/site-packages", {st_mode=S_IFDIR|0775, st_size=4096, ...}, 0) = 0
767716 newfstatat(AT_FDCWD, "/home/firstmate/.local/lib/python3.14/site-packages", {st_mode=S_IFDIR|0775, st_size=4096, ...}, 0) = 0
767716 openat(AT_FDCWD, "/home/firstmate/.local/lib/python3.14/site-packages", O_RDONLY|O_NONBLOCK|O_CLOEXEC|O_DIRECTORY) = 3
767716 newfstatat(AT_FDCWD, "/usr/local/lib/python3.14/dist-packages", {st_mode=S_IFDIR|0755, st_size=4096, ...}, 0) = 0
767716 newfstatat(AT_FDCWD, "/usr/local/lib/python3.14/dist-packages", {st_mode=S_IFDIR|0755, st_size=4096, ...}, 0) = 0
767716 newfstatat(AT_FDCWD, "/usr/local/lib/python3.14/dist-packages", {st_mode=S_IFDIR|0755, st_size=4096, ...}, 0) = 0
767716 openat(AT_FDCWD, "/usr/local/lib/python3.14/dist-packages", O_RDONLY|O_NONBLOCK|O_CLOEXEC|O_DIRECTORY) = 3
767716 newfstatat(AT_FDCWD, "/usr/lib/python3/dist-packages", {st_mode=S_IFDIR|0755, st_size=12288, ...}, 0) = 0
767716 newfstatat(AT_FDCWD, "/usr/lib/python3/dist-packages", {st_mode=S_IFDIR|0755, st_size=12288, ...}, 0) = 0
767716 newfstatat(AT_FDCWD, "/usr/lib/python3/dist-packages", {st_mode=S_IFDIR|0755, st_size=12288, ...}, 0) = 0
767716 openat(AT_FDCWD, "/usr/lib/python3/dist-packages", O_RDONLY|O_NONBLOCK|O_CLOEXEC|O_DIRECTORY) = 3
767716 newfstatat(AT_FDCWD, "/usr/lib/python3/dist-packages/_distutils_hack/__init__.cpython-314-x86_64-linux-gnu.so", 0x7ffc8d2e3fb0, 0) = -1 ENOENT (No such file or directory)
767716 newfstatat(AT_FDCWD, "/usr/lib/python3/dist-packages/_distutils_hack/__init__.abi3.so", 0x7ffc8d2e3fb0, 0) = -1 ENOENT (No such file or directory)
767716 newfstatat(AT_FDCWD, "/usr/lib/python3/dist-packages/_distutils_hack/__init__.abi3-x86_64-linux-gnu.so", 0x7ffc8d2e3fb0, 0) = -1 ENOENT (No such file or directory)
767716 newfstatat(AT_FDCWD, "/usr/lib/python3/dist-packages/_distutils_hack/__init__.so", 0x7ffc8d2e3fb0, 0) = -1 ENOENT (No such file or directory)
767716 newfstatat(AT_FDCWD, "/usr/lib/python3/dist-packages/_distutils_hack/__init__.py", {st_mode=S_IFREG|0644, st_size=6755, ...}, 0) = 0
767716 newfstatat(AT_FDCWD, "/usr/lib/python3/dist-packages/_distutils_hack/__init__.py", {st_mode=S_IFREG|0644, st_size=6755, ...}, 0) = 0
767716 openat(AT_FDCWD, "/usr/lib/python3/dist-packages/_distutils_hack/__pycache__/__init__.cpython-314.pyc", O_RDONLY|O_CLOEXEC) = 3
767716 newfstatat(AT_FDCWD, "/usr/lib/python3.14/dist-packages", 0x7ffc8d2e4b70, 0) = -1 ENOENT (No such file or directory)
767716 newfstatat(AT_FDCWD, "/usr/lib/python3.14", {st_mode=S_IFDIR|0755, st_size=20480, ...}, 0) = 0
767716 newfstatat(AT_FDCWD, "/usr/lib/python3.14/sitecustomize.py", {st_mode=S_IFREG|0644, st_size=155, ...}, 0) = 0
767716 newfstatat(AT_FDCWD, "/usr/lib/python3.14/sitecustomize.py", {st_mode=S_IFREG|0644, st_size=155, ...}, 0) = 0
767716 openat(AT_FDCWD, "/usr/lib/python3.14/__pycache__/sitecustomize.cpython-314.pyc", O_RDONLY|O_CLOEXEC) = 3
767716 newfstatat(AT_FDCWD, "/usr/lib/python3.14", {st_mode=S_IFDIR|0755, st_size=20480, ...}, 0) = 0
767716 newfstatat(AT_FDCWD, "/usr/lib/python3.14/lib-dynload", {st_mode=S_IFDIR|0755, st_size=16384, ...}, 0) = 0
767716 newfstatat(AT_FDCWD, "/home/firstmate/.local/lib/python3.14/site-packages", {st_mode=S_IFDIR|0775, st_size=4096, ...}, 0) = 0
767716 newfstatat(AT_FDCWD, "/usr/local/lib/python3.14/dist-packages", {st_mode=S_IFDIR|0755, st_size=4096, ...}, 0) = 0
767716 newfstatat(AT_FDCWD, "/usr/lib/python3/dist-packages", {st_mode=S_IFDIR|0755, st_size=12288, ...}, 0) = 0
767716 newfstatat(AT_FDCWD, "/usr/lib/python3/dist-packages/apport_python_hook.py", {st_mode=S_IFREG|0644, st_size=8896, ...}, 0) = 0
767716 newfstatat(AT_FDCWD, "/usr/lib/python3/dist-packages/apport_python_hook.py", {st_mode=S_IFREG|0644, st_size=8896, ...}, 0) = 0
767716 openat(AT_FDCWD, "/usr/lib/python3/dist-packages/__pycache__/apport_python_hook.cpython-314.pyc", O_RDONLY|O_CLOEXEC) = 3
767716 newfstatat(AT_FDCWD, "/usr/lib/python3.14", {st_mode=S_IFDIR|0755, st_size=20480, ...}, 0) = 0
767716 newfstatat(AT_FDCWD, "/usr/lib/python3.14/types.py", {st_mode=S_IFREG|0644, st_size=11459, ...}, 0) = 0
767716 newfstatat(AT_FDCWD, "/usr/lib/python3.14/types.py", {st_mode=S_IFREG|0644, st_size=11459, ...}, 0) = 0
767716 openat(AT_FDCWD, "/usr/lib/python3.14/__pycache__/types.cpython-314.pyc", O_RDONLY|O_CLOEXEC) = 3
767716 newfstatat(AT_FDCWD, "/usr/lib/python3.14", {st_mode=S_IFDIR|0755, st_size=20480, ...}, 0) = 0
767716 newfstatat(AT_FDCWD, "/usr/lib/python3.14/lib-dynload", {st_mode=S_IFDIR|0755, st_size=16384, ...}, 0) = 0
767716 newfstatat(AT_FDCWD, "/home/firstmate/.local/lib/python3.14/site-packages", {st_mode=S_IFDIR|0775, st_size=4096, ...}, 0) = 0
767716 newfstatat(AT_FDCWD, "/usr/local/lib/python3.14/dist-packages", {st_mode=S_IFDIR|0755, st_size=4096, ...}, 0) = 0
767716 newfstatat(AT_FDCWD, "/usr/lib/python3/dist-packages", {st_mode=S_IFDIR|0755, st_size=12288, ...}, 0) = 0
767716 newfstatat(AT_FDCWD, "/home/firstmate/.no-mistakes/worktrees/8352e211db7e/01M4F29HK4JCAKXEQ2F50R6HHX/bin/fm_inbox_conversation.py", {st_mode=S_IFREG|0664, st_size=33410, ...}, 0) = 0
767716 openat(AT_FDCWD, "/home/firstmate/.no-mistakes/worktrees/8352e211db7e/01M4F29HK4JCAKXEQ2F50R6HHX/bin/fm_inbox_conversation.py", O_RDONLY|O_CLOEXEC) = 3
767716 newfstatat(AT_FDCWD, "/home/firstmate/.no-mistakes/worktrees/8352e211db7e/01M4F29HK4JCAKXEQ2F50R6HHX/bin/fm_inbox_conversation.py", {st_mode=S_IFREG|0664, st_size=33410, ...}, 0) = 0
767716 readlink("/home/firstmate/.no-mistakes/worktrees/8352e211db7e/01M4F29HK4JCAKXEQ2F50R6HHX/bin/fm_inbox_conversation.py", 0x7ffc8d2d3b80, 4096) = -1 EINVAL (Invalid argument)
767716 readlink("/home", 0x7ffc8d2d4760, 1023) = -1 EINVAL (Invalid argument)
767716 readlink("/home/firstmate", 0x7ffc8d2d4760, 1023) = -1 EINVAL (Invalid argument)
767716 readlink("/home/firstmate/.no-mistakes", 0x7ffc8d2d4760, 1023) = -1 EINVAL (Invalid argument)
767716 readlink("/home/firstmate/.no-mistakes/worktrees", 0x7ffc8d2d4760, 1023) = -1 EINVAL (Invalid argument)
767716 readlink("/home/firstmate/.no-mistakes/worktrees/8352e211db7e", 0x7ffc8d2d4760, 1023) = -1 EINVAL (Invalid argument)
767716 readlink("/home/firstmate/.no-mistakes/worktrees/8352e211db7e/01M4F29HK4JCAKXEQ2F50R6HHX", 0x7ffc8d2d4760, 1023) = -1 EINVAL (Invalid argument)
767716 readlink("/home/firstmate/.no-mistakes/worktrees/8352e211db7e/01M4F29HK4JCAKXEQ2F50R6HHX/bin", 0x7ffc8d2d4760, 1023) = -1 EINVAL (Invalid argument)
767716 readlink("/home/firstmate/.no-mistakes/worktrees/8352e211db7e/01M4F29HK4JCAKXEQ2F50R6HHX/bin/fm_inbox_conversation.py", 0x7ffc8d2d4760, 1023) = -1 EINVAL (Invalid argument)
767716 openat(AT_FDCWD, "/home/firstmate/.no-mistakes/worktrees/8352e211db7e/01M4F29HK4JCAKXEQ2F50R6HHX/bin/fm_inbox_conversation.py", O_RDONLY) = 3
767716 newfstatat(AT_FDCWD, "/home/firstmate/.no-mistakes/worktrees/8352e211db7e/01M4F29HK4JCAKXEQ2F50R6HHX/bin", {st_mode=S_IFDIR|0775, st_size=12288, ...}, 0) = 0
767716 newfstatat(AT_FDCWD, "/home/firstmate/.no-mistakes/worktrees/8352e211db7e/01M4F29HK4JCAKXEQ2F50R6HHX/bin", {st_mode=S_IFDIR|0775, st_size=12288, ...}, 0) = 0
767716 newfstatat(AT_FDCWD, "/home/firstmate/.no-mistakes/worktrees/8352e211db7e/01M4F29HK4JCAKXEQ2F50R6HHX/bin", {st_mode=S_IFDIR|0775, st_size=12288, ...}, 0) = 0
767716 openat(AT_FDCWD, "/home/firstmate/.no-mistakes/worktrees/8352e211db7e/01M4F29HK4JCAKXEQ2F50R6HHX/bin", O_RDONLY|O_NONBLOCK|O_CLOEXEC|O_DIRECTORY) = 3
767716 newfstatat(AT_FDCWD, "/usr/lib/python3.14", {st_mode=S_IFDIR|0755, st_size=20480, ...}, 0) = 0
767716 newfstatat(AT_FDCWD, "/usr/lib/python3.14/hashlib.py", {st_mode=S_IFREG|0644, st_size=9459, ...}, 0) = 0
767716 newfstatat(AT_FDCWD, "/usr/lib/python3.14/hashlib.py", {st_mode=S_IFREG|0644, st_size=9459, ...}, 0) = 0
767716 openat(AT_FDCWD, "/usr/lib/python3.14/__pycache__/hashlib.cpython-314.pyc", O_RDONLY|O_CLOEXEC) = 3
767716 newfstatat(AT_FDCWD, "/home/firstmate/.no-mistakes/worktrees/8352e211db7e/01M4F29HK4JCAKXEQ2F50R6HHX/bin", {st_mode=S_IFDIR|0775, st_size=12288, ...}, 0) = 0
767716 newfstatat(AT_FDCWD, "/usr/lib/python3.14", {st_mode=S_IFDIR|0755, st_size=20480, ...}, 0) = 0
767716 newfstatat(AT_FDCWD, "/usr/lib/python3.14/lib-dynload", {st_mode=S_IFDIR|0755, st_size=16384, ...}, 0) = 0
767716 newfstatat(AT_FDCWD, "/usr/lib/python3.14/lib-dynload/_hashlib.cpython-314-x86_64-linux-gnu.so", {st_mode=S_IFREG|0644, st_size=64448, ...}, 0) = 0
767716 openat(AT_FDCWD, "/usr/lib/python3.14/lib-dynload/_hashlib.cpython-314-x86_64-linux-gnu.so", O_RDONLY|O_CLOEXEC) = 3
767716 openat(AT_FDCWD, "/etc/ld.so.cache", O_RDONLY|O_CLOEXEC) = 3
767716 openat(AT_FDCWD, "/usr/lib/x86_64-linux-gnu/libcrypto.so.3", O_RDONLY|O_CLOEXEC) = 3
767716 openat(AT_FDCWD, "/usr/lib/x86_64-linux-gnu/libzstd.so.1", O_RDONLY|O_CLOEXEC) = 3
767716 openat(AT_FDCWD, "/proc/sys/crypto/fips_enabled", O_RDONLY) = -1 ENOENT (No such file or directory)
767716 openat(AT_FDCWD, "/etc/ubuntu-fips", O_RDONLY) = -1 ENOENT (No such file or directory)
767716 openat(AT_FDCWD, "/usr/lib/ssl/openssl.cnf", O_RDONLY) = 3
767716 newfstatat(AT_FDCWD, "/var/lib/crypto-config/profiles/current/openssl.conf.d", 0x7ffc8d2e3f60, 0) = -1 ENOENT (No such file or directory)
767716 newfstatat(AT_FDCWD, "/etc/ssl/openssl.conf.d", 0x7ffc8d2e3f60, 0) = -1 ENOENT (No such file or directory)
767716 newfstatat(AT_FDCWD, "/home/firstmate/.no-mistakes/worktrees/8352e211db7e/01M4F29HK4JCAKXEQ2F50R6HHX/bin", {st_mode=S_IFDIR|0775, st_size=12288, ...}, 0) = 0
767716 newfstatat(AT_FDCWD, "/usr/lib/python3.14", {st_mode=S_IFDIR|0755, st_size=20480, ...}, 0) = 0
767716 newfstatat(AT_FDCWD, "/usr/lib/python3.14/json/__init__.cpython-314-x86_64-linux-gnu.so", 0x7ffc8d2e4f90, 0) = -1 ENOENT (No such file or directory)
767716 newfstatat(AT_FDCWD, "/usr/lib/python3.14/json/__init__.abi3.so", 0x7ffc8d2e4f90, 0) = -1 ENOENT (No such file or directory)
767716 newfstatat(AT_FDCWD, "/usr/lib/python3.14/json/__init__.abi3-x86_64-linux-gnu.so", 0x7ffc8d2e4f90, 0) = -1 ENOENT (No such file or directory)
767716 newfstatat(AT_FDCWD, "/usr/lib/python3.14/json/__init__.so", 0x7ffc8d2e4f90, 0) = -1 ENOENT (No such file or directory)
767716 newfstatat(AT_FDCWD, "/usr/lib/python3.14/json/__init__.py", {st_mode=S_IFREG|0644, st_size=14066, ...}, 0) = 0
767716 newfstatat(AT_FDCWD, "/usr/lib/python3.14/json/__init__.py", {st_mode=S_IFREG|0644, st_size=14066, ...}, 0) = 0
767716 openat(AT_FDCWD, "/usr/lib/python3.14/json/__pycache__/__init__.cpython-314.pyc", O_RDONLY|O_CLOEXEC) = 3
767716 newfstatat(AT_FDCWD, "/usr/lib/python3.14/json", {st_mode=S_IFDIR|0755, st_size=4096, ...}, 0) = 0
767716 newfstatat(AT_FDCWD, "/usr/lib/python3.14/json", {st_mode=S_IFDIR|0755, st_size=4096, ...}, 0) = 0
767716 newfstatat(AT_FDCWD, "/usr/lib/python3.14/json", {st_mode=S_IFDIR|0755, st_size=4096, ...}, 0) = 0
767716 openat(AT_FDCWD, "/usr/lib/python3.14/json", O_RDONLY|O_NONBLOCK|O_CLOEXEC|O_DIRECTORY) = 3
767716 newfstatat(AT_FDCWD, "/usr/lib/python3.14/json/decoder.py", {st_mode=S_IFREG|0644, st_size=12873, ...}, 0) = 0
767716 newfstatat(AT_FDCWD, "/usr/lib/python3.14/json/decoder.py", {st_mode=S_IFREG|0644, st_size=12873, ...}, 0) = 0
767716 openat(AT_FDCWD, "/usr/lib/python3.14/json/__pycache__/decoder.cpython-314.pyc", O_RDONLY|O_CLOEXEC) = 3
767716 newfstatat(AT_FDCWD, "/home/firstmate/.no-mistakes/worktrees/8352e211db7e/01M4F29HK4JCAKXEQ2F50R6HHX/bin", {st_mode=S_IFDIR|0775, st_size=12288, ...}, 0) = 0
767716 newfstatat(AT_FDCWD, "/usr/lib/python3.14", {st_mode=S_IFDIR|0755, st_size=20480, ...}, 0) = 0
767716 newfstatat(AT_FDCWD, "/usr/lib/python3.14/re/__init__.cpython-314-x86_64-linux-gnu.so", 0x7ffc8d2e3a50, 0) = -1 ENOENT (No such file or directory)
767716 newfstatat(AT_FDCWD, "/usr/lib/python3.14/re/__init__.abi3.so", 0x7ffc8d2e3a50, 0) = -1 ENOENT (No such file or directory)
767716 newfstatat(AT_FDCWD, "/usr/lib/python3.14/re/__init__.abi3-x86_64-linux-gnu.so", 0x7ffc8d2e3a50, 0) = -1 ENOENT (No such file or directory)
767716 newfstatat(AT_FDCWD, "/usr/lib/python3.14/re/__init__.so", 0x7ffc8d2e3a50, 0) = -1 ENOENT (No such file or directory)
767716 newfstatat(AT_FDCWD, "/usr/lib/python3.14/re/__init__.py", {st_mode=S_IFREG|0644, st_size=17876, ...}, 0) = 0
767716 newfstatat(AT_FDCWD, "/usr/lib/python3.14/re/__init__.py", {st_mode=S_IFREG|0644, st_size=17876, ...}, 0) = 0
767716 openat(AT_FDCWD, "/usr/lib/python3.14/re/__pycache__/__init__.cpython-314.pyc", O_RDONLY|O_CLOEXEC) = 3
767716 newfstatat(AT_FDCWD, "/home/firstmate/.no-mistakes/worktrees/8352e211db7e/01M4F29HK4JCAKXEQ2F50R6HHX/bin", {st_mode=S_IFDIR|0775, st_size=12288, ...}, 0) = 0
767716 newfstatat(AT_FDCWD, "/usr/lib/python3.14", {st_mode=S_IFDIR|0755, st_size=20480, ...}, 0) = 0
767716 newfstatat(AT_FDCWD, "/usr/lib/python3.14/enum.py", {st_mode=S_IFREG|0644, st_size=85442, ...}, 0) = 0
767716 newfstatat(AT_FDCWD, "/usr/lib/python3.14/enum.py", {st_mode=S_IFREG|0644, st_size=85442, ...}, 0) = 0
767716 openat(AT_FDCWD, "/usr/lib/python3.14/__pycache__/enum.cpython-314.pyc", O_RDONLY|O_CLOEXEC) = 3
767716 newfstatat(AT_FDCWD, "/usr/lib/python3.14/re", {st_mode=S_IFDIR|0755, st_size=4096, ...}, 0) = 0
767716 newfstatat(AT_FDCWD, "/usr/lib/python3.14/re", {st_mode=S_IFDIR|0755, st_size=4096, ...}, 0) = 0
767716 newfstatat(AT_FDCWD, "/usr/lib/python3.14/re", {st_mode=S_IFDIR|0755, st_size=4096, ...}, 0) = 0
767716 openat(AT_FDCWD, "/usr/lib/python3.14/re", O_RDONLY|O_NONBLOCK|O_CLOEXEC|O_DIRECTORY) = 3
767716 newfstatat(AT_FDCWD, "/usr/lib/python3.14/re/_compiler.py", {st_mode=S_IFREG|0644, st_size=26855, ...}, 0) = 0
767716 newfstatat(AT_FDCWD, "/usr/lib/python3.14/re/_compiler.py", {st_mode=S_IFREG|0644, st_size=26855, ...}, 0) = 0
767716 openat(AT_FDCWD, "/usr/lib/python3.14/re/__pycache__/_compiler.cpython-314.pyc", O_RDONLY|O_CLOEXEC) = 3
767716 newfstatat(AT_FDCWD, "/usr/lib/python3.14/re", {st_mode=S_IFDIR|0755, st_size=4096, ...}, 0) = 0
767716 newfstatat(AT_FDCWD, "/usr/lib/python3.14/re/_parser.py", {st_mode=S_IFREG|0644, st_size=40353, ...}, 0) = 0
767716 newfstatat(AT_FDCWD, "/usr/lib/python3.14/re/_parser.py", {st_mode=S_IFREG|0644, st_size=40353, ...}, 0) = 0
767716 openat(AT_FDCWD, "/usr/lib/python3.14/re/__pycache__/_parser.cpython-314.pyc", O_RDONLY|O_CLOEXEC) = 3
767716 newfstatat(AT_FDCWD, "/usr/lib/python3.14/re", {st_mode=S_IFDIR|0755, st_size=4096, ...}, 0) = 0
767716 newfstatat(AT_FDCWD, "/usr/lib/python3.14/re/_constants.py", {st_mode=S_IFREG|0644, st_size=6036, ...}, 0) = 0
767716 newfstatat(AT_FDCWD, "/usr/lib/python3.14/re/_constants.py", {st_mode=S_IFREG|0644, st_size=6036, ...}, 0) = 0
767716 openat(AT_FDCWD, "/usr/lib/python3.14/re/__pycache__/_constants.cpython-314.pyc", O_RDONLY|O_CLOEXEC) = 3
767716 newfstatat(AT_FDCWD, "/usr/lib/python3.14/re", {st_mode=S_IFDIR|0755, st_size=4096, ...}, 0) = 0
767716 newfstatat(AT_FDCWD, "/usr/lib/python3.14/re/_casefix.py", {st_mode=S_IFREG|0644, st_size=5444, ...}, 0) = 0
767716 newfstatat(AT_FDCWD, "/usr/lib/python3.14/re/_casefix.py", {st_mode=S_IFREG|0644, st_size=5444, ...}, 0) = 0
767716 openat(AT_FDCWD, "/usr/lib/python3.14/re/__pycache__/_casefix.cpython-314.pyc", O_RDONLY|O_CLOEXEC) = 3
767716 newfstatat(AT_FDCWD, "/home/firstmate/.no-mistakes/worktrees/8352e211db7e/01M4F29HK4JCAKXEQ2F50R6HHX/bin", {st_mode=S_IFDIR|0775, st_size=12288, ...}, 0) = 0
767716 newfstatat(AT_FDCWD, "/usr/lib/python3.14", {st_mode=S_IFDIR|0755, st_size=20480, ...}, 0) = 0
767716 newfstatat(AT_FDCWD, "/usr/lib/python3.14/functools.py", {st_mode=S_IFREG|0644, st_size=43561, ...}, 0) = 0
767716 newfstatat(AT_FDCWD, "/usr/lib/python3.14/functools.py", {st_mode=S_IFREG|0644, st_size=43561, ...}, 0) = 0
767716 openat(AT_FDCWD, "/usr/lib/python3.14/__pycache__/functools.cpython-314.pyc", O_RDONLY|O_CLOEXEC) = 3
767716 newfstatat(AT_FDCWD, "/home/firstmate/.no-mistakes/worktrees/8352e211db7e/01M4F29HK4JCAKXEQ2F50R6HHX/bin", {st_mode=S_IFDIR|0775, st_size=12288, ...}, 0) = 0
767716 newfstatat(AT_FDCWD, "/usr/lib/python3.14", {st_mode=S_IFDIR|0755, st_size=20480, ...}, 0) = 0
767716 newfstatat(AT_FDCWD, "/usr/lib/python3.14/collections/__init__.cpython-314-x86_64-linux-gnu.so", 0x7ffc8d2e2510, 0) = -1 ENOENT (No such file or directory)
767716 newfstatat(AT_FDCWD, "/usr/lib/python3.14/collections/__init__.abi3.so", 0x7ffc8d2e2510, 0) = -1 ENOENT (No such file or directory)
767716 newfstatat(AT_FDCWD, "/usr/lib/python3.14/collections/__init__.abi3-x86_64-linux-gnu.so", 0x7ffc8d2e2510, 0) = -1 ENOENT (No such file or directory)
767716 newfstatat(AT_FDCWD, "/usr/lib/python3.14/collections/__init__.so", 0x7ffc8d2e2510, 0) = -1 ENOENT (No such file or directory)
767716 newfstatat(AT_FDCWD, "/usr/lib/python3.14/collections/__init__.py", {st_mode=S_IFREG|0644, st_size=52903, ...}, 0) = 0
767716 newfstatat(AT_FDCWD, "/usr/lib/python3.14/collections/__init__.py", {st_mode=S_IFREG|0644, st_size=52903, ...}, 0) = 0
767716 openat(AT_FDCWD, "/usr/lib/python3.14/collections/__pycache__/__init__.cpython-314.pyc", O_RDONLY|O_CLOEXEC) = 3
767716 newfstatat(AT_FDCWD, "/home/firstmate/.no-mistakes/worktrees/8352e211db7e/01M4F29HK4JCAKXEQ2F50R6HHX/bin", {st_mode=S_IFDIR|0775, st_size=12288, ...}, 0) = 0
767716 newfstatat(AT_FDCWD, "/usr/lib/python3.14", {st_mode=S_IFDIR|0755, st_size=20480, ...}, 0) = 0
767716 newfstatat(AT_FDCWD, "/usr/lib/python3.14/keyword.py", {st_mode=S_IFREG|0644, st_size=1073, ...}, 0) = 0
767716 newfstatat(AT_FDCWD, "/usr/lib/python3.14/keyword.py", {st_mode=S_IFREG|0644, st_size=1073, ...}, 0) = 0
767716 openat(AT_FDCWD, "/usr/lib/python3.14/__pycache__/keyword.cpython-314.pyc", O_RDONLY|O_CLOEXEC) = 3
767716 newfstatat(AT_FDCWD, "/home/firstmate/.no-mistakes/worktrees/8352e211db7e/01M4F29HK4JCAKXEQ2F50R6HHX/bin", {st_mode=S_IFDIR|0775, st_size=12288, ...}, 0) = 0
767716 newfstatat(AT_FDCWD, "/usr/lib/python3.14", {st_mode=S_IFDIR|0755, st_size=20480, ...}, 0) = 0
767716 newfstatat(AT_FDCWD, "/usr/lib/python3.14/operator.py", {st_mode=S_IFREG|0644, st_size=11158, ...}, 0) = 0
767716 newfstatat(AT_FDCWD, "/usr/lib/python3.14/operator.py", {st_mode=S_IFREG|0644, st_size=11158, ...}, 0) = 0
767716 openat(AT_FDCWD, "/usr/lib/python3.14/__pycache__/operator.cpython-314.pyc", O_RDONLY|O_CLOEXEC) = 3
767716 newfstatat(AT_FDCWD, "/home/firstmate/.no-mistakes/worktrees/8352e211db7e/01M4F29HK4JCAKXEQ2F50R6HHX/bin", {st_mode=S_IFDIR|0775, st_size=12288, ...}, 0) = 0
767716 newfstatat(AT_FDCWD, "/usr/lib/python3.14", {st_mode=S_IFDIR|0755, st_size=20480, ...}, 0) = 0
767716 newfstatat(AT_FDCWD, "/usr/lib/python3.14/reprlib.py", {st_mode=S_IFREG|0644, st_size=8064, ...}, 0) = 0
767716 newfstatat(AT_FDCWD, "/usr/lib/python3.14/reprlib.py", {st_mode=S_IFREG|0644, st_size=8064, ...}, 0) = 0
767716 openat(AT_FDCWD, "/usr/lib/python3.14/__pycache__/reprlib.cpython-314.pyc", O_RDONLY|O_CLOEXEC) = 3
767716 newfstatat(AT_FDCWD, "/home/firstmate/.no-mistakes/worktrees/8352e211db7e/01M4F29HK4JCAKXEQ2F50R6HHX/bin", {st_mode=S_IFDIR|0775, st_size=12288, ...}, 0) = 0
767716 newfstatat(AT_FDCWD, "/usr/lib/python3.14", {st_mode=S_IFDIR|0755, st_size=20480, ...}, 0) = 0
767716 newfstatat(AT_FDCWD, "/usr/lib/python3.14/copyreg.py", {st_mode=S_IFREG|0644, st_size=7716, ...}, 0) = 0
767716 newfstatat(AT_FDCWD, "/usr/lib/python3.14/copyreg.py", {st_mode=S_IFREG|0644, st_size=7716, ...}, 0) = 0
767716 openat(AT_FDCWD, "/usr/lib/python3.14/__pycache__/copyreg.cpython-314.pyc", O_RDONLY|O_CLOEXEC) = 3
767716 newfstatat(AT_FDCWD, "/usr/lib/python3.14/json", {st_mode=S_IFDIR|0755, st_size=4096, ...}, 0) = 0
767716 newfstatat(AT_FDCWD, "/usr/lib/python3.14/json/scanner.py", {st_mode=S_IFREG|0644, st_size=2434, ...}, 0) = 0
767716 newfstatat(AT_FDCWD, "/usr/lib/python3.14/json/scanner.py", {st_mode=S_IFREG|0644, st_size=2434, ...}, 0) = 0
767716 openat(AT_FDCWD, "/usr/lib/python3.14/json/__pycache__/scanner.cpython-314.pyc", O_RDONLY|O_CLOEXEC) = 3
767716 newfstatat(AT_FDCWD, "/usr/lib/python3.14/json", {st_mode=S_IFDIR|0755, st_size=4096, ...}, 0) = 0
767716 newfstatat(AT_FDCWD, "/usr/lib/python3.14/json/encoder.py", {st_mode=S_IFREG|0644, st_size=16990, ...}, 0) = 0
767716 newfstatat(AT_FDCWD, "/usr/lib/python3.14/json/encoder.py", {st_mode=S_IFREG|0644, st_size=16990, ...}, 0) = 0
767716 openat(AT_FDCWD, "/usr/lib/python3.14/json/__pycache__/encoder.cpython-314.pyc", O_RDONLY|O_CLOEXEC) = 3
767716 newfstatat(AT_FDCWD, "/home/firstmate/.no-mistakes/worktrees/8352e211db7e/01M4F29HK4JCAKXEQ2F50R6HHX/bin", {st_mode=S_IFDIR|0775, st_size=12288, ...}, 0) = 0
767716 newfstatat(AT_FDCWD, "/usr/lib/python3.14", {st_mode=S_IFDIR|0755, st_size=20480, ...}, 0) = 0
767716 newfstatat(AT_FDCWD, "/usr/lib/python3.14/pathlib/__init__.cpython-314-x86_64-linux-gnu.so", 0x7ffc8d2e4f90, 0) = -1 ENOENT (No such file or directory)
767716 newfstatat(AT_FDCWD, "/usr/lib/python3.14/pathlib/__init__.abi3.so", 0x7ffc8d2e4f90, 0) = -1 ENOENT (No such file or directory)
767716 newfstatat(AT_FDCWD, "/usr/lib/python3.14/pathlib/__init__.abi3-x86_64-linux-gnu.so", 0x7ffc8d2e4f90, 0) = -1 ENOENT (No such file or directory)
767716 newfstatat(AT_FDCWD, "/usr/lib/python3.14/pathlib/__init__.so", 0x7ffc8d2e4f90, 0) = -1 ENOENT (No such file or directory)
767716 newfstatat(AT_FDCWD, "/usr/lib/python3.14/pathlib/__init__.py", {st_mode=S_IFREG|0644, st_size=46833, ...}, 0) = 0
767716 newfstatat(AT_FDCWD, "/usr/lib/python3.14/pathlib/__init__.py", {st_mode=S_IFREG|0644, st_size=46833, ...}, 0) = 0
767716 openat(AT_FDCWD, "/usr/lib/python3.14/pathlib/__pycache__/__init__.cpython-314.pyc", O_RDONLY|O_CLOEXEC) = 3
767716 newfstatat(AT_FDCWD, "/home/firstmate/.no-mistakes/worktrees/8352e211db7e/01M4F29HK4JCAKXEQ2F50R6HHX/bin", {st_mode=S_IFDIR|0775, st_size=12288, ...}, 0) = 0
767716 newfstatat(AT_FDCWD, "/usr/lib/python3.14", {st_mode=S_IFDIR|0755, st_size=20480, ...}, 0) = 0
767716 newfstatat(AT_FDCWD, "/usr/lib/python3.14/glob.py", {st_mode=S_IFREG|0644, st_size=20768, ...}, 0) = 0
767716 newfstatat(AT_FDCWD, "/usr/lib/python3.14/glob.py", {st_mode=S_IFREG|0644, st_size=20768, ...}, 0) = 0
767716 openat(AT_FDCWD, "/usr/lib/python3.14/__pycache__/glob.cpython-314.pyc", O_RDONLY|O_CLOEXEC) = 3
767716 newfstatat(AT_FDCWD, "/home/firstmate/.no-mistakes/worktrees/8352e211db7e/01M4F29HK4JCAKXEQ2F50R6HHX/bin", {st_mode=S_IFDIR|0775, st_size=12288, ...}, 0) = 0
767716 newfstatat(AT_FDCWD, "/usr/lib/python3.14", {st_mode=S_IFDIR|0755, st_size=20480, ...}, 0) = 0
767716 newfstatat(AT_FDCWD, "/usr/lib/python3.14/contextlib.py", {st_mode=S_IFREG|0644, st_size=27801, ...}, 0) = 0
767716 newfstatat(AT_FDCWD, "/usr/lib/python3.14/contextlib.py", {st_mode=S_IFREG|0644, st_size=27801, ...}, 0) = 0
767716 openat(AT_FDCWD, "/usr/lib/python3.14/__pycache__/contextlib.cpython-314.pyc", O_RDONLY|O_CLOEXEC) = 3
767716 newfstatat(AT_FDCWD, "/home/firstmate/.no-mistakes/worktrees/8352e211db7e/01M4F29HK4JCAKXEQ2F50R6HHX/bin", {st_mode=S_IFDIR|0775, st_size=12288, ...}, 0) = 0
767716 newfstatat(AT_FDCWD, "/usr/lib/python3.14", {st_mode=S_IFDIR|0755, st_size=20480, ...}, 0) = 0
767716 newfstatat(AT_FDCWD, "/usr/lib/python3.14/fnmatch.py", {st_mode=S_IFREG|0644, st_size=6791, ...}, 0) = 0
767716 newfstatat(AT_FDCWD, "/usr/lib/python3.14/fnmatch.py", {st_mode=S_IFREG|0644, st_size=6791, ...}, 0) = 0
767716 openat(AT_FDCWD, "/usr/lib/python3.14/__pycache__/fnmatch.cpython-314.pyc", O_RDONLY|O_CLOEXEC) = 3
767716 newfstatat(AT_FDCWD, "/usr/lib/python3.14/pathlib", {st_mode=S_IFDIR|0755, st_size=4096, ...}, 0) = 0
767716 newfstatat(AT_FDCWD, "/usr/lib/python3.14/pathlib", {st_mode=S_IFDIR|0755, st_size=4096, ...}, 0) = 0
767716 newfstatat(AT_FDCWD, "/usr/lib/python3.14/pathlib", {st_mode=S_IFDIR|0755, st_size=4096, ...}, 0) = 0
767716 openat(AT_FDCWD, "/usr/lib/python3.14/pathlib", O_RDONLY|O_NONBLOCK|O_CLOEXEC|O_DIRECTORY) = 3
767716 newfstatat(AT_FDCWD, "/usr/lib/python3.14/pathlib/_os.py", {st_mode=S_IFREG|0644, st_size=18161, ...}, 0) = 0
767716 newfstatat(AT_FDCWD, "/usr/lib/python3.14/pathlib/_os.py", {st_mode=S_IFREG|0644, st_size=18161, ...}, 0) = 0
767716 openat(AT_FDCWD, "/usr/lib/python3.14/pathlib/__pycache__/_os.cpython-314.pyc", O_RDONLY|O_CLOEXEC) = 3
767716 newfstatat(AT_FDCWD, "/home/firstmate/.no-mistakes/worktrees/8352e211db7e/01M4F29HK4JCAKXEQ2F50R6HHX/bin", {st_mode=S_IFDIR|0775, st_size=12288, ...}, 0) = 0
767716 newfstatat(AT_FDCWD, "/usr/lib/python3.14", {st_mode=S_IFDIR|0755, st_size=20480, ...}, 0) = 0
767716 newfstatat(AT_FDCWD, "/usr/lib/python3.14/lib-dynload", {st_mode=S_IFDIR|0755, st_size=16384, ...}, 0) = 0
767716 newfstatat(AT_FDCWD, "/home/firstmate/.local/lib/python3.14/site-packages", {st_mode=S_IFDIR|0775, st_size=4096, ...}, 0) = 0
767716 newfstatat(AT_FDCWD, "/usr/local/lib/python3.14/dist-packages", {st_mode=S_IFDIR|0755, st_size=4096, ...}, 0) = 0
767716 newfstatat(AT_FDCWD, "/usr/lib/python3/dist-packages", {st_mode=S_IFDIR|0755, st_size=12288, ...}, 0) = 0
767716 newfstatat(AT_FDCWD, "/home/firstmate/.no-mistakes/worktrees/8352e211db7e/01M4F29HK4JCAKXEQ2F50R6HHX/bin", {st_mode=S_IFDIR|0775, st_size=12288, ...}, 0) = 0
767716 newfstatat(AT_FDCWD, "/usr/lib/python3.14", {st_mode=S_IFDIR|0755, st_size=20480, ...}, 0) = 0
767716 newfstatat(AT_FDCWD, "/usr/lib/python3.14/lib-dynload", {st_mode=S_IFDIR|0755, st_size=16384, ...}, 0) = 0
767716 newfstatat(AT_FDCWD, "/home/firstmate/.local/lib/python3.14/site-packages", {st_mode=S_IFDIR|0775, st_size=4096, ...}, 0) = 0
767716 newfstatat(AT_FDCWD, "/usr/local/lib/python3.14/dist-packages", {st_mode=S_IFDIR|0755, st_size=4096, ...}, 0) = 0
767716 newfstatat(AT_FDCWD, "/usr/lib/python3/dist-packages", {st_mode=S_IFDIR|0755, st_size=12288, ...}, 0) = 0
767716 newfstatat(AT_FDCWD, "/home/firstmate/.no-mistakes/worktrees/8352e211db7e/01M4F29HK4JCAKXEQ2F50R6HHX/bin", {st_mode=S_IFDIR|0775, st_size=12288, ...}, 0) = 0
767716 newfstatat(AT_FDCWD, "/usr/lib/python3.14", {st_mode=S_IFDIR|0755, st_size=20480, ...}, 0) = 0
767716 newfstatat(AT_FDCWD, "/usr/lib/python3.14/lib-dynload", {st_mode=S_IFDIR|0755, st_size=16384, ...}, 0) = 0
767716 newfstatat(AT_FDCWD, "/home/firstmate/.local/lib/python3.14/site-packages", {st_mode=S_IFDIR|0775, st_size=4096, ...}, 0) = 0
767716 newfstatat(AT_FDCWD, "/usr/local/lib/python3.14/dist-packages", {st_mode=S_IFDIR|0755, st_size=4096, ...}, 0) = 0
767716 newfstatat(AT_FDCWD, "/usr/lib/python3/dist-packages", {st_mode=S_IFDIR|0755, st_size=12288, ...}, 0) = 0
767716 newfstatat(AT_FDCWD, "/home/firstmate/.no-mistakes/worktrees/8352e211db7e/01M4F29HK4JCAKXEQ2F50R6HHX/bin", {st_mode=S_IFDIR|0775, st_size=12288, ...}, 0) = 0
767716 newfstatat(AT_FDCWD, "/usr/lib/python3.14", {st_mode=S_IFDIR|0755, st_size=20480, ...}, 0) = 0
767716 newfstatat(AT_FDCWD, "/usr/lib/python3.14/lib-dynload", {st_mode=S_IFDIR|0755, st_size=16384, ...}, 0) = 0
767716 newfstatat(AT_FDCWD, "/home/firstmate/.local/lib/python3.14/site-packages", {st_mode=S_IFDIR|0775, st_size=4096, ...}, 0) = 0
767716 newfstatat(AT_FDCWD, "/usr/local/lib/python3.14/dist-packages", {st_mode=S_IFDIR|0755, st_size=4096, ...}, 0) = 0
767716 newfstatat(AT_FDCWD, "/usr/lib/python3/dist-packages", {st_mode=S_IFDIR|0755, st_size=12288, ...}, 0) = 0
767716 newfstatat(AT_FDCWD, "/home/firstmate/.no-mistakes/worktrees/8352e211db7e/01M4F29HK4JCAKXEQ2F50R6HHX/bin", {st_mode=S_IFDIR|0775, st_size=12288, ...}, 0) = 0
767716 newfstatat(AT_FDCWD, "/usr/lib/python3.14", {st_mode=S_IFDIR|0755, st_size=20480, ...}, 0) = 0
767716 newfstatat(AT_FDCWD, "/usr/lib/python3.14/lib-dynload", {st_mode=S_IFDIR|0755, st_size=16384, ...}, 0) = 0
767716 newfstatat(AT_FDCWD, "/home/firstmate/.local/lib/python3.14/site-packages", {st_mode=S_IFDIR|0775, st_size=4096, ...}, 0) = 0
767716 newfstatat(AT_FDCWD, "/usr/local/lib/python3.14/dist-packages", {st_mode=S_IFDIR|0755, st_size=4096, ...}, 0) = 0
767716 newfstatat(AT_FDCWD, "/usr/lib/python3/dist-packages", {st_mode=S_IFDIR|0755, st_size=12288, ...}, 0) = 0
767716 newfstatat(AT_FDCWD, "/home/firstmate/.no-mistakes/worktrees/8352e211db7e/01M4F29HK4JCAKXEQ2F50R6HHX/bin", {st_mode=S_IFDIR|0775, st_size=12288, ...}, 0) = 0
767716 newfstatat(AT_FDCWD, "/usr/lib/python3.14", {st_mode=S_IFDIR|0755, st_size=20480, ...}, 0) = 0
767716 newfstatat(AT_FDCWD, "/usr/lib/python3.14/lib-dynload", {st_mode=S_IFDIR|0755, st_size=16384, ...}, 0) = 0
767716 newfstatat(AT_FDCWD, "/home/firstmate/.local/lib/python3.14/site-packages", {st_mode=S_IFDIR|0775, st_size=4096, ...}, 0) = 0
767716 newfstatat(AT_FDCWD, "/usr/local/lib/python3.14/dist-packages", {st_mode=S_IFDIR|0755, st_size=4096, ...}, 0) = 0
767716 newfstatat(AT_FDCWD, "/usr/lib/python3/dist-packages", {st_mode=S_IFDIR|0755, st_size=12288, ...}, 0) = 0
767716 newfstatat(AT_FDCWD, "/home/firstmate/.no-mistakes/worktrees/8352e211db7e/01M4F29HK4JCAKXEQ2F50R6HHX/bin", {st_mode=S_IFDIR|0775, st_size=12288, ...}, 0) = 0
767716 newfstatat(AT_FDCWD, "/usr/lib/python3.14", {st_mode=S_IFDIR|0755, st_size=20480, ...}, 0) = 0
767716 newfstatat(AT_FDCWD, "/usr/lib/python3.14/lib-dynload", {st_mode=S_IFDIR|0755, st_size=16384, ...}, 0) = 0
767716 newfstatat(AT_FDCWD, "/home/firstmate/.local/lib/python3.14/site-packages", {st_mode=S_IFDIR|0775, st_size=4096, ...}, 0) = 0
767716 newfstatat(AT_FDCWD, "/usr/local/lib/python3.14/dist-packages", {st_mode=S_IFDIR|0755, st_size=4096, ...}, 0) = 0
767716 newfstatat(AT_FDCWD, "/usr/lib/python3/dist-packages", {st_mode=S_IFDIR|0755, st_size=12288, ...}, 0) = 0
767716 newfstatat(AT_FDCWD, "/home/firstmate/.no-mistakes/worktrees/8352e211db7e/01M4F29HK4JCAKXEQ2F50R6HHX/bin", {st_mode=S_IFDIR|0775, st_size=12288, ...}, 0) = 0
767716 newfstatat(AT_FDCWD, "/usr/lib/python3.14", {st_mode=S_IFDIR|0755, st_size=20480, ...}, 0) = 0
767716 newfstatat(AT_FDCWD, "/usr/lib/python3.14/lib-dynload", {st_mode=S_IFDIR|0755, st_size=16384, ...}, 0) = 0
767716 newfstatat(AT_FDCWD, "/home/firstmate/.local/lib/python3.14/site-packages", {st_mode=S_IFDIR|0775, st_size=4096, ...}, 0) = 0
767716 newfstatat(AT_FDCWD, "/usr/local/lib/python3.14/dist-packages", {st_mode=S_IFDIR|0755, st_size=4096, ...}, 0) = 0
767716 newfstatat(AT_FDCWD, "/usr/lib/python3/dist-packages", {st_mode=S_IFDIR|0755, st_size=12288, ...}, 0) = 0
767716 newfstatat(AT_FDCWD, "/home/firstmate/.no-mistakes/worktrees/8352e211db7e/01M4F29HK4JCAKXEQ2F50R6HHX/bin", {st_mode=S_IFDIR|0775, st_size=12288, ...}, 0) = 0
767716 newfstatat(AT_FDCWD, "/usr/lib/python3.14", {st_mode=S_IFDIR|0755, st_size=20480, ...}, 0) = 0
767716 newfstatat(AT_FDCWD, "/usr/lib/python3.14/lib-dynload", {st_mode=S_IFDIR|0755, st_size=16384, ...}, 0) = 0
767716 newfstatat(AT_FDCWD, "/home/firstmate/.local/lib/python3.14/site-packages", {st_mode=S_IFDIR|0775, st_size=4096, ...}, 0) = 0
767716 newfstatat(AT_FDCWD, "/usr/local/lib/python3.14/dist-packages", {st_mode=S_IFDIR|0755, st_size=4096, ...}, 0) = 0
767716 newfstatat(AT_FDCWD, "/usr/lib/python3/dist-packages", {st_mode=S_IFDIR|0755, st_size=12288, ...}, 0) = 0
767716 newfstatat(AT_FDCWD, "/home/firstmate/.no-mistakes/worktrees/8352e211db7e/01M4F29HK4JCAKXEQ2F50R6HHX/bin", {st_mode=S_IFDIR|0775, st_size=12288, ...}, 0) = 0
767716 newfstatat(AT_FDCWD, "/usr/lib/python3.14", {st_mode=S_IFDIR|0755, st_size=20480, ...}, 0) = 0
767716 newfstatat(AT_FDCWD, "/usr/lib/python3.14/secrets.py", {st_mode=S_IFREG|0644, st_size=1984, ...}, 0) = 0
767716 newfstatat(AT_FDCWD, "/usr/lib/python3.14/secrets.py", {st_mode=S_IFREG|0644, st_size=1984, ...}, 0) = 0
767716 openat(AT_FDCWD, "/usr/lib/python3.14/__pycache__/secrets.cpython-314.pyc", O_RDONLY|O_CLOEXEC) = 3
767716 newfstatat(AT_FDCWD, "/home/firstmate/.no-mistakes/worktrees/8352e211db7e/01M4F29HK4JCAKXEQ2F50R6HHX/bin", {st_mode=S_IFDIR|0775, st_size=12288, ...}, 0) = 0
767716 newfstatat(AT_FDCWD, "/usr/lib/python3.14", {st_mode=S_IFDIR|0755, st_size=20480, ...}, 0) = 0
767716 newfstatat(AT_FDCWD, "/usr/lib/python3.14/base64.py", {st_mode=S_IFREG|0644, st_size=22029, ...}, 0) = 0
767716 newfstatat(AT_FDCWD, "/usr/lib/python3.14/base64.py", {st_mode=S_IFREG|0644, st_size=22029, ...}, 0) = 0
767716 openat(AT_FDCWD, "/usr/lib/python3.14/__pycache__/base64.cpython-314.pyc", O_RDONLY|O_CLOEXEC) = 3
767716 newfstatat(AT_FDCWD, "/home/firstmate/.no-mistakes/worktrees/8352e211db7e/01M4F29HK4JCAKXEQ2F50R6HHX/bin", {st_mode=S_IFDIR|0775, st_size=12288, ...}, 0) = 0
767716 newfstatat(AT_FDCWD, "/usr/lib/python3.14", {st_mode=S_IFDIR|0755, st_size=20480, ...}, 0) = 0
767716 newfstatat(AT_FDCWD, "/usr/lib/python3.14/struct.py", {st_mode=S_IFREG|0644, st_size=285, ...}, 0) = 0
767716 newfstatat(AT_FDCWD, "/usr/lib/python3.14/struct.py", {st_mode=S_IFREG|0644, st_size=285, ...}, 0) = 0
767716 openat(AT_FDCWD, "/usr/lib/python3.14/__pycache__/struct.cpython-314.pyc", O_RDONLY|O_CLOEXEC) = 3
767716 newfstatat(AT_FDCWD, "/home/firstmate/.no-mistakes/worktrees/8352e211db7e/01M4F29HK4JCAKXEQ2F50R6HHX/bin", {st_mode=S_IFDIR|0775, st_size=12288, ...}, 0) = 0
767716 newfstatat(AT_FDCWD, "/usr/lib/python3.14", {st_mode=S_IFDIR|0755, st_size=20480, ...}, 0) = 0
767716 newfstatat(AT_FDCWD, "/usr/lib/python3.14/hmac.py", {st_mode=S_IFREG|0644, st_size=9589, ...}, 0) = 0
767716 newfstatat(AT_FDCWD, "/usr/lib/python3.14/hmac.py", {st_mode=S_IFREG|0644, st_size=9589, ...}, 0) = 0
767716 openat(AT_FDCWD, "/usr/lib/python3.14/__pycache__/hmac.cpython-314.pyc", O_RDONLY|O_CLOEXEC) = 3
767716 newfstatat(AT_FDCWD, "/home/firstmate/.no-mistakes/worktrees/8352e211db7e/01M4F29HK4JCAKXEQ2F50R6HHX/bin", {st_mode=S_IFDIR|0775, st_size=12288, ...}, 0) = 0
767716 newfstatat(AT_FDCWD, "/usr/lib/python3.14", {st_mode=S_IFDIR|0755, st_size=20480, ...}, 0) = 0
767716 newfstatat(AT_FDCWD, "/usr/lib/python3.14/lib-dynload", {st_mode=S_IFDIR|0755, st_size=16384, ...}, 0) = 0
767716 newfstatat(AT_FDCWD, "/usr/lib/python3.14/lib-dynload/_hmac.cpython-314-x86_64-linux-gnu.so", {st_mode=S_IFREG|0644, st_size=151584, ...}, 0) = 0
767716 openat(AT_FDCWD, "/usr/lib/python3.14/lib-dynload/_hmac.cpython-314-x86_64-linux-gnu.so", O_RDONLY|O_CLOEXEC) = 3
767716 newfstatat(AT_FDCWD, "/home/firstmate/.no-mistakes/worktrees/8352e211db7e/01M4F29HK4JCAKXEQ2F50R6HHX/bin", {st_mode=S_IFDIR|0775, st_size=12288, ...}, 0) = 0
767716 newfstatat(AT_FDCWD, "/usr/lib/python3.14", {st_mode=S_IFDIR|0755, st_size=20480, ...}, 0) = 0
767716 newfstatat(AT_FDCWD, "/usr/lib/python3.14/random.py", {st_mode=S_IFREG|0644, st_size=37259, ...}, 0) = 0
767716 newfstatat(AT_FDCWD, "/usr/lib/python3.14/random.py", {st_mode=S_IFREG|0644, st_size=37259, ...}, 0) = 0
767716 openat(AT_FDCWD, "/usr/lib/python3.14/__pycache__/random.cpython-314.pyc", O_RDONLY|O_CLOEXEC) = 3
767716 newfstatat(AT_FDCWD, "/home/firstmate/.no-mistakes/worktrees/8352e211db7e/01M4F29HK4JCAKXEQ2F50R6HHX/bin", {st_mode=S_IFDIR|0775, st_size=12288, ...}, 0) = 0
767716 newfstatat(AT_FDCWD, "/usr/lib/python3.14", {st_mode=S_IFDIR|0755, st_size=20480, ...}, 0) = 0
767716 newfstatat(AT_FDCWD, "/usr/lib/python3.14/bisect.py", {st_mode=S_IFREG|0644, st_size=3423, ...}, 0) = 0
767716 newfstatat(AT_FDCWD, "/usr/lib/python3.14/bisect.py", {st_mode=S_IFREG|0644, st_size=3423, ...}, 0) = 0
767716 openat(AT_FDCWD, "/usr/lib/python3.14/__pycache__/bisect.cpython-314.pyc", O_RDONLY|O_CLOEXEC) = 3
767716 newfstatat(AT_FDCWD, "/home/firstmate/.no-mistakes/worktrees/8352e211db7e/01M4F29HK4JCAKXEQ2F50R6HHX/bin", {st_mode=S_IFDIR|0775, st_size=12288, ...}, 0) = 0
767716 newfstatat(AT_FDCWD, "/usr/lib/python3.14", {st_mode=S_IFDIR|0755, st_size=20480, ...}, 0) = 0
767716 newfstatat(AT_FDCWD, "/usr/lib/python3.14/subprocess.py", {st_mode=S_IFREG|0644, st_size=90732, ...}, 0) = 0
767716 newfstatat(AT_FDCWD, "/usr/lib/python3.14/subprocess.py", {st_mode=S_IFREG|0644, st_size=90732, ...}, 0) = 0
767716 openat(AT_FDCWD, "/usr/lib/python3.14/__pycache__/subprocess.cpython-314.pyc", O_RDONLY|O_CLOEXEC) = 3
767716 newfstatat(AT_FDCWD, "/home/firstmate/.no-mistakes/worktrees/8352e211db7e/01M4F29HK4JCAKXEQ2F50R6HHX/bin", {st_mode=S_IFDIR|0775, st_size=12288, ...}, 0) = 0
767716 newfstatat(AT_FDCWD, "/usr/lib/python3.14", {st_mode=S_IFDIR|0755, st_size=20480, ...}, 0) = 0
767716 newfstatat(AT_FDCWD, "/usr/lib/python3.14/locale.py", {st_mode=S_IFREG|0644, st_size=79129, ...}, 0) = 0
767716 newfstatat(AT_FDCWD, "/usr/lib/python3.14/locale.py", {st_mode=S_IFREG|0644, st_size=79129, ...}, 0) = 0
767716 openat(AT_FDCWD, "/usr/lib/python3.14/__pycache__/locale.cpython-314.pyc", O_RDONLY|O_CLOEXEC) = 3
767716 newfstatat(AT_FDCWD, "/home/firstmate/.no-mistakes/worktrees/8352e211db7e/01M4F29HK4JCAKXEQ2F50R6HHX/bin", {st_mode=S_IFDIR|0775, st_size=12288, ...}, 0) = 0
767716 newfstatat(AT_FDCWD, "/usr/lib/python3.14", {st_mode=S_IFDIR|0755, st_size=20480, ...}, 0) = 0
767716 newfstatat(AT_FDCWD, "/usr/lib/python3.14/signal.py", {st_mode=S_IFREG|0644, st_size=2495, ...}, 0) = 0
767716 newfstatat(AT_FDCWD, "/usr/lib/python3.14/signal.py", {st_mode=S_IFREG|0644, st_size=2495, ...}, 0) = 0
767716 openat(AT_FDCWD, "/usr/lib/python3.14/__pycache__/signal.cpython-314.pyc", O_RDONLY|O_CLOEXEC) = 3
767716 newfstatat(AT_FDCWD, "/home/firstmate/.no-mistakes/worktrees/8352e211db7e/01M4F29HK4JCAKXEQ2F50R6HHX/bin", {st_mode=S_IFDIR|0775, st_size=12288, ...}, 0) = 0
767716 newfstatat(AT_FDCWD, "/usr/lib/python3.14", {st_mode=S_IFDIR|0755, st_size=20480, ...}, 0) = 0
767716 newfstatat(AT_FDCWD, "/usr/lib/python3.14/threading.py", {st_mode=S_IFREG|0644, st_size=56923, ...}, 0) = 0
767716 newfstatat(AT_FDCWD, "/usr/lib/python3.14/threading.py", {st_mode=S_IFREG|0644, st_size=56923, ...}, 0) = 0
767716 openat(AT_FDCWD, "/usr/lib/python3.14/__pycache__/threading.cpython-314.pyc", O_RDONLY|O_CLOEXEC) = 3
767716 newfstatat(AT_FDCWD, "/home/firstmate/.no-mistakes/worktrees/8352e211db7e/01M4F29HK4JCAKXEQ2F50R6HHX/bin", {st_mode=S_IFDIR|0775, st_size=12288, ...}, 0) = 0
767716 newfstatat(AT_FDCWD, "/usr/lib/python3.14", {st_mode=S_IFDIR|0755, st_size=20480, ...}, 0) = 0
767716 newfstatat(AT_FDCWD, "/usr/lib/python3.14/_weakrefset.py", {st_mode=S_IFREG|0644, st_size=3962, ...}, 0) = 0
767716 newfstatat(AT_FDCWD, "/usr/lib/python3.14/_weakrefset.py", {st_mode=S_IFREG|0644, st_size=3962, ...}, 0) = 0
767716 openat(AT_FDCWD, "/usr/lib/python3.14/__pycache__/_weakrefset.cpython-314.pyc", O_RDONLY|O_CLOEXEC) = 3
767716 newfstatat(AT_FDCWD, "/home/firstmate/.no-mistakes/worktrees/8352e211db7e/01M4F29HK4JCAKXEQ2F50R6HHX/bin", {st_mode=S_IFDIR|0775, st_size=12288, ...}, 0) = 0
767716 newfstatat(AT_FDCWD, "/usr/lib/python3.14", {st_mode=S_IFDIR|0755, st_size=20480, ...}, 0) = 0
767716 newfstatat(AT_FDCWD, "/usr/lib/python3.14/warnings.py", {st_mode=S_IFREG|0644, st_size=1966, ...}, 0) = 0
767716 newfstatat(AT_FDCWD, "/usr/lib/python3.14/warnings.py", {st_mode=S_IFREG|0644, st_size=1966, ...}, 0) = 0
767716 openat(AT_FDCWD, "/usr/lib/python3.14/__pycache__/warnings.cpython-314.pyc", O_RDONLY|O_CLOEXEC) = 3
767716 newfstatat(AT_FDCWD, "/home/firstmate/.no-mistakes/worktrees/8352e211db7e/01M4F29HK4JCAKXEQ2F50R6HHX/bin", {st_mode=S_IFDIR|0775, st_size=12288, ...}, 0) = 0
767716 newfstatat(AT_FDCWD, "/usr/lib/python3.14", {st_mode=S_IFDIR|0755, st_size=20480, ...}, 0) = 0
767716 newfstatat(AT_FDCWD, "/usr/lib/python3.14/_py_warnings.py", {st_mode=S_IFREG|0644, st_size=30631, ...}, 0) = 0
767716 newfstatat(AT_FDCWD, "/usr/lib/python3.14/_py_warnings.py", {st_mode=S_IFREG|0644, st_size=30631, ...}, 0) = 0
767716 openat(AT_FDCWD, "/usr/lib/python3.14/__pycache__/_py_warnings.cpython-314.pyc", O_RDONLY|O_CLOEXEC) = 3
767716 newfstatat(AT_FDCWD, "/home/firstmate/.no-mistakes/worktrees/8352e211db7e/01M4F29HK4JCAKXEQ2F50R6HHX/bin", {st_mode=S_IFDIR|0775, st_size=12288, ...}, 0) = 0
767716 newfstatat(AT_FDCWD, "/usr/lib/python3.14", {st_mode=S_IFDIR|0755, st_size=20480, ...}, 0) = 0
767716 newfstatat(AT_FDCWD, "/usr/lib/python3.14/lib-dynload", {st_mode=S_IFDIR|0755, st_size=16384, ...}, 0) = 0
767716 newfstatat(AT_FDCWD, "/home/firstmate/.local/lib/python3.14/site-packages", {st_mode=S_IFDIR|0775, st_size=4096, ...}, 0) = 0
767716 newfstatat(AT_FDCWD, "/usr/local/lib/python3.14/dist-packages", {st_mode=S_IFDIR|0755, st_size=4096, ...}, 0) = 0
767716 newfstatat(AT_FDCWD, "/usr/lib/python3/dist-packages", {st_mode=S_IFDIR|0755, st_size=12288, ...}, 0) = 0
767716 newfstatat(AT_FDCWD, "/home/firstmate/.no-mistakes/worktrees/8352e211db7e/01M4F29HK4JCAKXEQ2F50R6HHX/bin", {st_mode=S_IFDIR|0775, st_size=12288, ...}, 0) = 0
767716 newfstatat(AT_FDCWD, "/usr/lib/python3.14", {st_mode=S_IFDIR|0755, st_size=20480, ...}, 0) = 0
767716 newfstatat(AT_FDCWD, "/usr/lib/python3.14/selectors.py", {st_mode=S_IFREG|0644, st_size=19457, ...}, 0) = 0
767716 newfstatat(AT_FDCWD, "/usr/lib/python3.14/selectors.py", {st_mode=S_IFREG|0644, st_size=19457, ...}, 0) = 0
767716 openat(AT_FDCWD, "/usr/lib/python3.14/__pycache__/selectors.cpython-314.pyc", O_RDONLY|O_CLOEXEC) = 3
767716 newfstatat(AT_FDCWD, "/home/firstmate/.no-mistakes/worktrees/8352e211db7e/01M4F29HK4JCAKXEQ2F50R6HHX/.test-tmp/boundary/home/.voice-conversation-lab", 0x7ffc8d2e5120, 0) = -1 ENOENT (No such file or directory)
767716 openat(AT_FDCWD, "/home/firstmate/.no-mistakes/worktrees/8352e211db7e/01M4F29HK4JCAKXEQ2F50R6HHX/.test-tmp/boundary/home/state/voice-conversation/policy.json", O_RDONLY|O_CLOEXEC) = 3
767716 openat(AT_FDCWD, "/home/firstmate/.no-mistakes/worktrees/8352e211db7e/01M4F29HK4JCAKXEQ2F50R6HHX/.test-tmp/boundary/home/state/voice-conversation/lock", O_WRONLY|O_CREAT|O_NOFOLLOW|O_CLOEXEC, 0600) = 3
767716 newfstatat(AT_FDCWD, "/home/firstmate/.no-mistakes/worktrees/8352e211db7e/01M4F29HK4JCAKXEQ2F50R6HHX/.test-tmp/boundary/home/state/voice-conversation/journal.json", {st_mode=S_IFREG|0600, st_size=2896, ...}, 0) = 0
767716 openat(AT_FDCWD, "/home/firstmate/.no-mistakes/worktrees/8352e211db7e/01M4F29HK4JCAKXEQ2F50R6HHX/.test-tmp/boundary/home/state/voice-conversation/journal.json", O_RDONLY|O_CLOEXEC) = 4
767716 openat(AT_FDCWD, "/home/firstmate/.no-mistakes/worktrees/8352e211db7e/01M4F29HK4JCAKXEQ2F50R6HHX/.test-tmp/boundary/home/state/inbox/", O_RDONLY|O_NONBLOCK|O_CLOEXEC|O_DIRECTORY) = 4
767716 openat(AT_FDCWD, "/home/firstmate/.no-mistakes/worktrees/8352e211db7e/01M4F29HK4JCAKXEQ2F50R6HHX/.test-tmp/boundary/home/state/inbox/handled/", O_RDONLY|O_NONBLOCK|O_CLOEXEC|O_DIRECTORY) = 4
767716 openat(AT_FDCWD, "/home/firstmate/.no-mistakes/worktrees/8352e211db7e/01M4F29HK4JCAKXEQ2F50R6HHX/.test-tmp/boundary/home/state/inbox/handled/vc-72fcee7d40e2626eb6bcb0284ad62c4465312ee139309aa2a4c12c917b8650a2.note", O_RDONLY|O_CLOEXEC) = 4
767716 newfstatat(AT_FDCWD, "/home/firstmate/.no-mistakes/worktrees/8352e211db7e/01M4F29HK4JCAKXEQ2F50R6HHX/.test-tmp/boundary/home/state/inbox/vc-72fcee7d40e2626eb6bcb0284ad62c4465312ee139309aa2a4c12c917b8650a2.note", 0x7ffc8d2e5140, 0) = -1 ENOENT (No such file or directory)
767716 newfstatat(AT_FDCWD, "/home/firstmate/.no-mistakes/worktrees/8352e211db7e/01M4F29HK4JCAKXEQ2F50R6HHX/.test-tmp/boundary/home/state/inbox/handled/vc-72fcee7d40e2626eb6bcb0284ad62c4465312ee139309aa2a4c12c917b8650a2.note", {st_mode=S_IFREG|0600, st_size=399, ...}, 0) = 0
767716 newfstatat(AT_FDCWD, "/home/firstmate/.no-mistakes/worktrees/8352e211db7e/01M4F29HK4JCAKXEQ2F50R6HHX/.test-tmp/boundary/home/state/inbox/vc-72fcee7d40e2626eb6bcb0284ad62c4465312ee139309aa2a4c12c917b8650a2.note", 0x7ffc8d2e5140, 0) = -1 ENOENT (No such file or directory)
767716 newfstatat(AT_FDCWD, "/home/firstmate/.no-mistakes/worktrees/8352e211db7e/01M4F29HK4JCAKXEQ2F50R6HHX/.test-tmp/boundary/home/state/inbox/vc-72fcee7d40e2626eb6bcb0284ad62c4465312ee139309aa2a4c12c917b8650a2.note", 0x7ffc8d2e5600, 0) = -1 ENOENT (No such file or directory)
767716 openat(AT_FDCWD, "/home/firstmate/.no-mistakes/worktrees/8352e211db7e/01M4F29HK4JCAKXEQ2F50R6HHX/.test-tmp/boundary/home/state/inbox/handled/vc-72fcee7d40e2626eb6bcb0284ad62c4465312ee139309aa2a4c12c917b8650a2.note", O_RDONLY|O_CLOEXEC) = 4
767716 +++ exited with 0 +++
767354 --- SIGCHLD {si_signo=SIGCHLD, si_code=CLD_EXITED, si_pid=767716, si_uid=0, si_status=0, si_utime=15 /* 0.15 s */, si_stime=8 /* 0.08 s */} ---
767354 openat(AT_FDCWD, "/home/firstmate/.no-mistakes/worktrees/8352e211db7e/01M4F29HK4JCAKXEQ2F50R6HHX/.test-tmp/boundary/home/state/courier-pickup/.state.a5a5d936d9f27376", O_WRONLY|O_CREAT|O_EXCL|O_CLOEXEC, 0666) = 4
767354 rename("/home/firstmate/.no-mistakes/worktrees/8352e211db7e/01M4F29HK4JCAKXEQ2F50R6HHX/.test-tmp/boundary/home/state/courier-pickup/.state.a5a5d936d9f27376", "/home/firstmate/.no-mistakes/worktrees/8352e211db7e/01M4F29HK4JCAKXEQ2F50R6HHX/.test-tmp/boundary/home/state/courier-pickup/state.json") = 0
767354 openat(AT_FDCWD, "/home/firstmate/.no-mistakes/worktrees/8352e211db7e/01M4F29HK4JCAKXEQ2F50R6HHX/.test-tmp/boundary/home/state/courier-pickup", O_RDONLY|O_NOFOLLOW|O_CLOEXEC|O_DIRECTORY) = 4
767948 execve("/home/firstmate/.no-mistakes/worktrees/8352e211db7e/01M4F29HK4JCAKXEQ2F50R6HHX/bin/fm-inbox.sh", ["/home/firstmate/.no-mistakes/wor"..., "conversation", "capture"], 0x7904db50e5b0 /* 6 vars */) = 0
767948 access("/etc/ld.so.preload", R_OK) = -1 ENOENT (No such file or directory)
767948 openat(AT_FDCWD, "/etc/ld.so.cache", O_RDONLY|O_CLOEXEC) = 3
767948 openat(AT_FDCWD, "/usr/lib/x86_64-linux-gnu/libselinux.so.1", O_RDONLY|O_CLOEXEC) = 3
767948 openat(AT_FDCWD, "/usr/lib/x86_64-linux-gnu/libgcc_s.so.1", O_RDONLY|O_CLOEXEC) = 3
767948 openat(AT_FDCWD, "/usr/lib/x86_64-linux-gnu/libm.so.6", O_RDONLY|O_CLOEXEC) = 3
767948 openat(AT_FDCWD, "/usr/lib/x86_64-linux-gnu/libc.so.6", O_RDONLY|O_CLOEXEC) = 3
767948 openat(AT_FDCWD, "/usr/lib/x86_64-linux-gnu/libpcre2-8.so.0", O_RDONLY|O_CLOEXEC) = 3
767948 statfs("/sys/fs/selinux", 0x7ffea80eda80) = -1 ENOENT (No such file or directory)
767948 statfs("/selinux", 0x7ffea80eda80) = -1 ENOENT (No such file or directory)
767948 openat(AT_FDCWD, "/proc/filesystems", O_RDONLY|O_CLOEXEC) = 3
767948 access("/etc/selinux/config", F_OK) = -1 ENOENT (No such file or directory)
767948 openat(AT_FDCWD, "/proc/self/maps", O_RDONLY|O_CLOEXEC) = 3
767948 openat(AT_FDCWD, "/home/firstmate/.no-mistakes/worktrees/8352e211db7e/01M4F29HK4JCAKXEQ2F50R6HHX/bin/fm-inbox.sh", O_RDONLY|O_CLOEXEC) = 3
767948 statx(AT_FDCWD, "/usr/share/coreutils/locales/env", AT_STATX_SYNC_AS_STAT, STATX_ALL, {stx_mask=STATX_ALL|STATX_MNT_ID, stx_attributes=0, stx_mode=S_IFDIR|0755, stx_size=4096, ...}) = 0
767948 statx(AT_FDCWD, "/usr/share/coreutils/locales/uucore", AT_STATX_SYNC_AS_STAT, STATX_ALL, {stx_mask=STATX_ALL|STATX_MNT_ID, stx_attributes=0, stx_mode=S_IFDIR|0755, stx_size=4096, ...}) = 0
767948 openat(AT_FDCWD, "/usr/share/coreutils/locales/uucore/en-US.ftl", O_RDONLY|O_CLOEXEC) = 3
767948 statx(3, "", AT_STATX_SYNC_AS_STAT|AT_EMPTY_PATH, STATX_ALL, {stx_mask=STATX_ALL|STATX_MNT_ID, stx_attributes=0, stx_mode=S_IFREG|0644, stx_size=4080, ...}) = 0
767948 statx(AT_FDCWD, "/usr/share/coreutils/locales/env", AT_STATX_SYNC_AS_STAT, STATX_ALL, {stx_mask=STATX_ALL|STATX_MNT_ID, stx_attributes=0, stx_mode=S_IFDIR|0755, stx_size=4096, ...}) = 0
767948 openat(AT_FDCWD, "/usr/share/coreutils/locales/env/en-US.ftl", O_RDONLY|O_CLOEXEC) = -1 ENOENT (No such file or directory)
767948 execve("/home/firstmate/.local/codex-latest/lib/node_modules/@openai/codex/node_modules/@openai/codex-linux-x64/vendor/x86_64-unknown-linux-musl/codex-path/bash", ["bash", "/home/firstmate/.no-mistakes/wor"..., "conversation", "capture"], 0x7ffea80edc58 /* 6 vars */) = -1 ENOENT (No such file or directory)
767948 execve("/home/firstmate/.codex-5/tmp/arg0/codex-arg065EgpK/bash", ["bash", "/home/firstmate/.no-mistakes/wor"..., "conversation", "capture"], 0x7ffea80edc58 /* 6 vars */) = -1 ENOENT (No such file or directory)
767948 execve("/home/firstmate/.local/codex-latest/lib/node_modules/@openai/codex/node_modules/@openai/codex-linux-x64/vendor/x86_64-unknown-linux-musl/codex-path/bash", ["bash", "/home/firstmate/.no-mistakes/wor"..., "conversation", "capture"], 0x7ffea80edc58 /* 6 vars */) = -1 ENOENT (No such file or directory)
767948 execve("/home/firstmate/.local/bin/bash", ["bash", "/home/firstmate/.no-mistakes/wor"..., "conversation", "capture"], 0x7ffea80edc58 /* 6 vars */) = -1 ENOENT (No such file or directory)
767948 execve("/home/firstmate/go/bin/bash", ["bash", "/home/firstmate/.no-mistakes/wor"..., "conversation", "capture"], 0x7ffea80edc58 /* 6 vars */) = -1 ENOENT (No such file or directory)
767948 execve("/home/firstmate/.cargo/bin/bash", ["bash", "/home/firstmate/.no-mistakes/wor"..., "conversation", "capture"], 0x7ffea80edc58 /* 6 vars */) = -1 ENOENT (No such file or directory)
767948 execve("/home/firstmate/bin/bash", ["bash", "/home/firstmate/.no-mistakes/wor"..., "conversation", "capture"], 0x7ffea80edc58 /* 6 vars */) = -1 ENOENT (No such file or directory)
767948 execve("/opt/homebrew/bin/bash", ["bash", "/home/firstmate/.no-mistakes/wor"..., "conversation", "capture"], 0x7ffea80edc58 /* 6 vars */) = -1 ENOENT (No such file or directory)
767948 execve("/opt/homebrew/sbin/bash", ["bash", "/home/firstmate/.no-mistakes/wor"..., "conversation", "capture"], 0x7ffea80edc58 /* 6 vars */) = -1 ENOENT (No such file or directory)
767948 execve("/usr/local/bin/bash", ["bash", "/home/firstmate/.no-mistakes/wor"..., "conversation", "capture"], 0x7ffea80edc58 /* 6 vars */) = -1 ENOENT (No such file or directory)
767948 execve("/usr/local/sbin/bash", ["bash", "/home/firstmate/.no-mistakes/wor"..., "conversation", "capture"], 0x7ffea80edc58 /* 6 vars */) = -1 ENOENT (No such file or directory)
767948 execve("/usr/bin/bash", ["bash", "/home/firstmate/.no-mistakes/wor"..., "conversation", "capture"], 0x7ffea80edc58 /* 6 vars */) = 0
767948 access("/etc/ld.so.preload", R_OK) = -1 ENOENT (No such file or directory)
767948 openat(AT_FDCWD, "/etc/ld.so.cache", O_RDONLY|O_CLOEXEC) = 3
767948 openat(AT_FDCWD, "/usr/lib/x86_64-linux-gnu/libtinfo.so.6", O_RDONLY|O_CLOEXEC) = 3
767948 openat(AT_FDCWD, "/usr/lib/x86_64-linux-gnu/libc.so.6", O_RDONLY|O_CLOEXEC) = 3
767948 openat(AT_FDCWD, "/dev/tty", O_RDWR|O_NONBLOCK) = -1 ENXIO (No such device or address)
767948 openat(AT_FDCWD, "/usr/lib/locale/locale-archive", O_RDONLY|O_CLOEXEC) = 3
767948 openat(AT_FDCWD, "/usr/share/locale/locale.alias", O_RDONLY|O_CLOEXEC) = -1 ENOENT (No such file or directory)
767948 openat(AT_FDCWD, "/usr/lib/locale/C.UTF-8/LC_IDENTIFICATION", O_RDONLY|O_CLOEXEC) = -1 ENOENT (No such file or directory)
767948 openat(AT_FDCWD, "/usr/lib/locale/C.utf8/LC_IDENTIFICATION", O_RDONLY|O_CLOEXEC) = 3
767948 openat(AT_FDCWD, "/usr/lib/x86_64-linux-gnu/gconv/gconv-modules.cache", O_RDONLY|O_CLOEXEC) = 3
767948 openat(AT_FDCWD, "/usr/lib/locale/C.UTF-8/LC_MEASUREMENT", O_RDONLY|O_CLOEXEC) = -1 ENOENT (No such file or directory)
767948 openat(AT_FDCWD, "/usr/lib/locale/C.utf8/LC_MEASUREMENT", O_RDONLY|O_CLOEXEC) = 3
767948 openat(AT_FDCWD, "/usr/lib/locale/C.UTF-8/LC_TELEPHONE", O_RDONLY|O_CLOEXEC) = -1 ENOENT (No such file or directory)
767948 openat(AT_FDCWD, "/usr/lib/locale/C.utf8/LC_TELEPHONE", O_RDONLY|O_CLOEXEC) = 3
767948 openat(AT_FDCWD, "/usr/lib/locale/C.UTF-8/LC_ADDRESS", O_RDONLY|O_CLOEXEC) = -1 ENOENT (No such file or directory)
767948 openat(AT_FDCWD, "/usr/lib/locale/C.utf8/LC_ADDRESS", O_RDONLY|O_CLOEXEC) = 3
767948 openat(AT_FDCWD, "/usr/lib/locale/C.UTF-8/LC_NAME", O_RDONLY|O_CLOEXEC) = -1 ENOENT (No such file or directory)
767948 openat(AT_FDCWD, "/usr/lib/locale/C.utf8/LC_NAME", O_RDONLY|O_CLOEXEC) = 3
767948 openat(AT_FDCWD, "/usr/lib/locale/C.UTF-8/LC_PAPER", O_RDONLY|O_CLOEXEC) = -1 ENOENT (No such file or directory)
767948 openat(AT_FDCWD, "/usr/lib/locale/C.utf8/LC_PAPER", O_RDONLY|O_CLOEXEC) = 3
767948 openat(AT_FDCWD, "/usr/lib/locale/C.UTF-8/LC_MESSAGES", O_RDONLY|O_CLOEXEC) = -1 ENOENT (No such file or directory)
767948 openat(AT_FDCWD, "/usr/lib/locale/C.utf8/LC_MESSAGES", O_RDONLY|O_CLOEXEC) = 3
767948 openat(AT_FDCWD, "/usr/lib/locale/C.utf8/LC_MESSAGES/SYS_LC_MESSAGES", O_RDONLY|O_CLOEXEC) = 3
767948 openat(AT_FDCWD, "/usr/lib/locale/C.UTF-8/LC_MONETARY", O_RDONLY|O_CLOEXEC) = -1 ENOENT (No such file or directory)
767948 openat(AT_FDCWD, "/usr/lib/locale/C.utf8/LC_MONETARY", O_RDONLY|O_CLOEXEC) = 3
767948 openat(AT_FDCWD, "/usr/lib/locale/C.UTF-8/LC_COLLATE", O_RDONLY|O_CLOEXEC) = -1 ENOENT (No such file or directory)
767948 openat(AT_FDCWD, "/usr/lib/locale/C.utf8/LC_COLLATE", O_RDONLY|O_CLOEXEC) = 3
767948 openat(AT_FDCWD, "/usr/lib/locale/C.UTF-8/LC_TIME", O_RDONLY|O_CLOEXEC) = -1 ENOENT (No such file or directory)
767948 openat(AT_FDCWD, "/usr/lib/locale/C.utf8/LC_TIME", O_RDONLY|O_CLOEXEC) = 3
767948 openat(AT_FDCWD, "/usr/lib/locale/C.UTF-8/LC_NUMERIC", O_RDONLY|O_CLOEXEC) = -1 ENOENT (No such file or directory)
767948 openat(AT_FDCWD, "/usr/lib/locale/C.utf8/LC_NUMERIC", O_RDONLY|O_CLOEXEC) = 3
767948 openat(AT_FDCWD, "/usr/lib/locale/C.UTF-8/LC_CTYPE", O_RDONLY|O_CLOEXEC) = -1 ENOENT (No such file or directory)
767948 openat(AT_FDCWD, "/usr/lib/locale/C.utf8/LC_CTYPE", O_RDONLY|O_CLOEXEC) = 3
767948 getcwd("/home/firstmate/.no-mistakes/worktrees/8352e211db7e/01M4F29HK4JCAKXEQ2F50R6HHX", 4096) = 79
767948 newfstatat(AT_FDCWD, ".", {st_mode=S_IFDIR|0775, st_size=4096, ...}, 0) = 0
767948 newfstatat(AT_FDCWD, "/home/firstmate/.local/codex-latest/lib/node_modules/@openai/codex/node_modules/@openai/codex-linux-x64/vendor/x86_64-unknown-linux-musl/codex-path/bash", 0x7fff62b6a660, 0) = -1 ENOENT (No such file or directory)
767948 newfstatat(AT_FDCWD, "/home/firstmate/.codex-5/tmp/arg0/codex-arg065EgpK/bash", 0x7fff62b6a660, 0) = -1 ENOENT (No such file or directory)
767948 newfstatat(AT_FDCWD, "/home/firstmate/.local/codex-latest/lib/node_modules/@openai/codex/node_modules/@openai/codex-linux-x64/vendor/x86_64-unknown-linux-musl/codex-path/bash", 0x7fff62b6a660, 0) = -1 ENOENT (No such file or directory)
767948 newfstatat(AT_FDCWD, "/home/firstmate/.local/bin/bash", 0x7fff62b6a660, 0) = -1 ENOENT (No such file or directory)
767948 newfstatat(AT_FDCWD, "/home/firstmate/go/bin/bash", 0x7fff62b6a660, 0) = -1 ENOENT (No such file or directory)
767948 newfstatat(AT_FDCWD, "/home/firstmate/.cargo/bin/bash", 0x7fff62b6a660, 0) = -1 ENOENT (No such file or directory)
767948 newfstatat(AT_FDCWD, "/home/firstmate/bin/bash", 0x7fff62b6a660, 0) = -1 ENOENT (No such file or directory)
767948 newfstatat(AT_FDCWD, "/opt/homebrew/bin/bash", 0x7fff62b6a660, 0) = -1 ENOENT (No such file or directory)
767948 newfstatat(AT_FDCWD, "/opt/homebrew/sbin/bash", 0x7fff62b6a660, 0) = -1 ENOENT (No such file or directory)
767948 newfstatat(AT_FDCWD, "/usr/local/bin/bash", 0x7fff62b6a660, 0) = -1 ENOENT (No such file or directory)
767948 newfstatat(AT_FDCWD, "/usr/local/sbin/bash", 0x7fff62b6a660, 0) = -1 ENOENT (No such file or directory)
767948 newfstatat(AT_FDCWD, "/usr/bin/bash", {st_mode=S_IFREG|0755, st_size=1540520, ...}, 0) = 0
767948 newfstatat(AT_FDCWD, "/usr/bin/bash", {st_mode=S_IFREG|0755, st_size=1540520, ...}, 0) = 0
767948 access("/usr/bin/bash", X_OK)    = 0
767948 newfstatat(AT_FDCWD, "/usr/bin/bash", {st_mode=S_IFREG|0755, st_size=1540520, ...}, 0) = 0
767948 access("/usr/bin/bash", R_OK)    = 0
767948 newfstatat(AT_FDCWD, "/etc/nsswitch.conf", {st_mode=S_IFREG|0644, st_size=526, ...}, 0) = 0
767948 newfstatat(AT_FDCWD, "/", {st_mode=S_IFDIR|0755, st_size=4096, ...}, 0) = 0
767948 openat(AT_FDCWD, "/etc/nsswitch.conf", O_RDONLY|O_CLOEXEC) = 3
767948 openat(AT_FDCWD, "/etc/passwd", O_RDONLY|O_CLOEXEC) = 3
767948 openat(AT_FDCWD, "/home/firstmate/.no-mistakes/worktrees/8352e211db7e/01M4F29HK4JCAKXEQ2F50R6HHX/bin/fm-inbox.sh", O_RDONLY) = 3
767948 newfstatat(AT_FDCWD, "/home/firstmate/.no-mistakes/worktrees/8352e211db7e/01M4F29HK4JCAKXEQ2F50R6HHX/bin/fm-inbox.sh", {st_mode=S_IFREG|0775, st_size=17467, ...}, 0) = 0
767948 newfstatat(AT_FDCWD, "/home/firstmate/.toolbox/bin", 0x7fff62b6a460, 0) = -1 ENOENT (No such file or directory)
767959 newfstatat(AT_FDCWD, ".", {st_mode=S_IFDIR|0775, st_size=4096, ...}, 0) = 0
767959 newfstatat(AT_FDCWD, "/home/firstmate/.local/codex-latest/lib/node_modules/@openai/codex/node_modules/@openai/codex-linux-x64/vendor/x86_64-unknown-linux-musl/codex-path/dirname", 0x7fff62b69220, 0) = -1 ENOENT (No such file or directory)
767959 newfstatat(AT_FDCWD, "/home/firstmate/.codex-5/tmp/arg0/codex-arg065EgpK/dirname", 0x7fff62b69220, 0) = -1 ENOENT (No such file or directory)
767959 newfstatat(AT_FDCWD, "/home/firstmate/.local/codex-latest/lib/node_modules/@openai/codex/node_modules/@openai/codex-linux-x64/vendor/x86_64-unknown-linux-musl/codex-path/dirname", 0x7fff62b69220, 0) = -1 ENOENT (No such file or directory)
767959 newfstatat(AT_FDCWD, "/home/firstmate/.local/bin/dirname", 0x7fff62b69220, 0) = -1 ENOENT (No such file or directory)
767959 newfstatat(AT_FDCWD, "/home/firstmate/go/bin/dirname", 0x7fff62b69220, 0) = -1 ENOENT (No such file or directory)
767959 newfstatat(AT_FDCWD, "/home/firstmate/.cargo/bin/dirname", 0x7fff62b69220, 0) = -1 ENOENT (No such file or directory)
767959 newfstatat(AT_FDCWD, "/home/firstmate/bin/dirname", 0x7fff62b69220, 0) = -1 ENOENT (No such file or directory)
767959 newfstatat(AT_FDCWD, "/opt/homebrew/bin/dirname", 0x7fff62b69220, 0) = -1 ENOENT (No such file or directory)
767959 newfstatat(AT_FDCWD, "/opt/homebrew/sbin/dirname", 0x7fff62b69220, 0) = -1 ENOENT (No such file or directory)
767959 newfstatat(AT_FDCWD, "/usr/local/bin/dirname", 0x7fff62b69220, 0) = -1 ENOENT (No such file or directory)
767959 newfstatat(AT_FDCWD, "/usr/local/sbin/dirname", 0x7fff62b69220, 0) = -1 ENOENT (No such file or directory)
767959 newfstatat(AT_FDCWD, "/usr/bin/dirname", {st_mode=S_IFREG|0755, st_size=11352352, ...}, 0) = 0
767959 newfstatat(AT_FDCWD, "/usr/bin/dirname", {st_mode=S_IFREG|0755, st_size=11352352, ...}, 0) = 0
767959 access("/usr/bin/dirname", X_OK) = 0
767959 newfstatat(AT_FDCWD, "/usr/bin/dirname", {st_mode=S_IFREG|0755, st_size=11352352, ...}, 0) = 0
767959 access("/usr/bin/dirname", R_OK) = 0
767959 execve("/usr/bin/dirname", ["dirname", "/home/firstmate/.no-mistakes/wor"...], 0x606006975090 /* 9 vars */) = 0
767959 access("/etc/ld.so.preload", R_OK) = -1 ENOENT (No such file or directory)
767959 openat(AT_FDCWD, "/etc/ld.so.cache", O_RDONLY|O_CLOEXEC) = 3
767959 openat(AT_FDCWD, "/usr/lib/x86_64-linux-gnu/libselinux.so.1", O_RDONLY|O_CLOEXEC) = 3
767959 openat(AT_FDCWD, "/usr/lib/x86_64-linux-gnu/libgcc_s.so.1", O_RDONLY|O_CLOEXEC) = 3
767959 openat(AT_FDCWD, "/usr/lib/x86_64-linux-gnu/libm.so.6", O_RDONLY|O_CLOEXEC) = 3
767959 openat(AT_FDCWD, "/usr/lib/x86_64-linux-gnu/libc.so.6", O_RDONLY|O_CLOEXEC) = 3
767959 openat(AT_FDCWD, "/usr/lib/x86_64-linux-gnu/libpcre2-8.so.0", O_RDONLY|O_CLOEXEC) = 3
767959 statfs("/sys/fs/selinux", 0x7fffab18a660) = -1 ENOENT (No such file or directory)
767959 statfs("/selinux", 0x7fffab18a660) = -1 ENOENT (No such file or directory)
767959 openat(AT_FDCWD, "/proc/filesystems", O_RDONLY|O_CLOEXEC) = 3
767959 access("/etc/selinux/config", F_OK) = -1 ENOENT (No such file or directory)
767959 openat(AT_FDCWD, "/proc/self/maps", O_RDONLY|O_CLOEXEC) = 3
767959 statx(AT_FDCWD, "/usr/share/coreutils/locales/dirname", AT_STATX_SYNC_AS_STAT, STATX_ALL, {stx_mask=STATX_ALL|STATX_MNT_ID, stx_attributes=0, stx_mode=S_IFDIR|0755, stx_size=4096, ...}) = 0
767959 statx(AT_FDCWD, "/usr/share/coreutils/locales/uucore", AT_STATX_SYNC_AS_STAT, STATX_ALL, {stx_mask=STATX_ALL|STATX_MNT_ID, stx_attributes=0, stx_mode=S_IFDIR|0755, stx_size=4096, ...}) = 0
767959 openat(AT_FDCWD, "/usr/share/coreutils/locales/uucore/en-US.ftl", O_RDONLY|O_CLOEXEC) = 3
767959 statx(3, "", AT_STATX_SYNC_AS_STAT|AT_EMPTY_PATH, STATX_ALL, {stx_mask=STATX_ALL|STATX_MNT_ID, stx_attributes=0, stx_mode=S_IFREG|0644, stx_size=4080, ...}) = 0
767959 statx(AT_FDCWD, "/usr/share/coreutils/locales/dirname", AT_STATX_SYNC_AS_STAT, STATX_ALL, {stx_mask=STATX_ALL|STATX_MNT_ID, stx_attributes=0, stx_mode=S_IFDIR|0755, stx_size=4096, ...}) = 0
767959 openat(AT_FDCWD, "/usr/share/coreutils/locales/dirname/en-US.ftl", O_RDONLY|O_CLOEXEC) = -1 ENOENT (No such file or directory)
767959 +++ exited with 0 +++
767958 --- SIGCHLD {si_signo=SIGCHLD, si_code=CLD_EXITED, si_pid=767959, si_uid=0, si_status=0, si_utime=0, si_stime=1 /* 0.01 s */} ---
767958 newfstatat(AT_FDCWD, "/home", {st_mode=S_IFDIR|0755, st_size=4096, ...}, 0) = 0
767958 newfstatat(AT_FDCWD, "/home/firstmate", {st_mode=S_IFDIR|0750, st_size=16384, ...}, 0) = 0
767958 newfstatat(AT_FDCWD, "/home/firstmate/.no-mistakes", {st_mode=S_IFDIR|0755, st_size=4096, ...}, 0) = 0
767958 newfstatat(AT_FDCWD, "/home/firstmate/.no-mistakes/worktrees", {st_mode=S_IFDIR|0755, st_size=4096, ...}, 0) = 0
767958 newfstatat(AT_FDCWD, "/home/firstmate/.no-mistakes/worktrees/8352e211db7e", {st_mode=S_IFDIR|0775, st_size=4096, ...}, 0) = 0
767958 newfstatat(AT_FDCWD, "/home/firstmate/.no-mistakes/worktrees/8352e211db7e/01M4F29HK4JCAKXEQ2F50R6HHX", {st_mode=S_IFDIR|0775, st_size=4096, ...}, 0) = 0
767958 newfstatat(AT_FDCWD, "/home/firstmate/.no-mistakes/worktrees/8352e211db7e/01M4F29HK4JCAKXEQ2F50R6HHX/bin", {st_mode=S_IFDIR|0775, st_size=12288, ...}, 0) = 0
767958 chdir("/home/firstmate/.no-mistakes/worktrees/8352e211db7e/01M4F29HK4JCAKXEQ2F50R6HHX/bin") = 0
767958 +++ exited with 0 +++
767948 --- SIGCHLD {si_signo=SIGCHLD, si_code=CLD_EXITED, si_pid=767958, si_uid=0, si_status=0, si_utime=0, si_stime=0} ---
767980 newfstatat(AT_FDCWD, "/home", {st_mode=S_IFDIR|0755, st_size=4096, ...}, 0) = 0
767980 newfstatat(AT_FDCWD, "/home/firstmate", {st_mode=S_IFDIR|0750, st_size=16384, ...}, 0) = 0
767980 newfstatat(AT_FDCWD, "/home/firstmate/.no-mistakes", {st_mode=S_IFDIR|0755, st_size=4096, ...}, 0) = 0
767980 newfstatat(AT_FDCWD, "/home/firstmate/.no-mistakes/worktrees", {st_mode=S_IFDIR|0755, st_size=4096, ...}, 0) = 0
767980 newfstatat(AT_FDCWD, "/home/firstmate/.no-mistakes/worktrees/8352e211db7e", {st_mode=S_IFDIR|0775, st_size=4096, ...}, 0) = 0
767980 newfstatat(AT_FDCWD, "/home/firstmate/.no-mistakes/worktrees/8352e211db7e/01M4F29HK4JCAKXEQ2F50R6HHX", {st_mode=S_IFDIR|0775, st_size=4096, ...}, 0) = 0
767980 newfstatat(AT_FDCWD, "/home/firstmate/.no-mistakes/worktrees/8352e211db7e/01M4F29HK4JCAKXEQ2F50R6HHX/bin", {st_mode=S_IFDIR|0775, st_size=12288, ...}, 0) = 0
767980 newfstatat(AT_FDCWD, "/home/firstmate/.no-mistakes/worktrees/8352e211db7e/01M4F29HK4JCAKXEQ2F50R6HHX/bin", {st_mode=S_IFDIR|0775, st_size=12288, ...}, 0) = 0
767980 chdir("/home/firstmate/.no-mistakes/worktrees/8352e211db7e/01M4F29HK4JCAKXEQ2F50R6HHX") = 0
767980 +++ exited with 0 +++
767948 --- SIGCHLD {si_signo=SIGCHLD, si_code=CLD_EXITED, si_pid=767980, si_uid=0, si_status=0, si_utime=0, si_stime=0} ---
767984 faccessat2(AT_FDCWD, "/home/firstmate/.no-mistakes/worktrees/8352e211db7e/01M4F29HK4JCAKXEQ2F50R6HHX/.test-tmp/boundary/home/config/inbox-profile", R_OK, AT_EACCESS) = -1 ENOENT (No such file or directory)
767984 +++ exited with 0 +++
767948 --- SIGCHLD {si_signo=SIGCHLD, si_code=CLD_EXITED, si_pid=767984, si_uid=0, si_status=0, si_utime=0, si_stime=0} ---
767948 newfstatat(AT_FDCWD, "/home/firstmate/.no-mistakes/worktrees/8352e211db7e/01M4F29HK4JCAKXEQ2F50R6HHX/.test-tmp/boundary/home/.voice-conversation-lab", 0x7fff62b6a170, 0) = -1 ENOENT (No such file or directory)
767948 openat(AT_FDCWD, "/home/firstmate/.no-mistakes/worktrees/8352e211db7e/01M4F29HK4JCAKXEQ2F50R6HHX/bin/fm-wake-lib.sh", O_RDONLY) = 3
767993 newfstatat(AT_FDCWD, ".", {st_mode=S_IFDIR|0775, st_size=4096, ...}, 0) = 0
767993 newfstatat(AT_FDCWD, "/home/firstmate/.local/codex-latest/lib/node_modules/@openai/codex/node_modules/@openai/codex-linux-x64/vendor/x86_64-unknown-linux-musl/codex-path/dirname", 0x7fff62b68410, 0) = -1 ENOENT (No such file or directory)
767993 newfstatat(AT_FDCWD, "/home/firstmate/.codex-5/tmp/arg0/codex-arg065EgpK/dirname", 0x7fff62b68410, 0) = -1 ENOENT (No such file or directory)
767993 newfstatat(AT_FDCWD, "/home/firstmate/.local/codex-latest/lib/node_modules/@openai/codex/node_modules/@openai/codex-linux-x64/vendor/x86_64-unknown-linux-musl/codex-path/dirname", 0x7fff62b68410, 0) = -1 ENOENT (No such file or directory)
767993 newfstatat(AT_FDCWD, "/home/firstmate/.local/bin/dirname", 0x7fff62b68410, 0) = -1 ENOENT (No such file or directory)
767993 newfstatat(AT_FDCWD, "/home/firstmate/go/bin/dirname", 0x7fff62b68410, 0) = -1 ENOENT (No such file or directory)
767993 newfstatat(AT_FDCWD, "/home/firstmate/.cargo/bin/dirname", 0x7fff62b68410, 0) = -1 ENOENT (No such file or directory)
767993 newfstatat(AT_FDCWD, "/home/firstmate/bin/dirname", 0x7fff62b68410, 0) = -1 ENOENT (No such file or directory)
767993 newfstatat(AT_FDCWD, "/opt/homebrew/bin/dirname", 0x7fff62b68410, 0) = -1 ENOENT (No such file or directory)
767993 newfstatat(AT_FDCWD, "/opt/homebrew/sbin/dirname", 0x7fff62b68410, 0) = -1 ENOENT (No such file or directory)
767993 newfstatat(AT_FDCWD, "/usr/local/bin/dirname", 0x7fff62b68410, 0) = -1 ENOENT (No such file or directory)
767993 newfstatat(AT_FDCWD, "/usr/local/sbin/dirname", 0x7fff62b68410, 0) = -1 ENOENT (No such file or directory)
767993 newfstatat(AT_FDCWD, "/usr/bin/dirname", {st_mode=S_IFREG|0755, st_size=11352352, ...}, 0) = 0
767993 newfstatat(AT_FDCWD, "/usr/bin/dirname", {st_mode=S_IFREG|0755, st_size=11352352, ...}, 0) = 0
767993 access("/usr/bin/dirname", X_OK) = 0
767993 newfstatat(AT_FDCWD, "/usr/bin/dirname", {st_mode=S_IFREG|0755, st_size=11352352, ...}, 0) = 0
767993 access("/usr/bin/dirname", R_OK) = 0
767993 execve("/usr/bin/dirname", ["dirname", "/home/firstmate/.no-mistakes/wor"...], 0x6060069ae640 /* 9 vars */) = 0
767993 access("/etc/ld.so.preload", R_OK) = -1 ENOENT (No such file or directory)
767993 openat(AT_FDCWD, "/etc/ld.so.cache", O_RDONLY|O_CLOEXEC) = 3
767993 openat(AT_FDCWD, "/usr/lib/x86_64-linux-gnu/libselinux.so.1", O_RDONLY|O_CLOEXEC) = 3
767993 openat(AT_FDCWD, "/usr/lib/x86_64-linux-gnu/libgcc_s.so.1", O_RDONLY|O_CLOEXEC) = 3
767993 openat(AT_FDCWD, "/usr/lib/x86_64-linux-gnu/libm.so.6", O_RDONLY|O_CLOEXEC) = 3
767993 openat(AT_FDCWD, "/usr/lib/x86_64-linux-gnu/libc.so.6", O_RDONLY|O_CLOEXEC) = 3
767993 openat(AT_FDCWD, "/usr/lib/x86_64-linux-gnu/libpcre2-8.so.0", O_RDONLY|O_CLOEXEC) = 3
767993 statfs("/sys/fs/selinux", 0x7ffc9be6cd80) = -1 ENOENT (No such file or directory)
767993 statfs("/selinux", 0x7ffc9be6cd80) = -1 ENOENT (No such file or directory)
767993 openat(AT_FDCWD, "/proc/filesystems", O_RDONLY|O_CLOEXEC) = 3
767993 access("/etc/selinux/config", F_OK) = -1 ENOENT (No such file or directory)
767993 openat(AT_FDCWD, "/proc/self/maps", O_RDONLY|O_CLOEXEC) = 3
767993 statx(AT_FDCWD, "/usr/share/coreutils/locales/dirname", AT_STATX_SYNC_AS_STAT, STATX_ALL, {stx_mask=STATX_ALL|STATX_MNT_ID, stx_attributes=0, stx_mode=S_IFDIR|0755, stx_size=4096, ...}) = 0
767993 statx(AT_FDCWD, "/usr/share/coreutils/locales/uucore", AT_STATX_SYNC_AS_STAT, STATX_ALL, {stx_mask=STATX_ALL|STATX_MNT_ID, stx_attributes=0, stx_mode=S_IFDIR|0755, stx_size=4096, ...}) = 0
767993 openat(AT_FDCWD, "/usr/share/coreutils/locales/uucore/en-US.ftl", O_RDONLY|O_CLOEXEC) = 3
767993 statx(3, "", AT_STATX_SYNC_AS_STAT|AT_EMPTY_PATH, STATX_ALL, {stx_mask=STATX_ALL|STATX_MNT_ID, stx_attributes=0, stx_mode=S_IFREG|0644, stx_size=4080, ...}) = 0
767993 statx(AT_FDCWD, "/usr/share/coreutils/locales/dirname", AT_STATX_SYNC_AS_STAT, STATX_ALL, {stx_mask=STATX_ALL|STATX_MNT_ID, stx_attributes=0, stx_mode=S_IFDIR|0755, stx_size=4096, ...}) = 0
767993 openat(AT_FDCWD, "/usr/share/coreutils/locales/dirname/en-US.ftl", O_RDONLY|O_CLOEXEC) = -1 ENOENT (No such file or directory)
767993 +++ exited with 0 +++
767991 --- SIGCHLD {si_signo=SIGCHLD, si_code=CLD_EXITED, si_pid=767993, si_uid=0, si_status=0, si_utime=0, si_stime=0} ---
767991 newfstatat(AT_FDCWD, "/home", {st_mode=S_IFDIR|0755, st_size=4096, ...}, 0) = 0
767991 newfstatat(AT_FDCWD, "/home/firstmate", {st_mode=S_IFDIR|0750, st_size=16384, ...}, 0) = 0
767991 newfstatat(AT_FDCWD, "/home/firstmate/.no-mistakes", {st_mode=S_IFDIR|0755, st_size=4096, ...}, 0) = 0
767991 newfstatat(AT_FDCWD, "/home/firstmate/.no-mistakes/worktrees", {st_mode=S_IFDIR|0755, st_size=4096, ...}, 0) = 0
767991 newfstatat(AT_FDCWD, "/home/firstmate/.no-mistakes/worktrees/8352e211db7e", {st_mode=S_IFDIR|0775, st_size=4096, ...}, 0) = 0
767991 newfstatat(AT_FDCWD, "/home/firstmate/.no-mistakes/worktrees/8352e211db7e/01M4F29HK4JCAKXEQ2F50R6HHX", {st_mode=S_IFDIR|0775, st_size=4096, ...}, 0) = 0
767991 newfstatat(AT_FDCWD, "/home/firstmate/.no-mistakes/worktrees/8352e211db7e/01M4F29HK4JCAKXEQ2F50R6HHX/bin", {st_mode=S_IFDIR|0775, st_size=12288, ...}, 0) = 0
767991 chdir("/home/firstmate/.no-mistakes/worktrees/8352e211db7e/01M4F29HK4JCAKXEQ2F50R6HHX/bin") = 0
767991 +++ exited with 0 +++
767948 --- SIGCHLD {si_signo=SIGCHLD, si_code=CLD_EXITED, si_pid=767991, si_uid=0, si_status=0, si_utime=0, si_stime=0} ---
768027 newfstatat(AT_FDCWD, "/home", {st_mode=S_IFDIR|0755, st_size=4096, ...}, 0) = 0
768027 newfstatat(AT_FDCWD, "/home/firstmate", {st_mode=S_IFDIR|0750, st_size=16384, ...}, 0) = 0
768027 newfstatat(AT_FDCWD, "/home/firstmate/.no-mistakes", {st_mode=S_IFDIR|0755, st_size=4096, ...}, 0) = 0
768027 newfstatat(AT_FDCWD, "/home/firstmate/.no-mistakes/worktrees", {st_mode=S_IFDIR|0755, st_size=4096, ...}, 0) = 0
768027 newfstatat(AT_FDCWD, "/home/firstmate/.no-mistakes/worktrees/8352e211db7e", {st_mode=S_IFDIR|0775, st_size=4096, ...}, 0) = 0
768027 newfstatat(AT_FDCWD, "/home/firstmate/.no-mistakes/worktrees/8352e211db7e/01M4F29HK4JCAKXEQ2F50R6HHX", {st_mode=S_IFDIR|0775, st_size=4096, ...}, 0) = 0
768027 newfstatat(AT_FDCWD, "/home/firstmate/.no-mistakes/worktrees/8352e211db7e/01M4F29HK4JCAKXEQ2F50R6HHX/bin", {st_mode=S_IFDIR|0775, st_size=12288, ...}, 0) = 0
768027 newfstatat(AT_FDCWD, "/home/firstmate/.no-mistakes/worktrees/8352e211db7e/01M4F29HK4JCAKXEQ2F50R6HHX/bin", {st_mode=S_IFDIR|0775, st_size=12288, ...}, 0) = 0
768027 chdir("/home/firstmate/.no-mistakes/worktrees/8352e211db7e/01M4F29HK4JCAKXEQ2F50R6HHX") = 0
768027 +++ exited with 0 +++
767948 --- SIGCHLD {si_signo=SIGCHLD, si_code=CLD_EXITED, si_pid=768027, si_uid=0, si_status=0, si_utime=0, si_stime=0} ---
768037 newfstatat(AT_FDCWD, ".", {st_mode=S_IFDIR|0775, st_size=4096, ...}, 0) = 0
768037 newfstatat(AT_FDCWD, "/home/firstmate/.local/codex-latest/lib/node_modules/@openai/codex/node_modules/@openai/codex-linux-x64/vendor/x86_64-unknown-linux-musl/codex-path/uname", 0x7fff62b68e20, 0) = -1 ENOENT (No such file or directory)
768037 newfstatat(AT_FDCWD, "/home/firstmate/.codex-5/tmp/arg0/codex-arg065EgpK/uname", 0x7fff62b68e20, 0) = -1 ENOENT (No such file or directory)
768037 newfstatat(AT_FDCWD, "/home/firstmate/.local/codex-latest/lib/node_modules/@openai/codex/node_modules/@openai/codex-linux-x64/vendor/x86_64-unknown-linux-musl/codex-path/uname", 0x7fff62b68e20, 0) = -1 ENOENT (No such file or directory)
768037 newfstatat(AT_FDCWD, "/home/firstmate/.local/bin/uname", 0x7fff62b68e20, 0) = -1 ENOENT (No such file or directory)
768037 newfstatat(AT_FDCWD, "/home/firstmate/go/bin/uname", 0x7fff62b68e20, 0) = -1 ENOENT (No such file or directory)
768037 newfstatat(AT_FDCWD, "/home/firstmate/.cargo/bin/uname", 0x7fff62b68e20, 0) = -1 ENOENT (No such file or directory)
768037 newfstatat(AT_FDCWD, "/home/firstmate/bin/uname", 0x7fff62b68e20, 0) = -1 ENOENT (No such file or directory)
768037 newfstatat(AT_FDCWD, "/opt/homebrew/bin/uname", 0x7fff62b68e20, 0) = -1 ENOENT (No such file or directory)
768037 newfstatat(AT_FDCWD, "/opt/homebrew/sbin/uname", 0x7fff62b68e20, 0) = -1 ENOENT (No such file or directory)
768037 newfstatat(AT_FDCWD, "/usr/local/bin/uname", 0x7fff62b68e20, 0) = -1 ENOENT (No such file or directory)
768037 newfstatat(AT_FDCWD, "/usr/local/sbin/uname", 0x7fff62b68e20, 0) = -1 ENOENT (No such file or directory)
768037 newfstatat(AT_FDCWD, "/usr/bin/uname", {st_mode=S_IFREG|0755, st_size=11352352, ...}, 0) = 0
768037 newfstatat(AT_FDCWD, "/usr/bin/uname", {st_mode=S_IFREG|0755, st_size=11352352, ...}, 0) = 0
768037 access("/usr/bin/uname", X_OK)   = 0
768037 newfstatat(AT_FDCWD, "/usr/bin/uname", {st_mode=S_IFREG|0755, st_size=11352352, ...}, 0) = 0
768037 access("/usr/bin/uname", R_OK)   = 0
768043 openat(AT_FDCWD, "/dev/null", O_WRONLY|O_CREAT|O_TRUNC, 0666) = 3
768043 execve("/usr/bin/uname", ["uname"], 0x6060069ad570 /* 9 vars */) = 0
768043 access("/etc/ld.so.preload", R_OK) = -1 ENOENT (No such file or directory)
768043 openat(AT_FDCWD, "/etc/ld.so.cache", O_RDONLY|O_CLOEXEC) = 3
768043 openat(AT_FDCWD, "/usr/lib/x86_64-linux-gnu/libselinux.so.1", O_RDONLY|O_CLOEXEC) = 3
768043 openat(AT_FDCWD, "/usr/lib/x86_64-linux-gnu/libgcc_s.so.1", O_RDONLY|O_CLOEXEC) = 3
768043 openat(AT_FDCWD, "/usr/lib/x86_64-linux-gnu/libm.so.6", O_RDONLY|O_CLOEXEC) = 3
768043 openat(AT_FDCWD, "/usr/lib/x86_64-linux-gnu/libc.so.6", O_RDONLY|O_CLOEXEC) = 3
768043 openat(AT_FDCWD, "/usr/lib/x86_64-linux-gnu/libpcre2-8.so.0", O_RDONLY|O_CLOEXEC) = 3
768043 statfs("/sys/fs/selinux", 0x7ffcf4e7b9f0) = -1 ENOENT (No such file or directory)
768043 statfs("/selinux", 0x7ffcf4e7b9f0) = -1 ENOENT (No such file or directory)
768043 openat(AT_FDCWD, "/proc/filesystems", O_RDONLY|O_CLOEXEC) = 3
768043 access("/etc/selinux/config", F_OK) = -1 ENOENT (No such file or directory)
768043 openat(AT_FDCWD, "/proc/self/maps", O_RDONLY|O_CLOEXEC) = 3
768043 statx(AT_FDCWD, "/usr/share/coreutils/locales/uname", AT_STATX_SYNC_AS_STAT, STATX_ALL, {stx_mask=STATX_ALL|STATX_MNT_ID, stx_attributes=0, stx_mode=S_IFDIR|0755, stx_size=4096, ...}) = 0
768043 statx(AT_FDCWD, "/usr/share/coreutils/locales/uucore", AT_STATX_SYNC_AS_STAT, STATX_ALL, {stx_mask=STATX_ALL|STATX_MNT_ID, stx_attributes=0, stx_mode=S_IFDIR|0755, stx_size=4096, ...}) = 0
768043 openat(AT_FDCWD, "/usr/share/coreutils/locales/uucore/en-US.ftl", O_RDONLY|O_CLOEXEC) = 3
768043 statx(3, "", AT_STATX_SYNC_AS_STAT|AT_EMPTY_PATH, STATX_ALL, {stx_mask=STATX_ALL|STATX_MNT_ID, stx_attributes=0, stx_mode=S_IFREG|0644, stx_size=4080, ...}) = 0
768043 statx(AT_FDCWD, "/usr/share/coreutils/locales/uname", AT_STATX_SYNC_AS_STAT, STATX_ALL, {stx_mask=STATX_ALL|STATX_MNT_ID, stx_attributes=0, stx_mode=S_IFDIR|0755, stx_size=4096, ...}) = 0
768043 openat(AT_FDCWD, "/usr/share/coreutils/locales/uname/en-US.ftl", O_RDONLY|O_CLOEXEC) = -1 ENOENT (No such file or directory)
768043 +++ exited with 0 +++
768037 --- SIGCHLD {si_signo=SIGCHLD, si_code=CLD_EXITED, si_pid=768043, si_uid=0, si_status=0, si_utime=0, si_stime=0} ---
768037 +++ exited with 0 +++
767948 --- SIGCHLD {si_signo=SIGCHLD, si_code=CLD_EXITED, si_pid=768037, si_uid=0, si_status=0, si_utime=0, si_stime=0} ---
767948 newfstatat(AT_FDCWD, ".", {st_mode=S_IFDIR|0775, st_size=4096, ...}, 0) = 0
767948 newfstatat(AT_FDCWD, "/home/firstmate/.local/codex-latest/lib/node_modules/@openai/codex/node_modules/@openai/codex-linux-x64/vendor/x86_64-unknown-linux-musl/codex-path/mkdir", 0x7fff62b69730, 0) = -1 ENOENT (No such file or directory)
767948 newfstatat(AT_FDCWD, "/home/firstmate/.codex-5/tmp/arg0/codex-arg065EgpK/mkdir", 0x7fff62b69730, 0) = -1 ENOENT (No such file or directory)
767948 newfstatat(AT_FDCWD, "/home/firstmate/.local/codex-latest/lib/node_modules/@openai/codex/node_modules/@openai/codex-linux-x64/vendor/x86_64-unknown-linux-musl/codex-path/mkdir", 0x7fff62b69730, 0) = -1 ENOENT (No such file or directory)
767948 newfstatat(AT_FDCWD, "/home/firstmate/.local/bin/mkdir", 0x7fff62b69730, 0) = -1 ENOENT (No such file or directory)
767948 newfstatat(AT_FDCWD, "/home/firstmate/go/bin/mkdir", 0x7fff62b69730, 0) = -1 ENOENT (No such file or directory)
767948 newfstatat(AT_FDCWD, "/home/firstmate/.cargo/bin/mkdir", 0x7fff62b69730, 0) = -1 ENOENT (No such file or directory)
767948 newfstatat(AT_FDCWD, "/home/firstmate/bin/mkdir", 0x7fff62b69730, 0) = -1 ENOENT (No such file or directory)
767948 newfstatat(AT_FDCWD, "/opt/homebrew/bin/mkdir", 0x7fff62b69730, 0) = -1 ENOENT (No such file or directory)
767948 newfstatat(AT_FDCWD, "/opt/homebrew/sbin/mkdir", 0x7fff62b69730, 0) = -1 ENOENT (No such file or directory)
767948 newfstatat(AT_FDCWD, "/usr/local/bin/mkdir", 0x7fff62b69730, 0) = -1 ENOENT (No such file or directory)
767948 newfstatat(AT_FDCWD, "/usr/local/sbin/mkdir", 0x7fff62b69730, 0) = -1 ENOENT (No such file or directory)
767948 newfstatat(AT_FDCWD, "/usr/bin/mkdir", {st_mode=S_IFREG|0755, st_size=11352352, ...}, 0) = 0
767948 newfstatat(AT_FDCWD, "/usr/bin/mkdir", {st_mode=S_IFREG|0755, st_size=11352352, ...}, 0) = 0
767948 access("/usr/bin/mkdir", X_OK)   = 0
767948 newfstatat(AT_FDCWD, "/usr/bin/mkdir", {st_mode=S_IFREG|0755, st_size=11352352, ...}, 0) = 0
767948 access("/usr/bin/mkdir", R_OK)   = 0
768058 execve("/usr/bin/mkdir", ["mkdir", "-p", "/home/firstmate/.no-mistakes/wor"...], 0x6060069ad570 /* 9 vars */) = 0
768058 access("/etc/ld.so.preload", R_OK) = -1 ENOENT (No such file or directory)
768058 openat(AT_FDCWD, "/etc/ld.so.cache", O_RDONLY|O_CLOEXEC) = 3
768058 openat(AT_FDCWD, "/usr/lib/x86_64-linux-gnu/libselinux.so.1", O_RDONLY|O_CLOEXEC) = 3
768058 openat(AT_FDCWD, "/usr/lib/x86_64-linux-gnu/libgcc_s.so.1", O_RDONLY|O_CLOEXEC) = 3
768058 openat(AT_FDCWD, "/usr/lib/x86_64-linux-gnu/libm.so.6", O_RDONLY|O_CLOEXEC) = 3
768058 openat(AT_FDCWD, "/usr/lib/x86_64-linux-gnu/libc.so.6", O_RDONLY|O_CLOEXEC) = 3
768058 openat(AT_FDCWD, "/usr/lib/x86_64-linux-gnu/libpcre2-8.so.0", O_RDONLY|O_CLOEXEC) = 3
768058 statfs("/sys/fs/selinux", 0x7ffd5a84bf50) = -1 ENOENT (No such file or directory)
768058 statfs("/selinux", 0x7ffd5a84bf50) = -1 ENOENT (No such file or directory)
768058 openat(AT_FDCWD, "/proc/filesystems", O_RDONLY|O_CLOEXEC) = 3
768058 access("/etc/selinux/config", F_OK) = -1 ENOENT (No such file or directory)
768058 openat(AT_FDCWD, "/proc/self/maps", O_RDONLY|O_CLOEXEC) = 3
768058 statx(AT_FDCWD, "/usr/share/coreutils/locales/mkdir", AT_STATX_SYNC_AS_STAT, STATX_ALL, {stx_mask=STATX_ALL|STATX_MNT_ID, stx_attributes=0, stx_mode=S_IFDIR|0755, stx_size=4096, ...}) = 0
768058 statx(AT_FDCWD, "/usr/share/coreutils/locales/uucore", AT_STATX_SYNC_AS_STAT, STATX_ALL, {stx_mask=STATX_ALL|STATX_MNT_ID, stx_attributes=0, stx_mode=S_IFDIR|0755, stx_size=4096, ...}) = 0
768058 openat(AT_FDCWD, "/usr/share/coreutils/locales/uucore/en-US.ftl", O_RDONLY|O_CLOEXEC) = 3
768058 statx(3, "", AT_STATX_SYNC_AS_STAT|AT_EMPTY_PATH, STATX_ALL, {stx_mask=STATX_ALL|STATX_MNT_ID, stx_attributes=0, stx_mode=S_IFREG|0644, stx_size=4080, ...}) = 0
768058 statx(AT_FDCWD, "/usr/share/coreutils/locales/mkdir", AT_STATX_SYNC_AS_STAT, STATX_ALL, {stx_mask=STATX_ALL|STATX_MNT_ID, stx_attributes=0, stx_mode=S_IFDIR|0755, stx_size=4096, ...}) = 0
768058 openat(AT_FDCWD, "/usr/share/coreutils/locales/mkdir/en-US.ftl", O_RDONLY|O_CLOEXEC) = -1 ENOENT (No such file or directory)
768058 statx(AT_FDCWD, "/home/firstmate/.no-mistakes/worktrees/8352e211db7e/01M4F29HK4JCAKXEQ2F50R6HHX/.test-tmp/boundary/home/state", AT_STATX_SYNC_AS_STAT, STATX_ALL, {stx_mask=STATX_ALL|STATX_MNT_ID, stx_attributes=0, stx_mode=S_IFDIR|0700, stx_size=4096, ...}) = 0
768058 statx(AT_FDCWD, "/", AT_STATX_SYNC_AS_STAT, STATX_ALL, {stx_mask=STATX_ALL|STATX_MNT_ID, stx_attributes=STATX_ATTR_MOUNT_ROOT, stx_mode=S_IFDIR|0755, stx_size=4096, ...}) = 0
768058 statx(AT_FDCWD, "/home", AT_STATX_SYNC_AS_STAT, STATX_ALL, {stx_mask=STATX_ALL|STATX_MNT_ID, stx_attributes=0, stx_mode=S_IFDIR|0755, stx_size=4096, ...}) = 0
768058 statx(AT_FDCWD, "/home/firstmate", AT_STATX_SYNC_AS_STAT, STATX_ALL, {stx_mask=STATX_ALL|STATX_MNT_ID, stx_attributes=0, stx_mode=S_IFDIR|0750, stx_size=16384, ...}) = 0
768058 statx(AT_FDCWD, "/home/firstmate/.no-mistakes", AT_STATX_SYNC_AS_STAT, STATX_ALL, {stx_mask=STATX_ALL|STATX_MNT_ID, stx_attributes=0, stx_mode=S_IFDIR|0755, stx_size=4096, ...}) = 0
768058 statx(AT_FDCWD, "/home/firstmate/.no-mistakes/worktrees", AT_STATX_SYNC_AS_STAT, STATX_ALL, {stx_mask=STATX_ALL|STATX_MNT_ID, stx_attributes=0, stx_mode=S_IFDIR|0755, stx_size=4096, ...}) = 0
768058 statx(AT_FDCWD, "/home/firstmate/.no-mistakes/worktrees/8352e211db7e", AT_STATX_SYNC_AS_STAT, STATX_ALL, {stx_mask=STATX_ALL|STATX_MNT_ID, stx_attributes=0, stx_mode=S_IFDIR|0775, stx_size=4096, ...}) = 0
768058 statx(AT_FDCWD, "/home/firstmate/.no-mistakes/worktrees/8352e211db7e/01M4F29HK4JCAKXEQ2F50R6HHX", AT_STATX_SYNC_AS_STAT, STATX_ALL, {stx_mask=STATX_ALL|STATX_MNT_ID, stx_attributes=0, stx_mode=S_IFDIR|0775, stx_size=4096, ...}) = 0
768058 statx(AT_FDCWD, "/home/firstmate/.no-mistakes/worktrees/8352e211db7e/01M4F29HK4JCAKXEQ2F50R6HHX/.test-tmp", AT_STATX_SYNC_AS_STAT, STATX_ALL, {stx_mask=STATX_ALL|STATX_MNT_ID, stx_attributes=0, stx_mode=S_IFDIR|0775, stx_size=4096, ...}) = 0
768058 statx(AT_FDCWD, "/home/firstmate/.no-mistakes/worktrees/8352e211db7e/01M4F29HK4JCAKXEQ2F50R6HHX/.test-tmp/boundary", AT_STATX_SYNC_AS_STAT, STATX_ALL, {stx_mask=STATX_ALL|STATX_MNT_ID, stx_attributes=0, stx_mode=S_IFDIR|0700, stx_size=4096, ...}) = 0
768058 statx(AT_FDCWD, "/home/firstmate/.no-mistakes/worktrees/8352e211db7e/01M4F29HK4JCAKXEQ2F50R6HHX/.test-tmp/boundary/home", AT_STATX_SYNC_AS_STAT, STATX_ALL, {stx_mask=STATX_ALL|STATX_MNT_ID, stx_attributes=STATX_ATTR_MOUNT_ROOT, stx_mode=S_IFDIR|0700, stx_size=4096, ...}) = 0
768058 statx(AT_FDCWD, "/home/firstmate/.no-mistakes/worktrees/8352e211db7e/01M4F29HK4JCAKXEQ2F50R6HHX/.test-tmp/boundary/home/state", AT_STATX_SYNC_AS_STAT, STATX_ALL, {stx_mask=STATX_ALL|STATX_MNT_ID, stx_attributes=0, stx_mode=S_IFDIR|0700, stx_size=4096, ...}) = 0
768058 mkdir("/home/firstmate/.no-mistakes/worktrees/8352e211db7e/01M4F29HK4JCAKXEQ2F50R6HHX/.test-tmp/boundary/home/state", 0700) = -1 EEXIST (File exists)
768058 statx(AT_FDCWD, "/home/firstmate/.no-mistakes/worktrees/8352e211db7e/01M4F29HK4JCAKXEQ2F50R6HHX/.test-tmp/boundary/home/state", AT_STATX_SYNC_AS_STAT, STATX_ALL, {stx_mask=STATX_ALL|STATX_MNT_ID, stx_attributes=0, stx_mode=S_IFDIR|0700, stx_size=4096, ...}) = 0
768058 +++ exited with 0 +++
767948 --- SIGCHLD {si_signo=SIGCHLD, si_code=CLD_EXITED, si_pid=768058, si_uid=0, si_status=0, si_utime=0, si_stime=0} ---
768068 newfstatat(AT_FDCWD, ".", {st_mode=S_IFDIR|0775, st_size=4096, ...}, 0) = 0
768068 newfstatat(AT_FDCWD, "/home/firstmate/.local/codex-latest/lib/node_modules/@openai/codex/node_modules/@openai/codex-linux-x64/vendor/x86_64-unknown-linux-musl/codex-path/cat", 0x7fff62b69490, 0) = -1 ENOENT (No such file or directory)
768068 newfstatat(AT_FDCWD, "/home/firstmate/.codex-5/tmp/arg0/codex-arg065EgpK/cat", 0x7fff62b69490, 0) = -1 ENOENT (No such file or directory)
768068 newfstatat(AT_FDCWD, "/home/firstmate/.local/codex-latest/lib/node_modules/@openai/codex/node_modules/@openai/codex-linux-x64/vendor/x86_64-unknown-linux-musl/codex-path/cat", 0x7fff62b69490, 0) = -1 ENOENT (No such file or directory)
768068 newfstatat(AT_FDCWD, "/home/firstmate/.local/bin/cat", 0x7fff62b69490, 0) = -1 ENOENT (No such file or directory)
768068 newfstatat(AT_FDCWD, "/home/firstmate/go/bin/cat", 0x7fff62b69490, 0) = -1 ENOENT (No such file or directory)
768068 newfstatat(AT_FDCWD, "/home/firstmate/.cargo/bin/cat", 0x7fff62b69490, 0) = -1 ENOENT (No such file or directory)
768068 newfstatat(AT_FDCWD, "/home/firstmate/bin/cat", 0x7fff62b69490, 0) = -1 ENOENT (No such file or directory)
768068 newfstatat(AT_FDCWD, "/opt/homebrew/bin/cat", 0x7fff62b69490, 0) = -1 ENOENT (No such file or directory)
768068 newfstatat(AT_FDCWD, "/opt/homebrew/sbin/cat", 0x7fff62b69490, 0) = -1 ENOENT (No such file or directory)
768068 newfstatat(AT_FDCWD, "/usr/local/bin/cat", 0x7fff62b69490, 0) = -1 ENOENT (No such file or directory)
768068 newfstatat(AT_FDCWD, "/usr/local/sbin/cat", 0x7fff62b69490, 0) = -1 ENOENT (No such file or directory)
768068 newfstatat(AT_FDCWD, "/usr/bin/cat", {st_mode=S_IFREG|0755, st_size=11352352, ...}, 0) = 0
768068 newfstatat(AT_FDCWD, "/usr/bin/cat", {st_mode=S_IFREG|0755, st_size=11352352, ...}, 0) = 0
768068 access("/usr/bin/cat", X_OK)     = 0
768068 newfstatat(AT_FDCWD, "/usr/bin/cat", {st_mode=S_IFREG|0755, st_size=11352352, ...}, 0) = 0
768068 access("/usr/bin/cat", R_OK)     = 0
768073 openat(AT_FDCWD, "/dev/null", O_WRONLY|O_CREAT|O_TRUNC, 0666) = 3
768073 execve("/usr/bin/cat", ["cat", "/home/firstmate/.no-mistakes/wor"...], 0x6060069ad570 /* 9 vars */) = 0
768073 access("/etc/ld.so.preload", R_OK) = -1 ENOENT (No such file or directory)
768073 openat(AT_FDCWD, "/etc/ld.so.cache", O_RDONLY|O_CLOEXEC) = 3
768073 openat(AT_FDCWD, "/usr/lib/x86_64-linux-gnu/libselinux.so.1", O_RDONLY|O_CLOEXEC) = 3
768073 openat(AT_FDCWD, "/usr/lib/x86_64-linux-gnu/libgcc_s.so.1", O_RDONLY|O_CLOEXEC) = 3
768073 openat(AT_FDCWD, "/usr/lib/x86_64-linux-gnu/libm.so.6", O_RDONLY|O_CLOEXEC) = 3
768073 openat(AT_FDCWD, "/usr/lib/x86_64-linux-gnu/libc.so.6", O_RDONLY|O_CLOEXEC) = 3
768073 openat(AT_FDCWD, "/usr/lib/x86_64-linux-gnu/libpcre2-8.so.0", O_RDONLY|O_CLOEXEC) = 3
768073 statfs("/sys/fs/selinux", 0x7ffd1d135500) = -1 ENOENT (No such file or directory)
768073 statfs("/selinux", 0x7ffd1d135500) = -1 ENOENT (No such file or directory)
768073 openat(AT_FDCWD, "/proc/filesystems", O_RDONLY|O_CLOEXEC) = 3
768073 access("/etc/selinux/config", F_OK) = -1 ENOENT (No such file or directory)
768073 openat(AT_FDCWD, "/proc/self/maps", O_RDONLY|O_CLOEXEC) = 3
768073 statx(AT_FDCWD, "/usr/share/coreutils/locales/cat", AT_STATX_SYNC_AS_STAT, STATX_ALL, {stx_mask=STATX_ALL|STATX_MNT_ID, stx_attributes=0, stx_mode=S_IFDIR|0755, stx_size=4096, ...}) = 0
768073 statx(AT_FDCWD, "/usr/share/coreutils/locales/uucore", AT_STATX_SYNC_AS_STAT, STATX_ALL, {stx_mask=STATX_ALL|STATX_MNT_ID, stx_attributes=0, stx_mode=S_IFDIR|0755, stx_size=4096, ...}) = 0
768073 openat(AT_FDCWD, "/usr/share/coreutils/locales/uucore/en-US.ftl", O_RDONLY|O_CLOEXEC) = 3
768073 statx(3, "", AT_STATX_SYNC_AS_STAT|AT_EMPTY_PATH, STATX_ALL, {stx_mask=STATX_ALL|STATX_MNT_ID, stx_attributes=0, stx_mode=S_IFREG|0644, stx_size=4080, ...}) = 0
768073 statx(AT_FDCWD, "/usr/share/coreutils/locales/cat", AT_STATX_SYNC_AS_STAT, STATX_ALL, {stx_mask=STATX_ALL|STATX_MNT_ID, stx_attributes=0, stx_mode=S_IFDIR|0755, stx_size=4096, ...}) = 0
768073 openat(AT_FDCWD, "/usr/share/coreutils/locales/cat/en-US.ftl", O_RDONLY|O_CLOEXEC) = -1 ENOENT (No such file or directory)
768073 statx(AT_FDCWD, "/home/firstmate/.no-mistakes/worktrees/8352e211db7e/01M4F29HK4JCAKXEQ2F50R6HHX/.test-tmp/boundary/home/state/.lock", AT_STATX_SYNC_AS_STAT, STATX_ALL, {stx_mask=STATX_ALL|STATX_MNT_ID, stx_attributes=0, stx_mode=S_IFREG|0600, stx_size=7, ...}) = 0
768073 openat(AT_FDCWD, "/home/firstmate/.no-mistakes/worktrees/8352e211db7e/01M4F29HK4JCAKXEQ2F50R6HHX/.test-tmp/boundary/home/state/.lock", O_RDONLY|O_CLOEXEC) = 3
768073 +++ exited with 0 +++
768068 --- SIGCHLD {si_signo=SIGCHLD, si_code=CLD_EXITED, si_pid=768073, si_uid=0, si_status=0, si_utime=0, si_stime=1 /* 0.01 s */} ---
768068 +++ exited with 0 +++
767948 --- SIGCHLD {si_signo=SIGCHLD, si_code=CLD_EXITED, si_pid=768068, si_uid=0, si_status=0, si_utime=0, si_stime=0} ---
767948 openat(AT_FDCWD, "/dev/null", O_WRONLY|O_CREAT|O_TRUNC, 0666) = 3
767948 faccessat2(AT_FDCWD, "/proc/760355/stat", R_OK, AT_EACCESS) = 0
767948 faccessat2(AT_FDCWD, "/proc/760355/cmdline", R_OK, AT_EACCESS) = 0
768088 newfstatat(AT_FDCWD, ".", {st_mode=S_IFDIR|0775, st_size=4096, ...}, 0) = 0
768088 newfstatat(AT_FDCWD, "/home/firstmate/.local/codex-latest/lib/node_modules/@openai/codex/node_modules/@openai/codex-linux-x64/vendor/x86_64-unknown-linux-musl/codex-path/cat", 0x7fff62b680a0, 0) = -1 ENOENT (No such file or directory)
768088 newfstatat(AT_FDCWD, "/home/firstmate/.codex-5/tmp/arg0/codex-arg065EgpK/cat", 0x7fff62b680a0, 0) = -1 ENOENT (No such file or directory)
768088 newfstatat(AT_FDCWD, "/home/firstmate/.local/codex-latest/lib/node_modules/@openai/codex/node_modules/@openai/codex-linux-x64/vendor/x86_64-unknown-linux-musl/codex-path/cat", 0x7fff62b680a0, 0) = -1 ENOENT (No such file or directory)
768088 newfstatat(AT_FDCWD, "/home/firstmate/.local/bin/cat", 0x7fff62b680a0, 0) = -1 ENOENT (No such file or directory)
768088 newfstatat(AT_FDCWD, "/home/firstmate/go/bin/cat", 0x7fff62b680a0, 0) = -1 ENOENT (No such file or directory)
768088 newfstatat(AT_FDCWD, "/home/firstmate/.cargo/bin/cat", 0x7fff62b680a0, 0) = -1 ENOENT (No such file or directory)
768088 newfstatat(AT_FDCWD, "/home/firstmate/bin/cat", 0x7fff62b680a0, 0) = -1 ENOENT (No such file or directory)
768088 newfstatat(AT_FDCWD, "/opt/homebrew/bin/cat", 0x7fff62b680a0, 0) = -1 ENOENT (No such file or directory)
768088 newfstatat(AT_FDCWD, "/opt/homebrew/sbin/cat", 0x7fff62b680a0, 0) = -1 ENOENT (No such file or directory)
768088 newfstatat(AT_FDCWD, "/usr/local/bin/cat", 0x7fff62b680a0, 0) = -1 ENOENT (No such file or directory)
768088 newfstatat(AT_FDCWD, "/usr/local/sbin/cat", 0x7fff62b680a0, 0) = -1 ENOENT (No such file or directory)
768088 newfstatat(AT_FDCWD, "/usr/bin/cat", {st_mode=S_IFREG|0755, st_size=11352352, ...}, 0) = 0
768088 newfstatat(AT_FDCWD, "/usr/bin/cat", {st_mode=S_IFREG|0755, st_size=11352352, ...}, 0) = 0
768088 access("/usr/bin/cat", X_OK)     = 0
768088 newfstatat(AT_FDCWD, "/usr/bin/cat", {st_mode=S_IFREG|0755, st_size=11352352, ...}, 0) = 0
768088 access("/usr/bin/cat", R_OK)     = 0
768090 openat(AT_FDCWD, "/dev/null", O_WRONLY|O_CREAT|O_TRUNC, 0666) = 3
768090 execve("/usr/bin/cat", ["cat", "/proc/760355/stat"], 0x6060069ad570 /* 9 vars */) = 0
768090 access("/etc/ld.so.preload", R_OK) = -1 ENOENT (No such file or directory)
768090 openat(AT_FDCWD, "/etc/ld.so.cache", O_RDONLY|O_CLOEXEC) = 3
768090 openat(AT_FDCWD, "/usr/lib/x86_64-linux-gnu/libselinux.so.1", O_RDONLY|O_CLOEXEC) = 3
768090 openat(AT_FDCWD, "/usr/lib/x86_64-linux-gnu/libgcc_s.so.1", O_RDONLY|O_CLOEXEC) = 3
768090 openat(AT_FDCWD, "/usr/lib/x86_64-linux-gnu/libm.so.6", O_RDONLY|O_CLOEXEC) = 3
768090 openat(AT_FDCWD, "/usr/lib/x86_64-linux-gnu/libc.so.6", O_RDONLY|O_CLOEXEC) = 3
768090 openat(AT_FDCWD, "/usr/lib/x86_64-linux-gnu/libpcre2-8.so.0", O_RDONLY|O_CLOEXEC) = 3
768090 statfs("/sys/fs/selinux", 0x7ffc01578dd0) = -1 ENOENT (No such file or directory)
768090 statfs("/selinux", 0x7ffc01578dd0) = -1 ENOENT (No such file or directory)
768090 openat(AT_FDCWD, "/proc/filesystems", O_RDONLY|O_CLOEXEC) = 3
768090 access("/etc/selinux/config", F_OK) = -1 ENOENT (No such file or directory)
768090 openat(AT_FDCWD, "/proc/self/maps", O_RDONLY|O_CLOEXEC) = 3
768090 statx(AT_FDCWD, "/usr/share/coreutils/locales/cat", AT_STATX_SYNC_AS_STAT, STATX_ALL, {stx_mask=STATX_ALL|STATX_MNT_ID, stx_attributes=0, stx_mode=S_IFDIR|0755, stx_size=4096, ...}) = 0
768090 statx(AT_FDCWD, "/usr/share/coreutils/locales/uucore", AT_STATX_SYNC_AS_STAT, STATX_ALL, {stx_mask=STATX_ALL|STATX_MNT_ID, stx_attributes=0, stx_mode=S_IFDIR|0755, stx_size=4096, ...}) = 0
768090 openat(AT_FDCWD, "/usr/share/coreutils/locales/uucore/en-US.ftl", O_RDONLY|O_CLOEXEC) = 3
768090 statx(3, "", AT_STATX_SYNC_AS_STAT|AT_EMPTY_PATH, STATX_ALL, {stx_mask=STATX_ALL|STATX_MNT_ID, stx_attributes=0, stx_mode=S_IFREG|0644, stx_size=4080, ...}) = 0
768090 statx(AT_FDCWD, "/usr/share/coreutils/locales/cat", AT_STATX_SYNC_AS_STAT, STATX_ALL, {stx_mask=STATX_ALL|STATX_MNT_ID, stx_attributes=0, stx_mode=S_IFDIR|0755, stx_size=4096, ...}) = 0
768090 openat(AT_FDCWD, "/usr/share/coreutils/locales/cat/en-US.ftl", O_RDONLY|O_CLOEXEC) = -1 ENOENT (No such file or directory)
768090 statx(AT_FDCWD, "/proc/760355/stat", AT_STATX_SYNC_AS_STAT, STATX_ALL, {stx_mask=STATX_BASIC_STATS|STATX_MNT_ID, stx_attributes=0, stx_mode=S_IFREG|0444, stx_size=0, ...}) = 0
768090 openat(AT_FDCWD, "/proc/760355/stat", O_RDONLY|O_CLOEXEC) = 3
768090 +++ exited with 0 +++
768088 --- SIGCHLD {si_signo=SIGCHLD, si_code=CLD_EXITED, si_pid=768090, si_uid=0, si_status=0, si_utime=0, si_stime=1 /* 0.01 s */} ---
768088 +++ exited with 0 +++
767948 --- SIGCHLD {si_signo=SIGCHLD, si_code=CLD_EXITED, si_pid=768088, si_uid=0, si_status=0, si_utime=0, si_stime=0} ---
768096 newfstatat(AT_FDCWD, ".", {st_mode=S_IFDIR|0775, st_size=4096, ...}, 0) = 0
768096 newfstatat(AT_FDCWD, "/home/firstmate/.local/codex-latest/lib/node_modules/@openai/codex/node_modules/@openai/codex-linux-x64/vendor/x86_64-unknown-linux-musl/codex-path/od", 0x7fff62b68270, 0) = -1 ENOENT (No such file or directory)
768096 newfstatat(AT_FDCWD, "/home/firstmate/.codex-5/tmp/arg0/codex-arg065EgpK/od", 0x7fff62b68270, 0) = -1 ENOENT (No such file or directory)
768096 newfstatat(AT_FDCWD, "/home/firstmate/.local/codex-latest/lib/node_modules/@openai/codex/node_modules/@openai/codex-linux-x64/vendor/x86_64-unknown-linux-musl/codex-path/od", 0x7fff62b68270, 0) = -1 ENOENT (No such file or directory)
768096 newfstatat(AT_FDCWD, "/home/firstmate/.local/bin/od", 0x7fff62b68270, 0) = -1 ENOENT (No such file or directory)
768096 newfstatat(AT_FDCWD, "/home/firstmate/go/bin/od" <unfinished ...>
768097 newfstatat(AT_FDCWD, "." <unfinished ...>
768096 <... newfstatat resumed>, 0x7fff62b68270, 0) = -1 ENOENT (No such file or directory)
768097 <... newfstatat resumed>, {st_mode=S_IFDIR|0775, st_size=4096, ...}, 0) = 0
768096 newfstatat(AT_FDCWD, "/home/firstmate/.cargo/bin/od" <unfinished ...>
768097 newfstatat(AT_FDCWD, "/home/firstmate/.local/codex-latest/lib/node_modules/@openai/codex/node_modules/@openai/codex-linux-x64/vendor/x86_64-unknown-linux-musl/codex-path/tr" <unfinished ...>
768096 <... newfstatat resumed>, 0x7fff62b68270, 0) = -1 ENOENT (No such file or directory)
768097 <... newfstatat resumed>, 0x7fff62b68270, 0) = -1 ENOENT (No such file or directory)
768096 newfstatat(AT_FDCWD, "/home/firstmate/bin/od" <unfinished ...>
768097 newfstatat(AT_FDCWD, "/home/firstmate/.codex-5/tmp/arg0/codex-arg065EgpK/tr", 0x7fff62b68270, 0) = -1 ENOENT (No such file or directory)
768096 <... newfstatat resumed>, 0x7fff62b68270, 0) = -1 ENOENT (No such file or directory)
768097 newfstatat(AT_FDCWD, "/home/firstmate/.local/codex-latest/lib/node_modules/@openai/codex/node_modules/@openai/codex-linux-x64/vendor/x86_64-unknown-linux-musl/codex-path/tr" <unfinished ...>
768096 newfstatat(AT_FDCWD, "/opt/homebrew/bin/od" <unfinished ...>
768097 <... newfstatat resumed>, 0x7fff62b68270, 0) = -1 ENOENT (No such file or directory)
768096 <... newfstatat resumed>, 0x7fff62b68270, 0) = -1 ENOENT (No such file or directory)
768097 newfstatat(AT_FDCWD, "/home/firstmate/.local/bin/tr" <unfinished ...>
768096 newfstatat(AT_FDCWD, "/opt/homebrew/sbin/od", 0x7fff62b68270, 0) = -1 ENOENT (No such file or directory)
768097 <... newfstatat resumed>, 0x7fff62b68270, 0) = -1 ENOENT (No such file or directory)
768096 newfstatat(AT_FDCWD, "/usr/local/bin/od" <unfinished ...>
768097 newfstatat(AT_FDCWD, "/home/firstmate/go/bin/tr", 0x7fff62b68270, 0) = -1 ENOENT (No such file or directory)
768096 <... newfstatat resumed>, 0x7fff62b68270, 0) = -1 ENOENT (No such file or directory)
768097 newfstatat(AT_FDCWD, "/home/firstmate/.cargo/bin/tr" <unfinished ...>
768096 newfstatat(AT_FDCWD, "/usr/local/sbin/od" <unfinished ...>
768097 <... newfstatat resumed>, 0x7fff62b68270, 0) = -1 ENOENT (No such file or directory)
768096 <... newfstatat resumed>, 0x7fff62b68270, 0) = -1 ENOENT (No such file or directory)
768097 newfstatat(AT_FDCWD, "/home/firstmate/bin/tr" <unfinished ...>
768096 newfstatat(AT_FDCWD, "/usr/bin/od" <unfinished ...>
768097 <... newfstatat resumed>, 0x7fff62b68270, 0) = -1 ENOENT (No such file or directory)
768097 newfstatat(AT_FDCWD, "/opt/homebrew/bin/tr" <unfinished ...>
768096 <... newfstatat resumed>, {st_mode=S_IFREG|0755, st_size=11352352, ...}, 0) = 0
768097 <... newfstatat resumed>, 0x7fff62b68270, 0) = -1 ENOENT (No such file or directory)
768096 newfstatat(AT_FDCWD, "/usr/bin/od" <unfinished ...>
768097 newfstatat(AT_FDCWD, "/opt/homebrew/sbin/tr" <unfinished ...>
768096 <... newfstatat resumed>, {st_mode=S_IFREG|0755, st_size=11352352, ...}, 0) = 0
768097 <... newfstatat resumed>, 0x7fff62b68270, 0) = -1 ENOENT (No such file or directory)
768097 newfstatat(AT_FDCWD, "/usr/local/bin/tr", 0x7fff62b68270, 0) = -1 ENOENT (No such file or directory)
768097 newfstatat(AT_FDCWD, "/usr/local/sbin/tr", 0x7fff62b68270, 0) = -1 ENOENT (No such file or directory)
768097 newfstatat(AT_FDCWD, "/usr/bin/tr", {st_mode=S_IFREG|0755, st_size=11352352, ...}, 0) = 0
768097 newfstatat(AT_FDCWD, "/usr/bin/tr", {st_mode=S_IFREG|0755, st_size=11352352, ...}, 0) = 0
768096 access("/usr/bin/od", X_OK)      = 0
768096 newfstatat(AT_FDCWD, "/usr/bin/od", {st_mode=S_IFREG|0755, st_size=11352352, ...}, 0) = 0
768097 access("/usr/bin/tr", X_OK)      = 0
768097 newfstatat(AT_FDCWD, "/usr/bin/tr", {st_mode=S_IFREG|0755, st_size=11352352, ...}, 0) = 0
768096 access("/usr/bin/od", R_OK)      = 0
768097 access("/usr/bin/tr", R_OK)      = 0
768096 openat(AT_FDCWD, "/dev/null", O_WRONLY|O_CREAT|O_TRUNC, 0666) = 3
768097 execve("/usr/bin/tr", ["tr", "-d", "[:space:]"], 0x6060069ad570 /* 9 vars */ <unfinished ...>
768096 execve("/usr/bin/od", ["od", "-An", "-v", "-tx1", "/proc/760355/cmdline"], 0x6060069ad570 /* 9 vars */ <unfinished ...>
768097 <... execve resumed>)            = 0
768096 <... execve resumed>)            = 0
768097 access("/etc/ld.so.preload", R_OK) = -1 ENOENT (No such file or directory)
768096 access("/etc/ld.so.preload", R_OK <unfinished ...>
768097 openat(AT_FDCWD, "/etc/ld.so.cache", O_RDONLY|O_CLOEXEC <unfinished ...>
768096 <... access resumed>)            = -1 ENOENT (No such file or directory)
768097 <... openat resumed>)            = 3
768096 openat(AT_FDCWD, "/etc/ld.so.cache", O_RDONLY|O_CLOEXEC) = 3
768097 openat(AT_FDCWD, "/usr/lib/x86_64-linux-gnu/libselinux.so.1", O_RDONLY|O_CLOEXEC) = 3
768096 openat(AT_FDCWD, "/usr/lib/x86_64-linux-gnu/libselinux.so.1", O_RDONLY|O_CLOEXEC) = 3
768097 openat(AT_FDCWD, "/usr/lib/x86_64-linux-gnu/libgcc_s.so.1", O_RDONLY|O_CLOEXEC) = 3
768096 openat(AT_FDCWD, "/usr/lib/x86_64-linux-gnu/libgcc_s.so.1", O_RDONLY|O_CLOEXEC) = 3
768097 openat(AT_FDCWD, "/usr/lib/x86_64-linux-gnu/libm.so.6", O_RDONLY|O_CLOEXEC) = 3
768096 openat(AT_FDCWD, "/usr/lib/x86_64-linux-gnu/libm.so.6", O_RDONLY|O_CLOEXEC) = 3
768097 openat(AT_FDCWD, "/usr/lib/x86_64-linux-gnu/libc.so.6", O_RDONLY|O_CLOEXEC) = 3
768096 openat(AT_FDCWD, "/usr/lib/x86_64-linux-gnu/libc.so.6", O_RDONLY|O_CLOEXEC) = 3
768097 openat(AT_FDCWD, "/usr/lib/x86_64-linux-gnu/libpcre2-8.so.0", O_RDONLY|O_CLOEXEC) = 3
768096 openat(AT_FDCWD, "/usr/lib/x86_64-linux-gnu/libpcre2-8.so.0", O_RDONLY|O_CLOEXEC) = 3
768097 statfs("/sys/fs/selinux", 0x7ffcfd110ad0) = -1 ENOENT (No such file or directory)
768097 statfs("/selinux", 0x7ffcfd110ad0) = -1 ENOENT (No such file or directory)
768097 openat(AT_FDCWD, "/proc/filesystems", O_RDONLY|O_CLOEXEC) = 3
768097 access("/etc/selinux/config", F_OK) = -1 ENOENT (No such file or directory)
768096 statfs("/sys/fs/selinux", 0x7ffc7faed9b0) = -1 ENOENT (No such file or directory)
768096 statfs("/selinux", 0x7ffc7faed9b0) = -1 ENOENT (No such file or directory)
768097 openat(AT_FDCWD, "/proc/self/maps", O_RDONLY|O_CLOEXEC <unfinished ...>
768096 openat(AT_FDCWD, "/proc/filesystems", O_RDONLY|O_CLOEXEC <unfinished ...>
768097 <... openat resumed>)            = 3
768096 <... openat resumed>)            = 3
768096 access("/etc/selinux/config", F_OK) = -1 ENOENT (No such file or directory)
768096 openat(AT_FDCWD, "/proc/self/maps", O_RDONLY|O_CLOEXEC) = 3
768097 statx(AT_FDCWD, "/usr/share/coreutils/locales/tr", AT_STATX_SYNC_AS_STAT, STATX_ALL, {stx_mask=STATX_ALL|STATX_MNT_ID, stx_attributes=0, stx_mode=S_IFDIR|0755, stx_size=4096, ...}) = 0
768097 statx(AT_FDCWD, "/usr/share/coreutils/locales/uucore", AT_STATX_SYNC_AS_STAT, STATX_ALL, {stx_mask=STATX_ALL|STATX_MNT_ID, stx_attributes=0, stx_mode=S_IFDIR|0755, stx_size=4096, ...}) = 0
768097 openat(AT_FDCWD, "/usr/share/coreutils/locales/uucore/en-US.ftl", O_RDONLY|O_CLOEXEC) = 3
768097 statx(3, "", AT_STATX_SYNC_AS_STAT|AT_EMPTY_PATH, STATX_ALL, {stx_mask=STATX_ALL|STATX_MNT_ID, stx_attributes=0, stx_mode=S_IFREG|0644, stx_size=4080, ...}) = 0
768097 statx(AT_FDCWD, "/usr/share/coreutils/locales/tr", AT_STATX_SYNC_AS_STAT, STATX_ALL, {stx_mask=STATX_ALL|STATX_MNT_ID, stx_attributes=0, stx_mode=S_IFDIR|0755, stx_size=4096, ...}) = 0
768097 openat(AT_FDCWD, "/usr/share/coreutils/locales/tr/en-US.ftl", O_RDONLY|O_CLOEXEC) = -1 ENOENT (No such file or directory)
768096 statx(AT_FDCWD, "/usr/share/coreutils/locales/od", AT_STATX_SYNC_AS_STAT, STATX_ALL, {stx_mask=STATX_ALL|STATX_MNT_ID, stx_attributes=0, stx_mode=S_IFDIR|0755, stx_size=4096, ...}) = 0
768096 statx(AT_FDCWD, "/usr/share/coreutils/locales/uucore", AT_STATX_SYNC_AS_STAT, STATX_ALL, {stx_mask=STATX_ALL|STATX_MNT_ID, stx_attributes=0, stx_mode=S_IFDIR|0755, stx_size=4096, ...}) = 0
768096 openat(AT_FDCWD, "/usr/share/coreutils/locales/uucore/en-US.ftl", O_RDONLY|O_CLOEXEC) = 3
768096 statx(3, "", AT_STATX_SYNC_AS_STAT|AT_EMPTY_PATH, STATX_ALL, {stx_mask=STATX_ALL|STATX_MNT_ID, stx_attributes=0, stx_mode=S_IFREG|0644, stx_size=4080, ...}) = 0
768096 statx(AT_FDCWD, "/usr/share/coreutils/locales/od", AT_STATX_SYNC_AS_STAT, STATX_ALL, {stx_mask=STATX_ALL|STATX_MNT_ID, stx_attributes=0, stx_mode=S_IFDIR|0755, stx_size=4096, ...}) = 0
768096 openat(AT_FDCWD, "/usr/share/coreutils/locales/od/en-US.ftl", O_RDONLY|O_CLOEXEC) = -1 ENOENT (No such file or directory)
768096 openat(AT_FDCWD, "/proc/760355/cmdline", O_RDONLY|O_CLOEXEC) = 3
768096 +++ exited with 0 +++
768097 +++ exited with 0 +++
768095 --- SIGCHLD {si_signo=SIGCHLD, si_code=CLD_EXITED, si_pid=768096, si_uid=0, si_status=0, si_utime=0, si_stime=0} ---
768095 +++ exited with 0 +++
767948 --- SIGCHLD {si_signo=SIGCHLD, si_code=CLD_EXITED, si_pid=768095, si_uid=0, si_status=0, si_utime=0, si_stime=0} ---
768098 newfstatat(AT_FDCWD, ".", {st_mode=S_IFDIR|0775, st_size=4096, ...}, 0) = 0
768098 newfstatat(AT_FDCWD, "/home/firstmate/.local/codex-latest/lib/node_modules/@openai/codex/node_modules/@openai/codex-linux-x64/vendor/x86_64-unknown-linux-musl/codex-path/cat", 0x7fff62b69590, 0) = -1 ENOENT (No such file or directory)
768098 newfstatat(AT_FDCWD, "/home/firstmate/.codex-5/tmp/arg0/codex-arg065EgpK/cat", 0x7fff62b69590, 0) = -1 ENOENT (No such file or directory)
768098 newfstatat(AT_FDCWD, "/home/firstmate/.local/codex-latest/lib/node_modules/@openai/codex/node_modules/@openai/codex-linux-x64/vendor/x86_64-unknown-linux-musl/codex-path/cat", 0x7fff62b69590, 0) = -1 ENOENT (No such file or directory)
768098 newfstatat(AT_FDCWD, "/home/firstmate/.local/bin/cat", 0x7fff62b69590, 0) = -1 ENOENT (No such file or directory)
768098 newfstatat(AT_FDCWD, "/home/firstmate/go/bin/cat", 0x7fff62b69590, 0) = -1 ENOENT (No such file or directory)
768098 newfstatat(AT_FDCWD, "/home/firstmate/.cargo/bin/cat", 0x7fff62b69590, 0) = -1 ENOENT (No such file or directory)
768098 newfstatat(AT_FDCWD, "/home/firstmate/bin/cat", 0x7fff62b69590, 0) = -1 ENOENT (No such file or directory)
768098 newfstatat(AT_FDCWD, "/opt/homebrew/bin/cat", 0x7fff62b69590, 0) = -1 ENOENT (No such file or directory)
768098 newfstatat(AT_FDCWD, "/opt/homebrew/sbin/cat", 0x7fff62b69590, 0) = -1 ENOENT (No such file or directory)
768098 newfstatat(AT_FDCWD, "/usr/local/bin/cat", 0x7fff62b69590, 0) = -1 ENOENT (No such file or directory)
768098 newfstatat(AT_FDCWD, "/usr/local/sbin/cat", 0x7fff62b69590, 0) = -1 ENOENT (No such file or directory)
768098 newfstatat(AT_FDCWD, "/usr/bin/cat", {st_mode=S_IFREG|0755, st_size=11352352, ...}, 0) = 0
768098 newfstatat(AT_FDCWD, "/usr/bin/cat", {st_mode=S_IFREG|0755, st_size=11352352, ...}, 0) = 0
768098 access("/usr/bin/cat", X_OK)     = 0
768098 newfstatat(AT_FDCWD, "/usr/bin/cat", {st_mode=S_IFREG|0755, st_size=11352352, ...}, 0) = 0
768098 access("/usr/bin/cat", R_OK)     = 0
768098 execve("/usr/bin/cat", ["cat", "/home/firstmate/.no-mistakes/wor"...], 0x606006996170 /* 9 vars */) = 0
768098 access("/etc/ld.so.preload", R_OK) = -1 ENOENT (No such file or directory)
768098 openat(AT_FDCWD, "/etc/ld.so.cache", O_RDONLY|O_CLOEXEC) = 3
768098 openat(AT_FDCWD, "/usr/lib/x86_64-linux-gnu/libselinux.so.1", O_RDONLY|O_CLOEXEC) = 3
768098 openat(AT_FDCWD, "/usr/lib/x86_64-linux-gnu/libgcc_s.so.1", O_RDONLY|O_CLOEXEC) = 3
768098 openat(AT_FDCWD, "/usr/lib/x86_64-linux-gnu/libm.so.6", O_RDONLY|O_CLOEXEC) = 3
768098 openat(AT_FDCWD, "/usr/lib/x86_64-linux-gnu/libc.so.6", O_RDONLY|O_CLOEXEC) = 3
768098 openat(AT_FDCWD, "/usr/lib/x86_64-linux-gnu/libpcre2-8.so.0", O_RDONLY|O_CLOEXEC) = 3
768098 statfs("/sys/fs/selinux", 0x7fff6a2a3970) = -1 ENOENT (No such file or directory)
768098 statfs("/selinux", 0x7fff6a2a3970) = -1 ENOENT (No such file or directory)
768098 openat(AT_FDCWD, "/proc/filesystems", O_RDONLY|O_CLOEXEC) = 3
768098 access("/etc/selinux/config", F_OK) = -1 ENOENT (No such file or directory)
768098 openat(AT_FDCWD, "/proc/self/maps", O_RDONLY|O_CLOEXEC) = 3
768098 statx(AT_FDCWD, "/usr/share/coreutils/locales/cat", AT_STATX_SYNC_AS_STAT, STATX_ALL, {stx_mask=STATX_ALL|STATX_MNT_ID, stx_attributes=0, stx_mode=S_IFDIR|0755, stx_size=4096, ...}) = 0
768098 statx(AT_FDCWD, "/usr/share/coreutils/locales/uucore", AT_STATX_SYNC_AS_STAT, STATX_ALL, {stx_mask=STATX_ALL|STATX_MNT_ID, stx_attributes=0, stx_mode=S_IFDIR|0755, stx_size=4096, ...}) = 0
768098 openat(AT_FDCWD, "/usr/share/coreutils/locales/uucore/en-US.ftl", O_RDONLY|O_CLOEXEC) = 3
768098 statx(3, "", AT_STATX_SYNC_AS_STAT|AT_EMPTY_PATH, STATX_ALL, {stx_mask=STATX_ALL|STATX_MNT_ID, stx_attributes=0, stx_mode=S_IFREG|0644, stx_size=4080, ...}) = 0
768098 statx(AT_FDCWD, "/usr/share/coreutils/locales/cat", AT_STATX_SYNC_AS_STAT, STATX_ALL, {stx_mask=STATX_ALL|STATX_MNT_ID, stx_attributes=0, stx_mode=S_IFDIR|0755, stx_size=4096, ...}) = 0
768098 openat(AT_FDCWD, "/usr/share/coreutils/locales/cat/en-US.ftl", O_RDONLY|O_CLOEXEC) = -1 ENOENT (No such file or directory)
768098 statx(AT_FDCWD, "/home/firstmate/.no-mistakes/worktrees/8352e211db7e/01M4F29HK4JCAKXEQ2F50R6HHX/.test-tmp/boundary/home/state/.lock", AT_STATX_SYNC_AS_STAT, STATX_ALL, {stx_mask=STATX_ALL|STATX_MNT_ID, stx_attributes=0, stx_mode=S_IFREG|0600, stx_size=7, ...}) = 0
768098 openat(AT_FDCWD, "/home/firstmate/.no-mistakes/worktrees/8352e211db7e/01M4F29HK4JCAKXEQ2F50R6HHX/.test-tmp/boundary/home/state/.lock", O_RDONLY|O_CLOEXEC) = 3
768098 +++ exited with 0 +++
767948 --- SIGCHLD {si_signo=SIGCHLD, si_code=CLD_EXITED, si_pid=768098, si_uid=0, si_status=0, si_utime=0, si_stime=0} ---
767948 newfstatat(AT_FDCWD, ".", {st_mode=S_IFDIR|0775, st_size=4096, ...}, 0) = 0
767948 newfstatat(AT_FDCWD, "/home/firstmate/.local/codex-latest/lib/node_modules/@openai/codex/node_modules/@openai/codex-linux-x64/vendor/x86_64-unknown-linux-musl/codex-path/python3", 0x7fff62b6a280, 0) = -1 ENOENT (No such file or directory)
767948 newfstatat(AT_FDCWD, "/home/firstmate/.codex-5/tmp/arg0/codex-arg065EgpK/python3", 0x7fff62b6a280, 0) = -1 ENOENT (No such file or directory)
767948 newfstatat(AT_FDCWD, "/home/firstmate/.local/codex-latest/lib/node_modules/@openai/codex/node_modules/@openai/codex-linux-x64/vendor/x86_64-unknown-linux-musl/codex-path/python3", 0x7fff62b6a280, 0) = -1 ENOENT (No such file or directory)
767948 newfstatat(AT_FDCWD, "/home/firstmate/.local/bin/python3", 0x7fff62b6a280, 0) = -1 ENOENT (No such file or directory)
767948 newfstatat(AT_FDCWD, "/home/firstmate/go/bin/python3", 0x7fff62b6a280, 0) = -1 ENOENT (No such file or directory)
767948 newfstatat(AT_FDCWD, "/home/firstmate/.cargo/bin/python3", 0x7fff62b6a280, 0) = -1 ENOENT (No such file or directory)
767948 newfstatat(AT_FDCWD, "/home/firstmate/bin/python3", 0x7fff62b6a280, 0) = -1 ENOENT (No such file or directory)
767948 newfstatat(AT_FDCWD, "/opt/homebrew/bin/python3", 0x7fff62b6a280, 0) = -1 ENOENT (No such file or directory)
767948 newfstatat(AT_FDCWD, "/opt/homebrew/sbin/python3", 0x7fff62b6a280, 0) = -1 ENOENT (No such file or directory)
767948 newfstatat(AT_FDCWD, "/usr/local/bin/python3", 0x7fff62b6a280, 0) = -1 ENOENT (No such file or directory)
767948 newfstatat(AT_FDCWD, "/usr/local/sbin/python3", 0x7fff62b6a280, 0) = -1 ENOENT (No such file or directory)
767948 newfstatat(AT_FDCWD, "/usr/bin/python3", {st_mode=S_IFREG|0755, st_size=7477160, ...}, 0) = 0
767948 newfstatat(AT_FDCWD, "/usr/bin/python3", {st_mode=S_IFREG|0755, st_size=7477160, ...}, 0) = 0
767948 access("/usr/bin/python3", X_OK) = 0
767948 newfstatat(AT_FDCWD, "/usr/bin/python3", {st_mode=S_IFREG|0755, st_size=7477160, ...}, 0) = 0
767948 access("/usr/bin/python3", R_OK) = 0
767948 execve("/usr/bin/python3", ["python3", "/home/firstmate/.no-mistakes/wor"..., "capture"], 0x606006996170 /* 8 vars */) = 0
767948 access("/etc/ld.so.preload", R_OK) = -1 ENOENT (No such file or directory)
767948 openat(AT_FDCWD, "/etc/ld.so.cache", O_RDONLY|O_CLOEXEC) = 3
767948 openat(AT_FDCWD, "/usr/lib/x86_64-linux-gnu/libm.so.6", O_RDONLY|O_CLOEXEC) = 3
767948 openat(AT_FDCWD, "/usr/lib/x86_64-linux-gnu/libz.so.1", O_RDONLY|O_CLOEXEC) = 3
767948 openat(AT_FDCWD, "/usr/lib/x86_64-linux-gnu/libexpat.so.1", O_RDONLY|O_CLOEXEC) = 3
767948 openat(AT_FDCWD, "/usr/lib/x86_64-linux-gnu/libc.so.6", O_RDONLY|O_CLOEXEC) = 3
767948 open("/proc/sys/vm/overcommit_memory", O_RDONLY) = 3
767948 openat(AT_FDCWD, "/usr/lib/locale/locale-archive", O_RDONLY|O_CLOEXEC) = 3
767948 openat(AT_FDCWD, "/usr/share/locale/locale.alias", O_RDONLY|O_CLOEXEC) = -1 ENOENT (No such file or directory)
767948 openat(AT_FDCWD, "/usr/lib/locale/C.UTF-8/LC_CTYPE", O_RDONLY|O_CLOEXEC) = -1 ENOENT (No such file or directory)
767948 openat(AT_FDCWD, "/usr/lib/locale/C.utf8/LC_CTYPE", O_RDONLY|O_CLOEXEC) = 3
767948 openat(AT_FDCWD, "/usr/lib/x86_64-linux-gnu/gconv/gconv-modules.cache", O_RDONLY|O_CLOEXEC) = 3
767948 openat(AT_FDCWD, "/proc/self/maps", O_RDONLY|O_CLOEXEC) = 3
767948 newfstatat(AT_FDCWD, "/home/firstmate/.local/codex-latest/lib/node_modules/@openai/codex/node_modules/@openai/codex-linux-x64/vendor/x86_64-unknown-linux-musl/codex-path/python3", 0x7ffc0c120910, 0) = -1 ENOENT (No such file or directory)
767948 newfstatat(AT_FDCWD, "/home/firstmate/.codex-5/tmp/arg0/codex-arg065EgpK/python3", 0x7ffc0c120910, 0) = -1 ENOENT (No such file or directory)
767948 newfstatat(AT_FDCWD, "/home/firstmate/.local/codex-latest/lib/node_modules/@openai/codex/node_modules/@openai/codex-linux-x64/vendor/x86_64-unknown-linux-musl/codex-path/python3", 0x7ffc0c120910, 0) = -1 ENOENT (No such file or directory)
767948 newfstatat(AT_FDCWD, "/home/firstmate/.local/bin/python3", 0x7ffc0c120910, 0) = -1 ENOENT (No such file or directory)
767948 newfstatat(AT_FDCWD, "/home/firstmate/go/bin/python3", 0x7ffc0c120910, 0) = -1 ENOENT (No such file or directory)
767948 newfstatat(AT_FDCWD, "/home/firstmate/.cargo/bin/python3", 0x7ffc0c120910, 0) = -1 ENOENT (No such file or directory)
767948 newfstatat(AT_FDCWD, "/home/firstmate/bin/python3", 0x7ffc0c120910, 0) = -1 ENOENT (No such file or directory)
767948 newfstatat(AT_FDCWD, "/opt/homebrew/bin/python3", 0x7ffc0c120910, 0) = -1 ENOENT (No such file or directory)
767948 newfstatat(AT_FDCWD, "/opt/homebrew/sbin/python3", 0x7ffc0c120910, 0) = -1 ENOENT (No such file or directory)
767948 newfstatat(AT_FDCWD, "/usr/local/bin/python3", 0x7ffc0c120910, 0) = -1 ENOENT (No such file or directory)
767948 newfstatat(AT_FDCWD, "/usr/local/sbin/python3", 0x7ffc0c120910, 0) = -1 ENOENT (No such file or directory)
767948 newfstatat(AT_FDCWD, "/usr/bin/python3", {st_mode=S_IFREG|0755, st_size=7477160, ...}, 0) = 0
767948 openat(AT_FDCWD, "/usr/pyvenv.cfg", O_RDONLY) = -1 ENOENT (No such file or directory)
767948 openat(AT_FDCWD, "/usr/bin/pyvenv.cfg", O_RDONLY) = -1 ENOENT (No such file or directory)
767948 readlink("/usr/bin/python3", "python3.14", 4096) = 10
767948 readlink("/usr/bin/python3.14", 0x7ffc0c11b930, 4096) = -1 EINVAL (Invalid argument)
767948 openat(AT_FDCWD, "/usr/bin/python3._pth", O_RDONLY) = -1 ENOENT (No such file or directory)
767948 openat(AT_FDCWD, "/usr/bin/python3.14._pth", O_RDONLY) = -1 ENOENT (No such file or directory)
767948 openat(AT_FDCWD, "/usr/bin/pybuilddir.txt", O_RDONLY) = -1 ENOENT (No such file or directory)
767948 newfstatat(AT_FDCWD, "/usr/bin/Modules/Setup.local", 0x7ffc0c120910, 0) = -1 ENOENT (No such file or directory)
767948 newfstatat(AT_FDCWD, "/usr/bin/lib/python314.zip", 0x7ffc0c1205f0, 0) = -1 ENOENT (No such file or directory)
767948 newfstatat(AT_FDCWD, "/usr/lib/python314.zip", 0x7ffc0c120910, 0) = -1 ENOENT (No such file or directory)
767948 newfstatat(AT_FDCWD, "/usr/bin/lib/python3.14/os.py", 0x7ffc0c120910, 0) = -1 ENOENT (No such file or directory)
767948 newfstatat(AT_FDCWD, "/usr/bin/lib/python3.14/os.pyc", 0x7ffc0c120910, 0) = -1 ENOENT (No such file or directory)
767948 newfstatat(AT_FDCWD, "/usr/lib/python3.14/os.py", {st_mode=S_IFREG|0644, st_size=41959, ...}, 0) = 0
767948 newfstatat(AT_FDCWD, "/usr/lib/python3.14/lib-dynload", {st_mode=S_IFDIR|0755, st_size=16384, ...}, 0) = 0
767948 newfstatat(AT_FDCWD, "/usr/lib/python3.14/lib-dynload", {st_mode=S_IFDIR|0755, st_size=16384, ...}, 0) = 0
767948 openat(AT_FDCWD, "/etc/localtime", O_RDONLY|O_CLOEXEC) = 3
767948 newfstatat(AT_FDCWD, "/usr/lib/python314.zip", 0x7ffc0c1200d0, 0) = -1 ENOENT (No such file or directory)
767948 newfstatat(AT_FDCWD, "/usr/lib", {st_mode=S_IFDIR|0755, st_size=4096, ...}, 0) = 0
767948 newfstatat(AT_FDCWD, "/usr/lib/python314.zip", 0x7ffc0c1205b0, 0) = -1 ENOENT (No such file or directory)
767948 newfstatat(AT_FDCWD, "/usr/lib/python3.14", {st_mode=S_IFDIR|0755, st_size=20480, ...}, 0) = 0
767948 newfstatat(AT_FDCWD, "/usr/lib/python3.14", {st_mode=S_IFDIR|0755, st_size=20480, ...}, 0) = 0
767948 newfstatat(AT_FDCWD, "/usr/lib/python3.14", {st_mode=S_IFDIR|0755, st_size=20480, ...}, 0) = 0
767948 openat(AT_FDCWD, "/usr/lib/python3.14", O_RDONLY|O_NONBLOCK|O_CLOEXEC|O_DIRECTORY) = 3
767948 newfstatat(AT_FDCWD, "/usr/lib/python3.14/encodings/__init__.cpython-314-x86_64-linux-gnu.so", 0x7ffc0c1205b0, 0) = -1 ENOENT (No such file or directory)
767948 newfstatat(AT_FDCWD, "/usr/lib/python3.14/encodings/__init__.abi3.so", 0x7ffc0c1205b0, 0) = -1 ENOENT (No such file or directory)
767948 newfstatat(AT_FDCWD, "/usr/lib/python3.14/encodings/__init__.abi3-x86_64-linux-gnu.so", 0x7ffc0c1205b0, 0) = -1 ENOENT (No such file or directory)
767948 newfstatat(AT_FDCWD, "/usr/lib/python3.14/encodings/__init__.so", 0x7ffc0c1205b0, 0) = -1 ENOENT (No such file or directory)
767948 newfstatat(AT_FDCWD, "/usr/lib/python3.14/encodings/__init__.py", {st_mode=S_IFREG|0644, st_size=5945, ...}, 0) = 0
767948 newfstatat(AT_FDCWD, "/usr/lib/python3.14/encodings/__init__.py", {st_mode=S_IFREG|0644, st_size=5945, ...}, 0) = 0
767948 openat(AT_FDCWD, "/usr/lib/python3.14/encodings/__pycache__/__init__.cpython-314.pyc", O_RDONLY|O_CLOEXEC) = 3
767948 newfstatat(AT_FDCWD, "/usr/lib/python3.14/encodings", {st_mode=S_IFDIR|0755, st_size=20480, ...}, 0) = 0
767948 newfstatat(AT_FDCWD, "/usr/lib/python3.14/encodings", {st_mode=S_IFDIR|0755, st_size=20480, ...}, 0) = 0
767948 newfstatat(AT_FDCWD, "/usr/lib/python3.14/encodings", {st_mode=S_IFDIR|0755, st_size=20480, ...}, 0) = 0
767948 openat(AT_FDCWD, "/usr/lib/python3.14/encodings", O_RDONLY|O_NONBLOCK|O_CLOEXEC|O_DIRECTORY) = 3
767948 newfstatat(AT_FDCWD, "/usr/lib/python3.14/encodings/aliases.py", {st_mode=S_IFREG|0644, st_size=15957, ...}, 0) = 0
767948 newfstatat(AT_FDCWD, "/usr/lib/python3.14/encodings/aliases.py", {st_mode=S_IFREG|0644, st_size=15957, ...}, 0) = 0
767948 openat(AT_FDCWD, "/usr/lib/python3.14/encodings/__pycache__/aliases.cpython-314.pyc", O_RDONLY|O_CLOEXEC) = 3
767948 newfstatat(AT_FDCWD, "/usr/lib/python3.14/encodings", {st_mode=S_IFDIR|0755, st_size=20480, ...}, 0) = 0
767948 newfstatat(AT_FDCWD, "/usr/lib/python3.14/encodings/utf_8.py", {st_mode=S_IFREG|0644, st_size=1005, ...}, 0) = 0
767948 newfstatat(AT_FDCWD, "/usr/lib/python3.14/encodings/utf_8.py", {st_mode=S_IFREG|0644, st_size=1005, ...}, 0) = 0
767948 openat(AT_FDCWD, "/usr/lib/python3.14/encodings/__pycache__/utf_8.cpython-314.pyc", O_RDONLY|O_CLOEXEC) = 3
767948 newfstatat(AT_FDCWD, "/usr/bin/pyvenv.cfg", 0x7ffc0c11fe10, 0) = -1 ENOENT (No such file or directory)
767948 newfstatat(AT_FDCWD, "/usr/pyvenv.cfg", 0x7ffc0c11fe30, 0) = -1 ENOENT (No such file or directory)
767948 newfstatat(AT_FDCWD, "/home/firstmate/.local/lib/python3.14/site-packages", {st_mode=S_IFDIR|0775, st_size=4096, ...}, 0) = 0
767948 openat(AT_FDCWD, "/home/firstmate/.local/lib/python3.14/site-packages", O_RDONLY|O_NONBLOCK|O_CLOEXEC|O_DIRECTORY) = 3
767948 newfstatat(AT_FDCWD, "/usr/local/lib/python3.14/dist-packages", {st_mode=S_IFDIR|0755, st_size=4096, ...}, 0) = 0
767948 openat(AT_FDCWD, "/usr/local/lib/python3.14/dist-packages", O_RDONLY|O_NONBLOCK|O_CLOEXEC|O_DIRECTORY) = 3
767948 newfstatat(AT_FDCWD, "/usr/lib/python3/dist-packages", {st_mode=S_IFDIR|0755, st_size=12288, ...}, 0) = 0
767948 openat(AT_FDCWD, "/usr/lib/python3/dist-packages", O_RDONLY|O_NONBLOCK|O_CLOEXEC|O_DIRECTORY) = 3
767948 newfstatat(AT_FDCWD, "/usr/lib/python3/dist-packages/distutils-precedence.pth", {st_mode=S_IFREG|0644, st_size=151, ...}, AT_SYMLINK_NOFOLLOW) = 0
767948 openat(AT_FDCWD, "/usr/lib/python3/dist-packages/distutils-precedence.pth", O_RDONLY|O_CLOEXEC) = 3
767948 newfstatat(AT_FDCWD, "/usr/lib/python3.14/encodings", {st_mode=S_IFDIR|0755, st_size=20480, ...}, 0) = 0
767948 newfstatat(AT_FDCWD, "/usr/lib/python3.14/encodings/utf_8_sig.py", {st_mode=S_IFREG|0644, st_size=4133, ...}, 0) = 0
767948 newfstatat(AT_FDCWD, "/usr/lib/python3.14/encodings/utf_8_sig.py", {st_mode=S_IFREG|0644, st_size=4133, ...}, 0) = 0
767948 openat(AT_FDCWD, "/usr/lib/python3.14/encodings/__pycache__/utf_8_sig.cpython-314.pyc", O_RDONLY|O_CLOEXEC) = 3
767948 newfstatat(AT_FDCWD, "/usr/lib/python3.14", {st_mode=S_IFDIR|0755, st_size=20480, ...}, 0) = 0
767948 newfstatat(AT_FDCWD, "/usr/lib/python3.14/lib-dynload", {st_mode=S_IFDIR|0755, st_size=16384, ...}, 0) = 0
767948 newfstatat(AT_FDCWD, "/usr/lib/python3.14/lib-dynload", {st_mode=S_IFDIR|0755, st_size=16384, ...}, 0) = 0
767948 newfstatat(AT_FDCWD, "/usr/lib/python3.14/lib-dynload", {st_mode=S_IFDIR|0755, st_size=16384, ...}, 0) = 0
767948 openat(AT_FDCWD, "/usr/lib/python3.14/lib-dynload", O_RDONLY|O_NONBLOCK|O_CLOEXEC|O_DIRECTORY) = 3
767948 newfstatat(AT_FDCWD, "/home/firstmate/.local/lib/python3.14/site-packages", {st_mode=S_IFDIR|0775, st_size=4096, ...}, 0) = 0
767948 newfstatat(AT_FDCWD, "/home/firstmate/.local/lib/python3.14/site-packages", {st_mode=S_IFDIR|0775, st_size=4096, ...}, 0) = 0
767948 newfstatat(AT_FDCWD, "/home/firstmate/.local/lib/python3.14/site-packages", {st_mode=S_IFDIR|0775, st_size=4096, ...}, 0) = 0
767948 openat(AT_FDCWD, "/home/firstmate/.local/lib/python3.14/site-packages", O_RDONLY|O_NONBLOCK|O_CLOEXEC|O_DIRECTORY) = 3
767948 newfstatat(AT_FDCWD, "/usr/local/lib/python3.14/dist-packages", {st_mode=S_IFDIR|0755, st_size=4096, ...}, 0) = 0
767948 newfstatat(AT_FDCWD, "/usr/local/lib/python3.14/dist-packages", {st_mode=S_IFDIR|0755, st_size=4096, ...}, 0) = 0
767948 newfstatat(AT_FDCWD, "/usr/local/lib/python3.14/dist-packages", {st_mode=S_IFDIR|0755, st_size=4096, ...}, 0) = 0
767948 openat(AT_FDCWD, "/usr/local/lib/python3.14/dist-packages", O_RDONLY|O_NONBLOCK|O_CLOEXEC|O_DIRECTORY) = 3
767948 newfstatat(AT_FDCWD, "/usr/lib/python3/dist-packages", {st_mode=S_IFDIR|0755, st_size=12288, ...}, 0) = 0
767948 newfstatat(AT_FDCWD, "/usr/lib/python3/dist-packages", {st_mode=S_IFDIR|0755, st_size=12288, ...}, 0) = 0
767948 newfstatat(AT_FDCWD, "/usr/lib/python3/dist-packages", {st_mode=S_IFDIR|0755, st_size=12288, ...}, 0) = 0
767948 openat(AT_FDCWD, "/usr/lib/python3/dist-packages", O_RDONLY|O_NONBLOCK|O_CLOEXEC|O_DIRECTORY) = 3
767948 newfstatat(AT_FDCWD, "/usr/lib/python3/dist-packages/_distutils_hack/__init__.cpython-314-x86_64-linux-gnu.so", 0x7ffc0c11f5c0, 0) = -1 ENOENT (No such file or directory)
767948 newfstatat(AT_FDCWD, "/usr/lib/python3/dist-packages/_distutils_hack/__init__.abi3.so", 0x7ffc0c11f5c0, 0) = -1 ENOENT (No such file or directory)
767948 newfstatat(AT_FDCWD, "/usr/lib/python3/dist-packages/_distutils_hack/__init__.abi3-x86_64-linux-gnu.so", 0x7ffc0c11f5c0, 0) = -1 ENOENT (No such file or directory)
767948 newfstatat(AT_FDCWD, "/usr/lib/python3/dist-packages/_distutils_hack/__init__.so", 0x7ffc0c11f5c0, 0) = -1 ENOENT (No such file or directory)
767948 newfstatat(AT_FDCWD, "/usr/lib/python3/dist-packages/_distutils_hack/__init__.py", {st_mode=S_IFREG|0644, st_size=6755, ...}, 0) = 0
767948 newfstatat(AT_FDCWD, "/usr/lib/python3/dist-packages/_distutils_hack/__init__.py", {st_mode=S_IFREG|0644, st_size=6755, ...}, 0) = 0
767948 openat(AT_FDCWD, "/usr/lib/python3/dist-packages/_distutils_hack/__pycache__/__init__.cpython-314.pyc", O_RDONLY|O_CLOEXEC) = 3
767948 newfstatat(AT_FDCWD, "/usr/lib/python3.14/dist-packages", 0x7ffc0c120180, 0) = -1 ENOENT (No such file or directory)
767948 newfstatat(AT_FDCWD, "/usr/lib/python3.14", {st_mode=S_IFDIR|0755, st_size=20480, ...}, 0) = 0
767948 newfstatat(AT_FDCWD, "/usr/lib/python3.14/sitecustomize.py", {st_mode=S_IFREG|0644, st_size=155, ...}, 0) = 0
767948 newfstatat(AT_FDCWD, "/usr/lib/python3.14/sitecustomize.py", {st_mode=S_IFREG|0644, st_size=155, ...}, 0) = 0
767948 openat(AT_FDCWD, "/usr/lib/python3.14/__pycache__/sitecustomize.cpython-314.pyc", O_RDONLY|O_CLOEXEC) = 3
767948 newfstatat(AT_FDCWD, "/usr/lib/python3.14", {st_mode=S_IFDIR|0755, st_size=20480, ...}, 0) = 0
767948 newfstatat(AT_FDCWD, "/usr/lib/python3.14/lib-dynload", {st_mode=S_IFDIR|0755, st_size=16384, ...}, 0) = 0
767948 newfstatat(AT_FDCWD, "/home/firstmate/.local/lib/python3.14/site-packages", {st_mode=S_IFDIR|0775, st_size=4096, ...}, 0) = 0
767948 newfstatat(AT_FDCWD, "/usr/local/lib/python3.14/dist-packages", {st_mode=S_IFDIR|0755, st_size=4096, ...}, 0) = 0
767948 newfstatat(AT_FDCWD, "/usr/lib/python3/dist-packages", {st_mode=S_IFDIR|0755, st_size=12288, ...}, 0) = 0
767948 newfstatat(AT_FDCWD, "/usr/lib/python3/dist-packages/apport_python_hook.py", {st_mode=S_IFREG|0644, st_size=8896, ...}, 0) = 0
767948 newfstatat(AT_FDCWD, "/usr/lib/python3/dist-packages/apport_python_hook.py", {st_mode=S_IFREG|0644, st_size=8896, ...}, 0) = 0
767948 openat(AT_FDCWD, "/usr/lib/python3/dist-packages/__pycache__/apport_python_hook.cpython-314.pyc", O_RDONLY|O_CLOEXEC) = 3
767948 newfstatat(AT_FDCWD, "/usr/lib/python3.14", {st_mode=S_IFDIR|0755, st_size=20480, ...}, 0) = 0
767948 newfstatat(AT_FDCWD, "/usr/lib/python3.14/types.py", {st_mode=S_IFREG|0644, st_size=11459, ...}, 0) = 0
767948 newfstatat(AT_FDCWD, "/usr/lib/python3.14/types.py", {st_mode=S_IFREG|0644, st_size=11459, ...}, 0) = 0
767948 openat(AT_FDCWD, "/usr/lib/python3.14/__pycache__/types.cpython-314.pyc", O_RDONLY|O_CLOEXEC) = 3
767948 newfstatat(AT_FDCWD, "/usr/lib/python3.14", {st_mode=S_IFDIR|0755, st_size=20480, ...}, 0) = 0
767948 newfstatat(AT_FDCWD, "/usr/lib/python3.14/lib-dynload", {st_mode=S_IFDIR|0755, st_size=16384, ...}, 0) = 0
767948 newfstatat(AT_FDCWD, "/home/firstmate/.local/lib/python3.14/site-packages", {st_mode=S_IFDIR|0775, st_size=4096, ...}, 0) = 0
767948 newfstatat(AT_FDCWD, "/usr/local/lib/python3.14/dist-packages", {st_mode=S_IFDIR|0755, st_size=4096, ...}, 0) = 0
767948 newfstatat(AT_FDCWD, "/usr/lib/python3/dist-packages", {st_mode=S_IFDIR|0755, st_size=12288, ...}, 0) = 0
767948 newfstatat(AT_FDCWD, "/home/firstmate/.no-mistakes/worktrees/8352e211db7e/01M4F29HK4JCAKXEQ2F50R6HHX/bin/fm_inbox_conversation.py", {st_mode=S_IFREG|0664, st_size=33410, ...}, 0) = 0
767948 openat(AT_FDCWD, "/home/firstmate/.no-mistakes/worktrees/8352e211db7e/01M4F29HK4JCAKXEQ2F50R6HHX/bin/fm_inbox_conversation.py", O_RDONLY|O_CLOEXEC) = 3
767948 newfstatat(AT_FDCWD, "/home/firstmate/.no-mistakes/worktrees/8352e211db7e/01M4F29HK4JCAKXEQ2F50R6HHX/bin/fm_inbox_conversation.py", {st_mode=S_IFREG|0664, st_size=33410, ...}, 0) = 0
767948 readlink("/home/firstmate/.no-mistakes/worktrees/8352e211db7e/01M4F29HK4JCAKXEQ2F50R6HHX/bin/fm_inbox_conversation.py", 0x7ffc0c10f190, 4096) = -1 EINVAL (Invalid argument)
767948 readlink("/home", 0x7ffc0c10fd70, 1023) = -1 EINVAL (Invalid argument)
767948 readlink("/home/firstmate", 0x7ffc0c10fd70, 1023) = -1 EINVAL (Invalid argument)
767948 readlink("/home/firstmate/.no-mistakes", 0x7ffc0c10fd70, 1023) = -1 EINVAL (Invalid argument)
767948 readlink("/home/firstmate/.no-mistakes/worktrees", 0x7ffc0c10fd70, 1023) = -1 EINVAL (Invalid argument)
767948 readlink("/home/firstmate/.no-mistakes/worktrees/8352e211db7e", 0x7ffc0c10fd70, 1023) = -1 EINVAL (Invalid argument)
767948 readlink("/home/firstmate/.no-mistakes/worktrees/8352e211db7e/01M4F29HK4JCAKXEQ2F50R6HHX", 0x7ffc0c10fd70, 1023) = -1 EINVAL (Invalid argument)
767948 readlink("/home/firstmate/.no-mistakes/worktrees/8352e211db7e/01M4F29HK4JCAKXEQ2F50R6HHX/bin", 0x7ffc0c10fd70, 1023) = -1 EINVAL (Invalid argument)
767948 readlink("/home/firstmate/.no-mistakes/worktrees/8352e211db7e/01M4F29HK4JCAKXEQ2F50R6HHX/bin/fm_inbox_conversation.py", 0x7ffc0c10fd70, 1023) = -1 EINVAL (Invalid argument)
767948 openat(AT_FDCWD, "/home/firstmate/.no-mistakes/worktrees/8352e211db7e/01M4F29HK4JCAKXEQ2F50R6HHX/bin/fm_inbox_conversation.py", O_RDONLY) = 3
767948 newfstatat(AT_FDCWD, "/home/firstmate/.no-mistakes/worktrees/8352e211db7e/01M4F29HK4JCAKXEQ2F50R6HHX/bin", {st_mode=S_IFDIR|0775, st_size=12288, ...}, 0) = 0
767948 newfstatat(AT_FDCWD, "/home/firstmate/.no-mistakes/worktrees/8352e211db7e/01M4F29HK4JCAKXEQ2F50R6HHX/bin", {st_mode=S_IFDIR|0775, st_size=12288, ...}, 0) = 0
767948 newfstatat(AT_FDCWD, "/home/firstmate/.no-mistakes/worktrees/8352e211db7e/01M4F29HK4JCAKXEQ2F50R6HHX/bin", {st_mode=S_IFDIR|0775, st_size=12288, ...}, 0) = 0
767948 openat(AT_FDCWD, "/home/firstmate/.no-mistakes/worktrees/8352e211db7e/01M4F29HK4JCAKXEQ2F50R6HHX/bin", O_RDONLY|O_NONBLOCK|O_CLOEXEC|O_DIRECTORY) = 3
767948 newfstatat(AT_FDCWD, "/usr/lib/python3.14", {st_mode=S_IFDIR|0755, st_size=20480, ...}, 0) = 0
767948 newfstatat(AT_FDCWD, "/usr/lib/python3.14/hashlib.py", {st_mode=S_IFREG|0644, st_size=9459, ...}, 0) = 0
767948 newfstatat(AT_FDCWD, "/usr/lib/python3.14/hashlib.py", {st_mode=S_IFREG|0644, st_size=9459, ...}, 0) = 0
767948 openat(AT_FDCWD, "/usr/lib/python3.14/__pycache__/hashlib.cpython-314.pyc", O_RDONLY|O_CLOEXEC) = 3
767948 newfstatat(AT_FDCWD, "/home/firstmate/.no-mistakes/worktrees/8352e211db7e/01M4F29HK4JCAKXEQ2F50R6HHX/bin", {st_mode=S_IFDIR|0775, st_size=12288, ...}, 0) = 0
767948 newfstatat(AT_FDCWD, "/usr/lib/python3.14", {st_mode=S_IFDIR|0755, st_size=20480, ...}, 0) = 0
767948 newfstatat(AT_FDCWD, "/usr/lib/python3.14/lib-dynload", {st_mode=S_IFDIR|0755, st_size=16384, ...}, 0) = 0
767948 newfstatat(AT_FDCWD, "/usr/lib/python3.14/lib-dynload/_hashlib.cpython-314-x86_64-linux-gnu.so", {st_mode=S_IFREG|0644, st_size=64448, ...}, 0) = 0
767948 openat(AT_FDCWD, "/usr/lib/python3.14/lib-dynload/_hashlib.cpython-314-x86_64-linux-gnu.so", O_RDONLY|O_CLOEXEC) = 3
767948 openat(AT_FDCWD, "/etc/ld.so.cache", O_RDONLY|O_CLOEXEC) = 3
767948 openat(AT_FDCWD, "/usr/lib/x86_64-linux-gnu/libcrypto.so.3", O_RDONLY|O_CLOEXEC) = 3
767948 openat(AT_FDCWD, "/usr/lib/x86_64-linux-gnu/libzstd.so.1", O_RDONLY|O_CLOEXEC) = 3
767948 openat(AT_FDCWD, "/proc/sys/crypto/fips_enabled", O_RDONLY) = -1 ENOENT (No such file or directory)
767948 openat(AT_FDCWD, "/etc/ubuntu-fips", O_RDONLY) = -1 ENOENT (No such file or directory)
767948 openat(AT_FDCWD, "/usr/lib/ssl/openssl.cnf", O_RDONLY) = 3
767948 newfstatat(AT_FDCWD, "/var/lib/crypto-config/profiles/current/openssl.conf.d", 0x7ffc0c11f570, 0) = -1 ENOENT (No such file or directory)
767948 newfstatat(AT_FDCWD, "/etc/ssl/openssl.conf.d", 0x7ffc0c11f570, 0) = -1 ENOENT (No such file or directory)
767948 newfstatat(AT_FDCWD, "/home/firstmate/.no-mistakes/worktrees/8352e211db7e/01M4F29HK4JCAKXEQ2F50R6HHX/bin", {st_mode=S_IFDIR|0775, st_size=12288, ...}, 0) = 0
767948 newfstatat(AT_FDCWD, "/usr/lib/python3.14", {st_mode=S_IFDIR|0755, st_size=20480, ...}, 0) = 0
767948 newfstatat(AT_FDCWD, "/usr/lib/python3.14/json/__init__.cpython-314-x86_64-linux-gnu.so", 0x7ffc0c1205a0, 0) = -1 ENOENT (No such file or directory)
767948 newfstatat(AT_FDCWD, "/usr/lib/python3.14/json/__init__.abi3.so", 0x7ffc0c1205a0, 0) = -1 ENOENT (No such file or directory)
767948 newfstatat(AT_FDCWD, "/usr/lib/python3.14/json/__init__.abi3-x86_64-linux-gnu.so", 0x7ffc0c1205a0, 0) = -1 ENOENT (No such file or directory)
767948 newfstatat(AT_FDCWD, "/usr/lib/python3.14/json/__init__.so", 0x7ffc0c1205a0, 0) = -1 ENOENT (No such file or directory)
767948 newfstatat(AT_FDCWD, "/usr/lib/python3.14/json/__init__.py", {st_mode=S_IFREG|0644, st_size=14066, ...}, 0) = 0
767948 newfstatat(AT_FDCWD, "/usr/lib/python3.14/json/__init__.py", {st_mode=S_IFREG|0644, st_size=14066, ...}, 0) = 0
767948 openat(AT_FDCWD, "/usr/lib/python3.14/json/__pycache__/__init__.cpython-314.pyc", O_RDONLY|O_CLOEXEC) = 3
767948 newfstatat(AT_FDCWD, "/usr/lib/python3.14/json", {st_mode=S_IFDIR|0755, st_size=4096, ...}, 0) = 0
767948 newfstatat(AT_FDCWD, "/usr/lib/python3.14/json", {st_mode=S_IFDIR|0755, st_size=4096, ...}, 0) = 0
767948 newfstatat(AT_FDCWD, "/usr/lib/python3.14/json", {st_mode=S_IFDIR|0755, st_size=4096, ...}, 0) = 0
767948 openat(AT_FDCWD, "/usr/lib/python3.14/json", O_RDONLY|O_NONBLOCK|O_CLOEXEC|O_DIRECTORY) = 3
767948 newfstatat(AT_FDCWD, "/usr/lib/python3.14/json/decoder.py", {st_mode=S_IFREG|0644, st_size=12873, ...}, 0) = 0
767948 newfstatat(AT_FDCWD, "/usr/lib/python3.14/json/decoder.py", {st_mode=S_IFREG|0644, st_size=12873, ...}, 0) = 0
767948 openat(AT_FDCWD, "/usr/lib/python3.14/json/__pycache__/decoder.cpython-314.pyc", O_RDONLY|O_CLOEXEC) = 3
767948 newfstatat(AT_FDCWD, "/home/firstmate/.no-mistakes/worktrees/8352e211db7e/01M4F29HK4JCAKXEQ2F50R6HHX/bin", {st_mode=S_IFDIR|0775, st_size=12288, ...}, 0) = 0
767948 newfstatat(AT_FDCWD, "/usr/lib/python3.14", {st_mode=S_IFDIR|0755, st_size=20480, ...}, 0) = 0
767948 newfstatat(AT_FDCWD, "/usr/lib/python3.14/re/__init__.cpython-314-x86_64-linux-gnu.so", 0x7ffc0c11f060, 0) = -1 ENOENT (No such file or directory)
767948 newfstatat(AT_FDCWD, "/usr/lib/python3.14/re/__init__.abi3.so", 0x7ffc0c11f060, 0) = -1 ENOENT (No such file or directory)
767948 newfstatat(AT_FDCWD, "/usr/lib/python3.14/re/__init__.abi3-x86_64-linux-gnu.so", 0x7ffc0c11f060, 0) = -1 ENOENT (No such file or directory)
767948 newfstatat(AT_FDCWD, "/usr/lib/python3.14/re/__init__.so", 0x7ffc0c11f060, 0) = -1 ENOENT (No such file or directory)
767948 newfstatat(AT_FDCWD, "/usr/lib/python3.14/re/__init__.py", {st_mode=S_IFREG|0644, st_size=17876, ...}, 0) = 0
767948 newfstatat(AT_FDCWD, "/usr/lib/python3.14/re/__init__.py", {st_mode=S_IFREG|0644, st_size=17876, ...}, 0) = 0
767948 openat(AT_FDCWD, "/usr/lib/python3.14/re/__pycache__/__init__.cpython-314.pyc", O_RDONLY|O_CLOEXEC) = 3
767948 newfstatat(AT_FDCWD, "/home/firstmate/.no-mistakes/worktrees/8352e211db7e/01M4F29HK4JCAKXEQ2F50R6HHX/bin", {st_mode=S_IFDIR|0775, st_size=12288, ...}, 0) = 0
767948 newfstatat(AT_FDCWD, "/usr/lib/python3.14", {st_mode=S_IFDIR|0755, st_size=20480, ...}, 0) = 0
767948 newfstatat(AT_FDCWD, "/usr/lib/python3.14/enum.py", {st_mode=S_IFREG|0644, st_size=85442, ...}, 0) = 0
767948 newfstatat(AT_FDCWD, "/usr/lib/python3.14/enum.py", {st_mode=S_IFREG|0644, st_size=85442, ...}, 0) = 0
767948 openat(AT_FDCWD, "/usr/lib/python3.14/__pycache__/enum.cpython-314.pyc", O_RDONLY|O_CLOEXEC) = 3
767948 newfstatat(AT_FDCWD, "/usr/lib/python3.14/re", {st_mode=S_IFDIR|0755, st_size=4096, ...}, 0) = 0
767948 newfstatat(AT_FDCWD, "/usr/lib/python3.14/re", {st_mode=S_IFDIR|0755, st_size=4096, ...}, 0) = 0
767948 newfstatat(AT_FDCWD, "/usr/lib/python3.14/re", {st_mode=S_IFDIR|0755, st_size=4096, ...}, 0) = 0
767948 openat(AT_FDCWD, "/usr/lib/python3.14/re", O_RDONLY|O_NONBLOCK|O_CLOEXEC|O_DIRECTORY) = 3
767948 newfstatat(AT_FDCWD, "/usr/lib/python3.14/re/_compiler.py", {st_mode=S_IFREG|0644, st_size=26855, ...}, 0) = 0
767948 newfstatat(AT_FDCWD, "/usr/lib/python3.14/re/_compiler.py", {st_mode=S_IFREG|0644, st_size=26855, ...}, 0) = 0
767948 openat(AT_FDCWD, "/usr/lib/python3.14/re/__pycache__/_compiler.cpython-314.pyc", O_RDONLY|O_CLOEXEC) = 3
767948 newfstatat(AT_FDCWD, "/usr/lib/python3.14/re", {st_mode=S_IFDIR|0755, st_size=4096, ...}, 0) = 0
767948 newfstatat(AT_FDCWD, "/usr/lib/python3.14/re/_parser.py", {st_mode=S_IFREG|0644, st_size=40353, ...}, 0) = 0
767948 newfstatat(AT_FDCWD, "/usr/lib/python3.14/re/_parser.py", {st_mode=S_IFREG|0644, st_size=40353, ...}, 0) = 0
767948 openat(AT_FDCWD, "/usr/lib/python3.14/re/__pycache__/_parser.cpython-314.pyc", O_RDONLY|O_CLOEXEC) = 3
767948 newfstatat(AT_FDCWD, "/usr/lib/python3.14/re", {st_mode=S_IFDIR|0755, st_size=4096, ...}, 0) = 0
767948 newfstatat(AT_FDCWD, "/usr/lib/python3.14/re/_constants.py", {st_mode=S_IFREG|0644, st_size=6036, ...}, 0) = 0
767948 newfstatat(AT_FDCWD, "/usr/lib/python3.14/re/_constants.py", {st_mode=S_IFREG|0644, st_size=6036, ...}, 0) = 0
767948 openat(AT_FDCWD, "/usr/lib/python3.14/re/__pycache__/_constants.cpython-314.pyc", O_RDONLY|O_CLOEXEC) = 3
767948 newfstatat(AT_FDCWD, "/usr/lib/python3.14/re", {st_mode=S_IFDIR|0755, st_size=4096, ...}, 0) = 0
767948 newfstatat(AT_FDCWD, "/usr/lib/python3.14/re/_casefix.py", {st_mode=S_IFREG|0644, st_size=5444, ...}, 0) = 0
767948 newfstatat(AT_FDCWD, "/usr/lib/python3.14/re/_casefix.py", {st_mode=S_IFREG|0644, st_size=5444, ...}, 0) = 0
767948 openat(AT_FDCWD, "/usr/lib/python3.14/re/__pycache__/_casefix.cpython-314.pyc", O_RDONLY|O_CLOEXEC) = 3
767948 newfstatat(AT_FDCWD, "/home/firstmate/.no-mistakes/worktrees/8352e211db7e/01M4F29HK4JCAKXEQ2F50R6HHX/bin", {st_mode=S_IFDIR|0775, st_size=12288, ...}, 0) = 0
767948 newfstatat(AT_FDCWD, "/usr/lib/python3.14", {st_mode=S_IFDIR|0755, st_size=20480, ...}, 0) = 0
767948 newfstatat(AT_FDCWD, "/usr/lib/python3.14/functools.py", {st_mode=S_IFREG|0644, st_size=43561, ...}, 0) = 0
767948 newfstatat(AT_FDCWD, "/usr/lib/python3.14/functools.py", {st_mode=S_IFREG|0644, st_size=43561, ...}, 0) = 0
767948 openat(AT_FDCWD, "/usr/lib/python3.14/__pycache__/functools.cpython-314.pyc", O_RDONLY|O_CLOEXEC) = 3
767948 newfstatat(AT_FDCWD, "/home/firstmate/.no-mistakes/worktrees/8352e211db7e/01M4F29HK4JCAKXEQ2F50R6HHX/bin", {st_mode=S_IFDIR|0775, st_size=12288, ...}, 0) = 0
767948 newfstatat(AT_FDCWD, "/usr/lib/python3.14", {st_mode=S_IFDIR|0755, st_size=20480, ...}, 0) = 0
767948 newfstatat(AT_FDCWD, "/usr/lib/python3.14/collections/__init__.cpython-314-x86_64-linux-gnu.so", 0x7ffc0c11db20, 0) = -1 ENOENT (No such file or directory)
767948 newfstatat(AT_FDCWD, "/usr/lib/python3.14/collections/__init__.abi3.so", 0x7ffc0c11db20, 0) = -1 ENOENT (No such file or directory)
767948 newfstatat(AT_FDCWD, "/usr/lib/python3.14/collections/__init__.abi3-x86_64-linux-gnu.so", 0x7ffc0c11db20, 0) = -1 ENOENT (No such file or directory)
767948 newfstatat(AT_FDCWD, "/usr/lib/python3.14/collections/__init__.so", 0x7ffc0c11db20, 0) = -1 ENOENT (No such file or directory)
767948 newfstatat(AT_FDCWD, "/usr/lib/python3.14/collections/__init__.py", {st_mode=S_IFREG|0644, st_size=52903, ...}, 0) = 0
767948 newfstatat(AT_FDCWD, "/usr/lib/python3.14/collections/__init__.py", {st_mode=S_IFREG|0644, st_size=52903, ...}, 0) = 0
767948 openat(AT_FDCWD, "/usr/lib/python3.14/collections/__pycache__/__init__.cpython-314.pyc", O_RDONLY|O_CLOEXEC) = 3
767948 newfstatat(AT_FDCWD, "/home/firstmate/.no-mistakes/worktrees/8352e211db7e/01M4F29HK4JCAKXEQ2F50R6HHX/bin", {st_mode=S_IFDIR|0775, st_size=12288, ...}, 0) = 0
767948 newfstatat(AT_FDCWD, "/usr/lib/python3.14", {st_mode=S_IFDIR|0755, st_size=20480, ...}, 0) = 0
767948 newfstatat(AT_FDCWD, "/usr/lib/python3.14/keyword.py", {st_mode=S_IFREG|0644, st_size=1073, ...}, 0) = 0
767948 newfstatat(AT_FDCWD, "/usr/lib/python3.14/keyword.py", {st_mode=S_IFREG|0644, st_size=1073, ...}, 0) = 0
767948 openat(AT_FDCWD, "/usr/lib/python3.14/__pycache__/keyword.cpython-314.pyc", O_RDONLY|O_CLOEXEC) = 3
767948 newfstatat(AT_FDCWD, "/home/firstmate/.no-mistakes/worktrees/8352e211db7e/01M4F29HK4JCAKXEQ2F50R6HHX/bin", {st_mode=S_IFDIR|0775, st_size=12288, ...}, 0) = 0
767948 newfstatat(AT_FDCWD, "/usr/lib/python3.14", {st_mode=S_IFDIR|0755, st_size=20480, ...}, 0) = 0
767948 newfstatat(AT_FDCWD, "/usr/lib/python3.14/operator.py", {st_mode=S_IFREG|0644, st_size=11158, ...}, 0) = 0
767948 newfstatat(AT_FDCWD, "/usr/lib/python3.14/operator.py", {st_mode=S_IFREG|0644, st_size=11158, ...}, 0) = 0
767948 openat(AT_FDCWD, "/usr/lib/python3.14/__pycache__/operator.cpython-314.pyc", O_RDONLY|O_CLOEXEC) = 3
767948 newfstatat(AT_FDCWD, "/home/firstmate/.no-mistakes/worktrees/8352e211db7e/01M4F29HK4JCAKXEQ2F50R6HHX/bin", {st_mode=S_IFDIR|0775, st_size=12288, ...}, 0) = 0
767948 newfstatat(AT_FDCWD, "/usr/lib/python3.14", {st_mode=S_IFDIR|0755, st_size=20480, ...}, 0) = 0
767948 newfstatat(AT_FDCWD, "/usr/lib/python3.14/reprlib.py", {st_mode=S_IFREG|0644, st_size=8064, ...}, 0) = 0
767948 newfstatat(AT_FDCWD, "/usr/lib/python3.14/reprlib.py", {st_mode=S_IFREG|0644, st_size=8064, ...}, 0) = 0
767948 openat(AT_FDCWD, "/usr/lib/python3.14/__pycache__/reprlib.cpython-314.pyc", O_RDONLY|O_CLOEXEC) = 3
767948 newfstatat(AT_FDCWD, "/home/firstmate/.no-mistakes/worktrees/8352e211db7e/01M4F29HK4JCAKXEQ2F50R6HHX/bin", {st_mode=S_IFDIR|0775, st_size=12288, ...}, 0) = 0
767948 newfstatat(AT_FDCWD, "/usr/lib/python3.14", {st_mode=S_IFDIR|0755, st_size=20480, ...}, 0) = 0
767948 newfstatat(AT_FDCWD, "/usr/lib/python3.14/copyreg.py", {st_mode=S_IFREG|0644, st_size=7716, ...}, 0) = 0
767948 newfstatat(AT_FDCWD, "/usr/lib/python3.14/copyreg.py", {st_mode=S_IFREG|0644, st_size=7716, ...}, 0) = 0
767948 openat(AT_FDCWD, "/usr/lib/python3.14/__pycache__/copyreg.cpython-314.pyc", O_RDONLY|O_CLOEXEC) = 3
767948 newfstatat(AT_FDCWD, "/usr/lib/python3.14/json", {st_mode=S_IFDIR|0755, st_size=4096, ...}, 0) = 0
767948 newfstatat(AT_FDCWD, "/usr/lib/python3.14/json/scanner.py", {st_mode=S_IFREG|0644, st_size=2434, ...}, 0) = 0
767948 newfstatat(AT_FDCWD, "/usr/lib/python3.14/json/scanner.py", {st_mode=S_IFREG|0644, st_size=2434, ...}, 0) = 0
767948 openat(AT_FDCWD, "/usr/lib/python3.14/json/__pycache__/scanner.cpython-314.pyc", O_RDONLY|O_CLOEXEC) = 3
767948 newfstatat(AT_FDCWD, "/usr/lib/python3.14/json", {st_mode=S_IFDIR|0755, st_size=4096, ...}, 0) = 0
767948 newfstatat(AT_FDCWD, "/usr/lib/python3.14/json/encoder.py", {st_mode=S_IFREG|0644, st_size=16990, ...}, 0) = 0
767948 newfstatat(AT_FDCWD, "/usr/lib/python3.14/json/encoder.py", {st_mode=S_IFREG|0644, st_size=16990, ...}, 0) = 0
767948 openat(AT_FDCWD, "/usr/lib/python3.14/json/__pycache__/encoder.cpython-314.pyc", O_RDONLY|O_CLOEXEC) = 3
767948 newfstatat(AT_FDCWD, "/home/firstmate/.no-mistakes/worktrees/8352e211db7e/01M4F29HK4JCAKXEQ2F50R6HHX/bin", {st_mode=S_IFDIR|0775, st_size=12288, ...}, 0) = 0
767948 newfstatat(AT_FDCWD, "/usr/lib/python3.14", {st_mode=S_IFDIR|0755, st_size=20480, ...}, 0) = 0
767948 newfstatat(AT_FDCWD, "/usr/lib/python3.14/pathlib/__init__.cpython-314-x86_64-linux-gnu.so", 0x7ffc0c1205a0, 0) = -1 ENOENT (No such file or directory)
767948 newfstatat(AT_FDCWD, "/usr/lib/python3.14/pathlib/__init__.abi3.so", 0x7ffc0c1205a0, 0) = -1 ENOENT (No such file or directory)
767948 newfstatat(AT_FDCWD, "/usr/lib/python3.14/pathlib/__init__.abi3-x86_64-linux-gnu.so", 0x7ffc0c1205a0, 0) = -1 ENOENT (No such file or directory)
767948 newfstatat(AT_FDCWD, "/usr/lib/python3.14/pathlib/__init__.so", 0x7ffc0c1205a0, 0) = -1 ENOENT (No such file or directory)
767948 newfstatat(AT_FDCWD, "/usr/lib/python3.14/pathlib/__init__.py", {st_mode=S_IFREG|0644, st_size=46833, ...}, 0) = 0
767948 newfstatat(AT_FDCWD, "/usr/lib/python3.14/pathlib/__init__.py", {st_mode=S_IFREG|0644, st_size=46833, ...}, 0) = 0
767948 openat(AT_FDCWD, "/usr/lib/python3.14/pathlib/__pycache__/__init__.cpython-314.pyc", O_RDONLY|O_CLOEXEC) = 3
767948 newfstatat(AT_FDCWD, "/home/firstmate/.no-mistakes/worktrees/8352e211db7e/01M4F29HK4JCAKXEQ2F50R6HHX/bin", {st_mode=S_IFDIR|0775, st_size=12288, ...}, 0) = 0
767948 newfstatat(AT_FDCWD, "/usr/lib/python3.14", {st_mode=S_IFDIR|0755, st_size=20480, ...}, 0) = 0
767948 newfstatat(AT_FDCWD, "/usr/lib/python3.14/glob.py", {st_mode=S_IFREG|0644, st_size=20768, ...}, 0) = 0
767948 newfstatat(AT_FDCWD, "/usr/lib/python3.14/glob.py", {st_mode=S_IFREG|0644, st_size=20768, ...}, 0) = 0
767948 openat(AT_FDCWD, "/usr/lib/python3.14/__pycache__/glob.cpython-314.pyc", O_RDONLY|O_CLOEXEC) = 3
767948 newfstatat(AT_FDCWD, "/home/firstmate/.no-mistakes/worktrees/8352e211db7e/01M4F29HK4JCAKXEQ2F50R6HHX/bin", {st_mode=S_IFDIR|0775, st_size=12288, ...}, 0) = 0
767948 newfstatat(AT_FDCWD, "/usr/lib/python3.14", {st_mode=S_IFDIR|0755, st_size=20480, ...}, 0) = 0
767948 newfstatat(AT_FDCWD, "/usr/lib/python3.14/contextlib.py", {st_mode=S_IFREG|0644, st_size=27801, ...}, 0) = 0
767948 newfstatat(AT_FDCWD, "/usr/lib/python3.14/contextlib.py", {st_mode=S_IFREG|0644, st_size=27801, ...}, 0) = 0
767948 openat(AT_FDCWD, "/usr/lib/python3.14/__pycache__/contextlib.cpython-314.pyc", O_RDONLY|O_CLOEXEC) = 3
767948 newfstatat(AT_FDCWD, "/home/firstmate/.no-mistakes/worktrees/8352e211db7e/01M4F29HK4JCAKXEQ2F50R6HHX/bin", {st_mode=S_IFDIR|0775, st_size=12288, ...}, 0) = 0
767948 newfstatat(AT_FDCWD, "/usr/lib/python3.14", {st_mode=S_IFDIR|0755, st_size=20480, ...}, 0) = 0
767948 newfstatat(AT_FDCWD, "/usr/lib/python3.14/fnmatch.py", {st_mode=S_IFREG|0644, st_size=6791, ...}, 0) = 0
767948 newfstatat(AT_FDCWD, "/usr/lib/python3.14/fnmatch.py", {st_mode=S_IFREG|0644, st_size=6791, ...}, 0) = 0
767948 openat(AT_FDCWD, "/usr/lib/python3.14/__pycache__/fnmatch.cpython-314.pyc", O_RDONLY|O_CLOEXEC) = 3
767948 newfstatat(AT_FDCWD, "/usr/lib/python3.14/pathlib", {st_mode=S_IFDIR|0755, st_size=4096, ...}, 0) = 0
767948 newfstatat(AT_FDCWD, "/usr/lib/python3.14/pathlib", {st_mode=S_IFDIR|0755, st_size=4096, ...}, 0) = 0
767948 newfstatat(AT_FDCWD, "/usr/lib/python3.14/pathlib", {st_mode=S_IFDIR|0755, st_size=4096, ...}, 0) = 0
767948 openat(AT_FDCWD, "/usr/lib/python3.14/pathlib", O_RDONLY|O_NONBLOCK|O_CLOEXEC|O_DIRECTORY) = 3
767948 newfstatat(AT_FDCWD, "/usr/lib/python3.14/pathlib/_os.py", {st_mode=S_IFREG|0644, st_size=18161, ...}, 0) = 0
767948 newfstatat(AT_FDCWD, "/usr/lib/python3.14/pathlib/_os.py", {st_mode=S_IFREG|0644, st_size=18161, ...}, 0) = 0
767948 openat(AT_FDCWD, "/usr/lib/python3.14/pathlib/__pycache__/_os.cpython-314.pyc", O_RDONLY|O_CLOEXEC) = 3
767948 newfstatat(AT_FDCWD, "/home/firstmate/.no-mistakes/worktrees/8352e211db7e/01M4F29HK4JCAKXEQ2F50R6HHX/bin", {st_mode=S_IFDIR|0775, st_size=12288, ...}, 0) = 0
767948 newfstatat(AT_FDCWD, "/usr/lib/python3.14", {st_mode=S_IFDIR|0755, st_size=20480, ...}, 0) = 0
767948 newfstatat(AT_FDCWD, "/usr/lib/python3.14/lib-dynload", {st_mode=S_IFDIR|0755, st_size=16384, ...}, 0) = 0
767948 newfstatat(AT_FDCWD, "/home/firstmate/.local/lib/python3.14/site-packages", {st_mode=S_IFDIR|0775, st_size=4096, ...}, 0) = 0
767948 newfstatat(AT_FDCWD, "/usr/local/lib/python3.14/dist-packages", {st_mode=S_IFDIR|0755, st_size=4096, ...}, 0) = 0
767948 newfstatat(AT_FDCWD, "/usr/lib/python3/dist-packages", {st_mode=S_IFDIR|0755, st_size=12288, ...}, 0) = 0
767948 newfstatat(AT_FDCWD, "/home/firstmate/.no-mistakes/worktrees/8352e211db7e/01M4F29HK4JCAKXEQ2F50R6HHX/bin", {st_mode=S_IFDIR|0775, st_size=12288, ...}, 0) = 0
767948 newfstatat(AT_FDCWD, "/usr/lib/python3.14", {st_mode=S_IFDIR|0755, st_size=20480, ...}, 0) = 0
767948 newfstatat(AT_FDCWD, "/usr/lib/python3.14/lib-dynload", {st_mode=S_IFDIR|0755, st_size=16384, ...}, 0) = 0
767948 newfstatat(AT_FDCWD, "/home/firstmate/.local/lib/python3.14/site-packages", {st_mode=S_IFDIR|0775, st_size=4096, ...}, 0) = 0
767948 newfstatat(AT_FDCWD, "/usr/local/lib/python3.14/dist-packages", {st_mode=S_IFDIR|0755, st_size=4096, ...}, 0) = 0
767948 newfstatat(AT_FDCWD, "/usr/lib/python3/dist-packages", {st_mode=S_IFDIR|0755, st_size=12288, ...}, 0) = 0
767948 newfstatat(AT_FDCWD, "/home/firstmate/.no-mistakes/worktrees/8352e211db7e/01M4F29HK4JCAKXEQ2F50R6HHX/bin", {st_mode=S_IFDIR|0775, st_size=12288, ...}, 0) = 0
767948 newfstatat(AT_FDCWD, "/usr/lib/python3.14", {st_mode=S_IFDIR|0755, st_size=20480, ...}, 0) = 0
767948 newfstatat(AT_FDCWD, "/usr/lib/python3.14/lib-dynload", {st_mode=S_IFDIR|0755, st_size=16384, ...}, 0) = 0
767948 newfstatat(AT_FDCWD, "/home/firstmate/.local/lib/python3.14/site-packages", {st_mode=S_IFDIR|0775, st_size=4096, ...}, 0) = 0
767948 newfstatat(AT_FDCWD, "/usr/local/lib/python3.14/dist-packages", {st_mode=S_IFDIR|0755, st_size=4096, ...}, 0) = 0
767948 newfstatat(AT_FDCWD, "/usr/lib/python3/dist-packages", {st_mode=S_IFDIR|0755, st_size=12288, ...}, 0) = 0
767948 newfstatat(AT_FDCWD, "/home/firstmate/.no-mistakes/worktrees/8352e211db7e/01M4F29HK4JCAKXEQ2F50R6HHX/bin", {st_mode=S_IFDIR|0775, st_size=12288, ...}, 0) = 0
767948 newfstatat(AT_FDCWD, "/usr/lib/python3.14", {st_mode=S_IFDIR|0755, st_size=20480, ...}, 0) = 0
767948 newfstatat(AT_FDCWD, "/usr/lib/python3.14/lib-dynload", {st_mode=S_IFDIR|0755, st_size=16384, ...}, 0) = 0
767948 newfstatat(AT_FDCWD, "/home/firstmate/.local/lib/python3.14/site-packages", {st_mode=S_IFDIR|0775, st_size=4096, ...}, 0) = 0
767948 newfstatat(AT_FDCWD, "/usr/local/lib/python3.14/dist-packages", {st_mode=S_IFDIR|0755, st_size=4096, ...}, 0) = 0
767948 newfstatat(AT_FDCWD, "/usr/lib/python3/dist-packages", {st_mode=S_IFDIR|0755, st_size=12288, ...}, 0) = 0
767948 newfstatat(AT_FDCWD, "/home/firstmate/.no-mistakes/worktrees/8352e211db7e/01M4F29HK4JCAKXEQ2F50R6HHX/bin", {st_mode=S_IFDIR|0775, st_size=12288, ...}, 0) = 0
767948 newfstatat(AT_FDCWD, "/usr/lib/python3.14", {st_mode=S_IFDIR|0755, st_size=20480, ...}, 0) = 0
767948 newfstatat(AT_FDCWD, "/usr/lib/python3.14/lib-dynload", {st_mode=S_IFDIR|0755, st_size=16384, ...}, 0) = 0
767948 newfstatat(AT_FDCWD, "/home/firstmate/.local/lib/python3.14/site-packages", {st_mode=S_IFDIR|0775, st_size=4096, ...}, 0) = 0
767948 newfstatat(AT_FDCWD, "/usr/local/lib/python3.14/dist-packages", {st_mode=S_IFDIR|0755, st_size=4096, ...}, 0) = 0
767948 newfstatat(AT_FDCWD, "/usr/lib/python3/dist-packages", {st_mode=S_IFDIR|0755, st_size=12288, ...}, 0) = 0
767948 newfstatat(AT_FDCWD, "/home/firstmate/.no-mistakes/worktrees/8352e211db7e/01M4F29HK4JCAKXEQ2F50R6HHX/bin", {st_mode=S_IFDIR|0775, st_size=12288, ...}, 0) = 0
767948 newfstatat(AT_FDCWD, "/usr/lib/python3.14", {st_mode=S_IFDIR|0755, st_size=20480, ...}, 0) = 0
767948 newfstatat(AT_FDCWD, "/usr/lib/python3.14/lib-dynload", {st_mode=S_IFDIR|0755, st_size=16384, ...}, 0) = 0
767948 newfstatat(AT_FDCWD, "/home/firstmate/.local/lib/python3.14/site-packages", {st_mode=S_IFDIR|0775, st_size=4096, ...}, 0) = 0
767948 newfstatat(AT_FDCWD, "/usr/local/lib/python3.14/dist-packages", {st_mode=S_IFDIR|0755, st_size=4096, ...}, 0) = 0
767948 newfstatat(AT_FDCWD, "/usr/lib/python3/dist-packages", {st_mode=S_IFDIR|0755, st_size=12288, ...}, 0) = 0
767948 newfstatat(AT_FDCWD, "/home/firstmate/.no-mistakes/worktrees/8352e211db7e/01M4F29HK4JCAKXEQ2F50R6HHX/bin", {st_mode=S_IFDIR|0775, st_size=12288, ...}, 0) = 0
767948 newfstatat(AT_FDCWD, "/usr/lib/python3.14", {st_mode=S_IFDIR|0755, st_size=20480, ...}, 0) = 0
767948 newfstatat(AT_FDCWD, "/usr/lib/python3.14/lib-dynload", {st_mode=S_IFDIR|0755, st_size=16384, ...}, 0) = 0
767948 newfstatat(AT_FDCWD, "/home/firstmate/.local/lib/python3.14/site-packages", {st_mode=S_IFDIR|0775, st_size=4096, ...}, 0) = 0
767948 newfstatat(AT_FDCWD, "/usr/local/lib/python3.14/dist-packages", {st_mode=S_IFDIR|0755, st_size=4096, ...}, 0) = 0
767948 newfstatat(AT_FDCWD, "/usr/lib/python3/dist-packages", {st_mode=S_IFDIR|0755, st_size=12288, ...}, 0) = 0
767948 newfstatat(AT_FDCWD, "/home/firstmate/.no-mistakes/worktrees/8352e211db7e/01M4F29HK4JCAKXEQ2F50R6HHX/bin", {st_mode=S_IFDIR|0775, st_size=12288, ...}, 0) = 0
767948 newfstatat(AT_FDCWD, "/usr/lib/python3.14", {st_mode=S_IFDIR|0755, st_size=20480, ...}, 0) = 0
767948 newfstatat(AT_FDCWD, "/usr/lib/python3.14/lib-dynload", {st_mode=S_IFDIR|0755, st_size=16384, ...}, 0) = 0
767948 newfstatat(AT_FDCWD, "/home/firstmate/.local/lib/python3.14/site-packages", {st_mode=S_IFDIR|0775, st_size=4096, ...}, 0) = 0
767948 newfstatat(AT_FDCWD, "/usr/local/lib/python3.14/dist-packages", {st_mode=S_IFDIR|0755, st_size=4096, ...}, 0) = 0
767948 newfstatat(AT_FDCWD, "/usr/lib/python3/dist-packages", {st_mode=S_IFDIR|0755, st_size=12288, ...}, 0) = 0
767948 newfstatat(AT_FDCWD, "/home/firstmate/.no-mistakes/worktrees/8352e211db7e/01M4F29HK4JCAKXEQ2F50R6HHX/bin", {st_mode=S_IFDIR|0775, st_size=12288, ...}, 0) = 0
767948 newfstatat(AT_FDCWD, "/usr/lib/python3.14", {st_mode=S_IFDIR|0755, st_size=20480, ...}, 0) = 0
767948 newfstatat(AT_FDCWD, "/usr/lib/python3.14/lib-dynload", {st_mode=S_IFDIR|0755, st_size=16384, ...}, 0) = 0
767948 newfstatat(AT_FDCWD, "/home/firstmate/.local/lib/python3.14/site-packages", {st_mode=S_IFDIR|0775, st_size=4096, ...}, 0) = 0
767948 newfstatat(AT_FDCWD, "/usr/local/lib/python3.14/dist-packages", {st_mode=S_IFDIR|0755, st_size=4096, ...}, 0) = 0
767948 newfstatat(AT_FDCWD, "/usr/lib/python3/dist-packages", {st_mode=S_IFDIR|0755, st_size=12288, ...}, 0) = 0
767948 newfstatat(AT_FDCWD, "/home/firstmate/.no-mistakes/worktrees/8352e211db7e/01M4F29HK4JCAKXEQ2F50R6HHX/bin", {st_mode=S_IFDIR|0775, st_size=12288, ...}, 0) = 0
767948 newfstatat(AT_FDCWD, "/usr/lib/python3.14", {st_mode=S_IFDIR|0755, st_size=20480, ...}, 0) = 0
767948 newfstatat(AT_FDCWD, "/usr/lib/python3.14/secrets.py", {st_mode=S_IFREG|0644, st_size=1984, ...}, 0) = 0
767948 newfstatat(AT_FDCWD, "/usr/lib/python3.14/secrets.py", {st_mode=S_IFREG|0644, st_size=1984, ...}, 0) = 0
767948 openat(AT_FDCWD, "/usr/lib/python3.14/__pycache__/secrets.cpython-314.pyc", O_RDONLY|O_CLOEXEC) = 3
767948 newfstatat(AT_FDCWD, "/home/firstmate/.no-mistakes/worktrees/8352e211db7e/01M4F29HK4JCAKXEQ2F50R6HHX/bin", {st_mode=S_IFDIR|0775, st_size=12288, ...}, 0) = 0
767948 newfstatat(AT_FDCWD, "/usr/lib/python3.14", {st_mode=S_IFDIR|0755, st_size=20480, ...}, 0) = 0
767948 newfstatat(AT_FDCWD, "/usr/lib/python3.14/base64.py", {st_mode=S_IFREG|0644, st_size=22029, ...}, 0) = 0
767948 newfstatat(AT_FDCWD, "/usr/lib/python3.14/base64.py", {st_mode=S_IFREG|0644, st_size=22029, ...}, 0) = 0
767948 openat(AT_FDCWD, "/usr/lib/python3.14/__pycache__/base64.cpython-314.pyc", O_RDONLY|O_CLOEXEC) = 3
767948 newfstatat(AT_FDCWD, "/home/firstmate/.no-mistakes/worktrees/8352e211db7e/01M4F29HK4JCAKXEQ2F50R6HHX/bin", {st_mode=S_IFDIR|0775, st_size=12288, ...}, 0) = 0
767948 newfstatat(AT_FDCWD, "/usr/lib/python3.14", {st_mode=S_IFDIR|0755, st_size=20480, ...}, 0) = 0
767948 newfstatat(AT_FDCWD, "/usr/lib/python3.14/struct.py", {st_mode=S_IFREG|0644, st_size=285, ...}, 0) = 0
767948 newfstatat(AT_FDCWD, "/usr/lib/python3.14/struct.py", {st_mode=S_IFREG|0644, st_size=285, ...}, 0) = 0
767948 openat(AT_FDCWD, "/usr/lib/python3.14/__pycache__/struct.cpython-314.pyc", O_RDONLY|O_CLOEXEC) = 3
767948 newfstatat(AT_FDCWD, "/home/firstmate/.no-mistakes/worktrees/8352e211db7e/01M4F29HK4JCAKXEQ2F50R6HHX/bin", {st_mode=S_IFDIR|0775, st_size=12288, ...}, 0) = 0
767948 newfstatat(AT_FDCWD, "/usr/lib/python3.14", {st_mode=S_IFDIR|0755, st_size=20480, ...}, 0) = 0
767948 newfstatat(AT_FDCWD, "/usr/lib/python3.14/hmac.py", {st_mode=S_IFREG|0644, st_size=9589, ...}, 0) = 0
767948 newfstatat(AT_FDCWD, "/usr/lib/python3.14/hmac.py", {st_mode=S_IFREG|0644, st_size=9589, ...}, 0) = 0
767948 openat(AT_FDCWD, "/usr/lib/python3.14/__pycache__/hmac.cpython-314.pyc", O_RDONLY|O_CLOEXEC) = 3
767948 newfstatat(AT_FDCWD, "/home/firstmate/.no-mistakes/worktrees/8352e211db7e/01M4F29HK4JCAKXEQ2F50R6HHX/bin", {st_mode=S_IFDIR|0775, st_size=12288, ...}, 0) = 0
767948 newfstatat(AT_FDCWD, "/usr/lib/python3.14", {st_mode=S_IFDIR|0755, st_size=20480, ...}, 0) = 0
767948 newfstatat(AT_FDCWD, "/usr/lib/python3.14/lib-dynload", {st_mode=S_IFDIR|0755, st_size=16384, ...}, 0) = 0
767948 newfstatat(AT_FDCWD, "/usr/lib/python3.14/lib-dynload/_hmac.cpython-314-x86_64-linux-gnu.so", {st_mode=S_IFREG|0644, st_size=151584, ...}, 0) = 0
767948 openat(AT_FDCWD, "/usr/lib/python3.14/lib-dynload/_hmac.cpython-314-x86_64-linux-gnu.so", O_RDONLY|O_CLOEXEC) = 3
767948 newfstatat(AT_FDCWD, "/home/firstmate/.no-mistakes/worktrees/8352e211db7e/01M4F29HK4JCAKXEQ2F50R6HHX/bin", {st_mode=S_IFDIR|0775, st_size=12288, ...}, 0) = 0
767948 newfstatat(AT_FDCWD, "/usr/lib/python3.14", {st_mode=S_IFDIR|0755, st_size=20480, ...}, 0) = 0
767948 newfstatat(AT_FDCWD, "/usr/lib/python3.14/random.py", {st_mode=S_IFREG|0644, st_size=37259, ...}, 0) = 0
767948 newfstatat(AT_FDCWD, "/usr/lib/python3.14/random.py", {st_mode=S_IFREG|0644, st_size=37259, ...}, 0) = 0
767948 openat(AT_FDCWD, "/usr/lib/python3.14/__pycache__/random.cpython-314.pyc", O_RDONLY|O_CLOEXEC) = 3
767948 newfstatat(AT_FDCWD, "/home/firstmate/.no-mistakes/worktrees/8352e211db7e/01M4F29HK4JCAKXEQ2F50R6HHX/bin", {st_mode=S_IFDIR|0775, st_size=12288, ...}, 0) = 0
767948 newfstatat(AT_FDCWD, "/usr/lib/python3.14", {st_mode=S_IFDIR|0755, st_size=20480, ...}, 0) = 0
767948 newfstatat(AT_FDCWD, "/usr/lib/python3.14/bisect.py", {st_mode=S_IFREG|0644, st_size=3423, ...}, 0) = 0
767948 newfstatat(AT_FDCWD, "/usr/lib/python3.14/bisect.py", {st_mode=S_IFREG|0644, st_size=3423, ...}, 0) = 0
767948 openat(AT_FDCWD, "/usr/lib/python3.14/__pycache__/bisect.cpython-314.pyc", O_RDONLY|O_CLOEXEC) = 3
767948 newfstatat(AT_FDCWD, "/home/firstmate/.no-mistakes/worktrees/8352e211db7e/01M4F29HK4JCAKXEQ2F50R6HHX/bin", {st_mode=S_IFDIR|0775, st_size=12288, ...}, 0) = 0
767948 newfstatat(AT_FDCWD, "/usr/lib/python3.14", {st_mode=S_IFDIR|0755, st_size=20480, ...}, 0) = 0
767948 newfstatat(AT_FDCWD, "/usr/lib/python3.14/subprocess.py", {st_mode=S_IFREG|0644, st_size=90732, ...}, 0) = 0
767948 newfstatat(AT_FDCWD, "/usr/lib/python3.14/subprocess.py", {st_mode=S_IFREG|0644, st_size=90732, ...}, 0) = 0
767948 openat(AT_FDCWD, "/usr/lib/python3.14/__pycache__/subprocess.cpython-314.pyc", O_RDONLY|O_CLOEXEC) = 3
767948 newfstatat(AT_FDCWD, "/home/firstmate/.no-mistakes/worktrees/8352e211db7e/01M4F29HK4JCAKXEQ2F50R6HHX/bin", {st_mode=S_IFDIR|0775, st_size=12288, ...}, 0) = 0
767948 newfstatat(AT_FDCWD, "/usr/lib/python3.14", {st_mode=S_IFDIR|0755, st_size=20480, ...}, 0) = 0
767948 newfstatat(AT_FDCWD, "/usr/lib/python3.14/locale.py", {st_mode=S_IFREG|0644, st_size=79129, ...}, 0) = 0
767948 newfstatat(AT_FDCWD, "/usr/lib/python3.14/locale.py", {st_mode=S_IFREG|0644, st_size=79129, ...}, 0) = 0
767948 openat(AT_FDCWD, "/usr/lib/python3.14/__pycache__/locale.cpython-314.pyc", O_RDONLY|O_CLOEXEC) = 3
767948 newfstatat(AT_FDCWD, "/home/firstmate/.no-mistakes/worktrees/8352e211db7e/01M4F29HK4JCAKXEQ2F50R6HHX/bin", {st_mode=S_IFDIR|0775, st_size=12288, ...}, 0) = 0
767948 newfstatat(AT_FDCWD, "/usr/lib/python3.14", {st_mode=S_IFDIR|0755, st_size=20480, ...}, 0) = 0
767948 newfstatat(AT_FDCWD, "/usr/lib/python3.14/signal.py", {st_mode=S_IFREG|0644, st_size=2495, ...}, 0) = 0
767948 newfstatat(AT_FDCWD, "/usr/lib/python3.14/signal.py", {st_mode=S_IFREG|0644, st_size=2495, ...}, 0) = 0
767948 openat(AT_FDCWD, "/usr/lib/python3.14/__pycache__/signal.cpython-314.pyc", O_RDONLY|O_CLOEXEC) = 3
767948 newfstatat(AT_FDCWD, "/home/firstmate/.no-mistakes/worktrees/8352e211db7e/01M4F29HK4JCAKXEQ2F50R6HHX/bin", {st_mode=S_IFDIR|0775, st_size=12288, ...}, 0) = 0
767948 newfstatat(AT_FDCWD, "/usr/lib/python3.14", {st_mode=S_IFDIR|0755, st_size=20480, ...}, 0) = 0
767948 newfstatat(AT_FDCWD, "/usr/lib/python3.14/threading.py", {st_mode=S_IFREG|0644, st_size=56923, ...}, 0) = 0
767948 newfstatat(AT_FDCWD, "/usr/lib/python3.14/threading.py", {st_mode=S_IFREG|0644, st_size=56923, ...}, 0) = 0
767948 openat(AT_FDCWD, "/usr/lib/python3.14/__pycache__/threading.cpython-314.pyc", O_RDONLY|O_CLOEXEC) = 3
767948 newfstatat(AT_FDCWD, "/home/firstmate/.no-mistakes/worktrees/8352e211db7e/01M4F29HK4JCAKXEQ2F50R6HHX/bin", {st_mode=S_IFDIR|0775, st_size=12288, ...}, 0) = 0
767948 newfstatat(AT_FDCWD, "/usr/lib/python3.14", {st_mode=S_IFDIR|0755, st_size=20480, ...}, 0) = 0
767948 newfstatat(AT_FDCWD, "/usr/lib/python3.14/_weakrefset.py", {st_mode=S_IFREG|0644, st_size=3962, ...}, 0) = 0
767948 newfstatat(AT_FDCWD, "/usr/lib/python3.14/_weakrefset.py", {st_mode=S_IFREG|0644, st_size=3962, ...}, 0) = 0
767948 openat(AT_FDCWD, "/usr/lib/python3.14/__pycache__/_weakrefset.cpython-314.pyc", O_RDONLY|O_CLOEXEC) = 3
767948 newfstatat(AT_FDCWD, "/home/firstmate/.no-mistakes/worktrees/8352e211db7e/01M4F29HK4JCAKXEQ2F50R6HHX/bin", {st_mode=S_IFDIR|0775, st_size=12288, ...}, 0) = 0
767948 newfstatat(AT_FDCWD, "/usr/lib/python3.14", {st_mode=S_IFDIR|0755, st_size=20480, ...}, 0) = 0
767948 newfstatat(AT_FDCWD, "/usr/lib/python3.14/warnings.py", {st_mode=S_IFREG|0644, st_size=1966, ...}, 0) = 0
767948 newfstatat(AT_FDCWD, "/usr/lib/python3.14/warnings.py", {st_mode=S_IFREG|0644, st_size=1966, ...}, 0) = 0
767948 openat(AT_FDCWD, "/usr/lib/python3.14/__pycache__/warnings.cpython-314.pyc", O_RDONLY|O_CLOEXEC) = 3
767948 newfstatat(AT_FDCWD, "/home/firstmate/.no-mistakes/worktrees/8352e211db7e/01M4F29HK4JCAKXEQ2F50R6HHX/bin", {st_mode=S_IFDIR|0775, st_size=12288, ...}, 0) = 0
767948 newfstatat(AT_FDCWD, "/usr/lib/python3.14", {st_mode=S_IFDIR|0755, st_size=20480, ...}, 0) = 0
767948 newfstatat(AT_FDCWD, "/usr/lib/python3.14/_py_warnings.py", {st_mode=S_IFREG|0644, st_size=30631, ...}, 0) = 0
767948 newfstatat(AT_FDCWD, "/usr/lib/python3.14/_py_warnings.py", {st_mode=S_IFREG|0644, st_size=30631, ...}, 0) = 0
767948 openat(AT_FDCWD, "/usr/lib/python3.14/__pycache__/_py_warnings.cpython-314.pyc", O_RDONLY|O_CLOEXEC) = 3
767948 newfstatat(AT_FDCWD, "/home/firstmate/.no-mistakes/worktrees/8352e211db7e/01M4F29HK4JCAKXEQ2F50R6HHX/bin", {st_mode=S_IFDIR|0775, st_size=12288, ...}, 0) = 0
767948 newfstatat(AT_FDCWD, "/usr/lib/python3.14", {st_mode=S_IFDIR|0755, st_size=20480, ...}, 0) = 0
767948 newfstatat(AT_FDCWD, "/usr/lib/python3.14/lib-dynload", {st_mode=S_IFDIR|0755, st_size=16384, ...}, 0) = 0
767948 newfstatat(AT_FDCWD, "/home/firstmate/.local/lib/python3.14/site-packages", {st_mode=S_IFDIR|0775, st_size=4096, ...}, 0) = 0
767948 newfstatat(AT_FDCWD, "/usr/local/lib/python3.14/dist-packages", {st_mode=S_IFDIR|0755, st_size=4096, ...}, 0) = 0
767948 newfstatat(AT_FDCWD, "/usr/lib/python3/dist-packages", {st_mode=S_IFDIR|0755, st_size=12288, ...}, 0) = 0
767948 newfstatat(AT_FDCWD, "/home/firstmate/.no-mistakes/worktrees/8352e211db7e/01M4F29HK4JCAKXEQ2F50R6HHX/bin", {st_mode=S_IFDIR|0775, st_size=12288, ...}, 0) = 0
767948 newfstatat(AT_FDCWD, "/usr/lib/python3.14", {st_mode=S_IFDIR|0755, st_size=20480, ...}, 0) = 0
767948 newfstatat(AT_FDCWD, "/usr/lib/python3.14/selectors.py", {st_mode=S_IFREG|0644, st_size=19457, ...}, 0) = 0
767948 newfstatat(AT_FDCWD, "/usr/lib/python3.14/selectors.py", {st_mode=S_IFREG|0644, st_size=19457, ...}, 0) = 0
767948 openat(AT_FDCWD, "/usr/lib/python3.14/__pycache__/selectors.cpython-314.pyc", O_RDONLY|O_CLOEXEC) = 3
767948 newfstatat(AT_FDCWD, "/home/firstmate/.no-mistakes/worktrees/8352e211db7e/01M4F29HK4JCAKXEQ2F50R6HHX/.test-tmp/boundary/home/.voice-conversation-lab", 0x7ffc0c120730, 0) = -1 ENOENT (No such file or directory)
767948 openat(AT_FDCWD, "/home/firstmate/.no-mistakes/worktrees/8352e211db7e/01M4F29HK4JCAKXEQ2F50R6HHX/.test-tmp/boundary/home/state/voice-conversation/policy.json", O_RDONLY|O_CLOEXEC) = 3
767948 openat(AT_FDCWD, "/home/firstmate/.no-mistakes/worktrees/8352e211db7e/01M4F29HK4JCAKXEQ2F50R6HHX/.test-tmp/boundary/home/state/voice-conversation/lock", O_WRONLY|O_CREAT|O_NOFOLLOW|O_CLOEXEC, 0600) = 3
767948 newfstatat(AT_FDCWD, "/home/firstmate/.no-mistakes/worktrees/8352e211db7e/01M4F29HK4JCAKXEQ2F50R6HHX/.test-tmp/boundary/home/state/voice-conversation/journal.json", {st_mode=S_IFREG|0600, st_size=2896, ...}, 0) = 0
767948 openat(AT_FDCWD, "/home/firstmate/.no-mistakes/worktrees/8352e211db7e/01M4F29HK4JCAKXEQ2F50R6HHX/.test-tmp/boundary/home/state/voice-conversation/journal.json", O_RDONLY|O_CLOEXEC) = 4
767948 openat(AT_FDCWD, "/home/firstmate/.no-mistakes/worktrees/8352e211db7e/01M4F29HK4JCAKXEQ2F50R6HHX/.test-tmp/boundary/home/state/inbox/", O_RDONLY|O_NONBLOCK|O_CLOEXEC|O_DIRECTORY) = 4
767948 openat(AT_FDCWD, "/home/firstmate/.no-mistakes/worktrees/8352e211db7e/01M4F29HK4JCAKXEQ2F50R6HHX/.test-tmp/boundary/home/state/inbox/handled/", O_RDONLY|O_NONBLOCK|O_CLOEXEC|O_DIRECTORY) = 4
767948 openat(AT_FDCWD, "/home/firstmate/.no-mistakes/worktrees/8352e211db7e/01M4F29HK4JCAKXEQ2F50R6HHX/.test-tmp/boundary/home/state/inbox/handled/vc-72fcee7d40e2626eb6bcb0284ad62c4465312ee139309aa2a4c12c917b8650a2.note", O_RDONLY|O_CLOEXEC) = 4
767948 newfstatat(AT_FDCWD, "/home/firstmate/.no-mistakes/worktrees/8352e211db7e/01M4F29HK4JCAKXEQ2F50R6HHX/.test-tmp/boundary/home/state/inbox/vc-72fcee7d40e2626eb6bcb0284ad62c4465312ee139309aa2a4c12c917b8650a2.note", 0x7ffc0c120750, 0) = -1 ENOENT (No such file or directory)
767948 newfstatat(AT_FDCWD, "/home/firstmate/.no-mistakes/worktrees/8352e211db7e/01M4F29HK4JCAKXEQ2F50R6HHX/.test-tmp/boundary/home/state/inbox/handled/vc-72fcee7d40e2626eb6bcb0284ad62c4465312ee139309aa2a4c12c917b8650a2.note", {st_mode=S_IFREG|0600, st_size=399, ...}, 0) = 0
767948 newfstatat(AT_FDCWD, "/home/firstmate/.no-mistakes/worktrees/8352e211db7e/01M4F29HK4JCAKXEQ2F50R6HHX/.test-tmp/boundary/home/state/inbox/vc-72fcee7d40e2626eb6bcb0284ad62c4465312ee139309aa2a4c12c917b8650a2.note", 0x7ffc0c120750, 0) = -1 ENOENT (No such file or directory)
767948 newfstatat(AT_FDCWD, "/home/firstmate/.no-mistakes/worktrees/8352e211db7e/01M4F29HK4JCAKXEQ2F50R6HHX/.test-tmp/boundary/home/state/inbox/vc-72fcee7d40e2626eb6bcb0284ad62c4465312ee139309aa2a4c12c917b8650a2.note", 0x7ffc0c120c10, 0) = -1 ENOENT (No such file or directory)
767948 openat(AT_FDCWD, "/home/firstmate/.no-mistakes/worktrees/8352e211db7e/01M4F29HK4JCAKXEQ2F50R6HHX/.test-tmp/boundary/home/state/inbox/handled/vc-72fcee7d40e2626eb6bcb0284ad62c4465312ee139309aa2a4c12c917b8650a2.note", O_RDONLY|O_CLOEXEC) = 4
767948 openat(AT_FDCWD, "/home/firstmate/.no-mistakes/worktrees/8352e211db7e/01M4F29HK4JCAKXEQ2F50R6HHX/.test-tmp/boundary/home/state/inbox/.vc-85b63a3369778e7c4339db9438ec0f532e7facc6fb3ce602eab0fc8983838dbd.note.3734a17a077d37eb", O_WRONLY|O_CREAT|O_EXCL|O_CLOEXEC, 0666) = 4
767948 rename("/home/firstmate/.no-mistakes/worktrees/8352e211db7e/01M4F29HK4JCAKXEQ2F50R6HHX/.test-tmp/boundary/home/state/inbox/.vc-85b63a3369778e7c4339db9438ec0f532e7facc6fb3ce602eab0fc8983838dbd.note.3734a17a077d37eb", "/home/firstmate/.no-mistakes/worktrees/8352e211db7e/01M4F29HK4JCAKXEQ2F50R6HHX/.test-tmp/boundary/home/state/inbox/vc-85b63a3369778e7c4339db9438ec0f532e7facc6fb3ce602eab0fc8983838dbd.note") = 0
767948 openat(AT_FDCWD, "/home/firstmate/.no-mistakes/worktrees/8352e211db7e/01M4F29HK4JCAKXEQ2F50R6HHX/.test-tmp/boundary/home/state/inbox", O_RDONLY|O_CLOEXEC) = 4
767948 unlink("/home/firstmate/.no-mistakes/worktrees/8352e211db7e/01M4F29HK4JCAKXEQ2F50R6HHX/.test-tmp/boundary/home/state/inbox/.vc-85b63a3369778e7c4339db9438ec0f532e7facc6fb3ce602eab0fc8983838dbd.note.3734a17a077d37eb") = -1 ENOENT (No such file or directory)
767948 openat(AT_FDCWD, "/home/firstmate/.no-mistakes/worktrees/8352e211db7e/01M4F29HK4JCAKXEQ2F50R6HHX/.test-tmp/boundary/home/state/inbox/", O_RDONLY|O_NONBLOCK|O_CLOEXEC|O_DIRECTORY) = 4
767948 openat(AT_FDCWD, "/home/firstmate/.no-mistakes/worktrees/8352e211db7e/01M4F29HK4JCAKXEQ2F50R6HHX/.test-tmp/boundary/home/state/inbox/vc-85b63a3369778e7c4339db9438ec0f532e7facc6fb3ce602eab0fc8983838dbd.note", O_RDONLY|O_CLOEXEC) = 4
767948 openat(AT_FDCWD, "/home/firstmate/.no-mistakes/worktrees/8352e211db7e/01M4F29HK4JCAKXEQ2F50R6HHX/.test-tmp/boundary/home/state/inbox/handled/", O_RDONLY|O_NONBLOCK|O_CLOEXEC|O_DIRECTORY) = 4
767948 openat(AT_FDCWD, "/home/firstmate/.no-mistakes/worktrees/8352e211db7e/01M4F29HK4JCAKXEQ2F50R6HHX/.test-tmp/boundary/home/state/inbox/handled/vc-72fcee7d40e2626eb6bcb0284ad62c4465312ee139309aa2a4c12c917b8650a2.note", O_RDONLY|O_CLOEXEC) = 4
767948 openat(AT_FDCWD, "/home/firstmate/.no-mistakes/worktrees/8352e211db7e/01M4F29HK4JCAKXEQ2F50R6HHX/.test-tmp/boundary/home/state/voice-conversation/.journal.json.68e5ae83b427bf41", O_WRONLY|O_CREAT|O_EXCL|O_CLOEXEC, 0666) = 4
767948 rename("/home/firstmate/.no-mistakes/worktrees/8352e211db7e/01M4F29HK4JCAKXEQ2F50R6HHX/.test-tmp/boundary/home/state/voice-conversation/.journal.json.68e5ae83b427bf41", "/home/firstmate/.no-mistakes/worktrees/8352e211db7e/01M4F29HK4JCAKXEQ2F50R6HHX/.test-tmp/boundary/home/state/voice-conversation/journal.json") = 0
767948 openat(AT_FDCWD, "/home/firstmate/.no-mistakes/worktrees/8352e211db7e/01M4F29HK4JCAKXEQ2F50R6HHX/.test-tmp/boundary/home/state/voice-conversation", O_RDONLY|O_CLOEXEC) = 4
767948 unlink("/home/firstmate/.no-mistakes/worktrees/8352e211db7e/01M4F29HK4JCAKXEQ2F50R6HHX/.test-tmp/boundary/home/state/voice-conversation/.journal.json.68e5ae83b427bf41") = -1 ENOENT (No such file or directory)
767948 newfstatat(AT_FDCWD, "/home/firstmate/.no-mistakes/worktrees/8352e211db7e/01M4F29HK4JCAKXEQ2F50R6HHX/.test-tmp/boundary/home/state/inbox/vc-72fcee7d40e2626eb6bcb0284ad62c4465312ee139309aa2a4c12c917b8650a2.note", 0x7ffc0c120c10, 0) = -1 ENOENT (No such file or directory)
767948 newfstatat(AT_FDCWD, "/home/firstmate/.no-mistakes/worktrees/8352e211db7e/01M4F29HK4JCAKXEQ2F50R6HHX/.test-tmp/boundary/home/state/inbox/handled/vc-72fcee7d40e2626eb6bcb0284ad62c4465312ee139309aa2a4c12c917b8650a2.note", {st_mode=S_IFREG|0600, st_size=399, ...}, 0) = 0
767948 newfstatat(AT_FDCWD, "/home/firstmate/.no-mistakes/worktrees/8352e211db7e/01M4F29HK4JCAKXEQ2F50R6HHX/.test-tmp/boundary/home/state/inbox/vc-72fcee7d40e2626eb6bcb0284ad62c4465312ee139309aa2a4c12c917b8650a2.note", 0x7ffc0c120c10, 0) = -1 ENOENT (No such file or directory)
767948 newfstatat(AT_FDCWD, "/home/firstmate/.no-mistakes/worktrees/8352e211db7e/01M4F29HK4JCAKXEQ2F50R6HHX/.test-tmp/boundary/home/state/inbox/vc-85b63a3369778e7c4339db9438ec0f532e7facc6fb3ce602eab0fc8983838dbd.note", {st_mode=S_IFREG|0600, st_size=419, ...}, 0) = 0
767948 newfstatat(AT_FDCWD, "/home/firstmate/.no-mistakes/worktrees/8352e211db7e/01M4F29HK4JCAKXEQ2F50R6HHX/.test-tmp/boundary/home/state/inbox/vc-85b63a3369778e7c4339db9438ec0f532e7facc6fb3ce602eab0fc8983838dbd.note", {st_mode=S_IFREG|0600, st_size=419, ...}, 0) = 0
767948 openat(AT_FDCWD, "/dev/null", O_RDWR|O_CLOEXEC) = 4
768163 execve("/home/firstmate/.local/codex-latest/lib/node_modules/@openai/codex/node_modules/@openai/codex-linux-x64/vendor/x86_64-unknown-linux-musl/codex-path/bash", ["bash", "-c", ". \"$1\"; fm_wake_append check \"in"..., "voice-wake", "/home/firstmate/.no-mistakes/wor"..., "vc-85b63a3369778e7c4339db9438ec0"...], 0x70d69859c170 /* 8 vars */) = -1 ENOENT (No such file or directory)
768163 execve("/home/firstmate/.codex-5/tmp/arg0/codex-arg065EgpK/bash", ["bash", "-c", ". \"$1\"; fm_wake_append check \"in"..., "voice-wake", "/home/firstmate/.no-mistakes/wor"..., "vc-85b63a3369778e7c4339db9438ec0"...], 0x70d69859c170 /* 8 vars */) = -1 ENOENT (No such file or directory)
768163 execve("/home/firstmate/.local/codex-latest/lib/node_modules/@openai/codex/node_modules/@openai/codex-linux-x64/vendor/x86_64-unknown-linux-musl/codex-path/bash", ["bash", "-c", ". \"$1\"; fm_wake_append check \"in"..., "voice-wake", "/home/firstmate/.no-mistakes/wor"..., "vc-85b63a3369778e7c4339db9438ec0"...], 0x70d69859c170 /* 8 vars */) = -1 ENOENT (No such file or directory)
768163 execve("/home/firstmate/.local/bin/bash", ["bash", "-c", ". \"$1\"; fm_wake_append check \"in"..., "voice-wake", "/home/firstmate/.no-mistakes/wor"..., "vc-85b63a3369778e7c4339db9438ec0"...], 0x70d69859c170 /* 8 vars */) = -1 ENOENT (No such file or directory)
768163 execve("/home/firstmate/go/bin/bash", ["bash", "-c", ". \"$1\"; fm_wake_append check \"in"..., "voice-wake", "/home/firstmate/.no-mistakes/wor"..., "vc-85b63a3369778e7c4339db9438ec0"...], 0x70d69859c170 /* 8 vars */) = -1 ENOENT (No such file or directory)
768163 execve("/home/firstmate/.cargo/bin/bash", ["bash", "-c", ". \"$1\"; fm_wake_append check \"in"..., "voice-wake", "/home/firstmate/.no-mistakes/wor"..., "vc-85b63a3369778e7c4339db9438ec0"...], 0x70d69859c170 /* 8 vars */) = -1 ENOENT (No such file or directory)
768163 execve("/home/firstmate/bin/bash", ["bash", "-c", ". \"$1\"; fm_wake_append check \"in"..., "voice-wake", "/home/firstmate/.no-mistakes/wor"..., "vc-85b63a3369778e7c4339db9438ec0"...], 0x70d69859c170 /* 8 vars */) = -1 ENOENT (No such file or directory)
768163 execve("/opt/homebrew/bin/bash", ["bash", "-c", ". \"$1\"; fm_wake_append check \"in"..., "voice-wake", "/home/firstmate/.no-mistakes/wor"..., "vc-85b63a3369778e7c4339db9438ec0"...], 0x70d69859c170 /* 8 vars */) = -1 ENOENT (No such file or directory)
768163 execve("/opt/homebrew/sbin/bash", ["bash", "-c", ". \"$1\"; fm_wake_append check \"in"..., "voice-wake", "/home/firstmate/.no-mistakes/wor"..., "vc-85b63a3369778e7c4339db9438ec0"...], 0x70d69859c170 /* 8 vars */) = -1 ENOENT (No such file or directory)
768163 execve("/usr/local/bin/bash", ["bash", "-c", ". \"$1\"; fm_wake_append check \"in"..., "voice-wake", "/home/firstmate/.no-mistakes/wor"..., "vc-85b63a3369778e7c4339db9438ec0"...], 0x70d69859c170 /* 8 vars */) = -1 ENOENT (No such file or directory)
768163 execve("/usr/local/sbin/bash", ["bash", "-c", ". \"$1\"; fm_wake_append check \"in"..., "voice-wake", "/home/firstmate/.no-mistakes/wor"..., "vc-85b63a3369778e7c4339db9438ec0"...], 0x70d69859c170 /* 8 vars */) = -1 ENOENT (No such file or directory)
768163 execve("/usr/bin/bash", ["bash", "-c", ". \"$1\"; fm_wake_append check \"in"..., "voice-wake", "/home/firstmate/.no-mistakes/wor"..., "vc-85b63a3369778e7c4339db9438ec0"...], 0x70d69859c170 /* 8 vars */) = 0
768163 access("/etc/ld.so.preload", R_OK) = -1 ENOENT (No such file or directory)
768163 openat(AT_FDCWD, "/etc/ld.so.cache", O_RDONLY|O_CLOEXEC) = 3
768163 openat(AT_FDCWD, "/usr/lib/x86_64-linux-gnu/libtinfo.so.6", O_RDONLY|O_CLOEXEC) = 3
768163 openat(AT_FDCWD, "/usr/lib/x86_64-linux-gnu/libc.so.6", O_RDONLY|O_CLOEXEC) = 3
768163 openat(AT_FDCWD, "/dev/tty", O_RDWR|O_NONBLOCK) = -1 ENXIO (No such device or address)
768163 openat(AT_FDCWD, "/usr/lib/locale/locale-archive", O_RDONLY|O_CLOEXEC) = 3
768163 openat(AT_FDCWD, "/usr/share/locale/locale.alias", O_RDONLY|O_CLOEXEC) = -1 ENOENT (No such file or directory)
768163 openat(AT_FDCWD, "/usr/lib/locale/C.UTF-8/LC_IDENTIFICATION", O_RDONLY|O_CLOEXEC) = -1 ENOENT (No such file or directory)
768163 openat(AT_FDCWD, "/usr/lib/locale/C.utf8/LC_IDENTIFICATION", O_RDONLY|O_CLOEXEC) = 3
768163 openat(AT_FDCWD, "/usr/lib/x86_64-linux-gnu/gconv/gconv-modules.cache", O_RDONLY|O_CLOEXEC) = 3
768163 openat(AT_FDCWD, "/usr/lib/locale/C.UTF-8/LC_MEASUREMENT", O_RDONLY|O_CLOEXEC) = -1 ENOENT (No such file or directory)
768163 openat(AT_FDCWD, "/usr/lib/locale/C.utf8/LC_MEASUREMENT", O_RDONLY|O_CLOEXEC) = 3
768163 openat(AT_FDCWD, "/usr/lib/locale/C.UTF-8/LC_TELEPHONE", O_RDONLY|O_CLOEXEC) = -1 ENOENT (No such file or directory)
768163 openat(AT_FDCWD, "/usr/lib/locale/C.utf8/LC_TELEPHONE", O_RDONLY|O_CLOEXEC) = 3
768163 openat(AT_FDCWD, "/usr/lib/locale/C.UTF-8/LC_ADDRESS", O_RDONLY|O_CLOEXEC) = -1 ENOENT (No such file or directory)
768163 openat(AT_FDCWD, "/usr/lib/locale/C.utf8/LC_ADDRESS", O_RDONLY|O_CLOEXEC) = 3
768163 openat(AT_FDCWD, "/usr/lib/locale/C.UTF-8/LC_NAME", O_RDONLY|O_CLOEXEC) = -1 ENOENT (No such file or directory)
768163 openat(AT_FDCWD, "/usr/lib/locale/C.utf8/LC_NAME", O_RDONLY|O_CLOEXEC) = 3
768163 openat(AT_FDCWD, "/usr/lib/locale/C.UTF-8/LC_PAPER", O_RDONLY|O_CLOEXEC) = -1 ENOENT (No such file or directory)
768163 openat(AT_FDCWD, "/usr/lib/locale/C.utf8/LC_PAPER", O_RDONLY|O_CLOEXEC) = 3
768163 openat(AT_FDCWD, "/usr/lib/locale/C.UTF-8/LC_MESSAGES", O_RDONLY|O_CLOEXEC) = -1 ENOENT (No such file or directory)
768163 openat(AT_FDCWD, "/usr/lib/locale/C.utf8/LC_MESSAGES", O_RDONLY|O_CLOEXEC) = 3
768163 openat(AT_FDCWD, "/usr/lib/locale/C.utf8/LC_MESSAGES/SYS_LC_MESSAGES", O_RDONLY|O_CLOEXEC) = 3
768163 openat(AT_FDCWD, "/usr/lib/locale/C.UTF-8/LC_MONETARY", O_RDONLY|O_CLOEXEC) = -1 ENOENT (No such file or directory)
768163 openat(AT_FDCWD, "/usr/lib/locale/C.utf8/LC_MONETARY", O_RDONLY|O_CLOEXEC) = 3
768163 openat(AT_FDCWD, "/usr/lib/locale/C.UTF-8/LC_COLLATE", O_RDONLY|O_CLOEXEC) = -1 ENOENT (No such file or directory)
768163 openat(AT_FDCWD, "/usr/lib/locale/C.utf8/LC_COLLATE", O_RDONLY|O_CLOEXEC) = 3
768163 openat(AT_FDCWD, "/usr/lib/locale/C.UTF-8/LC_TIME", O_RDONLY|O_CLOEXEC) = -1 ENOENT (No such file or directory)
768163 openat(AT_FDCWD, "/usr/lib/locale/C.utf8/LC_TIME", O_RDONLY|O_CLOEXEC) = 3
768163 openat(AT_FDCWD, "/usr/lib/locale/C.UTF-8/LC_NUMERIC", O_RDONLY|O_CLOEXEC) = -1 ENOENT (No such file or directory)
768163 openat(AT_FDCWD, "/usr/lib/locale/C.utf8/LC_NUMERIC", O_RDONLY|O_CLOEXEC) = 3
768163 openat(AT_FDCWD, "/usr/lib/locale/C.UTF-8/LC_CTYPE", O_RDONLY|O_CLOEXEC) = -1 ENOENT (No such file or directory)
768163 openat(AT_FDCWD, "/usr/lib/locale/C.utf8/LC_CTYPE", O_RDONLY|O_CLOEXEC) = 3
768163 newfstatat(AT_FDCWD, "/home/firstmate/.no-mistakes/worktrees/8352e211db7e/01M4F29HK4JCAKXEQ2F50R6HHX", {st_mode=S_IFDIR|0775, st_size=4096, ...}, 0) = 0
768163 newfstatat(AT_FDCWD, ".", {st_mode=S_IFDIR|0775, st_size=4096, ...}, 0) = 0
768163 newfstatat(AT_FDCWD, "/home", {st_mode=S_IFDIR|0755, st_size=4096, ...}, 0) = 0
768163 newfstatat(AT_FDCWD, "/home/firstmate", {st_mode=S_IFDIR|0750, st_size=16384, ...}, 0) = 0
768163 newfstatat(AT_FDCWD, "/home/firstmate/.no-mistakes", {st_mode=S_IFDIR|0755, st_size=4096, ...}, 0) = 0
768163 newfstatat(AT_FDCWD, "/home/firstmate/.no-mistakes/worktrees", {st_mode=S_IFDIR|0755, st_size=4096, ...}, 0) = 0
768163 newfstatat(AT_FDCWD, "/home/firstmate/.no-mistakes/worktrees/8352e211db7e", {st_mode=S_IFDIR|0775, st_size=4096, ...}, 0) = 0
768163 newfstatat(AT_FDCWD, "/home/firstmate/.no-mistakes/worktrees/8352e211db7e/01M4F29HK4JCAKXEQ2F50R6HHX", {st_mode=S_IFDIR|0775, st_size=4096, ...}, 0) = 0
768163 newfstatat(AT_FDCWD, ".", {st_mode=S_IFDIR|0775, st_size=4096, ...}, 0) = 0
768163 newfstatat(AT_FDCWD, "/home/firstmate/.local/codex-latest/lib/node_modules/@openai/codex/node_modules/@openai/codex-linux-x64/vendor/x86_64-unknown-linux-musl/codex-path/bash", 0x7fff4bcf1970, 0) = -1 ENOENT (No such file or directory)
768163 newfstatat(AT_FDCWD, "/home/firstmate/.codex-5/tmp/arg0/codex-arg065EgpK/bash", 0x7fff4bcf1970, 0) = -1 ENOENT (No such file or directory)
768163 newfstatat(AT_FDCWD, "/home/firstmate/.local/codex-latest/lib/node_modules/@openai/codex/node_modules/@openai/codex-linux-x64/vendor/x86_64-unknown-linux-musl/codex-path/bash", 0x7fff4bcf1970, 0) = -1 ENOENT (No such file or directory)
768163 newfstatat(AT_FDCWD, "/home/firstmate/.local/bin/bash", 0x7fff4bcf1970, 0) = -1 ENOENT (No such file or directory)
768163 newfstatat(AT_FDCWD, "/home/firstmate/go/bin/bash", 0x7fff4bcf1970, 0) = -1 ENOENT (No such file or directory)
768163 newfstatat(AT_FDCWD, "/home/firstmate/.cargo/bin/bash", 0x7fff4bcf1970, 0) = -1 ENOENT (No such file or directory)
768163 newfstatat(AT_FDCWD, "/home/firstmate/bin/bash", 0x7fff4bcf1970, 0) = -1 ENOENT (No such file or directory)
768163 newfstatat(AT_FDCWD, "/opt/homebrew/bin/bash", 0x7fff4bcf1970, 0) = -1 ENOENT (No such file or directory)
768163 newfstatat(AT_FDCWD, "/opt/homebrew/sbin/bash", 0x7fff4bcf1970, 0) = -1 ENOENT (No such file or directory)
768163 newfstatat(AT_FDCWD, "/usr/local/bin/bash", 0x7fff4bcf1970, 0) = -1 ENOENT (No such file or directory)
768163 newfstatat(AT_FDCWD, "/usr/local/sbin/bash", 0x7fff4bcf1970, 0) = -1 ENOENT (No such file or directory)
768163 newfstatat(AT_FDCWD, "/usr/bin/bash", {st_mode=S_IFREG|0755, st_size=1540520, ...}, 0) = 0
768163 newfstatat(AT_FDCWD, "/usr/bin/bash", {st_mode=S_IFREG|0755, st_size=1540520, ...}, 0) = 0
768163 access("/usr/bin/bash", X_OK)    = 0
768163 newfstatat(AT_FDCWD, "/usr/bin/bash", {st_mode=S_IFREG|0755, st_size=1540520, ...}, 0) = 0
768163 access("/usr/bin/bash", R_OK)    = 0
768163 newfstatat(AT_FDCWD, "/etc/nsswitch.conf", {st_mode=S_IFREG|0644, st_size=526, ...}, 0) = 0
768163 newfstatat(AT_FDCWD, "/", {st_mode=S_IFDIR|0755, st_size=4096, ...}, 0) = 0
768163 openat(AT_FDCWD, "/etc/nsswitch.conf", O_RDONLY|O_CLOEXEC) = 3
768163 openat(AT_FDCWD, "/etc/passwd", O_RDONLY|O_CLOEXEC) = 3
768163 openat(AT_FDCWD, "/home/firstmate/.no-mistakes/worktrees/8352e211db7e/01M4F29HK4JCAKXEQ2F50R6HHX/bin/fm-wake-lib.sh", O_RDONLY) = 3
768173 newfstatat(AT_FDCWD, ".", {st_mode=S_IFDIR|0775, st_size=4096, ...}, 0) = 0
768173 newfstatat(AT_FDCWD, "/home/firstmate/.local/codex-latest/lib/node_modules/@openai/codex/node_modules/@openai/codex-linux-x64/vendor/x86_64-unknown-linux-musl/codex-path/dirname", 0x7fff4bcefd30, 0) = -1 ENOENT (No such file or directory)
768173 newfstatat(AT_FDCWD, "/home/firstmate/.codex-5/tmp/arg0/codex-arg065EgpK/dirname", 0x7fff4bcefd30, 0) = -1 ENOENT (No such file or directory)
768173 newfstatat(AT_FDCWD, "/home/firstmate/.local/codex-latest/lib/node_modules/@openai/codex/node_modules/@openai/codex-linux-x64/vendor/x86_64-unknown-linux-musl/codex-path/dirname", 0x7fff4bcefd30, 0) = -1 ENOENT (No such file or directory)
768173 newfstatat(AT_FDCWD, "/home/firstmate/.local/bin/dirname", 0x7fff4bcefd30, 0) = -1 ENOENT (No such file or directory)
768173 newfstatat(AT_FDCWD, "/home/firstmate/go/bin/dirname", 0x7fff4bcefd30, 0) = -1 ENOENT (No such file or directory)
768173 newfstatat(AT_FDCWD, "/home/firstmate/.cargo/bin/dirname", 0x7fff4bcefd30, 0) = -1 ENOENT (No such file or directory)
768173 newfstatat(AT_FDCWD, "/home/firstmate/bin/dirname", 0x7fff4bcefd30, 0) = -1 ENOENT (No such file or directory)
768173 newfstatat(AT_FDCWD, "/opt/homebrew/bin/dirname", 0x7fff4bcefd30, 0) = -1 ENOENT (No such file or directory)
768173 newfstatat(AT_FDCWD, "/opt/homebrew/sbin/dirname", 0x7fff4bcefd30, 0) = -1 ENOENT (No such file or directory)
768173 newfstatat(AT_FDCWD, "/usr/local/bin/dirname", 0x7fff4bcefd30, 0) = -1 ENOENT (No such file or directory)
768173 newfstatat(AT_FDCWD, "/usr/local/sbin/dirname", 0x7fff4bcefd30, 0) = -1 ENOENT (No such file or directory)
768173 newfstatat(AT_FDCWD, "/usr/bin/dirname", {st_mode=S_IFREG|0755, st_size=11352352, ...}, 0) = 0
768173 newfstatat(AT_FDCWD, "/usr/bin/dirname", {st_mode=S_IFREG|0755, st_size=11352352, ...}, 0) = 0
768173 access("/usr/bin/dirname", X_OK) = 0
768173 newfstatat(AT_FDCWD, "/usr/bin/dirname", {st_mode=S_IFREG|0755, st_size=11352352, ...}, 0) = 0
768173 access("/usr/bin/dirname", R_OK) = 0
768173 execve("/usr/bin/dirname", ["dirname", "/home/firstmate/.no-mistakes/wor"...], 0x5f8bc2b05b80 /* 9 vars */) = 0
768173 access("/etc/ld.so.preload", R_OK) = -1 ENOENT (No such file or directory)
768173 openat(AT_FDCWD, "/etc/ld.so.cache", O_RDONLY|O_CLOEXEC) = 3
768173 openat(AT_FDCWD, "/usr/lib/x86_64-linux-gnu/libselinux.so.1", O_RDONLY|O_CLOEXEC) = 3
768173 openat(AT_FDCWD, "/usr/lib/x86_64-linux-gnu/libgcc_s.so.1", O_RDONLY|O_CLOEXEC) = 3
768173 openat(AT_FDCWD, "/usr/lib/x86_64-linux-gnu/libm.so.6", O_RDONLY|O_CLOEXEC) = 3
768173 openat(AT_FDCWD, "/usr/lib/x86_64-linux-gnu/libc.so.6", O_RDONLY|O_CLOEXEC) = 3
768173 openat(AT_FDCWD, "/usr/lib/x86_64-linux-gnu/libpcre2-8.so.0", O_RDONLY|O_CLOEXEC) = 3
768173 statfs("/sys/fs/selinux", 0x7ffd6053b550) = -1 ENOENT (No such file or directory)
768173 statfs("/selinux", 0x7ffd6053b550) = -1 ENOENT (No such file or directory)
768173 openat(AT_FDCWD, "/proc/filesystems", O_RDONLY|O_CLOEXEC) = 3
768173 access("/etc/selinux/config", F_OK) = -1 ENOENT (No such file or directory)
768173 openat(AT_FDCWD, "/proc/self/maps", O_RDONLY|O_CLOEXEC) = 3
768173 statx(AT_FDCWD, "/usr/share/coreutils/locales/dirname", AT_STATX_SYNC_AS_STAT, STATX_ALL, {stx_mask=STATX_ALL|STATX_MNT_ID, stx_attributes=0, stx_mode=S_IFDIR|0755, stx_size=4096, ...}) = 0
768173 statx(AT_FDCWD, "/usr/share/coreutils/locales/uucore", AT_STATX_SYNC_AS_STAT, STATX_ALL, {stx_mask=STATX_ALL|STATX_MNT_ID, stx_attributes=0, stx_mode=S_IFDIR|0755, stx_size=4096, ...}) = 0
768173 openat(AT_FDCWD, "/usr/share/coreutils/locales/uucore/en-US.ftl", O_RDONLY|O_CLOEXEC) = 3
768173 statx(3, "", AT_STATX_SYNC_AS_STAT|AT_EMPTY_PATH, STATX_ALL, {stx_mask=STATX_ALL|STATX_MNT_ID, stx_attributes=0, stx_mode=S_IFREG|0644, stx_size=4080, ...}) = 0
768173 statx(AT_FDCWD, "/usr/share/coreutils/locales/dirname", AT_STATX_SYNC_AS_STAT, STATX_ALL, {stx_mask=STATX_ALL|STATX_MNT_ID, stx_attributes=0, stx_mode=S_IFDIR|0755, stx_size=4096, ...}) = 0
768173 openat(AT_FDCWD, "/usr/share/coreutils/locales/dirname/en-US.ftl", O_RDONLY|O_CLOEXEC) = -1 ENOENT (No such file or directory)
768173 +++ exited with 0 +++
768172 --- SIGCHLD {si_signo=SIGCHLD, si_code=CLD_EXITED, si_pid=768173, si_uid=0, si_status=0, si_utime=0, si_stime=1 /* 0.01 s */} ---
768172 newfstatat(AT_FDCWD, "/home", {st_mode=S_IFDIR|0755, st_size=4096, ...}, 0) = 0
768172 newfstatat(AT_FDCWD, "/home/firstmate", {st_mode=S_IFDIR|0750, st_size=16384, ...}, 0) = 0
768172 newfstatat(AT_FDCWD, "/home/firstmate/.no-mistakes", {st_mode=S_IFDIR|0755, st_size=4096, ...}, 0) = 0
768172 newfstatat(AT_FDCWD, "/home/firstmate/.no-mistakes/worktrees", {st_mode=S_IFDIR|0755, st_size=4096, ...}, 0) = 0
768172 newfstatat(AT_FDCWD, "/home/firstmate/.no-mistakes/worktrees/8352e211db7e", {st_mode=S_IFDIR|0775, st_size=4096, ...}, 0) = 0
768172 newfstatat(AT_FDCWD, "/home/firstmate/.no-mistakes/worktrees/8352e211db7e/01M4F29HK4JCAKXEQ2F50R6HHX", {st_mode=S_IFDIR|0775, st_size=4096, ...}, 0) = 0
768172 newfstatat(AT_FDCWD, "/home/firstmate/.no-mistakes/worktrees/8352e211db7e/01M4F29HK4JCAKXEQ2F50R6HHX/bin", {st_mode=S_IFDIR|0775, st_size=12288, ...}, 0) = 0
768172 chdir("/home/firstmate/.no-mistakes/worktrees/8352e211db7e/01M4F29HK4JCAKXEQ2F50R6HHX/bin") = 0
768172 +++ exited with 0 +++
768163 --- SIGCHLD {si_signo=SIGCHLD, si_code=CLD_EXITED, si_pid=768172, si_uid=0, si_status=0, si_utime=0, si_stime=0} ---
768184 newfstatat(AT_FDCWD, "/home", {st_mode=S_IFDIR|0755, st_size=4096, ...}, 0) = 0
768184 newfstatat(AT_FDCWD, "/home/firstmate", {st_mode=S_IFDIR|0750, st_size=16384, ...}, 0) = 0
768184 newfstatat(AT_FDCWD, "/home/firstmate/.no-mistakes", {st_mode=S_IFDIR|0755, st_size=4096, ...}, 0) = 0
768184 newfstatat(AT_FDCWD, "/home/firstmate/.no-mistakes/worktrees", {st_mode=S_IFDIR|0755, st_size=4096, ...}, 0) = 0
768184 newfstatat(AT_FDCWD, "/home/firstmate/.no-mistakes/worktrees/8352e211db7e", {st_mode=S_IFDIR|0775, st_size=4096, ...}, 0) = 0
768184 newfstatat(AT_FDCWD, "/home/firstmate/.no-mistakes/worktrees/8352e211db7e/01M4F29HK4JCAKXEQ2F50R6HHX", {st_mode=S_IFDIR|0775, st_size=4096, ...}, 0) = 0
768184 newfstatat(AT_FDCWD, "/home/firstmate/.no-mistakes/worktrees/8352e211db7e/01M4F29HK4JCAKXEQ2F50R6HHX/bin", {st_mode=S_IFDIR|0775, st_size=12288, ...}, 0) = 0
768184 newfstatat(AT_FDCWD, "/home/firstmate/.no-mistakes/worktrees/8352e211db7e/01M4F29HK4JCAKXEQ2F50R6HHX/bin", {st_mode=S_IFDIR|0775, st_size=12288, ...}, 0) = 0
768184 chdir("/home/firstmate/.no-mistakes/worktrees/8352e211db7e/01M4F29HK4JCAKXEQ2F50R6HHX") = 0
768184 +++ exited with 0 +++
768163 --- SIGCHLD {si_signo=SIGCHLD, si_code=CLD_EXITED, si_pid=768184, si_uid=0, si_status=0, si_utime=0, si_stime=0} ---
768187 newfstatat(AT_FDCWD, ".", {st_mode=S_IFDIR|0775, st_size=4096, ...}, 0) = 0
768187 newfstatat(AT_FDCWD, "/home/firstmate/.local/codex-latest/lib/node_modules/@openai/codex/node_modules/@openai/codex-linux-x64/vendor/x86_64-unknown-linux-musl/codex-path/uname", 0x7fff4bcf0740, 0) = -1 ENOENT (No such file or directory)
768187 newfstatat(AT_FDCWD, "/home/firstmate/.codex-5/tmp/arg0/codex-arg065EgpK/uname", 0x7fff4bcf0740, 0) = -1 ENOENT (No such file or directory)
768187 newfstatat(AT_FDCWD, "/home/firstmate/.local/codex-latest/lib/node_modules/@openai/codex/node_modules/@openai/codex-linux-x64/vendor/x86_64-unknown-linux-musl/codex-path/uname", 0x7fff4bcf0740, 0) = -1 ENOENT (No such file or directory)
768187 newfstatat(AT_FDCWD, "/home/firstmate/.local/bin/uname", 0x7fff4bcf0740, 0) = -1 ENOENT (No such file or directory)
768187 newfstatat(AT_FDCWD, "/home/firstmate/go/bin/uname", 0x7fff4bcf0740, 0) = -1 ENOENT (No such file or directory)
768187 newfstatat(AT_FDCWD, "/home/firstmate/.cargo/bin/uname", 0x7fff4bcf0740, 0) = -1 ENOENT (No such file or directory)
768187 newfstatat(AT_FDCWD, "/home/firstmate/bin/uname", 0x7fff4bcf0740, 0) = -1 ENOENT (No such file or directory)
768187 newfstatat(AT_FDCWD, "/opt/homebrew/bin/uname", 0x7fff4bcf0740, 0) = -1 ENOENT (No such file or directory)
768187 newfstatat(AT_FDCWD, "/opt/homebrew/sbin/uname", 0x7fff4bcf0740, 0) = -1 ENOENT (No such file or directory)
768187 newfstatat(AT_FDCWD, "/usr/local/bin/uname", 0x7fff4bcf0740, 0) = -1 ENOENT (No such file or directory)
768187 newfstatat(AT_FDCWD, "/usr/local/sbin/uname", 0x7fff4bcf0740, 0) = -1 ENOENT (No such file or directory)
768187 newfstatat(AT_FDCWD, "/usr/bin/uname", {st_mode=S_IFREG|0755, st_size=11352352, ...}, 0) = 0
768187 newfstatat(AT_FDCWD, "/usr/bin/uname", {st_mode=S_IFREG|0755, st_size=11352352, ...}, 0) = 0
768187 access("/usr/bin/uname", X_OK)   = 0
768187 newfstatat(AT_FDCWD, "/usr/bin/uname", {st_mode=S_IFREG|0755, st_size=11352352, ...}, 0) = 0
768187 access("/usr/bin/uname", R_OK)   = 0
768191 openat(AT_FDCWD, "/dev/null", O_WRONLY|O_CREAT|O_TRUNC, 0666) = 3
768191 execve("/usr/bin/uname", ["uname"], 0x5f8bc2b08d10 /* 9 vars */) = 0
768191 access("/etc/ld.so.preload", R_OK) = -1 ENOENT (No such file or directory)
768191 openat(AT_FDCWD, "/etc/ld.so.cache", O_RDONLY|O_CLOEXEC) = 3
768191 openat(AT_FDCWD, "/usr/lib/x86_64-linux-gnu/libselinux.so.1", O_RDONLY|O_CLOEXEC) = 3
768191 openat(AT_FDCWD, "/usr/lib/x86_64-linux-gnu/libgcc_s.so.1", O_RDONLY|O_CLOEXEC) = 3
768191 openat(AT_FDCWD, "/usr/lib/x86_64-linux-gnu/libm.so.6", O_RDONLY|O_CLOEXEC) = 3
768191 openat(AT_FDCWD, "/usr/lib/x86_64-linux-gnu/libc.so.6", O_RDONLY|O_CLOEXEC) = 3
768191 openat(AT_FDCWD, "/usr/lib/x86_64-linux-gnu/libpcre2-8.so.0", O_RDONLY|O_CLOEXEC) = 3
768191 statfs("/sys/fs/selinux", 0x7ffd9a6f2530) = -1 ENOENT (No such file or directory)
768191 statfs("/selinux", 0x7ffd9a6f2530) = -1 ENOENT (No such file or directory)
768191 openat(AT_FDCWD, "/proc/filesystems", O_RDONLY|O_CLOEXEC) = 3
768191 access("/etc/selinux/config", F_OK) = -1 ENOENT (No such file or directory)
768191 openat(AT_FDCWD, "/proc/self/maps", O_RDONLY|O_CLOEXEC) = 3
768191 statx(AT_FDCWD, "/usr/share/coreutils/locales/uname", AT_STATX_SYNC_AS_STAT, STATX_ALL, {stx_mask=STATX_ALL|STATX_MNT_ID, stx_attributes=0, stx_mode=S_IFDIR|0755, stx_size=4096, ...}) = 0
768191 statx(AT_FDCWD, "/usr/share/coreutils/locales/uucore", AT_STATX_SYNC_AS_STAT, STATX_ALL, {stx_mask=STATX_ALL|STATX_MNT_ID, stx_attributes=0, stx_mode=S_IFDIR|0755, stx_size=4096, ...}) = 0
768191 openat(AT_FDCWD, "/usr/share/coreutils/locales/uucore/en-US.ftl", O_RDONLY|O_CLOEXEC) = 3
768191 statx(3, "", AT_STATX_SYNC_AS_STAT|AT_EMPTY_PATH, STATX_ALL, {stx_mask=STATX_ALL|STATX_MNT_ID, stx_attributes=0, stx_mode=S_IFREG|0644, stx_size=4080, ...}) = 0
768191 statx(AT_FDCWD, "/usr/share/coreutils/locales/uname", AT_STATX_SYNC_AS_STAT, STATX_ALL, {stx_mask=STATX_ALL|STATX_MNT_ID, stx_attributes=0, stx_mode=S_IFDIR|0755, stx_size=4096, ...}) = 0
768191 openat(AT_FDCWD, "/usr/share/coreutils/locales/uname/en-US.ftl", O_RDONLY|O_CLOEXEC) = -1 ENOENT (No such file or directory)
768191 +++ exited with 0 +++
768187 --- SIGCHLD {si_signo=SIGCHLD, si_code=CLD_EXITED, si_pid=768191, si_uid=0, si_status=0, si_utime=0, si_stime=0} ---
768187 +++ exited with 0 +++
768163 --- SIGCHLD {si_signo=SIGCHLD, si_code=CLD_EXITED, si_pid=768187, si_uid=0, si_status=0, si_utime=0, si_stime=0} ---
768163 newfstatat(AT_FDCWD, ".", {st_mode=S_IFDIR|0775, st_size=4096, ...}, 0) = 0
768163 newfstatat(AT_FDCWD, "/home/firstmate/.local/codex-latest/lib/node_modules/@openai/codex/node_modules/@openai/codex-linux-x64/vendor/x86_64-unknown-linux-musl/codex-path/mkdir", 0x7fff4bcf1050, 0) = -1 ENOENT (No such file or directory)
768163 newfstatat(AT_FDCWD, "/home/firstmate/.codex-5/tmp/arg0/codex-arg065EgpK/mkdir", 0x7fff4bcf1050, 0) = -1 ENOENT (No such file or directory)
768163 newfstatat(AT_FDCWD, "/home/firstmate/.local/codex-latest/lib/node_modules/@openai/codex/node_modules/@openai/codex-linux-x64/vendor/x86_64-unknown-linux-musl/codex-path/mkdir", 0x7fff4bcf1050, 0) = -1 ENOENT (No such file or directory)
768163 newfstatat(AT_FDCWD, "/home/firstmate/.local/bin/mkdir", 0x7fff4bcf1050, 0) = -1 ENOENT (No such file or directory)
768163 newfstatat(AT_FDCWD, "/home/firstmate/go/bin/mkdir", 0x7fff4bcf1050, 0) = -1 ENOENT (No such file or directory)
768163 newfstatat(AT_FDCWD, "/home/firstmate/.cargo/bin/mkdir", 0x7fff4bcf1050, 0) = -1 ENOENT (No such file or directory)
768163 newfstatat(AT_FDCWD, "/home/firstmate/bin/mkdir", 0x7fff4bcf1050, 0) = -1 ENOENT (No such file or directory)
768163 newfstatat(AT_FDCWD, "/opt/homebrew/bin/mkdir", 0x7fff4bcf1050, 0) = -1 ENOENT (No such file or directory)
768163 newfstatat(AT_FDCWD, "/opt/homebrew/sbin/mkdir", 0x7fff4bcf1050, 0) = -1 ENOENT (No such file or directory)
768163 newfstatat(AT_FDCWD, "/usr/local/bin/mkdir", 0x7fff4bcf1050, 0) = -1 ENOENT (No such file or directory)
768163 newfstatat(AT_FDCWD, "/usr/local/sbin/mkdir", 0x7fff4bcf1050, 0) = -1 ENOENT (No such file or directory)
768163 newfstatat(AT_FDCWD, "/usr/bin/mkdir", {st_mode=S_IFREG|0755, st_size=11352352, ...}, 0) = 0
768163 newfstatat(AT_FDCWD, "/usr/bin/mkdir", {st_mode=S_IFREG|0755, st_size=11352352, ...}, 0) = 0
768163 access("/usr/bin/mkdir", X_OK)   = 0
768163 newfstatat(AT_FDCWD, "/usr/bin/mkdir", {st_mode=S_IFREG|0755, st_size=11352352, ...}, 0) = 0
768163 access("/usr/bin/mkdir", R_OK)   = 0
768198 execve("/usr/bin/mkdir", ["mkdir", "-p", "/home/firstmate/.no-mistakes/wor"...], 0x5f8bc2b08d10 /* 9 vars */) = 0
768198 access("/etc/ld.so.preload", R_OK) = -1 ENOENT (No such file or directory)
768198 openat(AT_FDCWD, "/etc/ld.so.cache", O_RDONLY|O_CLOEXEC) = 3
768198 openat(AT_FDCWD, "/usr/lib/x86_64-linux-gnu/libselinux.so.1", O_RDONLY|O_CLOEXEC) = 3
768198 openat(AT_FDCWD, "/usr/lib/x86_64-linux-gnu/libgcc_s.so.1", O_RDONLY|O_CLOEXEC) = 3
768198 openat(AT_FDCWD, "/usr/lib/x86_64-linux-gnu/libm.so.6", O_RDONLY|O_CLOEXEC) = 3
768198 openat(AT_FDCWD, "/usr/lib/x86_64-linux-gnu/libc.so.6", O_RDONLY|O_CLOEXEC) = 3
768198 openat(AT_FDCWD, "/usr/lib/x86_64-linux-gnu/libpcre2-8.so.0", O_RDONLY|O_CLOEXEC) = 3
768198 statfs("/sys/fs/selinux", 0x7ffe2d7d3700) = -1 ENOENT (No such file or directory)
768198 statfs("/selinux", 0x7ffe2d7d3700) = -1 ENOENT (No such file or directory)
768198 openat(AT_FDCWD, "/proc/filesystems", O_RDONLY|O_CLOEXEC) = 3
768198 access("/etc/selinux/config", F_OK) = -1 ENOENT (No such file or directory)
768198 openat(AT_FDCWD, "/proc/self/maps", O_RDONLY|O_CLOEXEC) = 3
768198 statx(AT_FDCWD, "/usr/share/coreutils/locales/mkdir", AT_STATX_SYNC_AS_STAT, STATX_ALL, {stx_mask=STATX_ALL|STATX_MNT_ID, stx_attributes=0, stx_mode=S_IFDIR|0755, stx_size=4096, ...}) = 0
768198 statx(AT_FDCWD, "/usr/share/coreutils/locales/uucore", AT_STATX_SYNC_AS_STAT, STATX_ALL, {stx_mask=STATX_ALL|STATX_MNT_ID, stx_attributes=0, stx_mode=S_IFDIR|0755, stx_size=4096, ...}) = 0
768198 openat(AT_FDCWD, "/usr/share/coreutils/locales/uucore/en-US.ftl", O_RDONLY|O_CLOEXEC) = 3
768198 statx(3, "", AT_STATX_SYNC_AS_STAT|AT_EMPTY_PATH, STATX_ALL, {stx_mask=STATX_ALL|STATX_MNT_ID, stx_attributes=0, stx_mode=S_IFREG|0644, stx_size=4080, ...}) = 0
768198 statx(AT_FDCWD, "/usr/share/coreutils/locales/mkdir", AT_STATX_SYNC_AS_STAT, STATX_ALL, {stx_mask=STATX_ALL|STATX_MNT_ID, stx_attributes=0, stx_mode=S_IFDIR|0755, stx_size=4096, ...}) = 0
768198 openat(AT_FDCWD, "/usr/share/coreutils/locales/mkdir/en-US.ftl", O_RDONLY|O_CLOEXEC) = -1 ENOENT (No such file or directory)
768198 statx(AT_FDCWD, "/home/firstmate/.no-mistakes/worktrees/8352e211db7e/01M4F29HK4JCAKXEQ2F50R6HHX/.test-tmp/boundary/home/state", AT_STATX_SYNC_AS_STAT, STATX_ALL, {stx_mask=STATX_ALL|STATX_MNT_ID, stx_attributes=0, stx_mode=S_IFDIR|0700, stx_size=4096, ...}) = 0
768198 statx(AT_FDCWD, "/", AT_STATX_SYNC_AS_STAT, STATX_ALL, {stx_mask=STATX_ALL|STATX_MNT_ID, stx_attributes=STATX_ATTR_MOUNT_ROOT, stx_mode=S_IFDIR|0755, stx_size=4096, ...}) = 0
768198 statx(AT_FDCWD, "/home", AT_STATX_SYNC_AS_STAT, STATX_ALL, {stx_mask=STATX_ALL|STATX_MNT_ID, stx_attributes=0, stx_mode=S_IFDIR|0755, stx_size=4096, ...}) = 0
768198 statx(AT_FDCWD, "/home/firstmate", AT_STATX_SYNC_AS_STAT, STATX_ALL, {stx_mask=STATX_ALL|STATX_MNT_ID, stx_attributes=0, stx_mode=S_IFDIR|0750, stx_size=16384, ...}) = 0
768198 statx(AT_FDCWD, "/home/firstmate/.no-mistakes", AT_STATX_SYNC_AS_STAT, STATX_ALL, {stx_mask=STATX_ALL|STATX_MNT_ID, stx_attributes=0, stx_mode=S_IFDIR|0755, stx_size=4096, ...}) = 0
768198 statx(AT_FDCWD, "/home/firstmate/.no-mistakes/worktrees", AT_STATX_SYNC_AS_STAT, STATX_ALL, {stx_mask=STATX_ALL|STATX_MNT_ID, stx_attributes=0, stx_mode=S_IFDIR|0755, stx_size=4096, ...}) = 0
768198 statx(AT_FDCWD, "/home/firstmate/.no-mistakes/worktrees/8352e211db7e", AT_STATX_SYNC_AS_STAT, STATX_ALL, {stx_mask=STATX_ALL|STATX_MNT_ID, stx_attributes=0, stx_mode=S_IFDIR|0775, stx_size=4096, ...}) = 0
768198 statx(AT_FDCWD, "/home/firstmate/.no-mistakes/worktrees/8352e211db7e/01M4F29HK4JCAKXEQ2F50R6HHX", AT_STATX_SYNC_AS_STAT, STATX_ALL, {stx_mask=STATX_ALL|STATX_MNT_ID, stx_attributes=0, stx_mode=S_IFDIR|0775, stx_size=4096, ...}) = 0
768198 statx(AT_FDCWD, "/home/firstmate/.no-mistakes/worktrees/8352e211db7e/01M4F29HK4JCAKXEQ2F50R6HHX/.test-tmp", AT_STATX_SYNC_AS_STAT, STATX_ALL, {stx_mask=STATX_ALL|STATX_MNT_ID, stx_attributes=0, stx_mode=S_IFDIR|0775, stx_size=4096, ...}) = 0
768198 statx(AT_FDCWD, "/home/firstmate/.no-mistakes/worktrees/8352e211db7e/01M4F29HK4JCAKXEQ2F50R6HHX/.test-tmp/boundary", AT_STATX_SYNC_AS_STAT, STATX_ALL, {stx_mask=STATX_ALL|STATX_MNT_ID, stx_attributes=0, stx_mode=S_IFDIR|0700, stx_size=4096, ...}) = 0
768198 statx(AT_FDCWD, "/home/firstmate/.no-mistakes/worktrees/8352e211db7e/01M4F29HK4JCAKXEQ2F50R6HHX/.test-tmp/boundary/home", AT_STATX_SYNC_AS_STAT, STATX_ALL, {stx_mask=STATX_ALL|STATX_MNT_ID, stx_attributes=STATX_ATTR_MOUNT_ROOT, stx_mode=S_IFDIR|0700, stx_size=4096, ...}) = 0
768198 statx(AT_FDCWD, "/home/firstmate/.no-mistakes/worktrees/8352e211db7e/01M4F29HK4JCAKXEQ2F50R6HHX/.test-tmp/boundary/home/state", AT_STATX_SYNC_AS_STAT, STATX_ALL, {stx_mask=STATX_ALL|STATX_MNT_ID, stx_attributes=0, stx_mode=S_IFDIR|0700, stx_size=4096, ...}) = 0
768198 mkdir("/home/firstmate/.no-mistakes/worktrees/8352e211db7e/01M4F29HK4JCAKXEQ2F50R6HHX/.test-tmp/boundary/home/state", 0700) = -1 EEXIST (File exists)
768198 statx(AT_FDCWD, "/home/firstmate/.no-mistakes/worktrees/8352e211db7e/01M4F29HK4JCAKXEQ2F50R6HHX/.test-tmp/boundary/home/state", AT_STATX_SYNC_AS_STAT, STATX_ALL, {stx_mask=STATX_ALL|STATX_MNT_ID, stx_attributes=0, stx_mode=S_IFDIR|0700, stx_size=4096, ...}) = 0
768198 +++ exited with 0 +++
768163 --- SIGCHLD {si_signo=SIGCHLD, si_code=CLD_EXITED, si_pid=768198, si_uid=0, si_status=0, si_utime=0, si_stime=0} ---
768224 newfstatat(AT_FDCWD, ".", {st_mode=S_IFDIR|0775, st_size=4096, ...}, 0) = 0
768224 newfstatat(AT_FDCWD, "/home/firstmate/.local/codex-latest/lib/node_modules/@openai/codex/node_modules/@openai/codex-linux-x64/vendor/x86_64-unknown-linux-musl/codex-path/dirname", 0x7fff4bceb3b0, 0) = -1 ENOENT (No such file or directory)
768224 newfstatat(AT_FDCWD, "/home/firstmate/.codex-5/tmp/arg0/codex-arg065EgpK/dirname", 0x7fff4bceb3b0, 0) = -1 ENOENT (No such file or directory)
768224 newfstatat(AT_FDCWD, "/home/firstmate/.local/codex-latest/lib/node_modules/@openai/codex/node_modules/@openai/codex-linux-x64/vendor/x86_64-unknown-linux-musl/codex-path/dirname", 0x7fff4bceb3b0, 0) = -1 ENOENT (No such file or directory)
768224 newfstatat(AT_FDCWD, "/home/firstmate/.local/bin/dirname", 0x7fff4bceb3b0, 0) = -1 ENOENT (No such file or directory)
768224 newfstatat(AT_FDCWD, "/home/firstmate/go/bin/dirname", 0x7fff4bceb3b0, 0) = -1 ENOENT (No such file or directory)
768224 newfstatat(AT_FDCWD, "/home/firstmate/.cargo/bin/dirname", 0x7fff4bceb3b0, 0) = -1 ENOENT (No such file or directory)
768224 newfstatat(AT_FDCWD, "/home/firstmate/bin/dirname", 0x7fff4bceb3b0, 0) = -1 ENOENT (No such file or directory)
768224 newfstatat(AT_FDCWD, "/opt/homebrew/bin/dirname", 0x7fff4bceb3b0, 0) = -1 ENOENT (No such file or directory)
768224 newfstatat(AT_FDCWD, "/opt/homebrew/sbin/dirname", 0x7fff4bceb3b0, 0) = -1 ENOENT (No such file or directory)
768224 newfstatat(AT_FDCWD, "/usr/local/bin/dirname", 0x7fff4bceb3b0, 0) = -1 ENOENT (No such file or directory)
768224 newfstatat(AT_FDCWD, "/usr/local/sbin/dirname", 0x7fff4bceb3b0, 0) = -1 ENOENT (No such file or directory)
768224 newfstatat(AT_FDCWD, "/usr/bin/dirname", {st_mode=S_IFREG|0755, st_size=11352352, ...}, 0) = 0
768224 newfstatat(AT_FDCWD, "/usr/bin/dirname", {st_mode=S_IFREG|0755, st_size=11352352, ...}, 0) = 0
768224 access("/usr/bin/dirname", X_OK) = 0
768224 newfstatat(AT_FDCWD, "/usr/bin/dirname", {st_mode=S_IFREG|0755, st_size=11352352, ...}, 0) = 0
768224 access("/usr/bin/dirname", R_OK) = 0
768224 execve("/usr/bin/dirname", ["dirname", "/home/firstmate/.no-mistakes/wor"...], 0x5f8bc2af8580 /* 9 vars */) = 0
768224 access("/etc/ld.so.preload", R_OK) = -1 ENOENT (No such file or directory)
768224 openat(AT_FDCWD, "/etc/ld.so.cache", O_RDONLY|O_CLOEXEC) = 3
768224 openat(AT_FDCWD, "/usr/lib/x86_64-linux-gnu/libselinux.so.1", O_RDONLY|O_CLOEXEC) = 3
768224 openat(AT_FDCWD, "/usr/lib/x86_64-linux-gnu/libgcc_s.so.1", O_RDONLY|O_CLOEXEC) = 3
768224 openat(AT_FDCWD, "/usr/lib/x86_64-linux-gnu/libm.so.6", O_RDONLY|O_CLOEXEC) = 3
768224 openat(AT_FDCWD, "/usr/lib/x86_64-linux-gnu/libc.so.6", O_RDONLY|O_CLOEXEC) = 3
768224 openat(AT_FDCWD, "/usr/lib/x86_64-linux-gnu/libpcre2-8.so.0", O_RDONLY|O_CLOEXEC) = 3
768224 statfs("/sys/fs/selinux", 0x7ffe4bcdab40) = -1 ENOENT (No such file or directory)
768224 statfs("/selinux", 0x7ffe4bcdab40) = -1 ENOENT (No such file or directory)
768224 openat(AT_FDCWD, "/proc/filesystems", O_RDONLY|O_CLOEXEC) = 3
768224 access("/etc/selinux/config", F_OK) = -1 ENOENT (No such file or directory)
768224 openat(AT_FDCWD, "/proc/self/maps", O_RDONLY|O_CLOEXEC) = 3
768224 statx(AT_FDCWD, "/usr/share/coreutils/locales/dirname", AT_STATX_SYNC_AS_STAT, STATX_ALL, {stx_mask=STATX_ALL|STATX_MNT_ID, stx_attributes=0, stx_mode=S_IFDIR|0755, stx_size=4096, ...}) = 0
768224 statx(AT_FDCWD, "/usr/share/coreutils/locales/uucore", AT_STATX_SYNC_AS_STAT, STATX_ALL, {stx_mask=STATX_ALL|STATX_MNT_ID, stx_attributes=0, stx_mode=S_IFDIR|0755, stx_size=4096, ...}) = 0
768224 openat(AT_FDCWD, "/usr/share/coreutils/locales/uucore/en-US.ftl", O_RDONLY|O_CLOEXEC) = 3
768224 statx(3, "", AT_STATX_SYNC_AS_STAT|AT_EMPTY_PATH, STATX_ALL, {stx_mask=STATX_ALL|STATX_MNT_ID, stx_attributes=0, stx_mode=S_IFREG|0644, stx_size=4080, ...}) = 0
768224 statx(AT_FDCWD, "/usr/share/coreutils/locales/dirname", AT_STATX_SYNC_AS_STAT, STATX_ALL, {stx_mask=STATX_ALL|STATX_MNT_ID, stx_attributes=0, stx_mode=S_IFDIR|0755, stx_size=4096, ...}) = 0
768224 openat(AT_FDCWD, "/usr/share/coreutils/locales/dirname/en-US.ftl", O_RDONLY|O_CLOEXEC) = -1 ENOENT (No such file or directory)
768224 +++ exited with 0 +++
768223 --- SIGCHLD {si_signo=SIGCHLD, si_code=CLD_EXITED, si_pid=768224, si_uid=0, si_status=0, si_utime=0, si_stime=1 /* 0.01 s */} ---
768243 newfstatat(AT_FDCWD, ".", {st_mode=S_IFDIR|0775, st_size=4096, ...}, 0) = 0
768243 newfstatat(AT_FDCWD, "/home/firstmate/.local/codex-latest/lib/node_modules/@openai/codex/node_modules/@openai/codex-linux-x64/vendor/x86_64-unknown-linux-musl/codex-path/basename", 0x7fff4bceb4b0, 0) = -1 ENOENT (No such file or directory)
768243 newfstatat(AT_FDCWD, "/home/firstmate/.codex-5/tmp/arg0/codex-arg065EgpK/basename", 0x7fff4bceb4b0, 0) = -1 ENOENT (No such file or directory)
768243 newfstatat(AT_FDCWD, "/home/firstmate/.local/codex-latest/lib/node_modules/@openai/codex/node_modules/@openai/codex-linux-x64/vendor/x86_64-unknown-linux-musl/codex-path/basename", 0x7fff4bceb4b0, 0) = -1 ENOENT (No such file or directory)
768243 newfstatat(AT_FDCWD, "/home/firstmate/.local/bin/basename", 0x7fff4bceb4b0, 0) = -1 ENOENT (No such file or directory)
768243 newfstatat(AT_FDCWD, "/home/firstmate/go/bin/basename", 0x7fff4bceb4b0, 0) = -1 ENOENT (No such file or directory)
768243 newfstatat(AT_FDCWD, "/home/firstmate/.cargo/bin/basename", 0x7fff4bceb4b0, 0) = -1 ENOENT (No such file or directory)
768243 newfstatat(AT_FDCWD, "/home/firstmate/bin/basename", 0x7fff4bceb4b0, 0) = -1 ENOENT (No such file or directory)
768243 newfstatat(AT_FDCWD, "/opt/homebrew/bin/basename", 0x7fff4bceb4b0, 0) = -1 ENOENT (No such file or directory)
768243 newfstatat(AT_FDCWD, "/opt/homebrew/sbin/basename", 0x7fff4bceb4b0, 0) = -1 ENOENT (No such file or directory)
768243 newfstatat(AT_FDCWD, "/usr/local/bin/basename", 0x7fff4bceb4b0, 0) = -1 ENOENT (No such file or directory)
768243 newfstatat(AT_FDCWD, "/usr/local/sbin/basename", 0x7fff4bceb4b0, 0) = -1 ENOENT (No such file or directory)
768243 newfstatat(AT_FDCWD, "/usr/bin/basename", {st_mode=S_IFREG|0755, st_size=11352352, ...}, 0) = 0
768243 newfstatat(AT_FDCWD, "/usr/bin/basename", {st_mode=S_IFREG|0755, st_size=11352352, ...}, 0) = 0
768243 access("/usr/bin/basename", X_OK) = 0
768243 newfstatat(AT_FDCWD, "/usr/bin/basename", {st_mode=S_IFREG|0755, st_size=11352352, ...}, 0) = 0
768243 access("/usr/bin/basename", R_OK) = 0
768243 execve("/usr/bin/basename", ["basename", "/home/firstmate/.no-mistakes/wor"...], 0x5f8bc2af8820 /* 9 vars */) = 0
768243 access("/etc/ld.so.preload", R_OK) = -1 ENOENT (No such file or directory)
768243 openat(AT_FDCWD, "/etc/ld.so.cache", O_RDONLY|O_CLOEXEC) = 3
768243 openat(AT_FDCWD, "/usr/lib/x86_64-linux-gnu/libselinux.so.1", O_RDONLY|O_CLOEXEC) = 3
768243 openat(AT_FDCWD, "/usr/lib/x86_64-linux-gnu/libgcc_s.so.1", O_RDONLY|O_CLOEXEC) = 3
768243 openat(AT_FDCWD, "/usr/lib/x86_64-linux-gnu/libm.so.6", O_RDONLY|O_CLOEXEC) = 3
768243 openat(AT_FDCWD, "/usr/lib/x86_64-linux-gnu/libc.so.6", O_RDONLY|O_CLOEXEC) = 3
768243 openat(AT_FDCWD, "/usr/lib/x86_64-linux-gnu/libpcre2-8.so.0", O_RDONLY|O_CLOEXEC) = 3
768243 statfs("/sys/fs/selinux", 0x7fff4bc24b90) = -1 ENOENT (No such file or directory)
768243 statfs("/selinux", 0x7fff4bc24b90) = -1 ENOENT (No such file or directory)
768243 openat(AT_FDCWD, "/proc/filesystems", O_RDONLY|O_CLOEXEC) = 3
768243 access("/etc/selinux/config", F_OK) = -1 ENOENT (No such file or directory)
768243 openat(AT_FDCWD, "/proc/self/maps", O_RDONLY|O_CLOEXEC) = 3
768243 statx(AT_FDCWD, "/usr/share/coreutils/locales/basename", AT_STATX_SYNC_AS_STAT, STATX_ALL, {stx_mask=STATX_ALL|STATX_MNT_ID, stx_attributes=0, stx_mode=S_IFDIR|0755, stx_size=4096, ...}) = 0
768243 statx(AT_FDCWD, "/usr/share/coreutils/locales/uucore", AT_STATX_SYNC_AS_STAT, STATX_ALL, {stx_mask=STATX_ALL|STATX_MNT_ID, stx_attributes=0, stx_mode=S_IFDIR|0755, stx_size=4096, ...}) = 0
768243 openat(AT_FDCWD, "/usr/share/coreutils/locales/uucore/en-US.ftl", O_RDONLY|O_CLOEXEC) = 3
768243 statx(3, "", AT_STATX_SYNC_AS_STAT|AT_EMPTY_PATH, STATX_ALL, {stx_mask=STATX_ALL|STATX_MNT_ID, stx_attributes=0, stx_mode=S_IFREG|0644, stx_size=4080, ...}) = 0
768243 statx(AT_FDCWD, "/usr/share/coreutils/locales/basename", AT_STATX_SYNC_AS_STAT, STATX_ALL, {stx_mask=STATX_ALL|STATX_MNT_ID, stx_attributes=0, stx_mode=S_IFDIR|0755, stx_size=4096, ...}) = 0
768243 openat(AT_FDCWD, "/usr/share/coreutils/locales/basename/en-US.ftl", O_RDONLY|O_CLOEXEC) = -1 ENOENT (No such file or directory)
768243 +++ exited with 0 +++
768223 --- SIGCHLD {si_signo=SIGCHLD, si_code=CLD_EXITED, si_pid=768243, si_uid=0, si_status=0, si_utime=0, si_stime=1 /* 0.01 s */} ---
768262 openat(AT_FDCWD, "/dev/null", O_WRONLY|O_CREAT|O_TRUNC, 0666) = 3
768262 newfstatat(AT_FDCWD, "/home", {st_mode=S_IFDIR|0755, st_size=4096, ...}, 0) = 0
768262 newfstatat(AT_FDCWD, "/home/firstmate", {st_mode=S_IFDIR|0750, st_size=16384, ...}, 0) = 0
768262 newfstatat(AT_FDCWD, "/home/firstmate/.no-mistakes", {st_mode=S_IFDIR|0755, st_size=4096, ...}, 0) = 0
768262 newfstatat(AT_FDCWD, "/home/firstmate/.no-mistakes/worktrees", {st_mode=S_IFDIR|0755, st_size=4096, ...}, 0) = 0
768262 newfstatat(AT_FDCWD, "/home/firstmate/.no-mistakes/worktrees/8352e211db7e", {st_mode=S_IFDIR|0775, st_size=4096, ...}, 0) = 0
768262 newfstatat(AT_FDCWD, "/home/firstmate/.no-mistakes/worktrees/8352e211db7e/01M4F29HK4JCAKXEQ2F50R6HHX", {st_mode=S_IFDIR|0775, st_size=4096, ...}, 0) = 0
768262 newfstatat(AT_FDCWD, "/home/firstmate/.no-mistakes/worktrees/8352e211db7e/01M4F29HK4JCAKXEQ2F50R6HHX/.test-tmp", {st_mode=S_IFDIR|0775, st_size=4096, ...}, 0) = 0
768262 newfstatat(AT_FDCWD, "/home/firstmate/.no-mistakes/worktrees/8352e211db7e/01M4F29HK4JCAKXEQ2F50R6HHX/.test-tmp/boundary", {st_mode=S_IFDIR|0700, st_size=4096, ...}, 0) = 0
768262 newfstatat(AT_FDCWD, "/home/firstmate/.no-mistakes/worktrees/8352e211db7e/01M4F29HK4JCAKXEQ2F50R6HHX/.test-tmp/boundary/home", {st_mode=S_IFDIR|0700, st_size=4096, ...}, 0) = 0
768262 newfstatat(AT_FDCWD, "/home/firstmate/.no-mistakes/worktrees/8352e211db7e/01M4F29HK4JCAKXEQ2F50R6HHX/.test-tmp/boundary/home/state", {st_mode=S_IFDIR|0700, st_size=4096, ...}, 0) = 0
768262 chdir("/home/firstmate/.no-mistakes/worktrees/8352e211db7e/01M4F29HK4JCAKXEQ2F50R6HHX/.test-tmp/boundary/home/state") = 0
768262 readlink("/home", 0x7fff4bce9650, 4096) = -1 EINVAL (Invalid argument)
768262 readlink("/home/firstmate", 0x7fff4bce9650, 4096) = -1 EINVAL (Invalid argument)
768262 readlink("/home/firstmate/.no-mistakes", 0x7fff4bce9650, 4096) = -1 EINVAL (Invalid argument)
768262 readlink("/home/firstmate/.no-mistakes/worktrees", 0x7fff4bce9650, 4096) = -1 EINVAL (Invalid argument)
768262 readlink("/home/firstmate/.no-mistakes/worktrees/8352e211db7e", 0x7fff4bce9650, 4096) = -1 EINVAL (Invalid argument)
768262 readlink("/home/firstmate/.no-mistakes/worktrees/8352e211db7e/01M4F29HK4JCAKXEQ2F50R6HHX", 0x7fff4bce9650, 4096) = -1 EINVAL (Invalid argument)
768262 readlink("/home/firstmate/.no-mistakes/worktrees/8352e211db7e/01M4F29HK4JCAKXEQ2F50R6HHX/.test-tmp", 0x7fff4bce9650, 4096) = -1 EINVAL (Invalid argument)
768262 readlink("/home/firstmate/.no-mistakes/worktrees/8352e211db7e/01M4F29HK4JCAKXEQ2F50R6HHX/.test-tmp/boundary", 0x7fff4bce9650, 4096) = -1 EINVAL (Invalid argument)
768262 readlink("/home/firstmate/.no-mistakes/worktrees/8352e211db7e/01M4F29HK4JCAKXEQ2F50R6HHX/.test-tmp/boundary/home", 0x7fff4bce9650, 4096) = -1 EINVAL (Invalid argument)
768262 readlink("/home/firstmate/.no-mistakes/worktrees/8352e211db7e/01M4F29HK4JCAKXEQ2F50R6HHX/.test-tmp/boundary/home/state", 0x7fff4bce9650, 4096) = -1 EINVAL (Invalid argument)
768262 +++ exited with 0 +++
768223 --- SIGCHLD {si_signo=SIGCHLD, si_code=CLD_EXITED, si_pid=768262, si_uid=0, si_status=0, si_utime=0, si_stime=0} ---
768223 +++ exited with 0 +++
768217 --- SIGCHLD {si_signo=SIGCHLD, si_code=CLD_EXITED, si_pid=768223, si_uid=0, si_status=0, si_utime=0, si_stime=0} ---
768217 newfstatat(AT_FDCWD, ".", {st_mode=S_IFDIR|0775, st_size=4096, ...}, 0) = 0
768217 newfstatat(AT_FDCWD, "/home/firstmate/.local/codex-latest/lib/node_modules/@openai/codex/node_modules/@openai/codex-linux-x64/vendor/x86_64-unknown-linux-musl/codex-path/mktemp", 0x7fff4bcecec0, 0) = -1 ENOENT (No such file or directory)
768217 newfstatat(AT_FDCWD, "/home/firstmate/.codex-5/tmp/arg0/codex-arg065EgpK/mktemp", 0x7fff4bcecec0, 0) = -1 ENOENT (No such file or directory)
768217 newfstatat(AT_FDCWD, "/home/firstmate/.local/codex-latest/lib/node_modules/@openai/codex/node_modules/@openai/codex-linux-x64/vendor/x86_64-unknown-linux-musl/codex-path/mktemp", 0x7fff4bcecec0, 0) = -1 ENOENT (No such file or directory)
768217 newfstatat(AT_FDCWD, "/home/firstmate/.local/bin/mktemp", 0x7fff4bcecec0, 0) = -1 ENOENT (No such file or directory)
768217 newfstatat(AT_FDCWD, "/home/firstmate/go/bin/mktemp", 0x7fff4bcecec0, 0) = -1 ENOENT (No such file or directory)
768217 newfstatat(AT_FDCWD, "/home/firstmate/.cargo/bin/mktemp", 0x7fff4bcecec0, 0) = -1 ENOENT (No such file or directory)
768217 newfstatat(AT_FDCWD, "/home/firstmate/bin/mktemp", 0x7fff4bcecec0, 0) = -1 ENOENT (No such file or directory)
768217 newfstatat(AT_FDCWD, "/opt/homebrew/bin/mktemp", 0x7fff4bcecec0, 0) = -1 ENOENT (No such file or directory)
768217 newfstatat(AT_FDCWD, "/opt/homebrew/sbin/mktemp", 0x7fff4bcecec0, 0) = -1 ENOENT (No such file or directory)
768217 newfstatat(AT_FDCWD, "/usr/local/bin/mktemp", 0x7fff4bcecec0, 0) = -1 ENOENT (No such file or directory)
768217 newfstatat(AT_FDCWD, "/usr/local/sbin/mktemp", 0x7fff4bcecec0, 0) = -1 ENOENT (No such file or directory)
768217 newfstatat(AT_FDCWD, "/usr/bin/mktemp", {st_mode=S_IFREG|0755, st_size=11352352, ...}, 0) = 0
768217 newfstatat(AT_FDCWD, "/usr/bin/mktemp", {st_mode=S_IFREG|0755, st_size=11352352, ...}, 0) = 0
768217 access("/usr/bin/mktemp", X_OK)  = 0
768217 newfstatat(AT_FDCWD, "/usr/bin/mktemp", {st_mode=S_IFREG|0755, st_size=11352352, ...}, 0) = 0
768217 access("/usr/bin/mktemp", R_OK)  = 0
768269 openat(AT_FDCWD, "/dev/null", O_WRONLY|O_CREAT|O_TRUNC, 0666) = 3
768269 execve("/usr/bin/mktemp", ["mktemp", "-d", "/home/firstmate/.no-mistakes/wor"...], 0x5f8bc2b08d10 /* 9 vars */) = 0
768269 access("/etc/ld.so.preload", R_OK) = -1 ENOENT (No such file or directory)
768269 openat(AT_FDCWD, "/etc/ld.so.cache", O_RDONLY|O_CLOEXEC) = 3
768269 openat(AT_FDCWD, "/usr/lib/x86_64-linux-gnu/libselinux.so.1", O_RDONLY|O_CLOEXEC) = 3
768269 openat(AT_FDCWD, "/usr/lib/x86_64-linux-gnu/libgcc_s.so.1", O_RDONLY|O_CLOEXEC) = 3
768269 openat(AT_FDCWD, "/usr/lib/x86_64-linux-gnu/libm.so.6", O_RDONLY|O_CLOEXEC) = 3
768269 openat(AT_FDCWD, "/usr/lib/x86_64-linux-gnu/libc.so.6", O_RDONLY|O_CLOEXEC) = 3
768269 openat(AT_FDCWD, "/usr/lib/x86_64-linux-gnu/libpcre2-8.so.0", O_RDONLY|O_CLOEXEC) = 3
768269 statfs("/sys/fs/selinux", 0x7ffe67660af0) = -1 ENOENT (No such file or directory)
768269 statfs("/selinux", 0x7ffe67660af0) = -1 ENOENT (No such file or directory)
768269 openat(AT_FDCWD, "/proc/filesystems", O_RDONLY|O_CLOEXEC) = 3
768269 access("/etc/selinux/config", F_OK) = -1 ENOENT (No such file or directory)
768269 openat(AT_FDCWD, "/proc/self/maps", O_RDONLY|O_CLOEXEC) = 3
768269 statx(AT_FDCWD, "/usr/share/coreutils/locales/mktemp", AT_STATX_SYNC_AS_STAT, STATX_ALL, {stx_mask=STATX_ALL|STATX_MNT_ID, stx_attributes=0, stx_mode=S_IFDIR|0755, stx_size=4096, ...}) = 0
768269 statx(AT_FDCWD, "/usr/share/coreutils/locales/uucore", AT_STATX_SYNC_AS_STAT, STATX_ALL, {stx_mask=STATX_ALL|STATX_MNT_ID, stx_attributes=0, stx_mode=S_IFDIR|0755, stx_size=4096, ...}) = 0
768269 openat(AT_FDCWD, "/usr/share/coreutils/locales/uucore/en-US.ftl", O_RDONLY|O_CLOEXEC) = 3
768269 statx(3, "", AT_STATX_SYNC_AS_STAT|AT_EMPTY_PATH, STATX_ALL, {stx_mask=STATX_ALL|STATX_MNT_ID, stx_attributes=0, stx_mode=S_IFREG|0644, stx_size=4080, ...}) = 0
768269 statx(AT_FDCWD, "/usr/share/coreutils/locales/mktemp", AT_STATX_SYNC_AS_STAT, STATX_ALL, {stx_mask=STATX_ALL|STATX_MNT_ID, stx_attributes=0, stx_mode=S_IFDIR|0755, stx_size=4096, ...}) = 0
768269 openat(AT_FDCWD, "/usr/share/coreutils/locales/mktemp/en-US.ftl", O_RDONLY|O_CLOEXEC) = -1 ENOENT (No such file or directory)
768269 mkdir("/home/firstmate/.no-mistakes/worktrees/8352e211db7e/01M4F29HK4JCAKXEQ2F50R6HHX/.test-tmp/boundary/home/state/.wake-queue.lock.owner.2bpUiw", 0700) = 0
768269 +++ exited with 0 +++
768217 --- SIGCHLD {si_signo=SIGCHLD, si_code=CLD_EXITED, si_pid=768269, si_uid=0, si_status=0, si_utime=0, si_stime=0} ---
768217 +++ exited with 0 +++
768163 --- SIGCHLD {si_signo=SIGCHLD, si_code=CLD_EXITED, si_pid=768217, si_uid=0, si_status=0, si_utime=0, si_stime=0} ---
768163 newfstatat(AT_FDCWD, "/home/firstmate/.no-mistakes/worktrees/8352e211db7e/01M4F29HK4JCAKXEQ2F50R6HHX/.test-tmp/boundary/home/state/.wake-queue.lock", 0x7fff4bcedee0, 0) = -1 ENOENT (No such file or directory)
768163 newfstatat(AT_FDCWD, "/home/firstmate/.no-mistakes/worktrees/8352e211db7e/01M4F29HK4JCAKXEQ2F50R6HHX/.test-tmp/boundary/home/state/.wake-queue.lock", 0x7fff4bcedee0, AT_SYMLINK_NOFOLLOW) = -1 ENOENT (No such file or directory)
768163 openat(AT_FDCWD, "/home/firstmate/.no-mistakes/worktrees/8352e211db7e/01M4F29HK4JCAKXEQ2F50R6HHX/.test-tmp/boundary/home/state/.wake-queue.lock.owner.2bpUiw/pid", O_WRONLY|O_CREAT|O_TRUNC, 0666) = 3
768163 openat(AT_FDCWD, "/dev/null", O_WRONLY|O_CREAT|O_TRUNC, 0666) = 3
768289 newfstatat(AT_FDCWD, ".", {st_mode=S_IFDIR|0775, st_size=4096, ...}, 0) = 0
768289 newfstatat(AT_FDCWD, "/home/firstmate/.local/codex-latest/lib/node_modules/@openai/codex/node_modules/@openai/codex-linux-x64/vendor/x86_64-unknown-linux-musl/codex-path/cat", 0x7fff4bcecec0, 0) = -1 ENOENT (No such file or directory)
768289 newfstatat(AT_FDCWD, "/home/firstmate/.codex-5/tmp/arg0/codex-arg065EgpK/cat", 0x7fff4bcecec0, 0) = -1 ENOENT (No such file or directory)
768289 newfstatat(AT_FDCWD, "/home/firstmate/.local/codex-latest/lib/node_modules/@openai/codex/node_modules/@openai/codex-linux-x64/vendor/x86_64-unknown-linux-musl/codex-path/cat", 0x7fff4bcecec0, 0) = -1 ENOENT (No such file or directory)
768289 newfstatat(AT_FDCWD, "/home/firstmate/.local/bin/cat", 0x7fff4bcecec0, 0) = -1 ENOENT (No such file or directory)
768289 newfstatat(AT_FDCWD, "/home/firstmate/go/bin/cat", 0x7fff4bcecec0, 0) = -1 ENOENT (No such file or directory)
768289 newfstatat(AT_FDCWD, "/home/firstmate/.cargo/bin/cat", 0x7fff4bcecec0, 0) = -1 ENOENT (No such file or directory)
768289 newfstatat(AT_FDCWD, "/home/firstmate/bin/cat", 0x7fff4bcecec0, 0) = -1 ENOENT (No such file or directory)
768289 newfstatat(AT_FDCWD, "/opt/homebrew/bin/cat", 0x7fff4bcecec0, 0) = -1 ENOENT (No such file or directory)
768289 newfstatat(AT_FDCWD, "/opt/homebrew/sbin/cat", 0x7fff4bcecec0, 0) = -1 ENOENT (No such file or directory)
768289 newfstatat(AT_FDCWD, "/usr/local/bin/cat", 0x7fff4bcecec0, 0) = -1 ENOENT (No such file or directory)
768289 newfstatat(AT_FDCWD, "/usr/local/sbin/cat", 0x7fff4bcecec0, 0) = -1 ENOENT (No such file or directory)
768289 newfstatat(AT_FDCWD, "/usr/bin/cat", {st_mode=S_IFREG|0755, st_size=11352352, ...}, 0) = 0
768289 newfstatat(AT_FDCWD, "/usr/bin/cat", {st_mode=S_IFREG|0755, st_size=11352352, ...}, 0) = 0
768289 access("/usr/bin/cat", X_OK)     = 0
768289 newfstatat(AT_FDCWD, "/usr/bin/cat", {st_mode=S_IFREG|0755, st_size=11352352, ...}, 0) = 0
768289 access("/usr/bin/cat", R_OK)     = 0
768294 openat(AT_FDCWD, "/dev/null", O_WRONLY|O_CREAT|O_TRUNC, 0666) = 3
768294 execve("/usr/bin/cat", ["cat", "/home/firstmate/.no-mistakes/wor"...], 0x5f8bc2b08d10 /* 9 vars */) = 0
768294 access("/etc/ld.so.preload", R_OK) = -1 ENOENT (No such file or directory)
768294 openat(AT_FDCWD, "/etc/ld.so.cache", O_RDONLY|O_CLOEXEC) = 3
768294 openat(AT_FDCWD, "/usr/lib/x86_64-linux-gnu/libselinux.so.1", O_RDONLY|O_CLOEXEC) = 3
768294 openat(AT_FDCWD, "/usr/lib/x86_64-linux-gnu/libgcc_s.so.1", O_RDONLY|O_CLOEXEC) = 3
768294 openat(AT_FDCWD, "/usr/lib/x86_64-linux-gnu/libm.so.6", O_RDONLY|O_CLOEXEC) = 3
768294 openat(AT_FDCWD, "/usr/lib/x86_64-linux-gnu/libc.so.6", O_RDONLY|O_CLOEXEC) = 3
768294 openat(AT_FDCWD, "/usr/lib/x86_64-linux-gnu/libpcre2-8.so.0", O_RDONLY|O_CLOEXEC) = 3
768294 statfs("/sys/fs/selinux", 0x7ffc42677fe0) = -1 ENOENT (No such file or directory)
768294 statfs("/selinux", 0x7ffc42677fe0) = -1 ENOENT (No such file or directory)
768294 openat(AT_FDCWD, "/proc/filesystems", O_RDONLY|O_CLOEXEC) = 3
768294 access("/etc/selinux/config", F_OK) = -1 ENOENT (No such file or directory)
768294 openat(AT_FDCWD, "/proc/self/maps", O_RDONLY|O_CLOEXEC) = 3
768294 statx(AT_FDCWD, "/usr/share/coreutils/locales/cat", AT_STATX_SYNC_AS_STAT, STATX_ALL, {stx_mask=STATX_ALL|STATX_MNT_ID, stx_attributes=0, stx_mode=S_IFDIR|0755, stx_size=4096, ...}) = 0
768294 statx(AT_FDCWD, "/usr/share/coreutils/locales/uucore", AT_STATX_SYNC_AS_STAT, STATX_ALL, {stx_mask=STATX_ALL|STATX_MNT_ID, stx_attributes=0, stx_mode=S_IFDIR|0755, stx_size=4096, ...}) = 0
768294 openat(AT_FDCWD, "/usr/share/coreutils/locales/uucore/en-US.ftl", O_RDONLY|O_CLOEXEC) = 3
768294 statx(3, "", AT_STATX_SYNC_AS_STAT|AT_EMPTY_PATH, STATX_ALL, {stx_mask=STATX_ALL|STATX_MNT_ID, stx_attributes=0, stx_mode=S_IFREG|0644, stx_size=4080, ...}) = 0
768294 statx(AT_FDCWD, "/usr/share/coreutils/locales/cat", AT_STATX_SYNC_AS_STAT, STATX_ALL, {stx_mask=STATX_ALL|STATX_MNT_ID, stx_attributes=0, stx_mode=S_IFDIR|0755, stx_size=4096, ...}) = 0
768294 openat(AT_FDCWD, "/usr/share/coreutils/locales/cat/en-US.ftl", O_RDONLY|O_CLOEXEC) = -1 ENOENT (No such file or directory)
768294 statx(AT_FDCWD, "/home/firstmate/.no-mistakes/worktrees/8352e211db7e/01M4F29HK4JCAKXEQ2F50R6HHX/.test-tmp/boundary/home/state/.wake-queue.lock.owner.2bpUiw/pid", AT_STATX_SYNC_AS_STAT, STATX_ALL, {stx_mask=STATX_ALL|STATX_MNT_ID, stx_attributes=0, stx_mode=S_IFREG|0600, stx_size=7, ...}) = 0
768294 openat(AT_FDCWD, "/home/firstmate/.no-mistakes/worktrees/8352e211db7e/01M4F29HK4JCAKXEQ2F50R6HHX/.test-tmp/boundary/home/state/.wake-queue.lock.owner.2bpUiw/pid", O_RDONLY|O_CLOEXEC) = 3
768294 +++ exited with 0 +++
768289 --- SIGCHLD {si_signo=SIGCHLD, si_code=CLD_EXITED, si_pid=768294, si_uid=0, si_status=0, si_utime=0, si_stime=0} ---
768289 +++ exited with 0 +++
768163 --- SIGCHLD {si_signo=SIGCHLD, si_code=CLD_EXITED, si_pid=768289, si_uid=0, si_status=0, si_utime=0, si_stime=0} ---
768163 newfstatat(AT_FDCWD, ".", {st_mode=S_IFDIR|0775, st_size=4096, ...}, 0) = 0
768163 newfstatat(AT_FDCWD, "/home/firstmate/.local/codex-latest/lib/node_modules/@openai/codex/node_modules/@openai/codex-linux-x64/vendor/x86_64-unknown-linux-musl/codex-path/ln", 0x7fff4bcedec0, 0) = -1 ENOENT (No such file or directory)
768163 newfstatat(AT_FDCWD, "/home/firstmate/.codex-5/tmp/arg0/codex-arg065EgpK/ln", 0x7fff4bcedec0, 0) = -1 ENOENT (No such file or directory)
768163 newfstatat(AT_FDCWD, "/home/firstmate/.local/codex-latest/lib/node_modules/@openai/codex/node_modules/@openai/codex-linux-x64/vendor/x86_64-unknown-linux-musl/codex-path/ln", 0x7fff4bcedec0, 0) = -1 ENOENT (No such file or directory)
768163 newfstatat(AT_FDCWD, "/home/firstmate/.local/bin/ln", 0x7fff4bcedec0, 0) = -1 ENOENT (No such file or directory)
768163 newfstatat(AT_FDCWD, "/home/firstmate/go/bin/ln", 0x7fff4bcedec0, 0) = -1 ENOENT (No such file or directory)
768163 newfstatat(AT_FDCWD, "/home/firstmate/.cargo/bin/ln", 0x7fff4bcedec0, 0) = -1 ENOENT (No such file or directory)
768163 newfstatat(AT_FDCWD, "/home/firstmate/bin/ln", 0x7fff4bcedec0, 0) = -1 ENOENT (No such file or directory)
768163 newfstatat(AT_FDCWD, "/opt/homebrew/bin/ln", 0x7fff4bcedec0, 0) = -1 ENOENT (No such file or directory)
768163 newfstatat(AT_FDCWD, "/opt/homebrew/sbin/ln", 0x7fff4bcedec0, 0) = -1 ENOENT (No such file or directory)
768163 newfstatat(AT_FDCWD, "/usr/local/bin/ln", 0x7fff4bcedec0, 0) = -1 ENOENT (No such file or directory)
768163 newfstatat(AT_FDCWD, "/usr/local/sbin/ln", 0x7fff4bcedec0, 0) = -1 ENOENT (No such file or directory)
768163 newfstatat(AT_FDCWD, "/usr/bin/ln", {st_mode=S_IFREG|0755, st_size=11352352, ...}, 0) = 0
768163 newfstatat(AT_FDCWD, "/usr/bin/ln", {st_mode=S_IFREG|0755, st_size=11352352, ...}, 0) = 0
768163 access("/usr/bin/ln", X_OK)      = 0
768163 newfstatat(AT_FDCWD, "/usr/bin/ln", {st_mode=S_IFREG|0755, st_size=11352352, ...}, 0) = 0
768163 access("/usr/bin/ln", R_OK)      = 0
768331 openat(AT_FDCWD, "/dev/null", O_WRONLY|O_CREAT|O_TRUNC, 0666) = 3
768331 execve("/usr/bin/ln", ["ln", "-s", "/home/firstmate/.no-mistakes/wor"..., "/home/firstmate/.no-mistakes/wor"...], 0x5f8bc2b08d10 /* 9 vars */) = 0
768331 access("/etc/ld.so.preload", R_OK) = -1 ENOENT (No such file or directory)
768331 openat(AT_FDCWD, "/etc/ld.so.cache", O_RDONLY|O_CLOEXEC) = 3
768331 openat(AT_FDCWD, "/usr/lib/x86_64-linux-gnu/libselinux.so.1", O_RDONLY|O_CLOEXEC) = 3
768331 openat(AT_FDCWD, "/usr/lib/x86_64-linux-gnu/libgcc_s.so.1", O_RDONLY|O_CLOEXEC) = 3
768331 openat(AT_FDCWD, "/usr/lib/x86_64-linux-gnu/libm.so.6", O_RDONLY|O_CLOEXEC) = 3
768331 openat(AT_FDCWD, "/usr/lib/x86_64-linux-gnu/libc.so.6", O_RDONLY|O_CLOEXEC) = 3
768331 openat(AT_FDCWD, "/usr/lib/x86_64-linux-gnu/libpcre2-8.so.0", O_RDONLY|O_CLOEXEC) = 3
768331 statfs("/sys/fs/selinux", 0x7fffa6c9e710) = -1 ENOENT (No such file or directory)
768331 statfs("/selinux", 0x7fffa6c9e710) = -1 ENOENT (No such file or directory)
768331 openat(AT_FDCWD, "/proc/filesystems", O_RDONLY|O_CLOEXEC) = 3
768331 access("/etc/selinux/config", F_OK) = -1 ENOENT (No such file or directory)
768331 openat(AT_FDCWD, "/proc/self/maps", O_RDONLY|O_CLOEXEC) = 3
768331 statx(AT_FDCWD, "/usr/share/coreutils/locales/ln", AT_STATX_SYNC_AS_STAT, STATX_ALL, {stx_mask=STATX_ALL|STATX_MNT_ID, stx_attributes=0, stx_mode=S_IFDIR|0755, stx_size=4096, ...}) = 0
768331 statx(AT_FDCWD, "/usr/share/coreutils/locales/uucore", AT_STATX_SYNC_AS_STAT, STATX_ALL, {stx_mask=STATX_ALL|STATX_MNT_ID, stx_attributes=0, stx_mode=S_IFDIR|0755, stx_size=4096, ...}) = 0
768331 openat(AT_FDCWD, "/usr/share/coreutils/locales/uucore/en-US.ftl", O_RDONLY|O_CLOEXEC) = 3
768331 statx(3, "", AT_STATX_SYNC_AS_STAT|AT_EMPTY_PATH, STATX_ALL, {stx_mask=STATX_ALL|STATX_MNT_ID, stx_attributes=0, stx_mode=S_IFREG|0644, stx_size=4080, ...}) = 0
768331 statx(AT_FDCWD, "/usr/share/coreutils/locales/ln", AT_STATX_SYNC_AS_STAT, STATX_ALL, {stx_mask=STATX_ALL|STATX_MNT_ID, stx_attributes=0, stx_mode=S_IFDIR|0755, stx_size=4096, ...}) = 0
768331 openat(AT_FDCWD, "/usr/share/coreutils/locales/ln/en-US.ftl", O_RDONLY|O_CLOEXEC) = -1 ENOENT (No such file or directory)
768331 statx(AT_FDCWD, "/home/firstmate/.no-mistakes/worktrees/8352e211db7e/01M4F29HK4JCAKXEQ2F50R6HHX/.test-tmp/boundary/home/state/.wake-queue.lock", AT_STATX_SYNC_AS_STAT, STATX_ALL, 0x7fffa6c9dbd0) = -1 ENOENT (No such file or directory)
768331 statx(AT_FDCWD, "/home/firstmate/.no-mistakes/worktrees/8352e211db7e/01M4F29HK4JCAKXEQ2F50R6HHX/.test-tmp/boundary/home/state/.wake-queue.lock", AT_STATX_SYNC_AS_STAT|AT_SYMLINK_NOFOLLOW, STATX_ALL, 0x7fffa6c9da50) = -1 ENOENT (No such file or directory)
768331 statx(AT_FDCWD, "/home/firstmate/.no-mistakes/worktrees/8352e211db7e/01M4F29HK4JCAKXEQ2F50R6HHX/.test-tmp/boundary/home/state/.wake-queue.lock", AT_STATX_SYNC_AS_STAT, STATX_ALL, 0x7fffa6c9da40) = -1 ENOENT (No such file or directory)
768331 symlink("/home/firstmate/.no-mistakes/worktrees/8352e211db7e/01M4F29HK4JCAKXEQ2F50R6HHX/.test-tmp/boundary/home/state/.wake-queue.lock.owner.2bpUiw", "/home/firstmate/.no-mistakes/worktrees/8352e211db7e/01M4F29HK4JCAKXEQ2F50R6HHX/.test-tmp/boundary/home/state/.wake-queue.lock") = 0
768331 +++ exited with 0 +++
768163 --- SIGCHLD {si_signo=SIGCHLD, si_code=CLD_EXITED, si_pid=768331, si_uid=0, si_status=0, si_utime=0, si_stime=0} ---
768353 newfstatat(AT_FDCWD, ".", {st_mode=S_IFDIR|0775, st_size=4096, ...}, 0) = 0
768353 newfstatat(AT_FDCWD, "/home/firstmate/.local/codex-latest/lib/node_modules/@openai/codex/node_modules/@openai/codex-linux-x64/vendor/x86_64-unknown-linux-musl/codex-path/readlink", 0x7fff4bcecec0, 0) = -1 ENOENT (No such file or directory)
768353 newfstatat(AT_FDCWD, "/home/firstmate/.codex-5/tmp/arg0/codex-arg065EgpK/readlink", 0x7fff4bcecec0, 0) = -1 ENOENT (No such file or directory)
768353 newfstatat(AT_FDCWD, "/home/firstmate/.local/codex-latest/lib/node_modules/@openai/codex/node_modules/@openai/codex-linux-x64/vendor/x86_64-unknown-linux-musl/codex-path/readlink", 0x7fff4bcecec0, 0) = -1 ENOENT (No such file or directory)
768353 newfstatat(AT_FDCWD, "/home/firstmate/.local/bin/readlink", 0x7fff4bcecec0, 0) = -1 ENOENT (No such file or directory)
768353 newfstatat(AT_FDCWD, "/home/firstmate/go/bin/readlink", 0x7fff4bcecec0, 0) = -1 ENOENT (No such file or directory)
768353 newfstatat(AT_FDCWD, "/home/firstmate/.cargo/bin/readlink", 0x7fff4bcecec0, 0) = -1 ENOENT (No such file or directory)
768353 newfstatat(AT_FDCWD, "/home/firstmate/bin/readlink", 0x7fff4bcecec0, 0) = -1 ENOENT (No such file or directory)
768353 newfstatat(AT_FDCWD, "/opt/homebrew/bin/readlink", 0x7fff4bcecec0, 0) = -1 ENOENT (No such file or directory)
768353 newfstatat(AT_FDCWD, "/opt/homebrew/sbin/readlink", 0x7fff4bcecec0, 0) = -1 ENOENT (No such file or directory)
768353 newfstatat(AT_FDCWD, "/usr/local/bin/readlink", 0x7fff4bcecec0, 0) = -1 ENOENT (No such file or directory)
768353 newfstatat(AT_FDCWD, "/usr/local/sbin/readlink", 0x7fff4bcecec0, 0) = -1 ENOENT (No such file or directory)
768353 newfstatat(AT_FDCWD, "/usr/bin/readlink", {st_mode=S_IFREG|0755, st_size=11352352, ...}, 0) = 0
768353 newfstatat(AT_FDCWD, "/usr/bin/readlink", {st_mode=S_IFREG|0755, st_size=11352352, ...}, 0) = 0
768353 access("/usr/bin/readlink", X_OK) = 0
768353 newfstatat(AT_FDCWD, "/usr/bin/readlink", {st_mode=S_IFREG|0755, st_size=11352352, ...}, 0) = 0
768353 access("/usr/bin/readlink", R_OK) = 0
768357 openat(AT_FDCWD, "/dev/null", O_WRONLY|O_CREAT|O_TRUNC, 0666) = 3
768357 execve("/usr/bin/readlink", ["readlink", "/home/firstmate/.no-mistakes/wor"...], 0x5f8bc2b08d10 /* 9 vars */) = 0
768357 access("/etc/ld.so.preload", R_OK) = -1 ENOENT (No such file or directory)
768357 openat(AT_FDCWD, "/etc/ld.so.cache", O_RDONLY|O_CLOEXEC) = 3
768357 openat(AT_FDCWD, "/usr/lib/x86_64-linux-gnu/libselinux.so.1", O_RDONLY|O_CLOEXEC) = 3
768357 openat(AT_FDCWD, "/usr/lib/x86_64-linux-gnu/libgcc_s.so.1", O_RDONLY|O_CLOEXEC) = 3
768357 openat(AT_FDCWD, "/usr/lib/x86_64-linux-gnu/libm.so.6", O_RDONLY|O_CLOEXEC) = 3
768357 openat(AT_FDCWD, "/usr/lib/x86_64-linux-gnu/libc.so.6", O_RDONLY|O_CLOEXEC) = 3
768357 openat(AT_FDCWD, "/usr/lib/x86_64-linux-gnu/libpcre2-8.so.0", O_RDONLY|O_CLOEXEC) = 3
768357 statfs("/sys/fs/selinux", 0x7fff82e62e30) = -1 ENOENT (No such file or directory)
768357 statfs("/selinux", 0x7fff82e62e30) = -1 ENOENT (No such file or directory)
768357 openat(AT_FDCWD, "/proc/filesystems", O_RDONLY|O_CLOEXEC) = 3
768357 access("/etc/selinux/config", F_OK) = -1 ENOENT (No such file or directory)
768357 openat(AT_FDCWD, "/proc/self/maps", O_RDONLY|O_CLOEXEC) = 3
768357 statx(AT_FDCWD, "/usr/share/coreutils/locales/readlink", AT_STATX_SYNC_AS_STAT, STATX_ALL, {stx_mask=STATX_ALL|STATX_MNT_ID, stx_attributes=0, stx_mode=S_IFDIR|0755, stx_size=4096, ...}) = 0
768357 statx(AT_FDCWD, "/usr/share/coreutils/locales/uucore", AT_STATX_SYNC_AS_STAT, STATX_ALL, {stx_mask=STATX_ALL|STATX_MNT_ID, stx_attributes=0, stx_mode=S_IFDIR|0755, stx_size=4096, ...}) = 0
768357 openat(AT_FDCWD, "/usr/share/coreutils/locales/uucore/en-US.ftl", O_RDONLY|O_CLOEXEC) = 3
768357 statx(3, "", AT_STATX_SYNC_AS_STAT|AT_EMPTY_PATH, STATX_ALL, {stx_mask=STATX_ALL|STATX_MNT_ID, stx_attributes=0, stx_mode=S_IFREG|0644, stx_size=4080, ...}) = 0
768357 statx(AT_FDCWD, "/usr/share/coreutils/locales/readlink", AT_STATX_SYNC_AS_STAT, STATX_ALL, {stx_mask=STATX_ALL|STATX_MNT_ID, stx_attributes=0, stx_mode=S_IFDIR|0755, stx_size=4096, ...}) = 0
768357 openat(AT_FDCWD, "/usr/share/coreutils/locales/readlink/en-US.ftl", O_RDONLY|O_CLOEXEC) = -1 ENOENT (No such file or directory)
768357 readlink("/home/firstmate/.no-mistakes/worktrees/8352e211db7e/01M4F29HK4JCAKXEQ2F50R6HHX/.test-tmp/boundary/home/state/.wake-queue.lock", "/home/firstmate/.no-mistakes/wor"..., 256) = 138
768357 +++ exited with 0 +++
768353 --- SIGCHLD {si_signo=SIGCHLD, si_code=CLD_EXITED, si_pid=768357, si_uid=0, si_status=0, si_utime=0, si_stime=0} ---
768353 +++ exited with 0 +++
768163 --- SIGCHLD {si_signo=SIGCHLD, si_code=CLD_EXITED, si_pid=768353, si_uid=0, si_status=0, si_utime=0, si_stime=0} ---
768163 openat(AT_FDCWD, "/dev/null", O_WRONLY|O_CREAT|O_TRUNC, 0666) = 3
768163 openat(AT_FDCWD, "/home/firstmate/.no-mistakes/worktrees/8352e211db7e/01M4F29HK4JCAKXEQ2F50R6HHX/.test-tmp/boundary/home/state/.wake-queue.lock.owner.2bpUiw/pid", O_WRONLY|O_CREAT|O_TRUNC, 0666) = 3
768386 newfstatat(AT_FDCWD, ".", {st_mode=S_IFDIR|0775, st_size=4096, ...}, 0) = 0
768386 newfstatat(AT_FDCWD, "/home/firstmate/.local/codex-latest/lib/node_modules/@openai/codex/node_modules/@openai/codex-linux-x64/vendor/x86_64-unknown-linux-musl/codex-path/cat", 0x7fff4bcecac0, 0) = -1 ENOENT (No such file or directory)
768386 newfstatat(AT_FDCWD, "/home/firstmate/.codex-5/tmp/arg0/codex-arg065EgpK/cat", 0x7fff4bcecac0, 0) = -1 ENOENT (No such file or directory)
768386 newfstatat(AT_FDCWD, "/home/firstmate/.local/codex-latest/lib/node_modules/@openai/codex/node_modules/@openai/codex-linux-x64/vendor/x86_64-unknown-linux-musl/codex-path/cat", 0x7fff4bcecac0, 0) = -1 ENOENT (No such file or directory)
768386 newfstatat(AT_FDCWD, "/home/firstmate/.local/bin/cat", 0x7fff4bcecac0, 0) = -1 ENOENT (No such file or directory)
768386 newfstatat(AT_FDCWD, "/home/firstmate/go/bin/cat", 0x7fff4bcecac0, 0) = -1 ENOENT (No such file or directory)
768386 newfstatat(AT_FDCWD, "/home/firstmate/.cargo/bin/cat", 0x7fff4bcecac0, 0) = -1 ENOENT (No such file or directory)
768386 newfstatat(AT_FDCWD, "/home/firstmate/bin/cat", 0x7fff4bcecac0, 0) = -1 ENOENT (No such file or directory)
768386 newfstatat(AT_FDCWD, "/opt/homebrew/bin/cat", 0x7fff4bcecac0, 0) = -1 ENOENT (No such file or directory)
768386 newfstatat(AT_FDCWD, "/opt/homebrew/sbin/cat", 0x7fff4bcecac0, 0) = -1 ENOENT (No such file or directory)
768386 newfstatat(AT_FDCWD, "/usr/local/bin/cat", 0x7fff4bcecac0, 0) = -1 ENOENT (No such file or directory)
768386 newfstatat(AT_FDCWD, "/usr/local/sbin/cat", 0x7fff4bcecac0, 0) = -1 ENOENT (No such file or directory)
768386 newfstatat(AT_FDCWD, "/usr/bin/cat", {st_mode=S_IFREG|0755, st_size=11352352, ...}, 0) = 0
768386 newfstatat(AT_FDCWD, "/usr/bin/cat", {st_mode=S_IFREG|0755, st_size=11352352, ...}, 0) = 0
768386 access("/usr/bin/cat", X_OK)     = 0
768386 newfstatat(AT_FDCWD, "/usr/bin/cat", {st_mode=S_IFREG|0755, st_size=11352352, ...}, 0) = 0
768386 access("/usr/bin/cat", R_OK)     = 0
768401 openat(AT_FDCWD, "/dev/null", O_WRONLY|O_CREAT|O_TRUNC, 0666) = 3
768401 execve("/usr/bin/cat", ["cat", "/home/firstmate/.no-mistakes/wor"...], 0x5f8bc2b08d10 /* 9 vars */) = 0
768401 access("/etc/ld.so.preload", R_OK) = -1 ENOENT (No such file or directory)
768401 openat(AT_FDCWD, "/etc/ld.so.cache", O_RDONLY|O_CLOEXEC) = 3
768401 openat(AT_FDCWD, "/usr/lib/x86_64-linux-gnu/libselinux.so.1", O_RDONLY|O_CLOEXEC) = 3
768401 openat(AT_FDCWD, "/usr/lib/x86_64-linux-gnu/libgcc_s.so.1", O_RDONLY|O_CLOEXEC) = 3
768401 openat(AT_FDCWD, "/usr/lib/x86_64-linux-gnu/libm.so.6", O_RDONLY|O_CLOEXEC) = 3
768401 openat(AT_FDCWD, "/usr/lib/x86_64-linux-gnu/libc.so.6", O_RDONLY|O_CLOEXEC) = 3
768401 openat(AT_FDCWD, "/usr/lib/x86_64-linux-gnu/libpcre2-8.so.0", O_RDONLY|O_CLOEXEC) = 3
768401 statfs("/sys/fs/selinux", 0x7ffd52602af0) = -1 ENOENT (No such file or directory)
768401 statfs("/selinux", 0x7ffd52602af0) = -1 ENOENT (No such file or directory)
768401 openat(AT_FDCWD, "/proc/filesystems", O_RDONLY|O_CLOEXEC) = 3
768401 access("/etc/selinux/config", F_OK) = -1 ENOENT (No such file or directory)
768401 openat(AT_FDCWD, "/proc/self/maps", O_RDONLY|O_CLOEXEC) = 3
768401 statx(AT_FDCWD, "/usr/share/coreutils/locales/cat", AT_STATX_SYNC_AS_STAT, STATX_ALL, {stx_mask=STATX_ALL|STATX_MNT_ID, stx_attributes=0, stx_mode=S_IFDIR|0755, stx_size=4096, ...}) = 0
768401 statx(AT_FDCWD, "/usr/share/coreutils/locales/uucore", AT_STATX_SYNC_AS_STAT, STATX_ALL, {stx_mask=STATX_ALL|STATX_MNT_ID, stx_attributes=0, stx_mode=S_IFDIR|0755, stx_size=4096, ...}) = 0
768401 openat(AT_FDCWD, "/usr/share/coreutils/locales/uucore/en-US.ftl", O_RDONLY|O_CLOEXEC) = 3
768401 statx(3, "", AT_STATX_SYNC_AS_STAT|AT_EMPTY_PATH, STATX_ALL, {stx_mask=STATX_ALL|STATX_MNT_ID, stx_attributes=0, stx_mode=S_IFREG|0644, stx_size=4080, ...}) = 0
768401 statx(AT_FDCWD, "/usr/share/coreutils/locales/cat", AT_STATX_SYNC_AS_STAT, STATX_ALL, {stx_mask=STATX_ALL|STATX_MNT_ID, stx_attributes=0, stx_mode=S_IFDIR|0755, stx_size=4096, ...}) = 0
768401 openat(AT_FDCWD, "/usr/share/coreutils/locales/cat/en-US.ftl", O_RDONLY|O_CLOEXEC) = -1 ENOENT (No such file or directory)
768401 statx(AT_FDCWD, "/home/firstmate/.no-mistakes/worktrees/8352e211db7e/01M4F29HK4JCAKXEQ2F50R6HHX/.test-tmp/boundary/home/state/.wake-queue.lock.owner.2bpUiw/pid", AT_STATX_SYNC_AS_STAT, STATX_ALL, {stx_mask=STATX_ALL|STATX_MNT_ID, stx_attributes=0, stx_mode=S_IFREG|0600, stx_size=7, ...}) = 0
768401 openat(AT_FDCWD, "/home/firstmate/.no-mistakes/worktrees/8352e211db7e/01M4F29HK4JCAKXEQ2F50R6HHX/.test-tmp/boundary/home/state/.wake-queue.lock.owner.2bpUiw/pid", O_RDONLY|O_CLOEXEC) = 3
768401 +++ exited with 0 +++
768386 --- SIGCHLD {si_signo=SIGCHLD, si_code=CLD_EXITED, si_pid=768401, si_uid=0, si_status=0, si_utime=0, si_stime=1 /* 0.01 s */} ---
768386 +++ exited with 0 +++
768163 --- SIGCHLD {si_signo=SIGCHLD, si_code=CLD_EXITED, si_pid=768386, si_uid=0, si_status=0, si_utime=0, si_stime=0} ---
768414 newfstatat(AT_FDCWD, ".", {st_mode=S_IFDIR|0775, st_size=4096, ...}, 0) = 0
768414 newfstatat(AT_FDCWD, "/home/firstmate/.local/codex-latest/lib/node_modules/@openai/codex/node_modules/@openai/codex-linux-x64/vendor/x86_64-unknown-linux-musl/codex-path/readlink", 0x7fff4bcec4d0, 0) = -1 ENOENT (No such file or directory)
768414 newfstatat(AT_FDCWD, "/home/firstmate/.codex-5/tmp/arg0/codex-arg065EgpK/readlink", 0x7fff4bcec4d0, 0) = -1 ENOENT (No such file or directory)
768414 newfstatat(AT_FDCWD, "/home/firstmate/.local/codex-latest/lib/node_modules/@openai/codex/node_modules/@openai/codex-linux-x64/vendor/x86_64-unknown-linux-musl/codex-path/readlink", 0x7fff4bcec4d0, 0) = -1 ENOENT (No such file or directory)
768414 newfstatat(AT_FDCWD, "/home/firstmate/.local/bin/readlink", 0x7fff4bcec4d0, 0) = -1 ENOENT (No such file or directory)
768414 newfstatat(AT_FDCWD, "/home/firstmate/go/bin/readlink", 0x7fff4bcec4d0, 0) = -1 ENOENT (No such file or directory)
768414 newfstatat(AT_FDCWD, "/home/firstmate/.cargo/bin/readlink", 0x7fff4bcec4d0, 0) = -1 ENOENT (No such file or directory)
768414 newfstatat(AT_FDCWD, "/home/firstmate/bin/readlink", 0x7fff4bcec4d0, 0) = -1 ENOENT (No such file or directory)
768414 newfstatat(AT_FDCWD, "/opt/homebrew/bin/readlink", 0x7fff4bcec4d0, 0) = -1 ENOENT (No such file or directory)
768414 newfstatat(AT_FDCWD, "/opt/homebrew/sbin/readlink", 0x7fff4bcec4d0, 0) = -1 ENOENT (No such file or directory)
768414 newfstatat(AT_FDCWD, "/usr/local/bin/readlink", 0x7fff4bcec4d0, 0) = -1 ENOENT (No such file or directory)
768414 newfstatat(AT_FDCWD, "/usr/local/sbin/readlink", 0x7fff4bcec4d0, 0) = -1 ENOENT (No such file or directory)
768414 newfstatat(AT_FDCWD, "/usr/bin/readlink", {st_mode=S_IFREG|0755, st_size=11352352, ...}, 0) = 0
768414 newfstatat(AT_FDCWD, "/usr/bin/readlink", {st_mode=S_IFREG|0755, st_size=11352352, ...}, 0) = 0
768414 access("/usr/bin/readlink", X_OK) = 0
768414 newfstatat(AT_FDCWD, "/usr/bin/readlink", {st_mode=S_IFREG|0755, st_size=11352352, ...}, 0) = 0
768414 access("/usr/bin/readlink", R_OK) = 0
768415 openat(AT_FDCWD, "/dev/null", O_WRONLY|O_CREAT|O_TRUNC, 0666) = 3
768415 execve("/usr/bin/readlink", ["readlink", "/home/firstmate/.no-mistakes/wor"...], 0x5f8bc2b08d10 /* 9 vars */) = 0
768415 access("/etc/ld.so.preload", R_OK) = -1 ENOENT (No such file or directory)
768415 openat(AT_FDCWD, "/etc/ld.so.cache", O_RDONLY|O_CLOEXEC) = 3
768415 openat(AT_FDCWD, "/usr/lib/x86_64-linux-gnu/libselinux.so.1", O_RDONLY|O_CLOEXEC) = 3
768415 openat(AT_FDCWD, "/usr/lib/x86_64-linux-gnu/libgcc_s.so.1", O_RDONLY|O_CLOEXEC) = 3
768415 openat(AT_FDCWD, "/usr/lib/x86_64-linux-gnu/libm.so.6", O_RDONLY|O_CLOEXEC) = 3
768415 openat(AT_FDCWD, "/usr/lib/x86_64-linux-gnu/libc.so.6", O_RDONLY|O_CLOEXEC) = 3
768415 openat(AT_FDCWD, "/usr/lib/x86_64-linux-gnu/libpcre2-8.so.0", O_RDONLY|O_CLOEXEC) = 3
768415 statfs("/sys/fs/selinux", 0x7ffc29b475a0) = -1 ENOENT (No such file or directory)
768415 statfs("/selinux", 0x7ffc29b475a0) = -1 ENOENT (No such file or directory)
768415 openat(AT_FDCWD, "/proc/filesystems", O_RDONLY|O_CLOEXEC) = 3
768415 access("/etc/selinux/config", F_OK) = -1 ENOENT (No such file or directory)
768415 openat(AT_FDCWD, "/proc/self/maps", O_RDONLY|O_CLOEXEC) = 3
768415 statx(AT_FDCWD, "/usr/share/coreutils/locales/readlink", AT_STATX_SYNC_AS_STAT, STATX_ALL, {stx_mask=STATX_ALL|STATX_MNT_ID, stx_attributes=0, stx_mode=S_IFDIR|0755, stx_size=4096, ...}) = 0
768415 statx(AT_FDCWD, "/usr/share/coreutils/locales/uucore", AT_STATX_SYNC_AS_STAT, STATX_ALL, {stx_mask=STATX_ALL|STATX_MNT_ID, stx_attributes=0, stx_mode=S_IFDIR|0755, stx_size=4096, ...}) = 0
768415 openat(AT_FDCWD, "/usr/share/coreutils/locales/uucore/en-US.ftl", O_RDONLY|O_CLOEXEC) = 3
768415 statx(3, "", AT_STATX_SYNC_AS_STAT|AT_EMPTY_PATH, STATX_ALL, {stx_mask=STATX_ALL|STATX_MNT_ID, stx_attributes=0, stx_mode=S_IFREG|0644, stx_size=4080, ...}) = 0
768415 statx(AT_FDCWD, "/usr/share/coreutils/locales/readlink", AT_STATX_SYNC_AS_STAT, STATX_ALL, {stx_mask=STATX_ALL|STATX_MNT_ID, stx_attributes=0, stx_mode=S_IFDIR|0755, stx_size=4096, ...}) = 0
768415 openat(AT_FDCWD, "/usr/share/coreutils/locales/readlink/en-US.ftl", O_RDONLY|O_CLOEXEC) = -1 ENOENT (No such file or directory)
768415 readlink("/home/firstmate/.no-mistakes/worktrees/8352e211db7e/01M4F29HK4JCAKXEQ2F50R6HHX/.test-tmp/boundary/home/state/.wake-queue.lock", "/home/firstmate/.no-mistakes/wor"..., 256) = 138
768415 +++ exited with 0 +++
768414 --- SIGCHLD {si_signo=SIGCHLD, si_code=CLD_EXITED, si_pid=768415, si_uid=0, si_status=0, si_utime=0, si_stime=0} ---
768414 +++ exited with 0 +++
768163 --- SIGCHLD {si_signo=SIGCHLD, si_code=CLD_EXITED, si_pid=768414, si_uid=0, si_status=0, si_utime=0, si_stime=0} ---
768163 newfstatat(AT_FDCWD, "/home/firstmate/.no-mistakes/worktrees/8352e211db7e/01M4F29HK4JCAKXEQ2F50R6HHX/.test-tmp/boundary/home/state/.wake-queue.lock.steal", 0x7fff4bcece00, 0) = -1 ENOENT (No such file or directory)
768163 newfstatat(AT_FDCWD, "/home/firstmate/.no-mistakes/worktrees/8352e211db7e/01M4F29HK4JCAKXEQ2F50R6HHX/.test-tmp/boundary/home/state/.wake-queue.lock.steal", 0x7fff4bcece00, AT_SYMLINK_NOFOLLOW) = -1 ENOENT (No such file or directory)
768432 +++ exited with 0 +++
768433 newfstatat(AT_FDCWD, ".", {st_mode=S_IFDIR|0775, st_size=4096, ...}, 0) = 0
768433 newfstatat(AT_FDCWD, "/home/firstmate/.local/codex-latest/lib/node_modules/@openai/codex/node_modules/@openai/codex-linux-x64/vendor/x86_64-unknown-linux-musl/codex-path/tr", 0x7fff4bceeed0, 0) = -1 ENOENT (No such file or directory)
768433 newfstatat(AT_FDCWD, "/home/firstmate/.codex-5/tmp/arg0/codex-arg065EgpK/tr", 0x7fff4bceeed0, 0) = -1 ENOENT (No such file or directory)
768433 newfstatat(AT_FDCWD, "/home/firstmate/.local/codex-latest/lib/node_modules/@openai/codex/node_modules/@openai/codex-linux-x64/vendor/x86_64-unknown-linux-musl/codex-path/tr", 0x7fff4bceeed0, 0) = -1 ENOENT (No such file or directory)
768433 newfstatat(AT_FDCWD, "/home/firstmate/.local/bin/tr", 0x7fff4bceeed0, 0) = -1 ENOENT (No such file or directory)
768433 newfstatat(AT_FDCWD, "/home/firstmate/go/bin/tr", 0x7fff4bceeed0, 0) = -1 ENOENT (No such file or directory)
768433 newfstatat(AT_FDCWD, "/home/firstmate/.cargo/bin/tr", 0x7fff4bceeed0, 0) = -1 ENOENT (No such file or directory)
768433 newfstatat(AT_FDCWD, "/home/firstmate/bin/tr", 0x7fff4bceeed0, 0) = -1 ENOENT (No such file or directory)
768433 newfstatat(AT_FDCWD, "/opt/homebrew/bin/tr", 0x7fff4bceeed0, 0) = -1 ENOENT (No such file or directory)
768433 newfstatat(AT_FDCWD, "/opt/homebrew/sbin/tr", 0x7fff4bceeed0, 0) = -1 ENOENT (No such file or directory)
768433 newfstatat(AT_FDCWD, "/usr/local/bin/tr", 0x7fff4bceeed0, 0) = -1 ENOENT (No such file or directory)
768433 newfstatat(AT_FDCWD, "/usr/local/sbin/tr", 0x7fff4bceeed0, 0) = -1 ENOENT (No such file or directory)
768433 newfstatat(AT_FDCWD, "/usr/bin/tr", {st_mode=S_IFREG|0755, st_size=11352352, ...}, 0) = 0
768433 newfstatat(AT_FDCWD, "/usr/bin/tr", {st_mode=S_IFREG|0755, st_size=11352352, ...}, 0) = 0
768433 access("/usr/bin/tr", X_OK)      = 0
768433 newfstatat(AT_FDCWD, "/usr/bin/tr", {st_mode=S_IFREG|0755, st_size=11352352, ...}, 0) = 0
768433 access("/usr/bin/tr", R_OK)      = 0
768441 execve("/usr/bin/tr", ["tr", "\\t\\r\\n", "   "], 0x5f8bc2af0f10 /* 9 vars */) = 0
768441 access("/etc/ld.so.preload", R_OK) = -1 ENOENT (No such file or directory)
768441 openat(AT_FDCWD, "/etc/ld.so.cache", O_RDONLY|O_CLOEXEC) = 3
768441 openat(AT_FDCWD, "/usr/lib/x86_64-linux-gnu/libselinux.so.1", O_RDONLY|O_CLOEXEC) = 3
768441 openat(AT_FDCWD, "/usr/lib/x86_64-linux-gnu/libgcc_s.so.1", O_RDONLY|O_CLOEXEC) = 3
768441 openat(AT_FDCWD, "/usr/lib/x86_64-linux-gnu/libm.so.6", O_RDONLY|O_CLOEXEC) = 3
768441 openat(AT_FDCWD, "/usr/lib/x86_64-linux-gnu/libc.so.6", O_RDONLY|O_CLOEXEC) = 3
768441 openat(AT_FDCWD, "/usr/lib/x86_64-linux-gnu/libpcre2-8.so.0", O_RDONLY|O_CLOEXEC) = 3
768441 statfs("/sys/fs/selinux", 0x7ffd459012d0) = -1 ENOENT (No such file or directory)
768441 statfs("/selinux", 0x7ffd459012d0) = -1 ENOENT (No such file or directory)
768441 openat(AT_FDCWD, "/proc/filesystems", O_RDONLY|O_CLOEXEC) = 3
768441 access("/etc/selinux/config", F_OK) = -1 ENOENT (No such file or directory)
768441 openat(AT_FDCWD, "/proc/self/maps", O_RDONLY|O_CLOEXEC) = 3
768441 statx(AT_FDCWD, "/usr/share/coreutils/locales/tr", AT_STATX_SYNC_AS_STAT, STATX_ALL, {stx_mask=STATX_ALL|STATX_MNT_ID, stx_attributes=0, stx_mode=S_IFDIR|0755, stx_size=4096, ...}) = 0
768441 statx(AT_FDCWD, "/usr/share/coreutils/locales/uucore", AT_STATX_SYNC_AS_STAT, STATX_ALL, {stx_mask=STATX_ALL|STATX_MNT_ID, stx_attributes=0, stx_mode=S_IFDIR|0755, stx_size=4096, ...}) = 0
768441 openat(AT_FDCWD, "/usr/share/coreutils/locales/uucore/en-US.ftl", O_RDONLY|O_CLOEXEC) = 3
768441 statx(3, "", AT_STATX_SYNC_AS_STAT|AT_EMPTY_PATH, STATX_ALL, {stx_mask=STATX_ALL|STATX_MNT_ID, stx_attributes=0, stx_mode=S_IFREG|0644, stx_size=4080, ...}) = 0
768441 statx(AT_FDCWD, "/usr/share/coreutils/locales/tr", AT_STATX_SYNC_AS_STAT, STATX_ALL, {stx_mask=STATX_ALL|STATX_MNT_ID, stx_attributes=0, stx_mode=S_IFDIR|0755, stx_size=4096, ...}) = 0
768441 openat(AT_FDCWD, "/usr/share/coreutils/locales/tr/en-US.ftl", O_RDONLY|O_CLOEXEC) = -1 ENOENT (No such file or directory)
768441 +++ exited with 0 +++
768433 --- SIGCHLD {si_signo=SIGCHLD, si_code=CLD_EXITED, si_pid=768441, si_uid=0, si_status=0, si_utime=0, si_stime=1 /* 0.01 s */} ---
768433 +++ exited with 0 +++
768430 --- SIGCHLD {si_signo=SIGCHLD, si_code=CLD_EXITED, si_pid=768432, si_uid=0, si_status=0, si_utime=0, si_stime=0} ---
768430 +++ exited with 0 +++
768163 --- SIGCHLD {si_signo=SIGCHLD, si_code=CLD_EXITED, si_pid=768430, si_uid=0, si_status=0, si_utime=0, si_stime=0} ---
768459 +++ exited with 0 +++
768460 newfstatat(AT_FDCWD, ".", {st_mode=S_IFDIR|0775, st_size=4096, ...}, 0) = 0
768460 newfstatat(AT_FDCWD, "/home/firstmate/.local/codex-latest/lib/node_modules/@openai/codex/node_modules/@openai/codex-linux-x64/vendor/x86_64-unknown-linux-musl/codex-path/tr", 0x7fff4bceefd0, 0) = -1 ENOENT (No such file or directory)
768460 newfstatat(AT_FDCWD, "/home/firstmate/.codex-5/tmp/arg0/codex-arg065EgpK/tr", 0x7fff4bceefd0, 0) = -1 ENOENT (No such file or directory)
768460 newfstatat(AT_FDCWD, "/home/firstmate/.local/codex-latest/lib/node_modules/@openai/codex/node_modules/@openai/codex-linux-x64/vendor/x86_64-unknown-linux-musl/codex-path/tr", 0x7fff4bceefd0, 0) = -1 ENOENT (No such file or directory)
768460 newfstatat(AT_FDCWD, "/home/firstmate/.local/bin/tr", 0x7fff4bceefd0, 0) = -1 ENOENT (No such file or directory)
768460 newfstatat(AT_FDCWD, "/home/firstmate/go/bin/tr", 0x7fff4bceefd0, 0) = -1 ENOENT (No such file or directory)
768460 newfstatat(AT_FDCWD, "/home/firstmate/.cargo/bin/tr", 0x7fff4bceefd0, 0) = -1 ENOENT (No such file or directory)
768460 newfstatat(AT_FDCWD, "/home/firstmate/bin/tr", 0x7fff4bceefd0, 0) = -1 ENOENT (No such file or directory)
768460 newfstatat(AT_FDCWD, "/opt/homebrew/bin/tr", 0x7fff4bceefd0, 0) = -1 ENOENT (No such file or directory)
768460 newfstatat(AT_FDCWD, "/opt/homebrew/sbin/tr", 0x7fff4bceefd0, 0) = -1 ENOENT (No such file or directory)
768460 newfstatat(AT_FDCWD, "/usr/local/bin/tr", 0x7fff4bceefd0, 0) = -1 ENOENT (No such file or directory)
768460 newfstatat(AT_FDCWD, "/usr/local/sbin/tr", 0x7fff4bceefd0, 0) = -1 ENOENT (No such file or directory)
768460 newfstatat(AT_FDCWD, "/usr/bin/tr", {st_mode=S_IFREG|0755, st_size=11352352, ...}, 0) = 0
768460 newfstatat(AT_FDCWD, "/usr/bin/tr", {st_mode=S_IFREG|0755, st_size=11352352, ...}, 0) = 0
768460 access("/usr/bin/tr", X_OK)      = 0
768460 newfstatat(AT_FDCWD, "/usr/bin/tr", {st_mode=S_IFREG|0755, st_size=11352352, ...}, 0) = 0
768460 access("/usr/bin/tr", R_OK)      = 0
768466 execve("/usr/bin/tr", ["tr", "\\t\\r\\n", "   "], 0x5f8bc2af0f10 /* 9 vars */) = 0
768466 access("/etc/ld.so.preload", R_OK) = -1 ENOENT (No such file or directory)
768466 openat(AT_FDCWD, "/etc/ld.so.cache", O_RDONLY|O_CLOEXEC) = 3
768466 openat(AT_FDCWD, "/usr/lib/x86_64-linux-gnu/libselinux.so.1", O_RDONLY|O_CLOEXEC) = 3
768466 openat(AT_FDCWD, "/usr/lib/x86_64-linux-gnu/libgcc_s.so.1", O_RDONLY|O_CLOEXEC) = 3
768466 openat(AT_FDCWD, "/usr/lib/x86_64-linux-gnu/libm.so.6", O_RDONLY|O_CLOEXEC) = 3
768466 openat(AT_FDCWD, "/usr/lib/x86_64-linux-gnu/libc.so.6", O_RDONLY|O_CLOEXEC) = 3
768466 openat(AT_FDCWD, "/usr/lib/x86_64-linux-gnu/libpcre2-8.so.0", O_RDONLY|O_CLOEXEC) = 3
768466 statfs("/sys/fs/selinux", 0x7ffe86f7e0d0) = -1 ENOENT (No such file or directory)
768466 statfs("/selinux", 0x7ffe86f7e0d0) = -1 ENOENT (No such file or directory)
768466 openat(AT_FDCWD, "/proc/filesystems", O_RDONLY|O_CLOEXEC) = 3
768466 access("/etc/selinux/config", F_OK) = -1 ENOENT (No such file or directory)
768466 openat(AT_FDCWD, "/proc/self/maps", O_RDONLY|O_CLOEXEC) = 3
768466 statx(AT_FDCWD, "/usr/share/coreutils/locales/tr", AT_STATX_SYNC_AS_STAT, STATX_ALL, {stx_mask=STATX_ALL|STATX_MNT_ID, stx_attributes=0, stx_mode=S_IFDIR|0755, stx_size=4096, ...}) = 0
768466 statx(AT_FDCWD, "/usr/share/coreutils/locales/uucore", AT_STATX_SYNC_AS_STAT, STATX_ALL, {stx_mask=STATX_ALL|STATX_MNT_ID, stx_attributes=0, stx_mode=S_IFDIR|0755, stx_size=4096, ...}) = 0
768466 openat(AT_FDCWD, "/usr/share/coreutils/locales/uucore/en-US.ftl", O_RDONLY|O_CLOEXEC) = 3
768466 statx(3, "", AT_STATX_SYNC_AS_STAT|AT_EMPTY_PATH, STATX_ALL, {stx_mask=STATX_ALL|STATX_MNT_ID, stx_attributes=0, stx_mode=S_IFREG|0644, stx_size=4080, ...}) = 0
768466 statx(AT_FDCWD, "/usr/share/coreutils/locales/tr", AT_STATX_SYNC_AS_STAT, STATX_ALL, {stx_mask=STATX_ALL|STATX_MNT_ID, stx_attributes=0, stx_mode=S_IFDIR|0755, stx_size=4096, ...}) = 0
768466 openat(AT_FDCWD, "/usr/share/coreutils/locales/tr/en-US.ftl", O_RDONLY|O_CLOEXEC) = -1 ENOENT (No such file or directory)
768466 +++ exited with 0 +++
768460 --- SIGCHLD {si_signo=SIGCHLD, si_code=CLD_EXITED, si_pid=768466, si_uid=0, si_status=0, si_utime=0, si_stime=1 /* 0.01 s */} ---
768460 +++ exited with 0 +++
768455 --- SIGCHLD {si_signo=SIGCHLD, si_code=CLD_EXITED, si_pid=768459, si_uid=0, si_status=0, si_utime=0, si_stime=0} ---
768455 +++ exited with 0 +++
768163 --- SIGCHLD {si_signo=SIGCHLD, si_code=CLD_EXITED, si_pid=768455, si_uid=0, si_status=0, si_utime=0, si_stime=0} ---
768491 newfstatat(AT_FDCWD, ".", {st_mode=S_IFDIR|0775, st_size=4096, ...}, 0) = 0
768491 newfstatat(AT_FDCWD, "/home/firstmate/.local/codex-latest/lib/node_modules/@openai/codex/node_modules/@openai/codex-linux-x64/vendor/x86_64-unknown-linux-musl/codex-path/date", 0x7fff4bcef8d0, 0) = -1 ENOENT (No such file or directory)
768491 newfstatat(AT_FDCWD, "/home/firstmate/.codex-5/tmp/arg0/codex-arg065EgpK/date", 0x7fff4bcef8d0, 0) = -1 ENOENT (No such file or directory)
768491 newfstatat(AT_FDCWD, "/home/firstmate/.local/codex-latest/lib/node_modules/@openai/codex/node_modules/@openai/codex-linux-x64/vendor/x86_64-unknown-linux-musl/codex-path/date", 0x7fff4bcef8d0, 0) = -1 ENOENT (No such file or directory)
768491 newfstatat(AT_FDCWD, "/home/firstmate/.local/bin/date", 0x7fff4bcef8d0, 0) = -1 ENOENT (No such file or directory)
768491 newfstatat(AT_FDCWD, "/home/firstmate/go/bin/date", 0x7fff4bcef8d0, 0) = -1 ENOENT (No such file or directory)
768491 newfstatat(AT_FDCWD, "/home/firstmate/.cargo/bin/date", 0x7fff4bcef8d0, 0) = -1 ENOENT (No such file or directory)
768491 newfstatat(AT_FDCWD, "/home/firstmate/bin/date", 0x7fff4bcef8d0, 0) = -1 ENOENT (No such file or directory)
768491 newfstatat(AT_FDCWD, "/opt/homebrew/bin/date", 0x7fff4bcef8d0, 0) = -1 ENOENT (No such file or directory)
768491 newfstatat(AT_FDCWD, "/opt/homebrew/sbin/date", 0x7fff4bcef8d0, 0) = -1 ENOENT (No such file or directory)
768491 newfstatat(AT_FDCWD, "/usr/local/bin/date", 0x7fff4bcef8d0, 0) = -1 ENOENT (No such file or directory)
768491 newfstatat(AT_FDCWD, "/usr/local/sbin/date", 0x7fff4bcef8d0, 0) = -1 ENOENT (No such file or directory)
768491 newfstatat(AT_FDCWD, "/usr/bin/date", {st_mode=S_IFREG|0755, st_size=11352352, ...}, 0) = 0
768491 newfstatat(AT_FDCWD, "/usr/bin/date", {st_mode=S_IFREG|0755, st_size=11352352, ...}, 0) = 0
768491 access("/usr/bin/date", X_OK)    = 0
768491 newfstatat(AT_FDCWD, "/usr/bin/date", {st_mode=S_IFREG|0755, st_size=11352352, ...}, 0) = 0
768491 access("/usr/bin/date", R_OK)    = 0
768491 execve("/usr/bin/date", ["date", "+%s"], 0x5f8bc2af0f10 /* 9 vars */) = 0
768491 access("/etc/ld.so.preload", R_OK) = -1 ENOENT (No such file or directory)
768491 openat(AT_FDCWD, "/etc/ld.so.cache", O_RDONLY|O_CLOEXEC) = 3
768491 openat(AT_FDCWD, "/usr/lib/x86_64-linux-gnu/libselinux.so.1", O_RDONLY|O_CLOEXEC) = 3
768491 openat(AT_FDCWD, "/usr/lib/x86_64-linux-gnu/libgcc_s.so.1", O_RDONLY|O_CLOEXEC) = 3
768491 openat(AT_FDCWD, "/usr/lib/x86_64-linux-gnu/libm.so.6", O_RDONLY|O_CLOEXEC) = 3
768491 openat(AT_FDCWD, "/usr/lib/x86_64-linux-gnu/libc.so.6", O_RDONLY|O_CLOEXEC) = 3
768491 openat(AT_FDCWD, "/usr/lib/x86_64-linux-gnu/libpcre2-8.so.0", O_RDONLY|O_CLOEXEC) = 3
768491 statfs("/sys/fs/selinux", 0x7ffc5f425770) = -1 ENOENT (No such file or directory)
768491 statfs("/selinux", 0x7ffc5f425770) = -1 ENOENT (No such file or directory)
768491 openat(AT_FDCWD, "/proc/filesystems", O_RDONLY|O_CLOEXEC) = 3
768491 access("/etc/selinux/config", F_OK) = -1 ENOENT (No such file or directory)
768491 openat(AT_FDCWD, "/proc/self/maps", O_RDONLY|O_CLOEXEC) = 3
768491 statx(AT_FDCWD, "/usr/share/coreutils/locales/date", AT_STATX_SYNC_AS_STAT, STATX_ALL, {stx_mask=STATX_ALL|STATX_MNT_ID, stx_attributes=0, stx_mode=S_IFDIR|0755, stx_size=4096, ...}) = 0
768491 statx(AT_FDCWD, "/usr/share/coreutils/locales/uucore", AT_STATX_SYNC_AS_STAT, STATX_ALL, {stx_mask=STATX_ALL|STATX_MNT_ID, stx_attributes=0, stx_mode=S_IFDIR|0755, stx_size=4096, ...}) = 0
768491 openat(AT_FDCWD, "/usr/share/coreutils/locales/uucore/en-US.ftl", O_RDONLY|O_CLOEXEC) = 3
768491 statx(3, "", AT_STATX_SYNC_AS_STAT|AT_EMPTY_PATH, STATX_ALL, {stx_mask=STATX_ALL|STATX_MNT_ID, stx_attributes=0, stx_mode=S_IFREG|0644, stx_size=4080, ...}) = 0
768491 statx(AT_FDCWD, "/usr/share/coreutils/locales/date", AT_STATX_SYNC_AS_STAT, STATX_ALL, {stx_mask=STATX_ALL|STATX_MNT_ID, stx_attributes=0, stx_mode=S_IFDIR|0755, stx_size=4096, ...}) = 0
768491 openat(AT_FDCWD, "/usr/share/coreutils/locales/date/en-US.ftl", O_RDONLY|O_CLOEXEC) = -1 ENOENT (No such file or directory)
768491 openat(AT_FDCWD, "/usr/share/zoneinfo", O_RDONLY|O_NONBLOCK|O_CLOEXEC|O_DIRECTORY) = 3
768491 openat(AT_FDCWD, "/usr/share/zoneinfo/Atlantic", O_RDONLY|O_NONBLOCK|O_CLOEXEC|O_DIRECTORY) = 3
768491 openat(AT_FDCWD, "/usr/share/zoneinfo/Indian", O_RDONLY|O_NONBLOCK|O_CLOEXEC|O_DIRECTORY) = 3
768491 openat(AT_FDCWD, "/usr/share/zoneinfo/Australia", O_RDONLY|O_NONBLOCK|O_CLOEXEC|O_DIRECTORY) = 3
768491 openat(AT_FDCWD, "/usr/share/zoneinfo/Antarctica", O_RDONLY|O_NONBLOCK|O_CLOEXEC|O_DIRECTORY) = 3
768491 openat(AT_FDCWD, "/usr/share/zoneinfo/America", O_RDONLY|O_NONBLOCK|O_CLOEXEC|O_DIRECTORY) = 3
768491 openat(AT_FDCWD, "/usr/share/zoneinfo/America/Indiana", O_RDONLY|O_NONBLOCK|O_CLOEXEC|O_DIRECTORY) = 3
768491 openat(AT_FDCWD, "/usr/share/zoneinfo/America/Kentucky", O_RDONLY|O_NONBLOCK|O_CLOEXEC|O_DIRECTORY) = 3
768491 openat(AT_FDCWD, "/usr/share/zoneinfo/America/North_Dakota", O_RDONLY|O_NONBLOCK|O_CLOEXEC|O_DIRECTORY) = 3
768491 openat(AT_FDCWD, "/usr/share/zoneinfo/America/Argentina", O_RDONLY|O_NONBLOCK|O_CLOEXEC|O_DIRECTORY) = 3
768491 openat(AT_FDCWD, "/usr/share/zoneinfo/Africa", O_RDONLY|O_NONBLOCK|O_CLOEXEC|O_DIRECTORY) = 3
768491 openat(AT_FDCWD, "/usr/share/zoneinfo/Pacific", O_RDONLY|O_NONBLOCK|O_CLOEXEC|O_DIRECTORY) = 3
768491 openat(AT_FDCWD, "/usr/share/zoneinfo/Etc", O_RDONLY|O_NONBLOCK|O_CLOEXEC|O_DIRECTORY) = 3
768491 openat(AT_FDCWD, "/usr/share/zoneinfo/Arctic", O_RDONLY|O_NONBLOCK|O_CLOEXEC|O_DIRECTORY) = 3
768491 openat(AT_FDCWD, "/usr/share/zoneinfo/Europe", O_RDONLY|O_NONBLOCK|O_CLOEXEC|O_DIRECTORY) = 3
768491 openat(AT_FDCWD, "/usr/share/zoneinfo/Asia", O_RDONLY|O_NONBLOCK|O_CLOEXEC|O_DIRECTORY) = 3
768491 readlink("/etc/localtime", "/usr/share/zoneinfo/Etc/UTC", 256) = 27
768491 openat(AT_FDCWD, "/usr/share/zoneinfo/Etc/UTC", O_RDONLY|O_CLOEXEC) = 3
768491 statx(3, "", AT_STATX_SYNC_AS_STAT|AT_EMPTY_PATH, STATX_ALL, {stx_mask=STATX_ALL|STATX_MNT_ID, stx_attributes=0, stx_mode=S_IFREG|0644, stx_size=114, ...}) = 0
768491 statx(3, "", AT_STATX_SYNC_AS_STAT|AT_EMPTY_PATH, STATX_ALL, {stx_mask=STATX_ALL|STATX_MNT_ID, stx_attributes=0, stx_mode=S_IFREG|0644, stx_size=114, ...}) = 0
768491 +++ exited with 0 +++
768163 --- SIGCHLD {si_signo=SIGCHLD, si_code=CLD_EXITED, si_pid=768491, si_uid=0, si_status=0, si_utime=0, si_stime=3 /* 0.03 s */} ---
768538 newfstatat(AT_FDCWD, ".", {st_mode=S_IFDIR|0775, st_size=4096, ...}, 0) = 0
768538 newfstatat(AT_FDCWD, "/home/firstmate/.local/codex-latest/lib/node_modules/@openai/codex/node_modules/@openai/codex-linux-x64/vendor/x86_64-unknown-linux-musl/codex-path/dirname", 0x7fff4bce9ed0, 0) = -1 ENOENT (No such file or directory)
768538 newfstatat(AT_FDCWD, "/home/firstmate/.codex-5/tmp/arg0/codex-arg065EgpK/dirname", 0x7fff4bce9ed0, 0) = -1 ENOENT (No such file or directory)
768538 newfstatat(AT_FDCWD, "/home/firstmate/.local/codex-latest/lib/node_modules/@openai/codex/node_modules/@openai/codex-linux-x64/vendor/x86_64-unknown-linux-musl/codex-path/dirname", 0x7fff4bce9ed0, 0) = -1 ENOENT (No such file or directory)
768538 newfstatat(AT_FDCWD, "/home/firstmate/.local/bin/dirname", 0x7fff4bce9ed0, 0) = -1 ENOENT (No such file or directory)
768538 newfstatat(AT_FDCWD, "/home/firstmate/go/bin/dirname", 0x7fff4bce9ed0, 0) = -1 ENOENT (No such file or directory)
768538 newfstatat(AT_FDCWD, "/home/firstmate/.cargo/bin/dirname", 0x7fff4bce9ed0, 0) = -1 ENOENT (No such file or directory)
768538 newfstatat(AT_FDCWD, "/home/firstmate/bin/dirname", 0x7fff4bce9ed0, 0) = -1 ENOENT (No such file or directory)
768538 newfstatat(AT_FDCWD, "/opt/homebrew/bin/dirname", 0x7fff4bce9ed0, 0) = -1 ENOENT (No such file or directory)
768538 newfstatat(AT_FDCWD, "/opt/homebrew/sbin/dirname", 0x7fff4bce9ed0, 0) = -1 ENOENT (No such file or directory)
768538 newfstatat(AT_FDCWD, "/usr/local/bin/dirname", 0x7fff4bce9ed0, 0) = -1 ENOENT (No such file or directory)
768538 newfstatat(AT_FDCWD, "/usr/local/sbin/dirname", 0x7fff4bce9ed0, 0) = -1 ENOENT (No such file or directory)
768538 newfstatat(AT_FDCWD, "/usr/bin/dirname", {st_mode=S_IFREG|0755, st_size=11352352, ...}, 0) = 0
768538 newfstatat(AT_FDCWD, "/usr/bin/dirname", {st_mode=S_IFREG|0755, st_size=11352352, ...}, 0) = 0
768538 access("/usr/bin/dirname", X_OK) = 0
768538 newfstatat(AT_FDCWD, "/usr/bin/dirname", {st_mode=S_IFREG|0755, st_size=11352352, ...}, 0) = 0
768538 access("/usr/bin/dirname", R_OK) = 0
768538 execve("/usr/bin/dirname", ["dirname", "/home/firstmate/.no-mistakes/wor"...], 0x5f8bc2b034d0 /* 9 vars */) = 0
768538 access("/etc/ld.so.preload", R_OK) = -1 ENOENT (No such file or directory)
768538 openat(AT_FDCWD, "/etc/ld.so.cache", O_RDONLY|O_CLOEXEC) = 3
768538 openat(AT_FDCWD, "/usr/lib/x86_64-linux-gnu/libselinux.so.1", O_RDONLY|O_CLOEXEC) = 3
768538 openat(AT_FDCWD, "/usr/lib/x86_64-linux-gnu/libgcc_s.so.1", O_RDONLY|O_CLOEXEC) = 3
768538 openat(AT_FDCWD, "/usr/lib/x86_64-linux-gnu/libm.so.6", O_RDONLY|O_CLOEXEC) = 3
768538 openat(AT_FDCWD, "/usr/lib/x86_64-linux-gnu/libc.so.6", O_RDONLY|O_CLOEXEC) = 3
768538 openat(AT_FDCWD, "/usr/lib/x86_64-linux-gnu/libpcre2-8.so.0", O_RDONLY|O_CLOEXEC) = 3
768538 statfs("/sys/fs/selinux", 0x7ffead06b0d0) = -1 ENOENT (No such file or directory)
768538 statfs("/selinux", 0x7ffead06b0d0) = -1 ENOENT (No such file or directory)
768538 openat(AT_FDCWD, "/proc/filesystems", O_RDONLY|O_CLOEXEC) = 3
768538 access("/etc/selinux/config", F_OK) = -1 ENOENT (No such file or directory)
768538 openat(AT_FDCWD, "/proc/self/maps", O_RDONLY|O_CLOEXEC) = 3
768538 statx(AT_FDCWD, "/usr/share/coreutils/locales/dirname", AT_STATX_SYNC_AS_STAT, STATX_ALL, {stx_mask=STATX_ALL|STATX_MNT_ID, stx_attributes=0, stx_mode=S_IFDIR|0755, stx_size=4096, ...}) = 0
768538 statx(AT_FDCWD, "/usr/share/coreutils/locales/uucore", AT_STATX_SYNC_AS_STAT, STATX_ALL, {stx_mask=STATX_ALL|STATX_MNT_ID, stx_attributes=0, stx_mode=S_IFDIR|0755, stx_size=4096, ...}) = 0
768538 openat(AT_FDCWD, "/usr/share/coreutils/locales/uucore/en-US.ftl", O_RDONLY|O_CLOEXEC) = 3
768538 statx(3, "", AT_STATX_SYNC_AS_STAT|AT_EMPTY_PATH, STATX_ALL, {stx_mask=STATX_ALL|STATX_MNT_ID, stx_attributes=0, stx_mode=S_IFREG|0644, stx_size=4080, ...}) = 0
768538 statx(AT_FDCWD, "/usr/share/coreutils/locales/dirname", AT_STATX_SYNC_AS_STAT, STATX_ALL, {stx_mask=STATX_ALL|STATX_MNT_ID, stx_attributes=0, stx_mode=S_IFDIR|0755, stx_size=4096, ...}) = 0
768538 openat(AT_FDCWD, "/usr/share/coreutils/locales/dirname/en-US.ftl", O_RDONLY|O_CLOEXEC) = -1 ENOENT (No such file or directory)
768538 +++ exited with 0 +++
768533 --- SIGCHLD {si_signo=SIGCHLD, si_code=CLD_EXITED, si_pid=768538, si_uid=0, si_status=0, si_utime=0, si_stime=0} ---
768571 newfstatat(AT_FDCWD, ".", {st_mode=S_IFDIR|0775, st_size=4096, ...}, 0) = 0
768571 newfstatat(AT_FDCWD, "/home/firstmate/.local/codex-latest/lib/node_modules/@openai/codex/node_modules/@openai/codex-linux-x64/vendor/x86_64-unknown-linux-musl/codex-path/basename", 0x7fff4bce9fd0, 0) = -1 ENOENT (No such file or directory)
768571 newfstatat(AT_FDCWD, "/home/firstmate/.codex-5/tmp/arg0/codex-arg065EgpK/basename", 0x7fff4bce9fd0, 0) = -1 ENOENT (No such file or directory)
768571 newfstatat(AT_FDCWD, "/home/firstmate/.local/codex-latest/lib/node_modules/@openai/codex/node_modules/@openai/codex-linux-x64/vendor/x86_64-unknown-linux-musl/codex-path/basename", 0x7fff4bce9fd0, 0) = -1 ENOENT (No such file or directory)
768571 newfstatat(AT_FDCWD, "/home/firstmate/.local/bin/basename", 0x7fff4bce9fd0, 0) = -1 ENOENT (No such file or directory)
768571 newfstatat(AT_FDCWD, "/home/firstmate/go/bin/basename", 0x7fff4bce9fd0, 0) = -1 ENOENT (No such file or directory)
768571 newfstatat(AT_FDCWD, "/home/firstmate/.cargo/bin/basename", 0x7fff4bce9fd0, 0) = -1 ENOENT (No such file or directory)
768571 newfstatat(AT_FDCWD, "/home/firstmate/bin/basename", 0x7fff4bce9fd0, 0) = -1 ENOENT (No such file or directory)
768571 newfstatat(AT_FDCWD, "/opt/homebrew/bin/basename", 0x7fff4bce9fd0, 0) = -1 ENOENT (No such file or directory)
768571 newfstatat(AT_FDCWD, "/opt/homebrew/sbin/basename", 0x7fff4bce9fd0, 0) = -1 ENOENT (No such file or directory)
768571 newfstatat(AT_FDCWD, "/usr/local/bin/basename", 0x7fff4bce9fd0, 0) = -1 ENOENT (No such file or directory)
768571 newfstatat(AT_FDCWD, "/usr/local/sbin/basename", 0x7fff4bce9fd0, 0) = -1 ENOENT (No such file or directory)
768571 newfstatat(AT_FDCWD, "/usr/bin/basename", {st_mode=S_IFREG|0755, st_size=11352352, ...}, 0) = 0
768571 newfstatat(AT_FDCWD, "/usr/bin/basename", {st_mode=S_IFREG|0755, st_size=11352352, ...}, 0) = 0
768571 access("/usr/bin/basename", X_OK) = 0
768571 newfstatat(AT_FDCWD, "/usr/bin/basename", {st_mode=S_IFREG|0755, st_size=11352352, ...}, 0) = 0
768571 access("/usr/bin/basename", R_OK) = 0
768571 execve("/usr/bin/basename", ["basename", "/home/firstmate/.no-mistakes/wor"...], 0x5f8bc2bc09f0 /* 9 vars */) = 0
768571 access("/etc/ld.so.preload", R_OK) = -1 ENOENT (No such file or directory)
768571 openat(AT_FDCWD, "/etc/ld.so.cache", O_RDONLY|O_CLOEXEC) = 3
768571 openat(AT_FDCWD, "/usr/lib/x86_64-linux-gnu/libselinux.so.1", O_RDONLY|O_CLOEXEC) = 3
768571 openat(AT_FDCWD, "/usr/lib/x86_64-linux-gnu/libgcc_s.so.1", O_RDONLY|O_CLOEXEC) = 3
768571 openat(AT_FDCWD, "/usr/lib/x86_64-linux-gnu/libm.so.6", O_RDONLY|O_CLOEXEC) = 3
768571 openat(AT_FDCWD, "/usr/lib/x86_64-linux-gnu/libc.so.6", O_RDONLY|O_CLOEXEC) = 3
768571 openat(AT_FDCWD, "/usr/lib/x86_64-linux-gnu/libpcre2-8.so.0", O_RDONLY|O_CLOEXEC) = 3
768571 statfs("/sys/fs/selinux", 0x7fff478b70f0) = -1 ENOENT (No such file or directory)
768571 statfs("/selinux", 0x7fff478b70f0) = -1 ENOENT (No such file or directory)
768571 openat(AT_FDCWD, "/proc/filesystems", O_RDONLY|O_CLOEXEC) = 3
768571 access("/etc/selinux/config", F_OK) = -1 ENOENT (No such file or directory)
768571 openat(AT_FDCWD, "/proc/self/maps", O_RDONLY|O_CLOEXEC) = 3
768571 statx(AT_FDCWD, "/usr/share/coreutils/locales/basename", AT_STATX_SYNC_AS_STAT, STATX_ALL, {stx_mask=STATX_ALL|STATX_MNT_ID, stx_attributes=0, stx_mode=S_IFDIR|0755, stx_size=4096, ...}) = 0
768571 statx(AT_FDCWD, "/usr/share/coreutils/locales/uucore", AT_STATX_SYNC_AS_STAT, STATX_ALL, {stx_mask=STATX_ALL|STATX_MNT_ID, stx_attributes=0, stx_mode=S_IFDIR|0755, stx_size=4096, ...}) = 0
768571 openat(AT_FDCWD, "/usr/share/coreutils/locales/uucore/en-US.ftl", O_RDONLY|O_CLOEXEC) = 3
768571 statx(3, "", AT_STATX_SYNC_AS_STAT|AT_EMPTY_PATH, STATX_ALL, {stx_mask=STATX_ALL|STATX_MNT_ID, stx_attributes=0, stx_mode=S_IFREG|0644, stx_size=4080, ...}) = 0
768571 statx(AT_FDCWD, "/usr/share/coreutils/locales/basename", AT_STATX_SYNC_AS_STAT, STATX_ALL, {stx_mask=STATX_ALL|STATX_MNT_ID, stx_attributes=0, stx_mode=S_IFDIR|0755, stx_size=4096, ...}) = 0
768571 openat(AT_FDCWD, "/usr/share/coreutils/locales/basename/en-US.ftl", O_RDONLY|O_CLOEXEC) = -1 ENOENT (No such file or directory)
768571 +++ exited with 0 +++
768533 --- SIGCHLD {si_signo=SIGCHLD, si_code=CLD_EXITED, si_pid=768571, si_uid=0, si_status=0, si_utime=0, si_stime=0} ---
768587 openat(AT_FDCWD, "/dev/null", O_WRONLY|O_CREAT|O_TRUNC, 0666) = 3
768587 newfstatat(AT_FDCWD, "/home", {st_mode=S_IFDIR|0755, st_size=4096, ...}, 0) = 0
768587 newfstatat(AT_FDCWD, "/home/firstmate", {st_mode=S_IFDIR|0750, st_size=16384, ...}, 0) = 0
768587 newfstatat(AT_FDCWD, "/home/firstmate/.no-mistakes", {st_mode=S_IFDIR|0755, st_size=4096, ...}, 0) = 0
768587 newfstatat(AT_FDCWD, "/home/firstmate/.no-mistakes/worktrees", {st_mode=S_IFDIR|0755, st_size=4096, ...}, 0) = 0
768587 newfstatat(AT_FDCWD, "/home/firstmate/.no-mistakes/worktrees/8352e211db7e", {st_mode=S_IFDIR|0775, st_size=4096, ...}, 0) = 0
768587 newfstatat(AT_FDCWD, "/home/firstmate/.no-mistakes/worktrees/8352e211db7e/01M4F29HK4JCAKXEQ2F50R6HHX", {st_mode=S_IFDIR|0775, st_size=4096, ...}, 0) = 0
768587 newfstatat(AT_FDCWD, "/home/firstmate/.no-mistakes/worktrees/8352e211db7e/01M4F29HK4JCAKXEQ2F50R6HHX/.test-tmp", {st_mode=S_IFDIR|0775, st_size=4096, ...}, 0) = 0
768587 newfstatat(AT_FDCWD, "/home/firstmate/.no-mistakes/worktrees/8352e211db7e/01M4F29HK4JCAKXEQ2F50R6HHX/.test-tmp/boundary", {st_mode=S_IFDIR|0700, st_size=4096, ...}, 0) = 0
768587 newfstatat(AT_FDCWD, "/home/firstmate/.no-mistakes/worktrees/8352e211db7e/01M4F29HK4JCAKXEQ2F50R6HHX/.test-tmp/boundary/home", {st_mode=S_IFDIR|0700, st_size=4096, ...}, 0) = 0
768587 newfstatat(AT_FDCWD, "/home/firstmate/.no-mistakes/worktrees/8352e211db7e/01M4F29HK4JCAKXEQ2F50R6HHX/.test-tmp/boundary/home/state", {st_mode=S_IFDIR|0700, st_size=4096, ...}, 0) = 0
768587 chdir("/home/firstmate/.no-mistakes/worktrees/8352e211db7e/01M4F29HK4JCAKXEQ2F50R6HHX/.test-tmp/boundary/home/state") = 0
768587 readlink("/home", 0x7fff4bce8170, 4096) = -1 EINVAL (Invalid argument)
768587 readlink("/home/firstmate", 0x7fff4bce8170, 4096) = -1 EINVAL (Invalid argument)
768587 readlink("/home/firstmate/.no-mistakes", 0x7fff4bce8170, 4096) = -1 EINVAL (Invalid argument)
768587 readlink("/home/firstmate/.no-mistakes/worktrees", 0x7fff4bce8170, 4096) = -1 EINVAL (Invalid argument)
768587 readlink("/home/firstmate/.no-mistakes/worktrees/8352e211db7e", 0x7fff4bce8170, 4096) = -1 EINVAL (Invalid argument)
768587 readlink("/home/firstmate/.no-mistakes/worktrees/8352e211db7e/01M4F29HK4JCAKXEQ2F50R6HHX", 0x7fff4bce8170, 4096) = -1 EINVAL (Invalid argument)
768587 readlink("/home/firstmate/.no-mistakes/worktrees/8352e211db7e/01M4F29HK4JCAKXEQ2F50R6HHX/.test-tmp", 0x7fff4bce8170, 4096) = -1 EINVAL (Invalid argument)
768587 readlink("/home/firstmate/.no-mistakes/worktrees/8352e211db7e/01M4F29HK4JCAKXEQ2F50R6HHX/.test-tmp/boundary", 0x7fff4bce8170, 4096) = -1 EINVAL (Invalid argument)
768587 readlink("/home/firstmate/.no-mistakes/worktrees/8352e211db7e/01M4F29HK4JCAKXEQ2F50R6HHX/.test-tmp/boundary/home", 0x7fff4bce8170, 4096) = -1 EINVAL (Invalid argument)
768587 readlink("/home/firstmate/.no-mistakes/worktrees/8352e211db7e/01M4F29HK4JCAKXEQ2F50R6HHX/.test-tmp/boundary/home/state", 0x7fff4bce8170, 4096) = -1 EINVAL (Invalid argument)
768587 +++ exited with 0 +++
768533 --- SIGCHLD {si_signo=SIGCHLD, si_code=CLD_EXITED, si_pid=768587, si_uid=0, si_status=0, si_utime=0, si_stime=0} ---
768533 +++ exited with 0 +++
768531 --- SIGCHLD {si_signo=SIGCHLD, si_code=CLD_EXITED, si_pid=768533, si_uid=0, si_status=0, si_utime=0, si_stime=0} ---
768531 newfstatat(AT_FDCWD, ".", {st_mode=S_IFDIR|0775, st_size=4096, ...}, 0) = 0
768531 newfstatat(AT_FDCWD, "/home/firstmate/.local/codex-latest/lib/node_modules/@openai/codex/node_modules/@openai/codex-linux-x64/vendor/x86_64-unknown-linux-musl/codex-path/mktemp", 0x7fff4bceb9e0, 0) = -1 ENOENT (No such file or directory)
768531 newfstatat(AT_FDCWD, "/home/firstmate/.codex-5/tmp/arg0/codex-arg065EgpK/mktemp", 0x7fff4bceb9e0, 0) = -1 ENOENT (No such file or directory)
768531 newfstatat(AT_FDCWD, "/home/firstmate/.local/codex-latest/lib/node_modules/@openai/codex/node_modules/@openai/codex-linux-x64/vendor/x86_64-unknown-linux-musl/codex-path/mktemp", 0x7fff4bceb9e0, 0) = -1 ENOENT (No such file or directory)
768531 newfstatat(AT_FDCWD, "/home/firstmate/.local/bin/mktemp", 0x7fff4bceb9e0, 0) = -1 ENOENT (No such file or directory)
768531 newfstatat(AT_FDCWD, "/home/firstmate/go/bin/mktemp", 0x7fff4bceb9e0, 0) = -1 ENOENT (No such file or directory)
768531 newfstatat(AT_FDCWD, "/home/firstmate/.cargo/bin/mktemp", 0x7fff4bceb9e0, 0) = -1 ENOENT (No such file or directory)
768531 newfstatat(AT_FDCWD, "/home/firstmate/bin/mktemp", 0x7fff4bceb9e0, 0) = -1 ENOENT (No such file or directory)
768531 newfstatat(AT_FDCWD, "/opt/homebrew/bin/mktemp", 0x7fff4bceb9e0, 0) = -1 ENOENT (No such file or directory)
768531 newfstatat(AT_FDCWD, "/opt/homebrew/sbin/mktemp", 0x7fff4bceb9e0, 0) = -1 ENOENT (No such file or directory)
768531 newfstatat(AT_FDCWD, "/usr/local/bin/mktemp", 0x7fff4bceb9e0, 0) = -1 ENOENT (No such file or directory)
768531 newfstatat(AT_FDCWD, "/usr/local/sbin/mktemp", 0x7fff4bceb9e0, 0) = -1 ENOENT (No such file or directory)
768531 newfstatat(AT_FDCWD, "/usr/bin/mktemp", {st_mode=S_IFREG|0755, st_size=11352352, ...}, 0) = 0
768531 newfstatat(AT_FDCWD, "/usr/bin/mktemp", {st_mode=S_IFREG|0755, st_size=11352352, ...}, 0) = 0
768531 access("/usr/bin/mktemp", X_OK)  = 0
768531 newfstatat(AT_FDCWD, "/usr/bin/mktemp", {st_mode=S_IFREG|0755, st_size=11352352, ...}, 0) = 0
768531 access("/usr/bin/mktemp", R_OK)  = 0
768605 openat(AT_FDCWD, "/dev/null", O_WRONLY|O_CREAT|O_TRUNC, 0666) = 3
768605 execve("/usr/bin/mktemp", ["mktemp", "-d", "/home/firstmate/.no-mistakes/wor"...], 0x5f8bc2b08d10 /* 9 vars */) = 0
768605 access("/etc/ld.so.preload", R_OK) = -1 ENOENT (No such file or directory)
768605 openat(AT_FDCWD, "/etc/ld.so.cache", O_RDONLY|O_CLOEXEC) = 3
768605 openat(AT_FDCWD, "/usr/lib/x86_64-linux-gnu/libselinux.so.1", O_RDONLY|O_CLOEXEC) = 3
768605 openat(AT_FDCWD, "/usr/lib/x86_64-linux-gnu/libgcc_s.so.1", O_RDONLY|O_CLOEXEC) = 3
768605 openat(AT_FDCWD, "/usr/lib/x86_64-linux-gnu/libm.so.6", O_RDONLY|O_CLOEXEC) = 3
768605 openat(AT_FDCWD, "/usr/lib/x86_64-linux-gnu/libc.so.6", O_RDONLY|O_CLOEXEC) = 3
768605 openat(AT_FDCWD, "/usr/lib/x86_64-linux-gnu/libpcre2-8.so.0", O_RDONLY|O_CLOEXEC) = 3
768605 statfs("/sys/fs/selinux", 0x7fff71844be0) = -1 ENOENT (No such file or directory)
768605 statfs("/selinux", 0x7fff71844be0) = -1 ENOENT (No such file or directory)
768605 openat(AT_FDCWD, "/proc/filesystems", O_RDONLY|O_CLOEXEC) = 3
768605 access("/etc/selinux/config", F_OK) = -1 ENOENT (No such file or directory)
768605 openat(AT_FDCWD, "/proc/self/maps", O_RDONLY|O_CLOEXEC) = 3
768605 statx(AT_FDCWD, "/usr/share/coreutils/locales/mktemp", AT_STATX_SYNC_AS_STAT, STATX_ALL, {stx_mask=STATX_ALL|STATX_MNT_ID, stx_attributes=0, stx_mode=S_IFDIR|0755, stx_size=4096, ...}) = 0
768605 statx(AT_FDCWD, "/usr/share/coreutils/locales/uucore", AT_STATX_SYNC_AS_STAT, STATX_ALL, {stx_mask=STATX_ALL|STATX_MNT_ID, stx_attributes=0, stx_mode=S_IFDIR|0755, stx_size=4096, ...}) = 0
768605 openat(AT_FDCWD, "/usr/share/coreutils/locales/uucore/en-US.ftl", O_RDONLY|O_CLOEXEC) = 3
768605 statx(3, "", AT_STATX_SYNC_AS_STAT|AT_EMPTY_PATH, STATX_ALL, {stx_mask=STATX_ALL|STATX_MNT_ID, stx_attributes=0, stx_mode=S_IFREG|0644, stx_size=4080, ...}) = 0
768605 statx(AT_FDCWD, "/usr/share/coreutils/locales/mktemp", AT_STATX_SYNC_AS_STAT, STATX_ALL, {stx_mask=STATX_ALL|STATX_MNT_ID, stx_attributes=0, stx_mode=S_IFDIR|0755, stx_size=4096, ...}) = 0
768605 openat(AT_FDCWD, "/usr/share/coreutils/locales/mktemp/en-US.ftl", O_RDONLY|O_CLOEXEC) = -1 ENOENT (No such file or directory)
768605 mkdir("/home/firstmate/.no-mistakes/worktrees/8352e211db7e/01M4F29HK4JCAKXEQ2F50R6HHX/.test-tmp/boundary/home/state/.watcher-down.lock.owner.As6P5K", 0700) = 0
768605 +++ exited with 0 +++
768531 --- SIGCHLD {si_signo=SIGCHLD, si_code=CLD_EXITED, si_pid=768605, si_uid=0, si_status=0, si_utime=0, si_stime=0} ---
768531 +++ exited with 0 +++
768163 --- SIGCHLD {si_signo=SIGCHLD, si_code=CLD_EXITED, si_pid=768531, si_uid=0, si_status=0, si_utime=0, si_stime=0} ---
768163 newfstatat(AT_FDCWD, "/home/firstmate/.no-mistakes/worktrees/8352e211db7e/01M4F29HK4JCAKXEQ2F50R6HHX/.test-tmp/boundary/home/state/.watcher-down.lock", 0x7fff4bceca00, 0) = -1 ENOENT (No such file or directory)
768163 newfstatat(AT_FDCWD, "/home/firstmate/.no-mistakes/worktrees/8352e211db7e/01M4F29HK4JCAKXEQ2F50R6HHX/.test-tmp/boundary/home/state/.watcher-down.lock", 0x7fff4bceca00, AT_SYMLINK_NOFOLLOW) = -1 ENOENT (No such file or directory)
768163 openat(AT_FDCWD, "/home/firstmate/.no-mistakes/worktrees/8352e211db7e/01M4F29HK4JCAKXEQ2F50R6HHX/.test-tmp/boundary/home/state/.watcher-down.lock.owner.As6P5K/pid", O_WRONLY|O_CREAT|O_TRUNC, 0666) = 3
768163 openat(AT_FDCWD, "/dev/null", O_WRONLY|O_CREAT|O_TRUNC, 0666) = 3
768624 newfstatat(AT_FDCWD, ".", {st_mode=S_IFDIR|0775, st_size=4096, ...}, 0) = 0
768624 newfstatat(AT_FDCWD, "/home/firstmate/.local/codex-latest/lib/node_modules/@openai/codex/node_modules/@openai/codex-linux-x64/vendor/x86_64-unknown-linux-musl/codex-path/cat", 0x7fff4bceb9e0, 0) = -1 ENOENT (No such file or directory)
768624 newfstatat(AT_FDCWD, "/home/firstmate/.codex-5/tmp/arg0/codex-arg065EgpK/cat", 0x7fff4bceb9e0, 0) = -1 ENOENT (No such file or directory)
768624 newfstatat(AT_FDCWD, "/home/firstmate/.local/codex-latest/lib/node_modules/@openai/codex/node_modules/@openai/codex-linux-x64/vendor/x86_64-unknown-linux-musl/codex-path/cat", 0x7fff4bceb9e0, 0) = -1 ENOENT (No such file or directory)
768624 newfstatat(AT_FDCWD, "/home/firstmate/.local/bin/cat", 0x7fff4bceb9e0, 0) = -1 ENOENT (No such file or directory)
768624 newfstatat(AT_FDCWD, "/home/firstmate/go/bin/cat", 0x7fff4bceb9e0, 0) = -1 ENOENT (No such file or directory)
768624 newfstatat(AT_FDCWD, "/home/firstmate/.cargo/bin/cat", 0x7fff4bceb9e0, 0) = -1 ENOENT (No such file or directory)
768624 newfstatat(AT_FDCWD, "/home/firstmate/bin/cat", 0x7fff4bceb9e0, 0) = -1 ENOENT (No such file or directory)
768624 newfstatat(AT_FDCWD, "/opt/homebrew/bin/cat", 0x7fff4bceb9e0, 0) = -1 ENOENT (No such file or directory)
768624 newfstatat(AT_FDCWD, "/opt/homebrew/sbin/cat", 0x7fff4bceb9e0, 0) = -1 ENOENT (No such file or directory)
768624 newfstatat(AT_FDCWD, "/usr/local/bin/cat", 0x7fff4bceb9e0, 0) = -1 ENOENT (No such file or directory)
768624 newfstatat(AT_FDCWD, "/usr/local/sbin/cat", 0x7fff4bceb9e0, 0) = -1 ENOENT (No such file or directory)
768624 newfstatat(AT_FDCWD, "/usr/bin/cat", {st_mode=S_IFREG|0755, st_size=11352352, ...}, 0) = 0
768624 newfstatat(AT_FDCWD, "/usr/bin/cat", {st_mode=S_IFREG|0755, st_size=11352352, ...}, 0) = 0
768624 access("/usr/bin/cat", X_OK)     = 0
768624 newfstatat(AT_FDCWD, "/usr/bin/cat", {st_mode=S_IFREG|0755, st_size=11352352, ...}, 0) = 0
768624 access("/usr/bin/cat", R_OK)     = 0
768634 openat(AT_FDCWD, "/dev/null", O_WRONLY|O_CREAT|O_TRUNC, 0666) = 3
768634 execve("/usr/bin/cat", ["cat", "/home/firstmate/.no-mistakes/wor"...], 0x5f8bc2b08d10 /* 9 vars */) = 0
768634 access("/etc/ld.so.preload", R_OK) = -1 ENOENT (No such file or directory)
768634 openat(AT_FDCWD, "/etc/ld.so.cache", O_RDONLY|O_CLOEXEC) = 3
768634 openat(AT_FDCWD, "/usr/lib/x86_64-linux-gnu/libselinux.so.1", O_RDONLY|O_CLOEXEC) = 3
768634 openat(AT_FDCWD, "/usr/lib/x86_64-linux-gnu/libgcc_s.so.1", O_RDONLY|O_CLOEXEC) = 3
768634 openat(AT_FDCWD, "/usr/lib/x86_64-linux-gnu/libm.so.6", O_RDONLY|O_CLOEXEC) = 3
768634 openat(AT_FDCWD, "/usr/lib/x86_64-linux-gnu/libc.so.6", O_RDONLY|O_CLOEXEC) = 3
768634 openat(AT_FDCWD, "/usr/lib/x86_64-linux-gnu/libpcre2-8.so.0", O_RDONLY|O_CLOEXEC) = 3
768634 statfs("/sys/fs/selinux", 0x7ffd960078e0) = -1 ENOENT (No such file or directory)
768634 statfs("/selinux", 0x7ffd960078e0) = -1 ENOENT (No such file or directory)
768634 openat(AT_FDCWD, "/proc/filesystems", O_RDONLY|O_CLOEXEC) = 3
768634 access("/etc/selinux/config", F_OK) = -1 ENOENT (No such file or directory)
768634 openat(AT_FDCWD, "/proc/self/maps", O_RDONLY|O_CLOEXEC) = 3
768634 statx(AT_FDCWD, "/usr/share/coreutils/locales/cat", AT_STATX_SYNC_AS_STAT, STATX_ALL, {stx_mask=STATX_ALL|STATX_MNT_ID, stx_attributes=0, stx_mode=S_IFDIR|0755, stx_size=4096, ...}) = 0
768634 statx(AT_FDCWD, "/usr/share/coreutils/locales/uucore", AT_STATX_SYNC_AS_STAT, STATX_ALL, {stx_mask=STATX_ALL|STATX_MNT_ID, stx_attributes=0, stx_mode=S_IFDIR|0755, stx_size=4096, ...}) = 0
768634 openat(AT_FDCWD, "/usr/share/coreutils/locales/uucore/en-US.ftl", O_RDONLY|O_CLOEXEC) = 3
768634 statx(3, "", AT_STATX_SYNC_AS_STAT|AT_EMPTY_PATH, STATX_ALL, {stx_mask=STATX_ALL|STATX_MNT_ID, stx_attributes=0, stx_mode=S_IFREG|0644, stx_size=4080, ...}) = 0
768634 statx(AT_FDCWD, "/usr/share/coreutils/locales/cat", AT_STATX_SYNC_AS_STAT, STATX_ALL, {stx_mask=STATX_ALL|STATX_MNT_ID, stx_attributes=0, stx_mode=S_IFDIR|0755, stx_size=4096, ...}) = 0
768634 openat(AT_FDCWD, "/usr/share/coreutils/locales/cat/en-US.ftl", O_RDONLY|O_CLOEXEC) = -1 ENOENT (No such file or directory)
768634 statx(AT_FDCWD, "/home/firstmate/.no-mistakes/worktrees/8352e211db7e/01M4F29HK4JCAKXEQ2F50R6HHX/.test-tmp/boundary/home/state/.watcher-down.lock.owner.As6P5K/pid", AT_STATX_SYNC_AS_STAT, STATX_ALL, {stx_mask=STATX_ALL|STATX_MNT_ID, stx_attributes=0, stx_mode=S_IFREG|0600, stx_size=7, ...}) = 0
768634 openat(AT_FDCWD, "/home/firstmate/.no-mistakes/worktrees/8352e211db7e/01M4F29HK4JCAKXEQ2F50R6HHX/.test-tmp/boundary/home/state/.watcher-down.lock.owner.As6P5K/pid", O_RDONLY|O_CLOEXEC) = 3
768634 +++ exited with 0 +++
768624 --- SIGCHLD {si_signo=SIGCHLD, si_code=CLD_EXITED, si_pid=768634, si_uid=0, si_status=0, si_utime=0, si_stime=0} ---
768624 +++ exited with 0 +++
768163 --- SIGCHLD {si_signo=SIGCHLD, si_code=CLD_EXITED, si_pid=768624, si_uid=0, si_status=0, si_utime=0, si_stime=0} ---
768673 openat(AT_FDCWD, "/dev/null", O_WRONLY|O_CREAT|O_TRUNC, 0666) = 3
768673 execve("/usr/bin/ln", ["ln", "-s", "/home/firstmate/.no-mistakes/wor"..., "/home/firstmate/.no-mistakes/wor"...], 0x5f8bc2b08d10 /* 9 vars */) = 0
768673 access("/etc/ld.so.preload", R_OK) = -1 ENOENT (No such file or directory)
768673 openat(AT_FDCWD, "/etc/ld.so.cache", O_RDONLY|O_CLOEXEC) = 3
768673 openat(AT_FDCWD, "/usr/lib/x86_64-linux-gnu/libselinux.so.1", O_RDONLY|O_CLOEXEC) = 3
768673 openat(AT_FDCWD, "/usr/lib/x86_64-linux-gnu/libgcc_s.so.1", O_RDONLY|O_CLOEXEC) = 3
768673 openat(AT_FDCWD, "/usr/lib/x86_64-linux-gnu/libm.so.6", O_RDONLY|O_CLOEXEC) = 3
768673 openat(AT_FDCWD, "/usr/lib/x86_64-linux-gnu/libc.so.6", O_RDONLY|O_CLOEXEC) = 3
768673 openat(AT_FDCWD, "/usr/lib/x86_64-linux-gnu/libpcre2-8.so.0", O_RDONLY|O_CLOEXEC) = 3
768673 statfs("/sys/fs/selinux", 0x7ffcb30dd490) = -1 ENOENT (No such file or directory)
768673 statfs("/selinux", 0x7ffcb30dd490) = -1 ENOENT (No such file or directory)
768673 openat(AT_FDCWD, "/proc/filesystems", O_RDONLY|O_CLOEXEC) = 3
768673 access("/etc/selinux/config", F_OK) = -1 ENOENT (No such file or directory)
768673 openat(AT_FDCWD, "/proc/self/maps", O_RDONLY|O_CLOEXEC) = 3
768673 statx(AT_FDCWD, "/usr/share/coreutils/locales/ln", AT_STATX_SYNC_AS_STAT, STATX_ALL, {stx_mask=STATX_ALL|STATX_MNT_ID, stx_attributes=0, stx_mode=S_IFDIR|0755, stx_size=4096, ...}) = 0
768673 statx(AT_FDCWD, "/usr/share/coreutils/locales/uucore", AT_STATX_SYNC_AS_STAT, STATX_ALL, {stx_mask=STATX_ALL|STATX_MNT_ID, stx_attributes=0, stx_mode=S_IFDIR|0755, stx_size=4096, ...}) = 0
768673 openat(AT_FDCWD, "/usr/share/coreutils/locales/uucore/en-US.ftl", O_RDONLY|O_CLOEXEC) = 3
768673 statx(3, "", AT_STATX_SYNC_AS_STAT|AT_EMPTY_PATH, STATX_ALL, {stx_mask=STATX_ALL|STATX_MNT_ID, stx_attributes=0, stx_mode=S_IFREG|0644, stx_size=4080, ...}) = 0
768673 statx(AT_FDCWD, "/usr/share/coreutils/locales/ln", AT_STATX_SYNC_AS_STAT, STATX_ALL, {stx_mask=STATX_ALL|STATX_MNT_ID, stx_attributes=0, stx_mode=S_IFDIR|0755, stx_size=4096, ...}) = 0
768673 openat(AT_FDCWD, "/usr/share/coreutils/locales/ln/en-US.ftl", O_RDONLY|O_CLOEXEC) = -1 ENOENT (No such file or directory)
768673 statx(AT_FDCWD, "/home/firstmate/.no-mistakes/worktrees/8352e211db7e/01M4F29HK4JCAKXEQ2F50R6HHX/.test-tmp/boundary/home/state/.watcher-down.lock", AT_STATX_SYNC_AS_STAT, STATX_ALL, 0x7ffcb30dc950) = -1 ENOENT (No such file or directory)
768673 statx(AT_FDCWD, "/home/firstmate/.no-mistakes/worktrees/8352e211db7e/01M4F29HK4JCAKXEQ2F50R6HHX/.test-tmp/boundary/home/state/.watcher-down.lock", AT_STATX_SYNC_AS_STAT|AT_SYMLINK_NOFOLLOW, STATX_ALL, 0x7ffcb30dc7d0) = -1 ENOENT (No such file or directory)
768673 statx(AT_FDCWD, "/home/firstmate/.no-mistakes/worktrees/8352e211db7e/01M4F29HK4JCAKXEQ2F50R6HHX/.test-tmp/boundary/home/state/.watcher-down.lock", AT_STATX_SYNC_AS_STAT, STATX_ALL, 0x7ffcb30dc7c0) = -1 ENOENT (No such file or directory)
768673 symlink("/home/firstmate/.no-mistakes/worktrees/8352e211db7e/01M4F29HK4JCAKXEQ2F50R6HHX/.test-tmp/boundary/home/state/.watcher-down.lock.owner.As6P5K", "/home/firstmate/.no-mistakes/worktrees/8352e211db7e/01M4F29HK4JCAKXEQ2F50R6HHX/.test-tmp/boundary/home/state/.watcher-down.lock") = 0
768673 +++ exited with 0 +++
768163 --- SIGCHLD {si_signo=SIGCHLD, si_code=CLD_EXITED, si_pid=768673, si_uid=0, si_status=0, si_utime=0, si_stime=1 /* 0.01 s */} ---
768705 newfstatat(AT_FDCWD, ".", {st_mode=S_IFDIR|0775, st_size=4096, ...}, 0) = 0
768705 newfstatat(AT_FDCWD, "/home/firstmate/.local/codex-latest/lib/node_modules/@openai/codex/node_modules/@openai/codex-linux-x64/vendor/x86_64-unknown-linux-musl/codex-path/readlink", 0x7fff4bceb9e0, 0) = -1 ENOENT (No such file or directory)
768705 newfstatat(AT_FDCWD, "/home/firstmate/.codex-5/tmp/arg0/codex-arg065EgpK/readlink", 0x7fff4bceb9e0, 0) = -1 ENOENT (No such file or directory)
768705 newfstatat(AT_FDCWD, "/home/firstmate/.local/codex-latest/lib/node_modules/@openai/codex/node_modules/@openai/codex-linux-x64/vendor/x86_64-unknown-linux-musl/codex-path/readlink", 0x7fff4bceb9e0, 0) = -1 ENOENT (No such file or directory)
768705 newfstatat(AT_FDCWD, "/home/firstmate/.local/bin/readlink", 0x7fff4bceb9e0, 0) = -1 ENOENT (No such file or directory)
768705 newfstatat(AT_FDCWD, "/home/firstmate/go/bin/readlink", 0x7fff4bceb9e0, 0) = -1 ENOENT (No such file or directory)
768705 newfstatat(AT_FDCWD, "/home/firstmate/.cargo/bin/readlink", 0x7fff4bceb9e0, 0) = -1 ENOENT (No such file or directory)
768705 newfstatat(AT_FDCWD, "/home/firstmate/bin/readlink", 0x7fff4bceb9e0, 0) = -1 ENOENT (No such file or directory)
768705 newfstatat(AT_FDCWD, "/opt/homebrew/bin/readlink", 0x7fff4bceb9e0, 0) = -1 ENOENT (No such file or directory)
768705 newfstatat(AT_FDCWD, "/opt/homebrew/sbin/readlink", 0x7fff4bceb9e0, 0) = -1 ENOENT (No such file or directory)
768705 newfstatat(AT_FDCWD, "/usr/local/bin/readlink", 0x7fff4bceb9e0, 0) = -1 ENOENT (No such file or directory)
768705 newfstatat(AT_FDCWD, "/usr/local/sbin/readlink", 0x7fff4bceb9e0, 0) = -1 ENOENT (No such file or directory)
768705 newfstatat(AT_FDCWD, "/usr/bin/readlink", {st_mode=S_IFREG|0755, st_size=11352352, ...}, 0) = 0
768705 newfstatat(AT_FDCWD, "/usr/bin/readlink", {st_mode=S_IFREG|0755, st_size=11352352, ...}, 0) = 0
768705 access("/usr/bin/readlink", X_OK) = 0
768705 newfstatat(AT_FDCWD, "/usr/bin/readlink", {st_mode=S_IFREG|0755, st_size=11352352, ...}, 0) = 0
768705 access("/usr/bin/readlink", R_OK) = 0
768712 openat(AT_FDCWD, "/dev/null", O_WRONLY|O_CREAT|O_TRUNC, 0666) = 3
768712 execve("/usr/bin/readlink", ["readlink", "/home/firstmate/.no-mistakes/wor"...], 0x5f8bc2b08d10 /* 9 vars */) = 0
768712 access("/etc/ld.so.preload", R_OK) = -1 ENOENT (No such file or directory)
768712 openat(AT_FDCWD, "/etc/ld.so.cache", O_RDONLY|O_CLOEXEC) = 3
768712 openat(AT_FDCWD, "/usr/lib/x86_64-linux-gnu/libselinux.so.1", O_RDONLY|O_CLOEXEC) = 3
768712 openat(AT_FDCWD, "/usr/lib/x86_64-linux-gnu/libgcc_s.so.1", O_RDONLY|O_CLOEXEC) = 3
768712 openat(AT_FDCWD, "/usr/lib/x86_64-linux-gnu/libm.so.6", O_RDONLY|O_CLOEXEC) = 3
768712 openat(AT_FDCWD, "/usr/lib/x86_64-linux-gnu/libc.so.6", O_RDONLY|O_CLOEXEC) = 3
768712 openat(AT_FDCWD, "/usr/lib/x86_64-linux-gnu/libpcre2-8.so.0", O_RDONLY|O_CLOEXEC) = 3
768712 statfs("/sys/fs/selinux", 0x7ffd3a3c33e0) = -1 ENOENT (No such file or directory)
768712 statfs("/selinux", 0x7ffd3a3c33e0) = -1 ENOENT (No such file or directory)
768712 openat(AT_FDCWD, "/proc/filesystems", O_RDONLY|O_CLOEXEC) = 3
768712 access("/etc/selinux/config", F_OK) = -1 ENOENT (No such file or directory)
768712 openat(AT_FDCWD, "/proc/self/maps", O_RDONLY|O_CLOEXEC) = 3
768712 statx(AT_FDCWD, "/usr/share/coreutils/locales/readlink", AT_STATX_SYNC_AS_STAT, STATX_ALL, {stx_mask=STATX_ALL|STATX_MNT_ID, stx_attributes=0, stx_mode=S_IFDIR|0755, stx_size=4096, ...}) = 0
768712 statx(AT_FDCWD, "/usr/share/coreutils/locales/uucore", AT_STATX_SYNC_AS_STAT, STATX_ALL, {stx_mask=STATX_ALL|STATX_MNT_ID, stx_attributes=0, stx_mode=S_IFDIR|0755, stx_size=4096, ...}) = 0
768712 openat(AT_FDCWD, "/usr/share/coreutils/locales/uucore/en-US.ftl", O_RDONLY|O_CLOEXEC) = 3
768712 statx(3, "", AT_STATX_SYNC_AS_STAT|AT_EMPTY_PATH, STATX_ALL, {stx_mask=STATX_ALL|STATX_MNT_ID, stx_attributes=0, stx_mode=S_IFREG|0644, stx_size=4080, ...}) = 0
768712 statx(AT_FDCWD, "/usr/share/coreutils/locales/readlink", AT_STATX_SYNC_AS_STAT, STATX_ALL, {stx_mask=STATX_ALL|STATX_MNT_ID, stx_attributes=0, stx_mode=S_IFDIR|0755, stx_size=4096, ...}) = 0
768712 openat(AT_FDCWD, "/usr/share/coreutils/locales/readlink/en-US.ftl", O_RDONLY|O_CLOEXEC) = -1 ENOENT (No such file or directory)
768712 readlink("/home/firstmate/.no-mistakes/worktrees/8352e211db7e/01M4F29HK4JCAKXEQ2F50R6HHX/.test-tmp/boundary/home/state/.watcher-down.lock", "/home/firstmate/.no-mistakes/wor"..., 256) = 140
768712 +++ exited with 0 +++
768705 --- SIGCHLD {si_signo=SIGCHLD, si_code=CLD_EXITED, si_pid=768712, si_uid=0, si_status=0, si_utime=0, si_stime=0} ---
768705 +++ exited with 0 +++
768163 --- SIGCHLD {si_signo=SIGCHLD, si_code=CLD_EXITED, si_pid=768705, si_uid=0, si_status=0, si_utime=0, si_stime=0} ---
768163 openat(AT_FDCWD, "/dev/null", O_WRONLY|O_CREAT|O_TRUNC, 0666) = 3
768163 openat(AT_FDCWD, "/home/firstmate/.no-mistakes/worktrees/8352e211db7e/01M4F29HK4JCAKXEQ2F50R6HHX/.test-tmp/boundary/home/state/.watcher-down.lock.owner.As6P5K/pid", O_WRONLY|O_CREAT|O_TRUNC, 0666) = 3
768726 newfstatat(AT_FDCWD, ".", {st_mode=S_IFDIR|0775, st_size=4096, ...}, 0) = 0
768726 newfstatat(AT_FDCWD, "/home/firstmate/.local/codex-latest/lib/node_modules/@openai/codex/node_modules/@openai/codex-linux-x64/vendor/x86_64-unknown-linux-musl/codex-path/cat", 0x7fff4bceb5e0, 0) = -1 ENOENT (No such file or directory)
768726 newfstatat(AT_FDCWD, "/home/firstmate/.codex-5/tmp/arg0/codex-arg065EgpK/cat", 0x7fff4bceb5e0, 0) = -1 ENOENT (No such file or directory)
768726 newfstatat(AT_FDCWD, "/home/firstmate/.local/codex-latest/lib/node_modules/@openai/codex/node_modules/@openai/codex-linux-x64/vendor/x86_64-unknown-linux-musl/codex-path/cat", 0x7fff4bceb5e0, 0) = -1 ENOENT (No such file or directory)
768726 newfstatat(AT_FDCWD, "/home/firstmate/.local/bin/cat", 0x7fff4bceb5e0, 0) = -1 ENOENT (No such file or directory)
768726 newfstatat(AT_FDCWD, "/home/firstmate/go/bin/cat", 0x7fff4bceb5e0, 0) = -1 ENOENT (No such file or directory)
768726 newfstatat(AT_FDCWD, "/home/firstmate/.cargo/bin/cat", 0x7fff4bceb5e0, 0) = -1 ENOENT (No such file or directory)
768726 newfstatat(AT_FDCWD, "/home/firstmate/bin/cat", 0x7fff4bceb5e0, 0) = -1 ENOENT (No such file or directory)
768726 newfstatat(AT_FDCWD, "/opt/homebrew/bin/cat", 0x7fff4bceb5e0, 0) = -1 ENOENT (No such file or directory)
768726 newfstatat(AT_FDCWD, "/opt/homebrew/sbin/cat", 0x7fff4bceb5e0, 0) = -1 ENOENT (No such file or directory)
768726 newfstatat(AT_FDCWD, "/usr/local/bin/cat", 0x7fff4bceb5e0, 0) = -1 ENOENT (No such file or directory)
768726 newfstatat(AT_FDCWD, "/usr/local/sbin/cat", 0x7fff4bceb5e0, 0) = -1 ENOENT (No such file or directory)
768726 newfstatat(AT_FDCWD, "/usr/bin/cat", {st_mode=S_IFREG|0755, st_size=11352352, ...}, 0) = 0
768726 newfstatat(AT_FDCWD, "/usr/bin/cat", {st_mode=S_IFREG|0755, st_size=11352352, ...}, 0) = 0
768726 access("/usr/bin/cat", X_OK)     = 0
768726 newfstatat(AT_FDCWD, "/usr/bin/cat", {st_mode=S_IFREG|0755, st_size=11352352, ...}, 0) = 0
768726 access("/usr/bin/cat", R_OK)     = 0
768731 openat(AT_FDCWD, "/dev/null", O_WRONLY|O_CREAT|O_TRUNC, 0666) = 3
768731 execve("/usr/bin/cat", ["cat", "/home/firstmate/.no-mistakes/wor"...], 0x5f8bc2b08d10 /* 9 vars */) = 0
768731 access("/etc/ld.so.preload", R_OK) = -1 ENOENT (No such file or directory)
768731 openat(AT_FDCWD, "/etc/ld.so.cache", O_RDONLY|O_CLOEXEC) = 3
768731 openat(AT_FDCWD, "/usr/lib/x86_64-linux-gnu/libselinux.so.1", O_RDONLY|O_CLOEXEC) = 3
768731 openat(AT_FDCWD, "/usr/lib/x86_64-linux-gnu/libgcc_s.so.1", O_RDONLY|O_CLOEXEC) = 3
768731 openat(AT_FDCWD, "/usr/lib/x86_64-linux-gnu/libm.so.6", O_RDONLY|O_CLOEXEC) = 3
768731 openat(AT_FDCWD, "/usr/lib/x86_64-linux-gnu/libc.so.6", O_RDONLY|O_CLOEXEC) = 3
768731 openat(AT_FDCWD, "/usr/lib/x86_64-linux-gnu/libpcre2-8.so.0", O_RDONLY|O_CLOEXEC) = 3
768731 statfs("/sys/fs/selinux", 0x7fff55baf740) = -1 ENOENT (No such file or directory)
768731 statfs("/selinux", 0x7fff55baf740) = -1 ENOENT (No such file or directory)
768731 openat(AT_FDCWD, "/proc/filesystems", O_RDONLY|O_CLOEXEC) = 3
768731 access("/etc/selinux/config", F_OK) = -1 ENOENT (No such file or directory)
768731 openat(AT_FDCWD, "/proc/self/maps", O_RDONLY|O_CLOEXEC) = 3
768731 statx(AT_FDCWD, "/usr/share/coreutils/locales/cat", AT_STATX_SYNC_AS_STAT, STATX_ALL, {stx_mask=STATX_ALL|STATX_MNT_ID, stx_attributes=0, stx_mode=S_IFDIR|0755, stx_size=4096, ...}) = 0
768731 statx(AT_FDCWD, "/usr/share/coreutils/locales/uucore", AT_STATX_SYNC_AS_STAT, STATX_ALL, {stx_mask=STATX_ALL|STATX_MNT_ID, stx_attributes=0, stx_mode=S_IFDIR|0755, stx_size=4096, ...}) = 0
768731 openat(AT_FDCWD, "/usr/share/coreutils/locales/uucore/en-US.ftl", O_RDONLY|O_CLOEXEC) = 3
768731 statx(3, "", AT_STATX_SYNC_AS_STAT|AT_EMPTY_PATH, STATX_ALL, {stx_mask=STATX_ALL|STATX_MNT_ID, stx_attributes=0, stx_mode=S_IFREG|0644, stx_size=4080, ...}) = 0
768731 statx(AT_FDCWD, "/usr/share/coreutils/locales/cat", AT_STATX_SYNC_AS_STAT, STATX_ALL, {stx_mask=STATX_ALL|STATX_MNT_ID, stx_attributes=0, stx_mode=S_IFDIR|0755, stx_size=4096, ...}) = 0
768731 openat(AT_FDCWD, "/usr/share/coreutils/locales/cat/en-US.ftl", O_RDONLY|O_CLOEXEC) = -1 ENOENT (No such file or directory)
768731 statx(AT_FDCWD, "/home/firstmate/.no-mistakes/worktrees/8352e211db7e/01M4F29HK4JCAKXEQ2F50R6HHX/.test-tmp/boundary/home/state/.watcher-down.lock.owner.As6P5K/pid", AT_STATX_SYNC_AS_STAT, STATX_ALL, {stx_mask=STATX_ALL|STATX_MNT_ID, stx_attributes=0, stx_mode=S_IFREG|0600, stx_size=7, ...}) = 0
768731 openat(AT_FDCWD, "/home/firstmate/.no-mistakes/worktrees/8352e211db7e/01M4F29HK4JCAKXEQ2F50R6HHX/.test-tmp/boundary/home/state/.watcher-down.lock.owner.As6P5K/pid", O_RDONLY|O_CLOEXEC) = 3
768731 +++ exited with 0 +++
768726 --- SIGCHLD {si_signo=SIGCHLD, si_code=CLD_EXITED, si_pid=768731, si_uid=0, si_status=0, si_utime=0, si_stime=0} ---
768726 +++ exited with 0 +++
768163 --- SIGCHLD {si_signo=SIGCHLD, si_code=CLD_EXITED, si_pid=768726, si_uid=0, si_status=0, si_utime=0, si_stime=0} ---
768763 newfstatat(AT_FDCWD, ".", {st_mode=S_IFDIR|0775, st_size=4096, ...}, 0) = 0
768763 newfstatat(AT_FDCWD, "/home/firstmate/.local/codex-latest/lib/node_modules/@openai/codex/node_modules/@openai/codex-linux-x64/vendor/x86_64-unknown-linux-musl/codex-path/readlink", 0x7fff4bceaff0, 0) = -1 ENOENT (No such file or directory)
768763 newfstatat(AT_FDCWD, "/home/firstmate/.codex-5/tmp/arg0/codex-arg065EgpK/readlink", 0x7fff4bceaff0, 0) = -1 ENOENT (No such file or directory)
768763 newfstatat(AT_FDCWD, "/home/firstmate/.local/codex-latest/lib/node_modules/@openai/codex/node_modules/@openai/codex-linux-x64/vendor/x86_64-unknown-linux-musl/codex-path/readlink", 0x7fff4bceaff0, 0) = -1 ENOENT (No such file or directory)
768763 newfstatat(AT_FDCWD, "/home/firstmate/.local/bin/readlink", 0x7fff4bceaff0, 0) = -1 ENOENT (No such file or directory)
768763 newfstatat(AT_FDCWD, "/home/firstmate/go/bin/readlink", 0x7fff4bceaff0, 0) = -1 ENOENT (No such file or directory)
768763 newfstatat(AT_FDCWD, "/home/firstmate/.cargo/bin/readlink", 0x7fff4bceaff0, 0) = -1 ENOENT (No such file or directory)
768763 newfstatat(AT_FDCWD, "/home/firstmate/bin/readlink", 0x7fff4bceaff0, 0) = -1 ENOENT (No such file or directory)
768763 newfstatat(AT_FDCWD, "/opt/homebrew/bin/readlink", 0x7fff4bceaff0, 0) = -1 ENOENT (No such file or directory)
768763 newfstatat(AT_FDCWD, "/opt/homebrew/sbin/readlink", 0x7fff4bceaff0, 0) = -1 ENOENT (No such file or directory)
768763 newfstatat(AT_FDCWD, "/usr/local/bin/readlink", 0x7fff4bceaff0, 0) = -1 ENOENT (No such file or directory)
768763 newfstatat(AT_FDCWD, "/usr/local/sbin/readlink", 0x7fff4bceaff0, 0) = -1 ENOENT (No such file or directory)
768763 newfstatat(AT_FDCWD, "/usr/bin/readlink", {st_mode=S_IFREG|0755, st_size=11352352, ...}, 0) = 0
768763 newfstatat(AT_FDCWD, "/usr/bin/readlink", {st_mode=S_IFREG|0755, st_size=11352352, ...}, 0) = 0
768763 access("/usr/bin/readlink", X_OK) = 0
768763 newfstatat(AT_FDCWD, "/usr/bin/readlink", {st_mode=S_IFREG|0755, st_size=11352352, ...}, 0) = 0
768763 access("/usr/bin/readlink", R_OK) = 0
768770 openat(AT_FDCWD, "/dev/null", O_WRONLY|O_CREAT|O_TRUNC, 0666) = 3
768770 execve("/usr/bin/readlink", ["readlink", "/home/firstmate/.no-mistakes/wor"...], 0x5f8bc2b08d10 /* 9 vars */) = 0
768770 access("/etc/ld.so.preload", R_OK) = -1 ENOENT (No such file or directory)
768770 openat(AT_FDCWD, "/etc/ld.so.cache", O_RDONLY|O_CLOEXEC) = 3
768770 openat(AT_FDCWD, "/usr/lib/x86_64-linux-gnu/libselinux.so.1", O_RDONLY|O_CLOEXEC) = 3
768770 openat(AT_FDCWD, "/usr/lib/x86_64-linux-gnu/libgcc_s.so.1", O_RDONLY|O_CLOEXEC) = 3
768770 openat(AT_FDCWD, "/usr/lib/x86_64-linux-gnu/libm.so.6", O_RDONLY|O_CLOEXEC) = 3
768770 openat(AT_FDCWD, "/usr/lib/x86_64-linux-gnu/libc.so.6", O_RDONLY|O_CLOEXEC) = 3
768770 openat(AT_FDCWD, "/usr/lib/x86_64-linux-gnu/libpcre2-8.so.0", O_RDONLY|O_CLOEXEC) = 3
768770 statfs("/sys/fs/selinux", 0x7fff0e920f40) = -1 ENOENT (No such file or directory)
768770 statfs("/selinux", 0x7fff0e920f40) = -1 ENOENT (No such file or directory)
768770 openat(AT_FDCWD, "/proc/filesystems", O_RDONLY|O_CLOEXEC) = 3
768770 access("/etc/selinux/config", F_OK) = -1 ENOENT (No such file or directory)
768770 openat(AT_FDCWD, "/proc/self/maps", O_RDONLY|O_CLOEXEC) = 3
768770 statx(AT_FDCWD, "/usr/share/coreutils/locales/readlink", AT_STATX_SYNC_AS_STAT, STATX_ALL, {stx_mask=STATX_ALL|STATX_MNT_ID, stx_attributes=0, stx_mode=S_IFDIR|0755, stx_size=4096, ...}) = 0
768770 statx(AT_FDCWD, "/usr/share/coreutils/locales/uucore", AT_STATX_SYNC_AS_STAT, STATX_ALL, {stx_mask=STATX_ALL|STATX_MNT_ID, stx_attributes=0, stx_mode=S_IFDIR|0755, stx_size=4096, ...}) = 0
768770 openat(AT_FDCWD, "/usr/share/coreutils/locales/uucore/en-US.ftl", O_RDONLY|O_CLOEXEC) = 3
768770 statx(3, "", AT_STATX_SYNC_AS_STAT|AT_EMPTY_PATH, STATX_ALL, {stx_mask=STATX_ALL|STATX_MNT_ID, stx_attributes=0, stx_mode=S_IFREG|0644, stx_size=4080, ...}) = 0
768770 statx(AT_FDCWD, "/usr/share/coreutils/locales/readlink", AT_STATX_SYNC_AS_STAT, STATX_ALL, {stx_mask=STATX_ALL|STATX_MNT_ID, stx_attributes=0, stx_mode=S_IFDIR|0755, stx_size=4096, ...}) = 0
768770 openat(AT_FDCWD, "/usr/share/coreutils/locales/readlink/en-US.ftl", O_RDONLY|O_CLOEXEC) = -1 ENOENT (No such file or directory)
768770 readlink("/home/firstmate/.no-mistakes/worktrees/8352e211db7e/01M4F29HK4JCAKXEQ2F50R6HHX/.test-tmp/boundary/home/state/.watcher-down.lock", "/home/firstmate/.no-mistakes/wor"..., 256) = 140
768770 +++ exited with 0 +++
768763 --- SIGCHLD {si_signo=SIGCHLD, si_code=CLD_EXITED, si_pid=768770, si_uid=0, si_status=0, si_utime=0, si_stime=0} ---
768763 +++ exited with 0 +++
768163 --- SIGCHLD {si_signo=SIGCHLD, si_code=CLD_EXITED, si_pid=768763, si_uid=0, si_status=0, si_utime=0, si_stime=0} ---
768163 newfstatat(AT_FDCWD, "/home/firstmate/.no-mistakes/worktrees/8352e211db7e/01M4F29HK4JCAKXEQ2F50R6HHX/.test-tmp/boundary/home/state/.watcher-down.lock.steal", 0x7fff4bceb920, 0) = -1 ENOENT (No such file or directory)
768163 newfstatat(AT_FDCWD, "/home/firstmate/.no-mistakes/worktrees/8352e211db7e/01M4F29HK4JCAKXEQ2F50R6HHX/.test-tmp/boundary/home/state/.watcher-down.lock.steal", 0x7fff4bceb920, AT_SYMLINK_NOFOLLOW) = -1 ENOENT (No such file or directory)
768163 newfstatat(AT_FDCWD, "/home/firstmate/.no-mistakes/worktrees/8352e211db7e/01M4F29HK4JCAKXEQ2F50R6HHX/.test-tmp/boundary/home/state/.watcher-down", {st_mode=S_IFREG|0600, st_size=42, ...}, 0) = 0
768163 newfstatat(AT_FDCWD, "/home/firstmate/.no-mistakes/worktrees/8352e211db7e/01M4F29HK4JCAKXEQ2F50R6HHX/.test-tmp/boundary/home/state/.watcher-down", {st_mode=S_IFREG|0600, st_size=42, ...}, 0) = 0
768163 newfstatat(AT_FDCWD, "/home/firstmate/.no-mistakes/worktrees/8352e211db7e/01M4F29HK4JCAKXEQ2F50R6HHX/.test-tmp/boundary/home/state/.watcher-down", {st_mode=S_IFREG|0600, st_size=42, ...}, AT_SYMLINK_NOFOLLOW) = 0
768798 newfstatat(AT_FDCWD, ".", {st_mode=S_IFDIR|0775, st_size=4096, ...}, 0) = 0
768798 newfstatat(AT_FDCWD, "/home/firstmate/.local/codex-latest/lib/node_modules/@openai/codex/node_modules/@openai/codex-linux-x64/vendor/x86_64-unknown-linux-musl/codex-path/wc", 0x7fff4bcee1c0, 0) = -1 ENOENT (No such file or directory)
768798 newfstatat(AT_FDCWD, "/home/firstmate/.codex-5/tmp/arg0/codex-arg065EgpK/wc", 0x7fff4bcee1c0, 0) = -1 ENOENT (No such file or directory)
768798 newfstatat(AT_FDCWD, "/home/firstmate/.local/codex-latest/lib/node_modules/@openai/codex/node_modules/@openai/codex-linux-x64/vendor/x86_64-unknown-linux-musl/codex-path/wc", 0x7fff4bcee1c0, 0) = -1 ENOENT (No such file or directory)
768798 newfstatat(AT_FDCWD, "/home/firstmate/.local/bin/wc", 0x7fff4bcee1c0, 0) = -1 ENOENT (No such file or directory)
768798 newfstatat(AT_FDCWD, "/home/firstmate/go/bin/wc", 0x7fff4bcee1c0, 0) = -1 ENOENT (No such file or directory)
768798 newfstatat(AT_FDCWD, "/home/firstmate/.cargo/bin/wc", 0x7fff4bcee1c0, 0) = -1 ENOENT (No such file or directory)
768798 newfstatat(AT_FDCWD, "/home/firstmate/bin/wc", 0x7fff4bcee1c0, 0) = -1 ENOENT (No such file or directory)
768798 newfstatat(AT_FDCWD, "/opt/homebrew/bin/wc", 0x7fff4bcee1c0, 0) = -1 ENOENT (No such file or directory)
768798 newfstatat(AT_FDCWD, "/opt/homebrew/sbin/wc", 0x7fff4bcee1c0, 0) = -1 ENOENT (No such file or directory)
768798 newfstatat(AT_FDCWD, "/usr/local/bin/wc", 0x7fff4bcee1c0, 0) = -1 ENOENT (No such file or directory)
768798 newfstatat(AT_FDCWD, "/usr/local/sbin/wc", 0x7fff4bcee1c0, 0) = -1 ENOENT (No such file or directory)
768798 newfstatat(AT_FDCWD, "/usr/bin/wc", {st_mode=S_IFREG|0755, st_size=11352352, ...}, 0) = 0
768798 newfstatat(AT_FDCWD, "/usr/bin/wc" <unfinished ...>
768799 newfstatat(AT_FDCWD, "." <unfinished ...>
768798 <... newfstatat resumed>, {st_mode=S_IFREG|0755, st_size=11352352, ...}, 0) = 0
768799 <... newfstatat resumed>, {st_mode=S_IFDIR|0775, st_size=4096, ...}, 0) = 0
768799 newfstatat(AT_FDCWD, "/home/firstmate/.local/codex-latest/lib/node_modules/@openai/codex/node_modules/@openai/codex-linux-x64/vendor/x86_64-unknown-linux-musl/codex-path/tr", 0x7fff4bcee1c0, 0) = -1 ENOENT (No such file or directory)
768799 newfstatat(AT_FDCWD, "/home/firstmate/.codex-5/tmp/arg0/codex-arg065EgpK/tr", 0x7fff4bcee1c0, 0) = -1 ENOENT (No such file or directory)
768799 newfstatat(AT_FDCWD, "/home/firstmate/.local/codex-latest/lib/node_modules/@openai/codex/node_modules/@openai/codex-linux-x64/vendor/x86_64-unknown-linux-musl/codex-path/tr", 0x7fff4bcee1c0, 0) = -1 ENOENT (No such file or directory)
768799 newfstatat(AT_FDCWD, "/home/firstmate/.local/bin/tr", 0x7fff4bcee1c0, 0) = -1 ENOENT (No such file or directory)
768798 access("/usr/bin/wc", X_OK <unfinished ...>
768799 newfstatat(AT_FDCWD, "/home/firstmate/go/bin/tr" <unfinished ...>
768798 <... access resumed>)            = 0
768799 <... newfstatat resumed>, 0x7fff4bcee1c0, 0) = -1 ENOENT (No such file or directory)
768798 newfstatat(AT_FDCWD, "/usr/bin/wc" <unfinished ...>
768799 newfstatat(AT_FDCWD, "/home/firstmate/.cargo/bin/tr", 0x7fff4bcee1c0, 0) = -1 ENOENT (No such file or directory)
768798 <... newfstatat resumed>, {st_mode=S_IFREG|0755, st_size=11352352, ...}, 0) = 0
768799 newfstatat(AT_FDCWD, "/home/firstmate/bin/tr", 0x7fff4bcee1c0, 0) = -1 ENOENT (No such file or directory)
768799 newfstatat(AT_FDCWD, "/opt/homebrew/bin/tr", 0x7fff4bcee1c0, 0) = -1 ENOENT (No such file or directory)
768799 newfstatat(AT_FDCWD, "/opt/homebrew/sbin/tr", 0x7fff4bcee1c0, 0) = -1 ENOENT (No such file or directory)
768799 newfstatat(AT_FDCWD, "/usr/local/bin/tr" <unfinished ...>
768798 access("/usr/bin/wc", R_OK <unfinished ...>
768799 <... newfstatat resumed>, 0x7fff4bcee1c0, 0) = -1 ENOENT (No such file or directory)
768798 <... access resumed>)            = 0
768799 newfstatat(AT_FDCWD, "/usr/local/sbin/tr", 0x7fff4bcee1c0, 0) = -1 ENOENT (No such file or directory)
768799 newfstatat(AT_FDCWD, "/usr/bin/tr", {st_mode=S_IFREG|0755, st_size=11352352, ...}, 0) = 0
768799 newfstatat(AT_FDCWD, "/usr/bin/tr", {st_mode=S_IFREG|0755, st_size=11352352, ...}, 0) = 0
768798 openat(AT_FDCWD, "/home/firstmate/.no-mistakes/worktrees/8352e211db7e/01M4F29HK4JCAKXEQ2F50R6HHX/.test-tmp/boundary/home/state/.watcher-down", O_RDONLY) = 3
768799 access("/usr/bin/tr", X_OK)      = 0
768799 newfstatat(AT_FDCWD, "/usr/bin/tr" <unfinished ...>
768798 openat(AT_FDCWD, "/dev/null", O_WRONLY|O_CREAT|O_TRUNC, 0666 <unfinished ...>
768799 <... newfstatat resumed>, {st_mode=S_IFREG|0755, st_size=11352352, ...}, 0) = 0
768798 <... openat resumed>)            = 3
768798 execve("/usr/bin/wc", ["wc", "-l"], 0x5f8bc2b08d10 /* 9 vars */ <unfinished ...>
768799 access("/usr/bin/tr", R_OK)      = 0
768799 execve("/usr/bin/tr", ["tr", "-d", "[:space:]"], 0x5f8bc2b08d10 /* 9 vars */ <unfinished ...>
768798 <... execve resumed>)            = 0
768799 <... execve resumed>)            = 0
768798 access("/etc/ld.so.preload", R_OK) = -1 ENOENT (No such file or directory)
768798 openat(AT_FDCWD, "/etc/ld.so.cache", O_RDONLY|O_CLOEXEC) = 3
768799 access("/etc/ld.so.preload", R_OK) = -1 ENOENT (No such file or directory)
768798 openat(AT_FDCWD, "/usr/lib/x86_64-linux-gnu/libselinux.so.1", O_RDONLY|O_CLOEXEC) = 3
768799 openat(AT_FDCWD, "/etc/ld.so.cache", O_RDONLY|O_CLOEXEC) = 3
768798 openat(AT_FDCWD, "/usr/lib/x86_64-linux-gnu/libgcc_s.so.1", O_RDONLY|O_CLOEXEC) = 3
768799 openat(AT_FDCWD, "/usr/lib/x86_64-linux-gnu/libselinux.so.1", O_RDONLY|O_CLOEXEC) = 3
768798 openat(AT_FDCWD, "/usr/lib/x86_64-linux-gnu/libm.so.6", O_RDONLY|O_CLOEXEC) = 3
768799 openat(AT_FDCWD, "/usr/lib/x86_64-linux-gnu/libgcc_s.so.1", O_RDONLY|O_CLOEXEC) = 3
768798 openat(AT_FDCWD, "/usr/lib/x86_64-linux-gnu/libc.so.6", O_RDONLY|O_CLOEXEC <unfinished ...>
768799 openat(AT_FDCWD, "/usr/lib/x86_64-linux-gnu/libm.so.6", O_RDONLY|O_CLOEXEC) = 3
768799 openat(AT_FDCWD, "/usr/lib/x86_64-linux-gnu/libc.so.6", O_RDONLY|O_CLOEXEC <unfinished ...>
768798 <... openat resumed>)            = 3
768799 <... openat resumed>)            = 3
768798 openat(AT_FDCWD, "/usr/lib/x86_64-linux-gnu/libpcre2-8.so.0", O_RDONLY|O_CLOEXEC) = 3
768799 openat(AT_FDCWD, "/usr/lib/x86_64-linux-gnu/libpcre2-8.so.0", O_RDONLY|O_CLOEXEC) = 3
768799 statfs("/sys/fs/selinux", 0x7ffcf7a1cc20) = -1 ENOENT (No such file or directory)
768799 statfs("/selinux" <unfinished ...>
768798 statfs("/sys/fs/selinux" <unfinished ...>
768799 <... statfs resumed>, 0x7ffcf7a1cc20) = -1 ENOENT (No such file or directory)
768798 <... statfs resumed>, 0x7ffec3184760) = -1 ENOENT (No such file or directory)
768798 statfs("/selinux", 0x7ffec3184760) = -1 ENOENT (No such file or directory)
768799 openat(AT_FDCWD, "/proc/filesystems", O_RDONLY|O_CLOEXEC) = 3
768798 openat(AT_FDCWD, "/proc/filesystems", O_RDONLY|O_CLOEXEC) = 3
768799 access("/etc/selinux/config", F_OK) = -1 ENOENT (No such file or directory)
768798 access("/etc/selinux/config", F_OK) = -1 ENOENT (No such file or directory)
768799 openat(AT_FDCWD, "/proc/self/maps", O_RDONLY|O_CLOEXEC) = 3
768798 openat(AT_FDCWD, "/proc/self/maps", O_RDONLY|O_CLOEXEC) = 3
768799 statx(AT_FDCWD, "/usr/share/coreutils/locales/tr", AT_STATX_SYNC_AS_STAT, STATX_ALL, {stx_mask=STATX_ALL|STATX_MNT_ID, stx_attributes=0, stx_mode=S_IFDIR|0755, stx_size=4096, ...}) = 0
768799 statx(AT_FDCWD, "/usr/share/coreutils/locales/uucore", AT_STATX_SYNC_AS_STAT, STATX_ALL, {stx_mask=STATX_ALL|STATX_MNT_ID, stx_attributes=0, stx_mode=S_IFDIR|0755, stx_size=4096, ...}) = 0
768799 openat(AT_FDCWD, "/usr/share/coreutils/locales/uucore/en-US.ftl", O_RDONLY|O_CLOEXEC) = 3
768799 statx(3, "", AT_STATX_SYNC_AS_STAT|AT_EMPTY_PATH, STATX_ALL, {stx_mask=STATX_ALL|STATX_MNT_ID, stx_attributes=0, stx_mode=S_IFREG|0644, stx_size=4080, ...}) = 0
768798 statx(AT_FDCWD, "/usr/share/coreutils/locales/wc", AT_STATX_SYNC_AS_STAT, STATX_ALL, {stx_mask=STATX_ALL|STATX_MNT_ID, stx_attributes=0, stx_mode=S_IFDIR|0755, stx_size=4096, ...}) = 0
768798 statx(AT_FDCWD, "/usr/share/coreutils/locales/uucore", AT_STATX_SYNC_AS_STAT, STATX_ALL <unfinished ...>
768799 statx(AT_FDCWD, "/usr/share/coreutils/locales/tr", AT_STATX_SYNC_AS_STAT, STATX_ALL <unfinished ...>
768798 <... statx resumed>, {stx_mask=STATX_ALL|STATX_MNT_ID, stx_attributes=0, stx_mode=S_IFDIR|0755, stx_size=4096, ...}) = 0
768799 <... statx resumed>, {stx_mask=STATX_ALL|STATX_MNT_ID, stx_attributes=0, stx_mode=S_IFDIR|0755, stx_size=4096, ...}) = 0
768798 openat(AT_FDCWD, "/usr/share/coreutils/locales/uucore/en-US.ftl", O_RDONLY|O_CLOEXEC <unfinished ...>
768799 openat(AT_FDCWD, "/usr/share/coreutils/locales/tr/en-US.ftl", O_RDONLY|O_CLOEXEC <unfinished ...>
768798 <... openat resumed>)            = 3
768799 <... openat resumed>)            = -1 ENOENT (No such file or directory)
768798 statx(3, "", AT_STATX_SYNC_AS_STAT|AT_EMPTY_PATH, STATX_ALL, {stx_mask=STATX_ALL|STATX_MNT_ID, stx_attributes=0, stx_mode=S_IFREG|0644, stx_size=4080, ...}) = 0
768798 statx(AT_FDCWD, "/usr/share/coreutils/locales/wc", AT_STATX_SYNC_AS_STAT, STATX_ALL, {stx_mask=STATX_ALL|STATX_MNT_ID, stx_attributes=0, stx_mode=S_IFDIR|0755, stx_size=4096, ...}) = 0
768798 openat(AT_FDCWD, "/usr/share/coreutils/locales/wc/en-US.ftl", O_RDONLY|O_CLOEXEC) = -1 ENOENT (No such file or directory)
768798 +++ exited with 0 +++
768799 +++ exited with 0 +++
768790 --- SIGCHLD {si_signo=SIGCHLD, si_code=CLD_EXITED, si_pid=768798, si_uid=0, si_status=0, si_utime=0, si_stime=1 /* 0.01 s */} ---
768790 +++ exited with 0 +++
768163 --- SIGCHLD {si_signo=SIGCHLD, si_code=CLD_EXITED, si_pid=768790, si_uid=0, si_status=0, si_utime=0, si_stime=0} ---
768163 openat(AT_FDCWD, "/home/firstmate/.no-mistakes/worktrees/8352e211db7e/01M4F29HK4JCAKXEQ2F50R6HHX/.test-tmp/boundary/home/state/.watcher-down", O_RDONLY) = 3
768813 newfstatat(AT_FDCWD, ".", {st_mode=S_IFDIR|0775, st_size=4096, ...}, 0) = 0
768813 newfstatat(AT_FDCWD, "/home/firstmate/.local/codex-latest/lib/node_modules/@openai/codex/node_modules/@openai/codex-linux-x64/vendor/x86_64-unknown-linux-musl/codex-path/mktemp", 0x7fff4bceeaf0, 0) = -1 ENOENT (No such file or directory)
768813 newfstatat(AT_FDCWD, "/home/firstmate/.codex-5/tmp/arg0/codex-arg065EgpK/mktemp", 0x7fff4bceeaf0, 0) = -1 ENOENT (No such file or directory)
768813 newfstatat(AT_FDCWD, "/home/firstmate/.local/codex-latest/lib/node_modules/@openai/codex/node_modules/@openai/codex-linux-x64/vendor/x86_64-unknown-linux-musl/codex-path/mktemp", 0x7fff4bceeaf0, 0) = -1 ENOENT (No such file or directory)
768813 newfstatat(AT_FDCWD, "/home/firstmate/.local/bin/mktemp", 0x7fff4bceeaf0, 0) = -1 ENOENT (No such file or directory)
768813 newfstatat(AT_FDCWD, "/home/firstmate/go/bin/mktemp", 0x7fff4bceeaf0, 0) = -1 ENOENT (No such file or directory)
768813 newfstatat(AT_FDCWD, "/home/firstmate/.cargo/bin/mktemp", 0x7fff4bceeaf0, 0) = -1 ENOENT (No such file or directory)
768813 newfstatat(AT_FDCWD, "/home/firstmate/bin/mktemp", 0x7fff4bceeaf0, 0) = -1 ENOENT (No such file or directory)
768813 newfstatat(AT_FDCWD, "/opt/homebrew/bin/mktemp", 0x7fff4bceeaf0, 0) = -1 ENOENT (No such file or directory)
768813 newfstatat(AT_FDCWD, "/opt/homebrew/sbin/mktemp", 0x7fff4bceeaf0, 0) = -1 ENOENT (No such file or directory)
768813 newfstatat(AT_FDCWD, "/usr/local/bin/mktemp", 0x7fff4bceeaf0, 0) = -1 ENOENT (No such file or directory)
768813 newfstatat(AT_FDCWD, "/usr/local/sbin/mktemp", 0x7fff4bceeaf0, 0) = -1 ENOENT (No such file or directory)
768813 newfstatat(AT_FDCWD, "/usr/bin/mktemp", {st_mode=S_IFREG|0755, st_size=11352352, ...}, 0) = 0
768813 newfstatat(AT_FDCWD, "/usr/bin/mktemp", {st_mode=S_IFREG|0755, st_size=11352352, ...}, 0) = 0
768813 access("/usr/bin/mktemp", X_OK)  = 0
768813 newfstatat(AT_FDCWD, "/usr/bin/mktemp", {st_mode=S_IFREG|0755, st_size=11352352, ...}, 0) = 0
768813 access("/usr/bin/mktemp", R_OK)  = 0
768813 execve("/usr/bin/mktemp", ["mktemp", "/home/firstmate/.no-mistakes/wor"...], 0x5f8bc2af0ec0 /* 9 vars */) = 0
768813 access("/etc/ld.so.preload", R_OK) = -1 ENOENT (No such file or directory)
768813 openat(AT_FDCWD, "/etc/ld.so.cache", O_RDONLY|O_CLOEXEC) = 3
768813 openat(AT_FDCWD, "/usr/lib/x86_64-linux-gnu/libselinux.so.1", O_RDONLY|O_CLOEXEC) = 3
768813 openat(AT_FDCWD, "/usr/lib/x86_64-linux-gnu/libgcc_s.so.1", O_RDONLY|O_CLOEXEC) = 3
768813 openat(AT_FDCWD, "/usr/lib/x86_64-linux-gnu/libm.so.6", O_RDONLY|O_CLOEXEC) = 3
768813 openat(AT_FDCWD, "/usr/lib/x86_64-linux-gnu/libc.so.6", O_RDONLY|O_CLOEXEC) = 3
768813 openat(AT_FDCWD, "/usr/lib/x86_64-linux-gnu/libpcre2-8.so.0", O_RDONLY|O_CLOEXEC) = 3
768813 statfs("/sys/fs/selinux", 0x7ffcf2fe3080) = -1 ENOENT (No such file or directory)
768813 statfs("/selinux", 0x7ffcf2fe3080) = -1 ENOENT (No such file or directory)
768813 openat(AT_FDCWD, "/proc/filesystems", O_RDONLY|O_CLOEXEC) = 3
768813 access("/etc/selinux/config", F_OK) = -1 ENOENT (No such file or directory)
768813 openat(AT_FDCWD, "/proc/self/maps", O_RDONLY|O_CLOEXEC) = 3
768813 statx(AT_FDCWD, "/usr/share/coreutils/locales/mktemp", AT_STATX_SYNC_AS_STAT, STATX_ALL, {stx_mask=STATX_ALL|STATX_MNT_ID, stx_attributes=0, stx_mode=S_IFDIR|0755, stx_size=4096, ...}) = 0
768813 statx(AT_FDCWD, "/usr/share/coreutils/locales/uucore", AT_STATX_SYNC_AS_STAT, STATX_ALL, {stx_mask=STATX_ALL|STATX_MNT_ID, stx_attributes=0, stx_mode=S_IFDIR|0755, stx_size=4096, ...}) = 0
768813 openat(AT_FDCWD, "/usr/share/coreutils/locales/uucore/en-US.ftl", O_RDONLY|O_CLOEXEC) = 3
768813 statx(3, "", AT_STATX_SYNC_AS_STAT|AT_EMPTY_PATH, STATX_ALL, {stx_mask=STATX_ALL|STATX_MNT_ID, stx_attributes=0, stx_mode=S_IFREG|0644, stx_size=4080, ...}) = 0
768813 statx(AT_FDCWD, "/usr/share/coreutils/locales/mktemp", AT_STATX_SYNC_AS_STAT, STATX_ALL, {stx_mask=STATX_ALL|STATX_MNT_ID, stx_attributes=0, stx_mode=S_IFDIR|0755, stx_size=4096, ...}) = 0
768813 openat(AT_FDCWD, "/usr/share/coreutils/locales/mktemp/en-US.ftl", O_RDONLY|O_CLOEXEC) = -1 ENOENT (No such file or directory)
768813 openat(AT_FDCWD, "/home/firstmate/.no-mistakes/worktrees/8352e211db7e/01M4F29HK4JCAKXEQ2F50R6HHX/.test-tmp/boundary/home/state/.watcher-down.tmp.7p3Rcn", O_RDWR|O_CREAT|O_EXCL|O_CLOEXEC, 0600) = 3
768813 +++ exited with 0 +++
768163 --- SIGCHLD {si_signo=SIGCHLD, si_code=CLD_EXITED, si_pid=768813, si_uid=0, si_status=0, si_utime=0, si_stime=1 /* 0.01 s */} ---
768163 openat(AT_FDCWD, "/home/firstmate/.no-mistakes/worktrees/8352e211db7e/01M4F29HK4JCAKXEQ2F50R6HHX/.test-tmp/boundary/home/state/.watcher-down.tmp.7p3Rcn", O_WRONLY|O_CREAT|O_TRUNC, 0666) = 3
768163 newfstatat(AT_FDCWD, ".", {st_mode=S_IFDIR|0775, st_size=4096, ...}, 0) = 0
768163 newfstatat(AT_FDCWD, "/home/firstmate/.local/codex-latest/lib/node_modules/@openai/codex/node_modules/@openai/codex-linux-x64/vendor/x86_64-unknown-linux-musl/codex-path/chmod", 0x7fff4bcef300, 0) = -1 ENOENT (No such file or directory)
768163 newfstatat(AT_FDCWD, "/home/firstmate/.codex-5/tmp/arg0/codex-arg065EgpK/chmod", 0x7fff4bcef300, 0) = -1 ENOENT (No such file or directory)
768163 newfstatat(AT_FDCWD, "/home/firstmate/.local/codex-latest/lib/node_modules/@openai/codex/node_modules/@openai/codex-linux-x64/vendor/x86_64-unknown-linux-musl/codex-path/chmod", 0x7fff4bcef300, 0) = -1 ENOENT (No such file or directory)
768163 newfstatat(AT_FDCWD, "/home/firstmate/.local/bin/chmod", 0x7fff4bcef300, 0) = -1 ENOENT (No such file or directory)
768163 newfstatat(AT_FDCWD, "/home/firstmate/go/bin/chmod", 0x7fff4bcef300, 0) = -1 ENOENT (No such file or directory)
768163 newfstatat(AT_FDCWD, "/home/firstmate/.cargo/bin/chmod", 0x7fff4bcef300, 0) = -1 ENOENT (No such file or directory)
768163 newfstatat(AT_FDCWD, "/home/firstmate/bin/chmod", 0x7fff4bcef300, 0) = -1 ENOENT (No such file or directory)
768163 newfstatat(AT_FDCWD, "/opt/homebrew/bin/chmod", 0x7fff4bcef300, 0) = -1 ENOENT (No such file or directory)
768163 newfstatat(AT_FDCWD, "/opt/homebrew/sbin/chmod", 0x7fff4bcef300, 0) = -1 ENOENT (No such file or directory)
768163 newfstatat(AT_FDCWD, "/usr/local/bin/chmod", 0x7fff4bcef300, 0) = -1 ENOENT (No such file or directory)
768163 newfstatat(AT_FDCWD, "/usr/local/sbin/chmod", 0x7fff4bcef300, 0) = -1 ENOENT (No such file or directory)
768163 newfstatat(AT_FDCWD, "/usr/bin/chmod", {st_mode=S_IFREG|0755, st_size=11352352, ...}, 0) = 0
768163 newfstatat(AT_FDCWD, "/usr/bin/chmod", {st_mode=S_IFREG|0755, st_size=11352352, ...}, 0) = 0
768163 access("/usr/bin/chmod", X_OK)   = 0
768163 newfstatat(AT_FDCWD, "/usr/bin/chmod", {st_mode=S_IFREG|0755, st_size=11352352, ...}, 0) = 0
768163 access("/usr/bin/chmod", R_OK)   = 0
768837 execve("/usr/bin/chmod", ["chmod", "0600", "/home/firstmate/.no-mistakes/wor"...], 0x5f8bc2af0ec0 /* 9 vars */) = 0
768837 access("/etc/ld.so.preload", R_OK) = -1 ENOENT (No such file or directory)
768837 openat(AT_FDCWD, "/etc/ld.so.cache", O_RDONLY|O_CLOEXEC) = 3
768837 openat(AT_FDCWD, "/usr/lib/x86_64-linux-gnu/libselinux.so.1", O_RDONLY|O_CLOEXEC) = 3
768837 openat(AT_FDCWD, "/usr/lib/x86_64-linux-gnu/libgcc_s.so.1", O_RDONLY|O_CLOEXEC) = 3
768837 openat(AT_FDCWD, "/usr/lib/x86_64-linux-gnu/libm.so.6", O_RDONLY|O_CLOEXEC) = 3
768837 openat(AT_FDCWD, "/usr/lib/x86_64-linux-gnu/libc.so.6", O_RDONLY|O_CLOEXEC) = 3
768837 openat(AT_FDCWD, "/usr/lib/x86_64-linux-gnu/libpcre2-8.so.0", O_RDONLY|O_CLOEXEC) = 3
768837 statfs("/sys/fs/selinux", 0x7ffc89a0bdd0) = -1 ENOENT (No such file or directory)
768837 statfs("/selinux", 0x7ffc89a0bdd0) = -1 ENOENT (No such file or directory)
768837 openat(AT_FDCWD, "/proc/filesystems", O_RDONLY|O_CLOEXEC) = 3
768837 access("/etc/selinux/config", F_OK) = -1 ENOENT (No such file or directory)
768837 openat(AT_FDCWD, "/proc/self/maps", O_RDONLY|O_CLOEXEC) = 3
768837 statx(AT_FDCWD, "/usr/share/coreutils/locales/chmod", AT_STATX_SYNC_AS_STAT, STATX_ALL, {stx_mask=STATX_ALL|STATX_MNT_ID, stx_attributes=0, stx_mode=S_IFDIR|0755, stx_size=4096, ...}) = 0
768837 statx(AT_FDCWD, "/usr/share/coreutils/locales/uucore", AT_STATX_SYNC_AS_STAT, STATX_ALL, {stx_mask=STATX_ALL|STATX_MNT_ID, stx_attributes=0, stx_mode=S_IFDIR|0755, stx_size=4096, ...}) = 0
768837 openat(AT_FDCWD, "/usr/share/coreutils/locales/uucore/en-US.ftl", O_RDONLY|O_CLOEXEC) = 3
768837 statx(3, "", AT_STATX_SYNC_AS_STAT|AT_EMPTY_PATH, STATX_ALL, {stx_mask=STATX_ALL|STATX_MNT_ID, stx_attributes=0, stx_mode=S_IFREG|0644, stx_size=4080, ...}) = 0
768837 statx(AT_FDCWD, "/usr/share/coreutils/locales/chmod", AT_STATX_SYNC_AS_STAT, STATX_ALL, {stx_mask=STATX_ALL|STATX_MNT_ID, stx_attributes=0, stx_mode=S_IFDIR|0755, stx_size=4096, ...}) = 0
768837 openat(AT_FDCWD, "/usr/share/coreutils/locales/chmod/en-US.ftl", O_RDONLY|O_CLOEXEC) = -1 ENOENT (No such file or directory)
768837 statx(AT_FDCWD, "/home/firstmate/.no-mistakes/worktrees/8352e211db7e/01M4F29HK4JCAKXEQ2F50R6HHX/.test-tmp/boundary/home/state/.watcher-down.tmp.7p3Rcn", AT_STATX_SYNC_AS_STAT, STATX_ALL, {stx_mask=STATX_ALL|STATX_MNT_ID, stx_attributes=0, stx_mode=S_IFREG|0600, stx_size=42, ...}) = 0
768837 statx(AT_FDCWD, "/home/firstmate/.no-mistakes/worktrees/8352e211db7e/01M4F29HK4JCAKXEQ2F50R6HHX/.test-tmp/boundary/home/state/.watcher-down.tmp.7p3Rcn", AT_STATX_SYNC_AS_STAT, STATX_ALL, {stx_mask=STATX_ALL|STATX_MNT_ID, stx_attributes=0, stx_mode=S_IFREG|0600, stx_size=42, ...}) = 0
768837 statx(AT_FDCWD, "/home/firstmate/.no-mistakes/worktrees/8352e211db7e/01M4F29HK4JCAKXEQ2F50R6HHX/.test-tmp/boundary/home/state/.watcher-down.tmp.7p3Rcn", AT_STATX_SYNC_AS_STAT, STATX_ALL, {stx_mask=STATX_ALL|STATX_MNT_ID, stx_attributes=0, stx_mode=S_IFREG|0600, stx_size=42, ...}) = 0
768837 statx(AT_FDCWD, "/home/firstmate/.no-mistakes/worktrees/8352e211db7e/01M4F29HK4JCAKXEQ2F50R6HHX/.test-tmp/boundary/home/state/.watcher-down.tmp.7p3Rcn", AT_STATX_SYNC_AS_STAT|AT_SYMLINK_NOFOLLOW, STATX_ALL, {stx_mask=STATX_ALL|STATX_MNT_ID, stx_attributes=0, stx_mode=S_IFREG|0600, stx_size=42, ...}) = 0
768837 +++ exited with 0 +++
768163 --- SIGCHLD {si_signo=SIGCHLD, si_code=CLD_EXITED, si_pid=768837, si_uid=0, si_status=0, si_utime=0, si_stime=0} ---
768163 newfstatat(AT_FDCWD, ".", {st_mode=S_IFDIR|0775, st_size=4096, ...}, 0) = 0
768163 newfstatat(AT_FDCWD, "/home/firstmate/.local/codex-latest/lib/node_modules/@openai/codex/node_modules/@openai/codex-linux-x64/vendor/x86_64-unknown-linux-musl/codex-path/mv", 0x7fff4bceeee0, 0) = -1 ENOENT (No such file or directory)
768163 newfstatat(AT_FDCWD, "/home/firstmate/.codex-5/tmp/arg0/codex-arg065EgpK/mv", 0x7fff4bceeee0, 0) = -1 ENOENT (No such file or directory)
768163 newfstatat(AT_FDCWD, "/home/firstmate/.local/codex-latest/lib/node_modules/@openai/codex/node_modules/@openai/codex-linux-x64/vendor/x86_64-unknown-linux-musl/codex-path/mv", 0x7fff4bceeee0, 0) = -1 ENOENT (No such file or directory)
768163 newfstatat(AT_FDCWD, "/home/firstmate/.local/bin/mv", 0x7fff4bceeee0, 0) = -1 ENOENT (No such file or directory)
768163 newfstatat(AT_FDCWD, "/home/firstmate/go/bin/mv", 0x7fff4bceeee0, 0) = -1 ENOENT (No such file or directory)
768163 newfstatat(AT_FDCWD, "/home/firstmate/.cargo/bin/mv", 0x7fff4bceeee0, 0) = -1 ENOENT (No such file or directory)
768163 newfstatat(AT_FDCWD, "/home/firstmate/bin/mv", 0x7fff4bceeee0, 0) = -1 ENOENT (No such file or directory)
768163 newfstatat(AT_FDCWD, "/opt/homebrew/bin/mv", 0x7fff4bceeee0, 0) = -1 ENOENT (No such file or directory)
768163 newfstatat(AT_FDCWD, "/opt/homebrew/sbin/mv", 0x7fff4bceeee0, 0) = -1 ENOENT (No such file or directory)
768163 newfstatat(AT_FDCWD, "/usr/local/bin/mv", 0x7fff4bceeee0, 0) = -1 ENOENT (No such file or directory)
768163 newfstatat(AT_FDCWD, "/usr/local/sbin/mv", 0x7fff4bceeee0, 0) = -1 ENOENT (No such file or directory)
768163 newfstatat(AT_FDCWD, "/usr/bin/mv", {st_mode=S_IFREG|0755, st_size=133744, ...}, 0) = 0
768163 newfstatat(AT_FDCWD, "/usr/bin/mv", {st_mode=S_IFREG|0755, st_size=133744, ...}, 0) = 0
768163 access("/usr/bin/mv", X_OK)      = 0
768163 newfstatat(AT_FDCWD, "/usr/bin/mv", {st_mode=S_IFREG|0755, st_size=133744, ...}, 0) = 0
768163 access("/usr/bin/mv", R_OK)      = 0
768853 execve("/usr/bin/mv", ["mv", "-f", "--", "/home/firstmate/.no-mistakes/wor"..., "/home/firstmate/.no-mistakes/wor"...], 0x5f8bc2af0ec0 /* 9 vars */) = 0
768853 access("/etc/ld.so.preload", R_OK) = -1 ENOENT (No such file or directory)
768853 openat(AT_FDCWD, "/etc/ld.so.cache", O_RDONLY|O_CLOEXEC) = 3
768853 openat(AT_FDCWD, "/usr/lib/x86_64-linux-gnu/libselinux.so.1", O_RDONLY|O_CLOEXEC) = 3
768853 openat(AT_FDCWD, "/usr/lib/x86_64-linux-gnu/libacl.so.1", O_RDONLY|O_CLOEXEC) = 3
768853 openat(AT_FDCWD, "/usr/lib/x86_64-linux-gnu/libattr.so.1", O_RDONLY|O_CLOEXEC) = 3
768853 openat(AT_FDCWD, "/usr/lib/x86_64-linux-gnu/libc.so.6", O_RDONLY|O_CLOEXEC) = 3
768853 openat(AT_FDCWD, "/usr/lib/x86_64-linux-gnu/libpcre2-8.so.0", O_RDONLY|O_CLOEXEC) = 3
768853 statfs("/sys/fs/selinux", 0x7ffee5e3f680) = -1 ENOENT (No such file or directory)
768853 statfs("/selinux", 0x7ffee5e3f680) = -1 ENOENT (No such file or directory)
768853 openat(AT_FDCWD, "/proc/filesystems", O_RDONLY|O_CLOEXEC) = 3
768853 access("/etc/selinux/config", F_OK) = -1 ENOENT (No such file or directory)
768853 openat(AT_FDCWD, "/usr/lib/locale/locale-archive", O_RDONLY|O_CLOEXEC) = 3
768853 openat(AT_FDCWD, "/usr/share/locale/locale.alias", O_RDONLY|O_CLOEXEC) = -1 ENOENT (No such file or directory)
768853 openat(AT_FDCWD, "/usr/lib/locale/C.UTF-8/LC_IDENTIFICATION", O_RDONLY|O_CLOEXEC) = -1 ENOENT (No such file or directory)
768853 openat(AT_FDCWD, "/usr/lib/locale/C.utf8/LC_IDENTIFICATION", O_RDONLY|O_CLOEXEC) = 3
768853 openat(AT_FDCWD, "/usr/lib/x86_64-linux-gnu/gconv/gconv-modules.cache", O_RDONLY|O_CLOEXEC) = 3
768853 openat(AT_FDCWD, "/usr/lib/locale/C.UTF-8/LC_MEASUREMENT", O_RDONLY|O_CLOEXEC) = -1 ENOENT (No such file or directory)
768853 openat(AT_FDCWD, "/usr/lib/locale/C.utf8/LC_MEASUREMENT", O_RDONLY|O_CLOEXEC) = 3
768853 openat(AT_FDCWD, "/usr/lib/locale/C.UTF-8/LC_TELEPHONE", O_RDONLY|O_CLOEXEC) = -1 ENOENT (No such file or directory)
768853 openat(AT_FDCWD, "/usr/lib/locale/C.utf8/LC_TELEPHONE", O_RDONLY|O_CLOEXEC) = 3
768853 openat(AT_FDCWD, "/usr/lib/locale/C.UTF-8/LC_ADDRESS", O_RDONLY|O_CLOEXEC) = -1 ENOENT (No such file or directory)
768853 openat(AT_FDCWD, "/usr/lib/locale/C.utf8/LC_ADDRESS", O_RDONLY|O_CLOEXEC) = 3
768853 openat(AT_FDCWD, "/usr/lib/locale/C.UTF-8/LC_NAME", O_RDONLY|O_CLOEXEC) = -1 ENOENT (No such file or directory)
768853 openat(AT_FDCWD, "/usr/lib/locale/C.utf8/LC_NAME", O_RDONLY|O_CLOEXEC) = 3
768853 openat(AT_FDCWD, "/usr/lib/locale/C.UTF-8/LC_PAPER", O_RDONLY|O_CLOEXEC) = -1 ENOENT (No such file or directory)
768853 openat(AT_FDCWD, "/usr/lib/locale/C.utf8/LC_PAPER", O_RDONLY|O_CLOEXEC) = 3
768853 openat(AT_FDCWD, "/usr/lib/locale/C.UTF-8/LC_MESSAGES", O_RDONLY|O_CLOEXEC) = -1 ENOENT (No such file or directory)
768853 openat(AT_FDCWD, "/usr/lib/locale/C.utf8/LC_MESSAGES", O_RDONLY|O_CLOEXEC) = 3
768853 openat(AT_FDCWD, "/usr/lib/locale/C.utf8/LC_MESSAGES/SYS_LC_MESSAGES", O_RDONLY|O_CLOEXEC) = 3
768853 openat(AT_FDCWD, "/usr/lib/locale/C.UTF-8/LC_MONETARY", O_RDONLY|O_CLOEXEC) = -1 ENOENT (No such file or directory)
768853 openat(AT_FDCWD, "/usr/lib/locale/C.utf8/LC_MONETARY", O_RDONLY|O_CLOEXEC) = 3
768853 openat(AT_FDCWD, "/usr/lib/locale/C.UTF-8/LC_COLLATE", O_RDONLY|O_CLOEXEC) = -1 ENOENT (No such file or directory)
768853 openat(AT_FDCWD, "/usr/lib/locale/C.utf8/LC_COLLATE", O_RDONLY|O_CLOEXEC) = 3
768853 openat(AT_FDCWD, "/usr/lib/locale/C.UTF-8/LC_TIME", O_RDONLY|O_CLOEXEC) = -1 ENOENT (No such file or directory)
768853 openat(AT_FDCWD, "/usr/lib/locale/C.utf8/LC_TIME", O_RDONLY|O_CLOEXEC) = 3
768853 openat(AT_FDCWD, "/usr/lib/locale/C.UTF-8/LC_NUMERIC", O_RDONLY|O_CLOEXEC) = -1 ENOENT (No such file or directory)
768853 openat(AT_FDCWD, "/usr/lib/locale/C.utf8/LC_NUMERIC", O_RDONLY|O_CLOEXEC) = 3
768853 openat(AT_FDCWD, "/usr/lib/locale/C.UTF-8/LC_CTYPE", O_RDONLY|O_CLOEXEC) = -1 ENOENT (No such file or directory)
768853 openat(AT_FDCWD, "/usr/lib/locale/C.utf8/LC_CTYPE", O_RDONLY|O_CLOEXEC) = 3
768853 renameat2(AT_FDCWD, "/home/firstmate/.no-mistakes/worktrees/8352e211db7e/01M4F29HK4JCAKXEQ2F50R6HHX/.test-tmp/boundary/home/state/.watcher-down.tmp.7p3Rcn", AT_FDCWD, "/home/firstmate/.no-mistakes/worktrees/8352e211db7e/01M4F29HK4JCAKXEQ2F50R6HHX/.test-tmp/boundary/home/state/.watcher-down", RENAME_NOREPLACE) = -1 EEXIST (File exists)
768853 openat(AT_FDCWD, "/home/firstmate/.no-mistakes/worktrees/8352e211db7e/01M4F29HK4JCAKXEQ2F50R6HHX/.test-tmp/boundary/home/state/.watcher-down", O_RDONLY|O_PATH|O_DIRECTORY) = -1 ENOTDIR (Not a directory)
768853 newfstatat(AT_FDCWD, "/home/firstmate/.no-mistakes/worktrees/8352e211db7e/01M4F29HK4JCAKXEQ2F50R6HHX/.test-tmp/boundary/home/state/.watcher-down.tmp.7p3Rcn", {st_mode=S_IFREG|0600, st_size=42, ...}, AT_SYMLINK_NOFOLLOW) = 0
768853 newfstatat(AT_FDCWD, "/home/firstmate/.no-mistakes/worktrees/8352e211db7e/01M4F29HK4JCAKXEQ2F50R6HHX/.test-tmp/boundary/home/state/.watcher-down", {st_mode=S_IFREG|0600, st_size=42, ...}, AT_SYMLINK_NOFOLLOW) = 0
768853 renameat(AT_FDCWD, "/home/firstmate/.no-mistakes/worktrees/8352e211db7e/01M4F29HK4JCAKXEQ2F50R6HHX/.test-tmp/boundary/home/state/.watcher-down.tmp.7p3Rcn", AT_FDCWD, "/home/firstmate/.no-mistakes/worktrees/8352e211db7e/01M4F29HK4JCAKXEQ2F50R6HHX/.test-tmp/boundary/home/state/.watcher-down") = 0
768853 +++ exited with 0 +++
768163 --- SIGCHLD {si_signo=SIGCHLD, si_code=CLD_EXITED, si_pid=768853, si_uid=0, si_status=0, si_utime=0, si_stime=1 /* 0.01 s */} ---
768163 newfstatat(AT_FDCWD, "/home/firstmate/.no-mistakes/worktrees/8352e211db7e/01M4F29HK4JCAKXEQ2F50R6HHX/.test-tmp/boundary/home/state/.watcher-down.lock", {st_mode=S_IFLNK|0777, st_size=140, ...}, AT_SYMLINK_NOFOLLOW) = 0
768885 openat(AT_FDCWD, "/dev/null", O_WRONLY|O_CREAT|O_TRUNC, 0666) = 3
768889 newfstatat(AT_FDCWD, ".", {st_mode=S_IFDIR|0775, st_size=4096, ...}, 0) = 0
768889 newfstatat(AT_FDCWD, "/home/firstmate/.local/codex-latest/lib/node_modules/@openai/codex/node_modules/@openai/codex-linux-x64/vendor/x86_64-unknown-linux-musl/codex-path/readlink", 0x7fff4bced1f0, 0) = -1 ENOENT (No such file or directory)
768889 newfstatat(AT_FDCWD, "/home/firstmate/.codex-5/tmp/arg0/codex-arg065EgpK/readlink", 0x7fff4bced1f0, 0) = -1 ENOENT (No such file or directory)
768889 newfstatat(AT_FDCWD, "/home/firstmate/.local/codex-latest/lib/node_modules/@openai/codex/node_modules/@openai/codex-linux-x64/vendor/x86_64-unknown-linux-musl/codex-path/readlink", 0x7fff4bced1f0, 0) = -1 ENOENT (No such file or directory)
768889 newfstatat(AT_FDCWD, "/home/firstmate/.local/bin/readlink", 0x7fff4bced1f0, 0) = -1 ENOENT (No such file or directory)
768889 newfstatat(AT_FDCWD, "/home/firstmate/go/bin/readlink", 0x7fff4bced1f0, 0) = -1 ENOENT (No such file or directory)
768889 newfstatat(AT_FDCWD, "/home/firstmate/.cargo/bin/readlink", 0x7fff4bced1f0, 0) = -1 ENOENT (No such file or directory)
768889 newfstatat(AT_FDCWD, "/home/firstmate/bin/readlink", 0x7fff4bced1f0, 0) = -1 ENOENT (No such file or directory)
768889 newfstatat(AT_FDCWD, "/opt/homebrew/bin/readlink", 0x7fff4bced1f0, 0) = -1 ENOENT (No such file or directory)
768889 newfstatat(AT_FDCWD, "/opt/homebrew/sbin/readlink", 0x7fff4bced1f0, 0) = -1 ENOENT (No such file or directory)
768889 newfstatat(AT_FDCWD, "/usr/local/bin/readlink", 0x7fff4bced1f0, 0) = -1 ENOENT (No such file or directory)
768889 newfstatat(AT_FDCWD, "/usr/local/sbin/readlink", 0x7fff4bced1f0, 0) = -1 ENOENT (No such file or directory)
768889 newfstatat(AT_FDCWD, "/usr/bin/readlink", {st_mode=S_IFREG|0755, st_size=11352352, ...}, 0) = 0
768889 newfstatat(AT_FDCWD, "/usr/bin/readlink", {st_mode=S_IFREG|0755, st_size=11352352, ...}, 0) = 0
768889 access("/usr/bin/readlink", X_OK) = 0
768889 newfstatat(AT_FDCWD, "/usr/bin/readlink", {st_mode=S_IFREG|0755, st_size=11352352, ...}, 0) = 0
768889 access("/usr/bin/readlink", R_OK) = 0
768891 openat(AT_FDCWD, "/dev/null", O_WRONLY|O_CREAT|O_TRUNC, 0666) = 3
768891 execve("/usr/bin/readlink", ["readlink", "/home/firstmate/.no-mistakes/wor"...], 0x5f8bc2af0ec0 /* 9 vars */) = 0
768891 access("/etc/ld.so.preload", R_OK) = -1 ENOENT (No such file or directory)
768891 openat(AT_FDCWD, "/etc/ld.so.cache", O_RDONLY|O_CLOEXEC) = 3
768891 openat(AT_FDCWD, "/usr/lib/x86_64-linux-gnu/libselinux.so.1", O_RDONLY|O_CLOEXEC) = 3
768891 openat(AT_FDCWD, "/usr/lib/x86_64-linux-gnu/libgcc_s.so.1", O_RDONLY|O_CLOEXEC) = 3
768891 openat(AT_FDCWD, "/usr/lib/x86_64-linux-gnu/libm.so.6", O_RDONLY|O_CLOEXEC) = 3
768891 openat(AT_FDCWD, "/usr/lib/x86_64-linux-gnu/libc.so.6", O_RDONLY|O_CLOEXEC) = 3
768891 openat(AT_FDCWD, "/usr/lib/x86_64-linux-gnu/libpcre2-8.so.0", O_RDONLY|O_CLOEXEC) = 3
768891 statfs("/sys/fs/selinux", 0x7ffd48b46fd0) = -1 ENOENT (No such file or directory)
768891 statfs("/selinux", 0x7ffd48b46fd0) = -1 ENOENT (No such file or directory)
768891 openat(AT_FDCWD, "/proc/filesystems", O_RDONLY|O_CLOEXEC) = 3
768891 access("/etc/selinux/config", F_OK) = -1 ENOENT (No such file or directory)
768891 openat(AT_FDCWD, "/proc/self/maps", O_RDONLY|O_CLOEXEC) = 3
768891 statx(AT_FDCWD, "/usr/share/coreutils/locales/readlink", AT_STATX_SYNC_AS_STAT, STATX_ALL, {stx_mask=STATX_ALL|STATX_MNT_ID, stx_attributes=0, stx_mode=S_IFDIR|0755, stx_size=4096, ...}) = 0
768891 statx(AT_FDCWD, "/usr/share/coreutils/locales/uucore", AT_STATX_SYNC_AS_STAT, STATX_ALL, {stx_mask=STATX_ALL|STATX_MNT_ID, stx_attributes=0, stx_mode=S_IFDIR|0755, stx_size=4096, ...}) = 0
768891 openat(AT_FDCWD, "/usr/share/coreutils/locales/uucore/en-US.ftl", O_RDONLY|O_CLOEXEC) = 3
768891 statx(3, "", AT_STATX_SYNC_AS_STAT|AT_EMPTY_PATH, STATX_ALL, {stx_mask=STATX_ALL|STATX_MNT_ID, stx_attributes=0, stx_mode=S_IFREG|0644, stx_size=4080, ...}) = 0
768891 statx(AT_FDCWD, "/usr/share/coreutils/locales/readlink", AT_STATX_SYNC_AS_STAT, STATX_ALL, {stx_mask=STATX_ALL|STATX_MNT_ID, stx_attributes=0, stx_mode=S_IFDIR|0755, stx_size=4096, ...}) = 0
768891 openat(AT_FDCWD, "/usr/share/coreutils/locales/readlink/en-US.ftl", O_RDONLY|O_CLOEXEC) = -1 ENOENT (No such file or directory)
768891 readlink("/home/firstmate/.no-mistakes/worktrees/8352e211db7e/01M4F29HK4JCAKXEQ2F50R6HHX/.test-tmp/boundary/home/state/.watcher-down.lock", "/home/firstmate/.no-mistakes/wor"..., 256) = 140
768891 +++ exited with 0 +++
768889 --- SIGCHLD {si_signo=SIGCHLD, si_code=CLD_EXITED, si_pid=768891, si_uid=0, si_status=0, si_utime=0, si_stime=1 /* 0.01 s */} ---
768889 +++ exited with 0 +++
768885 --- SIGCHLD {si_signo=SIGCHLD, si_code=CLD_EXITED, si_pid=768889, si_uid=0, si_status=0, si_utime=0, si_stime=0} ---
768885 +++ exited with 0 +++
768163 --- SIGCHLD {si_signo=SIGCHLD, si_code=CLD_EXITED, si_pid=768885, si_uid=0, si_status=0, si_utime=0, si_stime=0} ---
768903 newfstatat(AT_FDCWD, ".", {st_mode=S_IFDIR|0775, st_size=4096, ...}, 0) = 0
768903 newfstatat(AT_FDCWD, "/home/firstmate/.local/codex-latest/lib/node_modules/@openai/codex/node_modules/@openai/codex-linux-x64/vendor/x86_64-unknown-linux-musl/codex-path/cat", 0x7fff4bcee420, 0) = -1 ENOENT (No such file or directory)
768903 newfstatat(AT_FDCWD, "/home/firstmate/.codex-5/tmp/arg0/codex-arg065EgpK/cat", 0x7fff4bcee420, 0) = -1 ENOENT (No such file or directory)
768903 newfstatat(AT_FDCWD, "/home/firstmate/.local/codex-latest/lib/node_modules/@openai/codex/node_modules/@openai/codex-linux-x64/vendor/x86_64-unknown-linux-musl/codex-path/cat", 0x7fff4bcee420, 0) = -1 ENOENT (No such file or directory)
768903 newfstatat(AT_FDCWD, "/home/firstmate/.local/bin/cat", 0x7fff4bcee420, 0) = -1 ENOENT (No such file or directory)
768903 newfstatat(AT_FDCWD, "/home/firstmate/go/bin/cat", 0x7fff4bcee420, 0) = -1 ENOENT (No such file or directory)
768903 newfstatat(AT_FDCWD, "/home/firstmate/.cargo/bin/cat", 0x7fff4bcee420, 0) = -1 ENOENT (No such file or directory)
768903 newfstatat(AT_FDCWD, "/home/firstmate/bin/cat", 0x7fff4bcee420, 0) = -1 ENOENT (No such file or directory)
768903 newfstatat(AT_FDCWD, "/opt/homebrew/bin/cat", 0x7fff4bcee420, 0) = -1 ENOENT (No such file or directory)
768903 newfstatat(AT_FDCWD, "/opt/homebrew/sbin/cat", 0x7fff4bcee420, 0) = -1 ENOENT (No such file or directory)
768903 newfstatat(AT_FDCWD, "/usr/local/bin/cat", 0x7fff4bcee420, 0) = -1 ENOENT (No such file or directory)
768903 newfstatat(AT_FDCWD, "/usr/local/sbin/cat", 0x7fff4bcee420, 0) = -1 ENOENT (No such file or directory)
768903 newfstatat(AT_FDCWD, "/usr/bin/cat", {st_mode=S_IFREG|0755, st_size=11352352, ...}, 0) = 0
768903 newfstatat(AT_FDCWD, "/usr/bin/cat", {st_mode=S_IFREG|0755, st_size=11352352, ...}, 0) = 0
768903 access("/usr/bin/cat", X_OK)     = 0
768903 newfstatat(AT_FDCWD, "/usr/bin/cat", {st_mode=S_IFREG|0755, st_size=11352352, ...}, 0) = 0
768903 access("/usr/bin/cat", R_OK)     = 0
768914 openat(AT_FDCWD, "/dev/null", O_WRONLY|O_CREAT|O_TRUNC, 0666) = 3
768914 execve("/usr/bin/cat", ["cat", "/home/firstmate/.no-mistakes/wor"...], 0x5f8bc2af0ec0 /* 9 vars */) = 0
768914 access("/etc/ld.so.preload", R_OK) = -1 ENOENT (No such file or directory)
768914 openat(AT_FDCWD, "/etc/ld.so.cache", O_RDONLY|O_CLOEXEC) = 3
768914 openat(AT_FDCWD, "/usr/lib/x86_64-linux-gnu/libselinux.so.1", O_RDONLY|O_CLOEXEC) = 3
768914 openat(AT_FDCWD, "/usr/lib/x86_64-linux-gnu/libgcc_s.so.1", O_RDONLY|O_CLOEXEC) = 3
768914 openat(AT_FDCWD, "/usr/lib/x86_64-linux-gnu/libm.so.6", O_RDONLY|O_CLOEXEC) = 3
768914 openat(AT_FDCWD, "/usr/lib/x86_64-linux-gnu/libc.so.6", O_RDONLY|O_CLOEXEC) = 3
768914 openat(AT_FDCWD, "/usr/lib/x86_64-linux-gnu/libpcre2-8.so.0", O_RDONLY|O_CLOEXEC) = 3
768914 statfs("/sys/fs/selinux", 0x7fff305f92d0) = -1 ENOENT (No such file or directory)
768914 statfs("/selinux", 0x7fff305f92d0) = -1 ENOENT (No such file or directory)
768914 openat(AT_FDCWD, "/proc/filesystems", O_RDONLY|O_CLOEXEC) = 3
768914 access("/etc/selinux/config", F_OK) = -1 ENOENT (No such file or directory)
768914 openat(AT_FDCWD, "/proc/self/maps", O_RDONLY|O_CLOEXEC) = 3
768914 statx(AT_FDCWD, "/usr/share/coreutils/locales/cat", AT_STATX_SYNC_AS_STAT, STATX_ALL, {stx_mask=STATX_ALL|STATX_MNT_ID, stx_attributes=0, stx_mode=S_IFDIR|0755, stx_size=4096, ...}) = 0
768914 statx(AT_FDCWD, "/usr/share/coreutils/locales/uucore", AT_STATX_SYNC_AS_STAT, STATX_ALL, {stx_mask=STATX_ALL|STATX_MNT_ID, stx_attributes=0, stx_mode=S_IFDIR|0755, stx_size=4096, ...}) = 0
768914 openat(AT_FDCWD, "/usr/share/coreutils/locales/uucore/en-US.ftl", O_RDONLY|O_CLOEXEC) = 3
768914 statx(3, "", AT_STATX_SYNC_AS_STAT|AT_EMPTY_PATH, STATX_ALL, {stx_mask=STATX_ALL|STATX_MNT_ID, stx_attributes=0, stx_mode=S_IFREG|0644, stx_size=4080, ...}) = 0
768914 statx(AT_FDCWD, "/usr/share/coreutils/locales/cat", AT_STATX_SYNC_AS_STAT, STATX_ALL, {stx_mask=STATX_ALL|STATX_MNT_ID, stx_attributes=0, stx_mode=S_IFDIR|0755, stx_size=4096, ...}) = 0
768914 openat(AT_FDCWD, "/usr/share/coreutils/locales/cat/en-US.ftl", O_RDONLY|O_CLOEXEC) = -1 ENOENT (No such file or directory)
768914 statx(AT_FDCWD, "/home/firstmate/.no-mistakes/worktrees/8352e211db7e/01M4F29HK4JCAKXEQ2F50R6HHX/.test-tmp/boundary/home/state/.watcher-down.lock.owner.As6P5K/pid", AT_STATX_SYNC_AS_STAT, STATX_ALL, {stx_mask=STATX_ALL|STATX_MNT_ID, stx_attributes=0, stx_mode=S_IFREG|0600, stx_size=7, ...}) = 0
768914 openat(AT_FDCWD, "/home/firstmate/.no-mistakes/worktrees/8352e211db7e/01M4F29HK4JCAKXEQ2F50R6HHX/.test-tmp/boundary/home/state/.watcher-down.lock.owner.As6P5K/pid", O_RDONLY|O_CLOEXEC) = 3
768914 +++ exited with 0 +++
768903 --- SIGCHLD {si_signo=SIGCHLD, si_code=CLD_EXITED, si_pid=768914, si_uid=0, si_status=0, si_utime=0, si_stime=0} ---
768903 +++ exited with 0 +++
768163 --- SIGCHLD {si_signo=SIGCHLD, si_code=CLD_EXITED, si_pid=768903, si_uid=0, si_status=0, si_utime=0, si_stime=0} ---
768930 newfstatat(AT_FDCWD, ".", {st_mode=S_IFDIR|0775, st_size=4096, ...}, 0) = 0
768930 newfstatat(AT_FDCWD, "/home/firstmate/.local/codex-latest/lib/node_modules/@openai/codex/node_modules/@openai/codex-linux-x64/vendor/x86_64-unknown-linux-musl/codex-path/readlink", 0x7fff4bcede30, 0) = -1 ENOENT (No such file or directory)
768930 newfstatat(AT_FDCWD, "/home/firstmate/.codex-5/tmp/arg0/codex-arg065EgpK/readlink", 0x7fff4bcede30, 0) = -1 ENOENT (No such file or directory)
768930 newfstatat(AT_FDCWD, "/home/firstmate/.local/codex-latest/lib/node_modules/@openai/codex/node_modules/@openai/codex-linux-x64/vendor/x86_64-unknown-linux-musl/codex-path/readlink", 0x7fff4bcede30, 0) = -1 ENOENT (No such file or directory)
768930 newfstatat(AT_FDCWD, "/home/firstmate/.local/bin/readlink", 0x7fff4bcede30, 0) = -1 ENOENT (No such file or directory)
768930 newfstatat(AT_FDCWD, "/home/firstmate/go/bin/readlink", 0x7fff4bcede30, 0) = -1 ENOENT (No such file or directory)
768930 newfstatat(AT_FDCWD, "/home/firstmate/.cargo/bin/readlink", 0x7fff4bcede30, 0) = -1 ENOENT (No such file or directory)
768930 newfstatat(AT_FDCWD, "/home/firstmate/bin/readlink", 0x7fff4bcede30, 0) = -1 ENOENT (No such file or directory)
768930 newfstatat(AT_FDCWD, "/opt/homebrew/bin/readlink", 0x7fff4bcede30, 0) = -1 ENOENT (No such file or directory)
768930 newfstatat(AT_FDCWD, "/opt/homebrew/sbin/readlink", 0x7fff4bcede30, 0) = -1 ENOENT (No such file or directory)
768930 newfstatat(AT_FDCWD, "/usr/local/bin/readlink", 0x7fff4bcede30, 0) = -1 ENOENT (No such file or directory)
768930 newfstatat(AT_FDCWD, "/usr/local/sbin/readlink", 0x7fff4bcede30, 0) = -1 ENOENT (No such file or directory)
768930 newfstatat(AT_FDCWD, "/usr/bin/readlink", {st_mode=S_IFREG|0755, st_size=11352352, ...}, 0) = 0
768930 newfstatat(AT_FDCWD, "/usr/bin/readlink", {st_mode=S_IFREG|0755, st_size=11352352, ...}, 0) = 0
768930 access("/usr/bin/readlink", X_OK) = 0
768930 newfstatat(AT_FDCWD, "/usr/bin/readlink", {st_mode=S_IFREG|0755, st_size=11352352, ...}, 0) = 0
768930 access("/usr/bin/readlink", R_OK) = 0
768933 openat(AT_FDCWD, "/dev/null", O_WRONLY|O_CREAT|O_TRUNC, 0666) = 3
768933 execve("/usr/bin/readlink", ["readlink", "/home/firstmate/.no-mistakes/wor"...], 0x5f8bc2af0ec0 /* 9 vars */) = 0
768933 access("/etc/ld.so.preload", R_OK) = -1 ENOENT (No such file or directory)
768933 openat(AT_FDCWD, "/etc/ld.so.cache", O_RDONLY|O_CLOEXEC) = 3
768933 openat(AT_FDCWD, "/usr/lib/x86_64-linux-gnu/libselinux.so.1", O_RDONLY|O_CLOEXEC) = 3
768933 openat(AT_FDCWD, "/usr/lib/x86_64-linux-gnu/libgcc_s.so.1", O_RDONLY|O_CLOEXEC) = 3
768933 openat(AT_FDCWD, "/usr/lib/x86_64-linux-gnu/libm.so.6", O_RDONLY|O_CLOEXEC) = 3
768933 openat(AT_FDCWD, "/usr/lib/x86_64-linux-gnu/libc.so.6", O_RDONLY|O_CLOEXEC) = 3
768933 openat(AT_FDCWD, "/usr/lib/x86_64-linux-gnu/libpcre2-8.so.0", O_RDONLY|O_CLOEXEC) = 3
768933 statfs("/sys/fs/selinux", 0x7ffd17949510) = -1 ENOENT (No such file or directory)
768933 statfs("/selinux", 0x7ffd17949510) = -1 ENOENT (No such file or directory)
768933 openat(AT_FDCWD, "/proc/filesystems", O_RDONLY|O_CLOEXEC) = 3
768933 access("/etc/selinux/config", F_OK) = -1 ENOENT (No such file or directory)
768933 openat(AT_FDCWD, "/proc/self/maps", O_RDONLY|O_CLOEXEC) = 3
768933 statx(AT_FDCWD, "/usr/share/coreutils/locales/readlink", AT_STATX_SYNC_AS_STAT, STATX_ALL, {stx_mask=STATX_ALL|STATX_MNT_ID, stx_attributes=0, stx_mode=S_IFDIR|0755, stx_size=4096, ...}) = 0
768933 statx(AT_FDCWD, "/usr/share/coreutils/locales/uucore", AT_STATX_SYNC_AS_STAT, STATX_ALL, {stx_mask=STATX_ALL|STATX_MNT_ID, stx_attributes=0, stx_mode=S_IFDIR|0755, stx_size=4096, ...}) = 0
768933 openat(AT_FDCWD, "/usr/share/coreutils/locales/uucore/en-US.ftl", O_RDONLY|O_CLOEXEC) = 3
768933 statx(3, "", AT_STATX_SYNC_AS_STAT|AT_EMPTY_PATH, STATX_ALL, {stx_mask=STATX_ALL|STATX_MNT_ID, stx_attributes=0, stx_mode=S_IFREG|0644, stx_size=4080, ...}) = 0
768933 statx(AT_FDCWD, "/usr/share/coreutils/locales/readlink", AT_STATX_SYNC_AS_STAT, STATX_ALL, {stx_mask=STATX_ALL|STATX_MNT_ID, stx_attributes=0, stx_mode=S_IFDIR|0755, stx_size=4096, ...}) = 0
768933 openat(AT_FDCWD, "/usr/share/coreutils/locales/readlink/en-US.ftl", O_RDONLY|O_CLOEXEC) = -1 ENOENT (No such file or directory)
768933 readlink("/home/firstmate/.no-mistakes/worktrees/8352e211db7e/01M4F29HK4JCAKXEQ2F50R6HHX/.test-tmp/boundary/home/state/.watcher-down.lock", "/home/firstmate/.no-mistakes/wor"..., 256) = 140
768933 +++ exited with 0 +++
768930 --- SIGCHLD {si_signo=SIGCHLD, si_code=CLD_EXITED, si_pid=768933, si_uid=0, si_status=0, si_utime=0, si_stime=0} ---
768930 +++ exited with 0 +++
768163 --- SIGCHLD {si_signo=SIGCHLD, si_code=CLD_EXITED, si_pid=768930, si_uid=0, si_status=0, si_utime=0, si_stime=0} ---
768163 newfstatat(AT_FDCWD, ".", {st_mode=S_IFDIR|0775, st_size=4096, ...}, 0) = 0
768163 newfstatat(AT_FDCWD, "/home/firstmate/.local/codex-latest/lib/node_modules/@openai/codex/node_modules/@openai/codex-linux-x64/vendor/x86_64-unknown-linux-musl/codex-path/rm", 0x7fff4bceef30, 0) = -1 ENOENT (No such file or directory)
768163 newfstatat(AT_FDCWD, "/home/firstmate/.codex-5/tmp/arg0/codex-arg065EgpK/rm", 0x7fff4bceef30, 0) = -1 ENOENT (No such file or directory)
768163 newfstatat(AT_FDCWD, "/home/firstmate/.local/codex-latest/lib/node_modules/@openai/codex/node_modules/@openai/codex-linux-x64/vendor/x86_64-unknown-linux-musl/codex-path/rm", 0x7fff4bceef30, 0) = -1 ENOENT (No such file or directory)
768163 newfstatat(AT_FDCWD, "/home/firstmate/.local/bin/rm", 0x7fff4bceef30, 0) = -1 ENOENT (No such file or directory)
768163 newfstatat(AT_FDCWD, "/home/firstmate/go/bin/rm", 0x7fff4bceef30, 0) = -1 ENOENT (No such file or directory)
768163 newfstatat(AT_FDCWD, "/home/firstmate/.cargo/bin/rm", 0x7fff4bceef30, 0) = -1 ENOENT (No such file or directory)
768163 newfstatat(AT_FDCWD, "/home/firstmate/bin/rm", 0x7fff4bceef30, 0) = -1 ENOENT (No such file or directory)
768163 newfstatat(AT_FDCWD, "/opt/homebrew/bin/rm", 0x7fff4bceef30, 0) = -1 ENOENT (No such file or directory)
768163 newfstatat(AT_FDCWD, "/opt/homebrew/sbin/rm", 0x7fff4bceef30, 0) = -1 ENOENT (No such file or directory)
768163 newfstatat(AT_FDCWD, "/usr/local/bin/rm", 0x7fff4bceef30, 0) = -1 ENOENT (No such file or directory)
768163 newfstatat(AT_FDCWD, "/usr/local/sbin/rm", 0x7fff4bceef30, 0) = -1 ENOENT (No such file or directory)
768163 newfstatat(AT_FDCWD, "/usr/bin/rm", {st_mode=S_IFREG|0755, st_size=64096, ...}, 0) = 0
768163 newfstatat(AT_FDCWD, "/usr/bin/rm", {st_mode=S_IFREG|0755, st_size=64096, ...}, 0) = 0
768163 access("/usr/bin/rm", X_OK)      = 0
768163 newfstatat(AT_FDCWD, "/usr/bin/rm", {st_mode=S_IFREG|0755, st_size=64096, ...}, 0) = 0
768163 access("/usr/bin/rm", R_OK)      = 0
768940 openat(AT_FDCWD, "/dev/null", O_WRONLY|O_CREAT|O_TRUNC, 0666) = 3
768940 execve("/usr/bin/rm", ["rm", "-f", "/home/firstmate/.no-mistakes/wor"...], 0x5f8bc2af0ec0 /* 9 vars */) = 0
768940 access("/etc/ld.so.preload", R_OK) = -1 ENOENT (No such file or directory)
768940 openat(AT_FDCWD, "/etc/ld.so.cache", O_RDONLY|O_CLOEXEC) = 3
768940 openat(AT_FDCWD, "/usr/lib/x86_64-linux-gnu/libc.so.6", O_RDONLY|O_CLOEXEC) = 3
768940 openat(AT_FDCWD, "/usr/lib/locale/locale-archive", O_RDONLY|O_CLOEXEC) = 3
768940 openat(AT_FDCWD, "/usr/share/locale/locale.alias", O_RDONLY|O_CLOEXEC) = -1 ENOENT (No such file or directory)
768940 openat(AT_FDCWD, "/usr/lib/locale/C.UTF-8/LC_IDENTIFICATION", O_RDONLY|O_CLOEXEC) = -1 ENOENT (No such file or directory)
768940 openat(AT_FDCWD, "/usr/lib/locale/C.utf8/LC_IDENTIFICATION", O_RDONLY|O_CLOEXEC) = 3
768940 openat(AT_FDCWD, "/usr/lib/x86_64-linux-gnu/gconv/gconv-modules.cache", O_RDONLY|O_CLOEXEC) = 3
768940 openat(AT_FDCWD, "/usr/lib/locale/C.UTF-8/LC_MEASUREMENT", O_RDONLY|O_CLOEXEC) = -1 ENOENT (No such file or directory)
768940 openat(AT_FDCWD, "/usr/lib/locale/C.utf8/LC_MEASUREMENT", O_RDONLY|O_CLOEXEC) = 3
768940 openat(AT_FDCWD, "/usr/lib/locale/C.UTF-8/LC_TELEPHONE", O_RDONLY|O_CLOEXEC) = -1 ENOENT (No such file or directory)
768940 openat(AT_FDCWD, "/usr/lib/locale/C.utf8/LC_TELEPHONE", O_RDONLY|O_CLOEXEC) = 3
768940 openat(AT_FDCWD, "/usr/lib/locale/C.UTF-8/LC_ADDRESS", O_RDONLY|O_CLOEXEC) = -1 ENOENT (No such file or directory)
768940 openat(AT_FDCWD, "/usr/lib/locale/C.utf8/LC_ADDRESS", O_RDONLY|O_CLOEXEC) = 3
768940 openat(AT_FDCWD, "/usr/lib/locale/C.UTF-8/LC_NAME", O_RDONLY|O_CLOEXEC) = -1 ENOENT (No such file or directory)
768940 openat(AT_FDCWD, "/usr/lib/locale/C.utf8/LC_NAME", O_RDONLY|O_CLOEXEC) = 3
768940 openat(AT_FDCWD, "/usr/lib/locale/C.UTF-8/LC_PAPER", O_RDONLY|O_CLOEXEC) = -1 ENOENT (No such file or directory)
768940 openat(AT_FDCWD, "/usr/lib/locale/C.utf8/LC_PAPER", O_RDONLY|O_CLOEXEC) = 3
768940 openat(AT_FDCWD, "/usr/lib/locale/C.UTF-8/LC_MESSAGES", O_RDONLY|O_CLOEXEC) = -1 ENOENT (No such file or directory)
768940 openat(AT_FDCWD, "/usr/lib/locale/C.utf8/LC_MESSAGES", O_RDONLY|O_CLOEXEC) = 3
768940 openat(AT_FDCWD, "/usr/lib/locale/C.utf8/LC_MESSAGES/SYS_LC_MESSAGES", O_RDONLY|O_CLOEXEC) = 3
768940 openat(AT_FDCWD, "/usr/lib/locale/C.UTF-8/LC_MONETARY", O_RDONLY|O_CLOEXEC) = -1 ENOENT (No such file or directory)
768940 openat(AT_FDCWD, "/usr/lib/locale/C.utf8/LC_MONETARY", O_RDONLY|O_CLOEXEC) = 3
768940 openat(AT_FDCWD, "/usr/lib/locale/C.UTF-8/LC_COLLATE", O_RDONLY|O_CLOEXEC) = -1 ENOENT (No such file or directory)
768940 openat(AT_FDCWD, "/usr/lib/locale/C.utf8/LC_COLLATE", O_RDONLY|O_CLOEXEC) = 3
768940 openat(AT_FDCWD, "/usr/lib/locale/C.UTF-8/LC_TIME", O_RDONLY|O_CLOEXEC) = -1 ENOENT (No such file or directory)
768940 openat(AT_FDCWD, "/usr/lib/locale/C.utf8/LC_TIME", O_RDONLY|O_CLOEXEC) = 3
768940 openat(AT_FDCWD, "/usr/lib/locale/C.UTF-8/LC_NUMERIC", O_RDONLY|O_CLOEXEC) = -1 ENOENT (No such file or directory)
768940 openat(AT_FDCWD, "/usr/lib/locale/C.utf8/LC_NUMERIC", O_RDONLY|O_CLOEXEC) = 3
768940 openat(AT_FDCWD, "/usr/lib/locale/C.UTF-8/LC_CTYPE", O_RDONLY|O_CLOEXEC) = -1 ENOENT (No such file or directory)
768940 openat(AT_FDCWD, "/usr/lib/locale/C.utf8/LC_CTYPE", O_RDONLY|O_CLOEXEC) = 3
768940 newfstatat(AT_FDCWD, "/home/firstmate/.no-mistakes/worktrees/8352e211db7e/01M4F29HK4JCAKXEQ2F50R6HHX/.test-tmp/boundary/home/state/.watcher-down.lock", {st_mode=S_IFLNK|0777, st_size=140, ...}, AT_SYMLINK_NOFOLLOW) = 0
768940 unlinkat(AT_FDCWD, "/home/firstmate/.no-mistakes/worktrees/8352e211db7e/01M4F29HK4JCAKXEQ2F50R6HHX/.test-tmp/boundary/home/state/.watcher-down.lock", 0) = 0
768940 +++ exited with 0 +++
768163 --- SIGCHLD {si_signo=SIGCHLD, si_code=CLD_EXITED, si_pid=768940, si_uid=0, si_status=0, si_utime=0, si_stime=0} ---
768944 openat(AT_FDCWD, "/dev/null", O_WRONLY|O_CREAT|O_TRUNC, 0666) = 3
768944 execve("/usr/bin/rm", ["rm", "-f", "/home/firstmate/.no-mistakes/wor"..., "/home/firstmate/.no-mistakes/wor"..., "/home/firstmate/.no-mistakes/wor"..., "/home/firstmate/.no-mistakes/wor"..., "/home/firstmate/.no-mistakes/wor"...], 0x5f8bc2af0ec0 /* 9 vars */) = 0
768944 access("/etc/ld.so.preload", R_OK) = -1 ENOENT (No such file or directory)
768944 openat(AT_FDCWD, "/etc/ld.so.cache", O_RDONLY|O_CLOEXEC) = 3
768944 openat(AT_FDCWD, "/usr/lib/x86_64-linux-gnu/libc.so.6", O_RDONLY|O_CLOEXEC) = 3
768944 openat(AT_FDCWD, "/usr/lib/locale/locale-archive", O_RDONLY|O_CLOEXEC) = 3
768944 openat(AT_FDCWD, "/usr/share/locale/locale.alias", O_RDONLY|O_CLOEXEC) = -1 ENOENT (No such file or directory)
768944 openat(AT_FDCWD, "/usr/lib/locale/C.UTF-8/LC_IDENTIFICATION", O_RDONLY|O_CLOEXEC) = -1 ENOENT (No such file or directory)
768944 openat(AT_FDCWD, "/usr/lib/locale/C.utf8/LC_IDENTIFICATION", O_RDONLY|O_CLOEXEC) = 3
768944 openat(AT_FDCWD, "/usr/lib/x86_64-linux-gnu/gconv/gconv-modules.cache", O_RDONLY|O_CLOEXEC) = 3
768944 openat(AT_FDCWD, "/usr/lib/locale/C.UTF-8/LC_MEASUREMENT", O_RDONLY|O_CLOEXEC) = -1 ENOENT (No such file or directory)
768944 openat(AT_FDCWD, "/usr/lib/locale/C.utf8/LC_MEASUREMENT", O_RDONLY|O_CLOEXEC) = 3
768944 openat(AT_FDCWD, "/usr/lib/locale/C.UTF-8/LC_TELEPHONE", O_RDONLY|O_CLOEXEC) = -1 ENOENT (No such file or directory)
768944 openat(AT_FDCWD, "/usr/lib/locale/C.utf8/LC_TELEPHONE", O_RDONLY|O_CLOEXEC) = 3
768944 openat(AT_FDCWD, "/usr/lib/locale/C.UTF-8/LC_ADDRESS", O_RDONLY|O_CLOEXEC) = -1 ENOENT (No such file or directory)
768944 openat(AT_FDCWD, "/usr/lib/locale/C.utf8/LC_ADDRESS", O_RDONLY|O_CLOEXEC) = 3
768944 openat(AT_FDCWD, "/usr/lib/locale/C.UTF-8/LC_NAME", O_RDONLY|O_CLOEXEC) = -1 ENOENT (No such file or directory)
768944 openat(AT_FDCWD, "/usr/lib/locale/C.utf8/LC_NAME", O_RDONLY|O_CLOEXEC) = 3
768944 openat(AT_FDCWD, "/usr/lib/locale/C.UTF-8/LC_PAPER", O_RDONLY|O_CLOEXEC) = -1 ENOENT (No such file or directory)
768944 openat(AT_FDCWD, "/usr/lib/locale/C.utf8/LC_PAPER", O_RDONLY|O_CLOEXEC) = 3
768944 openat(AT_FDCWD, "/usr/lib/locale/C.UTF-8/LC_MESSAGES", O_RDONLY|O_CLOEXEC) = -1 ENOENT (No such file or directory)
768944 openat(AT_FDCWD, "/usr/lib/locale/C.utf8/LC_MESSAGES", O_RDONLY|O_CLOEXEC) = 3
768944 openat(AT_FDCWD, "/usr/lib/locale/C.utf8/LC_MESSAGES/SYS_LC_MESSAGES", O_RDONLY|O_CLOEXEC) = 3
768944 openat(AT_FDCWD, "/usr/lib/locale/C.UTF-8/LC_MONETARY", O_RDONLY|O_CLOEXEC) = -1 ENOENT (No such file or directory)
768944 openat(AT_FDCWD, "/usr/lib/locale/C.utf8/LC_MONETARY", O_RDONLY|O_CLOEXEC) = 3
768944 openat(AT_FDCWD, "/usr/lib/locale/C.UTF-8/LC_COLLATE", O_RDONLY|O_CLOEXEC) = -1 ENOENT (No such file or directory)
768944 openat(AT_FDCWD, "/usr/lib/locale/C.utf8/LC_COLLATE", O_RDONLY|O_CLOEXEC) = 3
768944 openat(AT_FDCWD, "/usr/lib/locale/C.UTF-8/LC_TIME", O_RDONLY|O_CLOEXEC) = -1 ENOENT (No such file or directory)
768944 openat(AT_FDCWD, "/usr/lib/locale/C.utf8/LC_TIME", O_RDONLY|O_CLOEXEC) = 3
768944 openat(AT_FDCWD, "/usr/lib/locale/C.UTF-8/LC_NUMERIC", O_RDONLY|O_CLOEXEC) = -1 ENOENT (No such file or directory)
768944 openat(AT_FDCWD, "/usr/lib/locale/C.utf8/LC_NUMERIC", O_RDONLY|O_CLOEXEC) = 3
768944 openat(AT_FDCWD, "/usr/lib/locale/C.UTF-8/LC_CTYPE", O_RDONLY|O_CLOEXEC) = -1 ENOENT (No such file or directory)
768944 openat(AT_FDCWD, "/usr/lib/locale/C.utf8/LC_CTYPE", O_RDONLY|O_CLOEXEC) = 3
768944 newfstatat(AT_FDCWD, "/home/firstmate/.no-mistakes/worktrees/8352e211db7e/01M4F29HK4JCAKXEQ2F50R6HHX/.test-tmp/boundary/home/state/.watcher-down.lock.owner.As6P5K/pid", {st_mode=S_IFREG|0600, st_size=7, ...}, AT_SYMLINK_NOFOLLOW) = 0
768944 unlinkat(AT_FDCWD, "/home/firstmate/.no-mistakes/worktrees/8352e211db7e/01M4F29HK4JCAKXEQ2F50R6HHX/.test-tmp/boundary/home/state/.watcher-down.lock.owner.As6P5K/pid", 0) = 0
768944 newfstatat(AT_FDCWD, "/home/firstmate/.no-mistakes/worktrees/8352e211db7e/01M4F29HK4JCAKXEQ2F50R6HHX/.test-tmp/boundary/home/state/.watcher-down.lock.owner.As6P5K/fm-home", 0x5ce08ce39780, AT_SYMLINK_NOFOLLOW) = -1 ENOENT (No such file or directory)
768944 unlinkat(AT_FDCWD, "/home/firstmate/.no-mistakes/worktrees/8352e211db7e/01M4F29HK4JCAKXEQ2F50R6HHX/.test-tmp/boundary/home/state/.watcher-down.lock.owner.As6P5K/fm-home", 0) = -1 ENOENT (No such file or directory)
768944 newfstatat(AT_FDCWD, "/home/firstmate/.no-mistakes/worktrees/8352e211db7e/01M4F29HK4JCAKXEQ2F50R6HHX/.test-tmp/boundary/home/state/.watcher-down.lock.owner.As6P5K/pid-identity", 0x5ce08ce39920, AT_SYMLINK_NOFOLLOW) = -1 ENOENT (No such file or directory)
768944 unlinkat(AT_FDCWD, "/home/firstmate/.no-mistakes/worktrees/8352e211db7e/01M4F29HK4JCAKXEQ2F50R6HHX/.test-tmp/boundary/home/state/.watcher-down.lock.owner.As6P5K/pid-identity", 0) = -1 ENOENT (No such file or directory)
768944 newfstatat(AT_FDCWD, "/home/firstmate/.no-mistakes/worktrees/8352e211db7e/01M4F29HK4JCAKXEQ2F50R6HHX/.test-tmp/boundary/home/state/.watcher-down.lock.owner.As6P5K/role", 0x5ce08ce39ad0, AT_SYMLINK_NOFOLLOW) = -1 ENOENT (No such file or directory)
768944 unlinkat(AT_FDCWD, "/home/firstmate/.no-mistakes/worktrees/8352e211db7e/01M4F29HK4JCAKXEQ2F50R6HHX/.test-tmp/boundary/home/state/.watcher-down.lock.owner.As6P5K/role", 0) = -1 ENOENT (No such file or directory)
768944 newfstatat(AT_FDCWD, "/home/firstmate/.no-mistakes/worktrees/8352e211db7e/01M4F29HK4JCAKXEQ2F50R6HHX/.test-tmp/boundary/home/state/.watcher-down.lock.owner.As6P5K/watcher-path", 0x5ce08ce39c70, AT_SYMLINK_NOFOLLOW) = -1 ENOENT (No such file or directory)
768944 unlinkat(AT_FDCWD, "/home/firstmate/.no-mistakes/worktrees/8352e211db7e/01M4F29HK4JCAKXEQ2F50R6HHX/.test-tmp/boundary/home/state/.watcher-down.lock.owner.As6P5K/watcher-path", 0) = -1 ENOENT (No such file or directory)
768944 +++ exited with 0 +++
768163 --- SIGCHLD {si_signo=SIGCHLD, si_code=CLD_EXITED, si_pid=768944, si_uid=0, si_status=0, si_utime=0, si_stime=0} ---
768163 newfstatat(AT_FDCWD, ".", {st_mode=S_IFDIR|0775, st_size=4096, ...}, 0) = 0
768163 newfstatat(AT_FDCWD, "/home/firstmate/.local/codex-latest/lib/node_modules/@openai/codex/node_modules/@openai/codex-linux-x64/vendor/x86_64-unknown-linux-musl/codex-path/rmdir", 0x7fff4bceea40, 0) = -1 ENOENT (No such file or directory)
768163 newfstatat(AT_FDCWD, "/home/firstmate/.codex-5/tmp/arg0/codex-arg065EgpK/rmdir", 0x7fff4bceea40, 0) = -1 ENOENT (No such file or directory)
768163 newfstatat(AT_FDCWD, "/home/firstmate/.local/codex-latest/lib/node_modules/@openai/codex/node_modules/@openai/codex-linux-x64/vendor/x86_64-unknown-linux-musl/codex-path/rmdir", 0x7fff4bceea40, 0) = -1 ENOENT (No such file or directory)
768163 newfstatat(AT_FDCWD, "/home/firstmate/.local/bin/rmdir", 0x7fff4bceea40, 0) = -1 ENOENT (No such file or directory)
768163 newfstatat(AT_FDCWD, "/home/firstmate/go/bin/rmdir", 0x7fff4bceea40, 0) = -1 ENOENT (No such file or directory)
768163 newfstatat(AT_FDCWD, "/home/firstmate/.cargo/bin/rmdir", 0x7fff4bceea40, 0) = -1 ENOENT (No such file or directory)
768163 newfstatat(AT_FDCWD, "/home/firstmate/bin/rmdir", 0x7fff4bceea40, 0) = -1 ENOENT (No such file or directory)
768163 newfstatat(AT_FDCWD, "/opt/homebrew/bin/rmdir", 0x7fff4bceea40, 0) = -1 ENOENT (No such file or directory)
768163 newfstatat(AT_FDCWD, "/opt/homebrew/sbin/rmdir", 0x7fff4bceea40, 0) = -1 ENOENT (No such file or directory)
768163 newfstatat(AT_FDCWD, "/usr/local/bin/rmdir", 0x7fff4bceea40, 0) = -1 ENOENT (No such file or directory)
768163 newfstatat(AT_FDCWD, "/usr/local/sbin/rmdir", 0x7fff4bceea40, 0) = -1 ENOENT (No such file or directory)
768163 newfstatat(AT_FDCWD, "/usr/bin/rmdir", {st_mode=S_IFREG|0755, st_size=11352352, ...}, 0) = 0
768163 newfstatat(AT_FDCWD, "/usr/bin/rmdir", {st_mode=S_IFREG|0755, st_size=11352352, ...}, 0) = 0
768163 access("/usr/bin/rmdir", X_OK)   = 0
768163 newfstatat(AT_FDCWD, "/usr/bin/rmdir", {st_mode=S_IFREG|0755, st_size=11352352, ...}, 0) = 0
768163 access("/usr/bin/rmdir", R_OK)   = 0
768950 openat(AT_FDCWD, "/dev/null", O_WRONLY|O_CREAT|O_TRUNC, 0666) = 3
768950 execve("/usr/bin/rmdir", ["rmdir", "/home/firstmate/.no-mistakes/wor"...], 0x5f8bc2af0ec0 /* 9 vars */) = 0
768950 access("/etc/ld.so.preload", R_OK) = -1 ENOENT (No such file or directory)
768950 openat(AT_FDCWD, "/etc/ld.so.cache", O_RDONLY|O_CLOEXEC) = 3
768950 openat(AT_FDCWD, "/usr/lib/x86_64-linux-gnu/libselinux.so.1", O_RDONLY|O_CLOEXEC) = 3
768950 openat(AT_FDCWD, "/usr/lib/x86_64-linux-gnu/libgcc_s.so.1", O_RDONLY|O_CLOEXEC) = 3
768950 openat(AT_FDCWD, "/usr/lib/x86_64-linux-gnu/libm.so.6", O_RDONLY|O_CLOEXEC) = 3
768950 openat(AT_FDCWD, "/usr/lib/x86_64-linux-gnu/libc.so.6", O_RDONLY|O_CLOEXEC) = 3
768950 openat(AT_FDCWD, "/usr/lib/x86_64-linux-gnu/libpcre2-8.so.0", O_RDONLY|O_CLOEXEC) = 3
768950 statfs("/sys/fs/selinux", 0x7ffec7252e00) = -1 ENOENT (No such file or directory)
768950 statfs("/selinux", 0x7ffec7252e00) = -1 ENOENT (No such file or directory)
768950 openat(AT_FDCWD, "/proc/filesystems", O_RDONLY|O_CLOEXEC) = 3
768950 access("/etc/selinux/config", F_OK) = -1 ENOENT (No such file or directory)
768950 openat(AT_FDCWD, "/proc/self/maps", O_RDONLY|O_CLOEXEC) = 3
768950 statx(AT_FDCWD, "/usr/share/coreutils/locales/rmdir", AT_STATX_SYNC_AS_STAT, STATX_ALL, {stx_mask=STATX_ALL|STATX_MNT_ID, stx_attributes=0, stx_mode=S_IFDIR|0755, stx_size=4096, ...}) = 0
768950 statx(AT_FDCWD, "/usr/share/coreutils/locales/uucore", AT_STATX_SYNC_AS_STAT, STATX_ALL, {stx_mask=STATX_ALL|STATX_MNT_ID, stx_attributes=0, stx_mode=S_IFDIR|0755, stx_size=4096, ...}) = 0
768950 openat(AT_FDCWD, "/usr/share/coreutils/locales/uucore/en-US.ftl", O_RDONLY|O_CLOEXEC) = 3
768950 statx(3, "", AT_STATX_SYNC_AS_STAT|AT_EMPTY_PATH, STATX_ALL, {stx_mask=STATX_ALL|STATX_MNT_ID, stx_attributes=0, stx_mode=S_IFREG|0644, stx_size=4080, ...}) = 0
768950 statx(AT_FDCWD, "/usr/share/coreutils/locales/rmdir", AT_STATX_SYNC_AS_STAT, STATX_ALL, {stx_mask=STATX_ALL|STATX_MNT_ID, stx_attributes=0, stx_mode=S_IFDIR|0755, stx_size=4096, ...}) = 0
768950 openat(AT_FDCWD, "/usr/share/coreutils/locales/rmdir/en-US.ftl", O_RDONLY|O_CLOEXEC) = -1 ENOENT (No such file or directory)
768950 rmdir("/home/firstmate/.no-mistakes/worktrees/8352e211db7e/01M4F29HK4JCAKXEQ2F50R6HHX/.test-tmp/boundary/home/state/.watcher-down.lock.owner.As6P5K") = 0
768950 +++ exited with 0 +++
768163 --- SIGCHLD {si_signo=SIGCHLD, si_code=CLD_EXITED, si_pid=768950, si_uid=0, si_status=0, si_utime=0, si_stime=0} ---
768957 newfstatat(AT_FDCWD, ".", {st_mode=S_IFDIR|0775, st_size=4096, ...}, 0) = 0
768957 newfstatat(AT_FDCWD, "/home/firstmate/.local/codex-latest/lib/node_modules/@openai/codex/node_modules/@openai/codex-linux-x64/vendor/x86_64-unknown-linux-musl/codex-path/cat", 0x7fff4bcef8d0, 0) = -1 ENOENT (No such file or directory)
768957 newfstatat(AT_FDCWD, "/home/firstmate/.codex-5/tmp/arg0/codex-arg065EgpK/cat", 0x7fff4bcef8d0, 0) = -1 ENOENT (No such file or directory)
768957 newfstatat(AT_FDCWD, "/home/firstmate/.local/codex-latest/lib/node_modules/@openai/codex/node_modules/@openai/codex-linux-x64/vendor/x86_64-unknown-linux-musl/codex-path/cat", 0x7fff4bcef8d0, 0) = -1 ENOENT (No such file or directory)
768957 newfstatat(AT_FDCWD, "/home/firstmate/.local/bin/cat", 0x7fff4bcef8d0, 0) = -1 ENOENT (No such file or directory)
768957 newfstatat(AT_FDCWD, "/home/firstmate/go/bin/cat", 0x7fff4bcef8d0, 0) = -1 ENOENT (No such file or directory)
768957 newfstatat(AT_FDCWD, "/home/firstmate/.cargo/bin/cat", 0x7fff4bcef8d0, 0) = -1 ENOENT (No such file or directory)
768957 newfstatat(AT_FDCWD, "/home/firstmate/bin/cat", 0x7fff4bcef8d0, 0) = -1 ENOENT (No such file or directory)
768957 newfstatat(AT_FDCWD, "/opt/homebrew/bin/cat", 0x7fff4bcef8d0, 0) = -1 ENOENT (No such file or directory)
768957 newfstatat(AT_FDCWD, "/opt/homebrew/sbin/cat", 0x7fff4bcef8d0, 0) = -1 ENOENT (No such file or directory)
768957 newfstatat(AT_FDCWD, "/usr/local/bin/cat", 0x7fff4bcef8d0, 0) = -1 ENOENT (No such file or directory)
768957 newfstatat(AT_FDCWD, "/usr/local/sbin/cat", 0x7fff4bcef8d0, 0) = -1 ENOENT (No such file or directory)
768957 newfstatat(AT_FDCWD, "/usr/bin/cat", {st_mode=S_IFREG|0755, st_size=11352352, ...}, 0) = 0
768957 newfstatat(AT_FDCWD, "/usr/bin/cat", {st_mode=S_IFREG|0755, st_size=11352352, ...}, 0) = 0
768957 access("/usr/bin/cat", X_OK)     = 0
768957 newfstatat(AT_FDCWD, "/usr/bin/cat", {st_mode=S_IFREG|0755, st_size=11352352, ...}, 0) = 0
768957 access("/usr/bin/cat", R_OK)     = 0
768959 openat(AT_FDCWD, "/dev/null", O_WRONLY|O_CREAT|O_TRUNC, 0666) = 3
768959 execve("/usr/bin/cat", ["cat", "/home/firstmate/.no-mistakes/wor"...], 0x5f8bc2af0ec0 /* 9 vars */) = 0
768959 access("/etc/ld.so.preload", R_OK) = -1 ENOENT (No such file or directory)
768959 openat(AT_FDCWD, "/etc/ld.so.cache", O_RDONLY|O_CLOEXEC) = 3
768959 openat(AT_FDCWD, "/usr/lib/x86_64-linux-gnu/libselinux.so.1", O_RDONLY|O_CLOEXEC) = 3
768959 openat(AT_FDCWD, "/usr/lib/x86_64-linux-gnu/libgcc_s.so.1", O_RDONLY|O_CLOEXEC) = 3
768959 openat(AT_FDCWD, "/usr/lib/x86_64-linux-gnu/libm.so.6", O_RDONLY|O_CLOEXEC) = 3
768959 openat(AT_FDCWD, "/usr/lib/x86_64-linux-gnu/libc.so.6", O_RDONLY|O_CLOEXEC) = 3
768959 openat(AT_FDCWD, "/usr/lib/x86_64-linux-gnu/libpcre2-8.so.0", O_RDONLY|O_CLOEXEC) = 3
768959 statfs("/sys/fs/selinux", 0x7fff0e2182d0) = -1 ENOENT (No such file or directory)
768959 statfs("/selinux", 0x7fff0e2182d0) = -1 ENOENT (No such file or directory)
768959 openat(AT_FDCWD, "/proc/filesystems", O_RDONLY|O_CLOEXEC) = 3
768959 access("/etc/selinux/config", F_OK) = -1 ENOENT (No such file or directory)
768959 openat(AT_FDCWD, "/proc/self/maps", O_RDONLY|O_CLOEXEC) = 3
768959 statx(AT_FDCWD, "/usr/share/coreutils/locales/cat", AT_STATX_SYNC_AS_STAT, STATX_ALL, {stx_mask=STATX_ALL|STATX_MNT_ID, stx_attributes=0, stx_mode=S_IFDIR|0755, stx_size=4096, ...}) = 0
768959 statx(AT_FDCWD, "/usr/share/coreutils/locales/uucore", AT_STATX_SYNC_AS_STAT, STATX_ALL, {stx_mask=STATX_ALL|STATX_MNT_ID, stx_attributes=0, stx_mode=S_IFDIR|0755, stx_size=4096, ...}) = 0
768959 openat(AT_FDCWD, "/usr/share/coreutils/locales/uucore/en-US.ftl", O_RDONLY|O_CLOEXEC) = 3
768959 statx(3, "", AT_STATX_SYNC_AS_STAT|AT_EMPTY_PATH, STATX_ALL, {stx_mask=STATX_ALL|STATX_MNT_ID, stx_attributes=0, stx_mode=S_IFREG|0644, stx_size=4080, ...}) = 0
768959 statx(AT_FDCWD, "/usr/share/coreutils/locales/cat", AT_STATX_SYNC_AS_STAT, STATX_ALL, {stx_mask=STATX_ALL|STATX_MNT_ID, stx_attributes=0, stx_mode=S_IFDIR|0755, stx_size=4096, ...}) = 0
768959 openat(AT_FDCWD, "/usr/share/coreutils/locales/cat/en-US.ftl", O_RDONLY|O_CLOEXEC) = -1 ENOENT (No such file or directory)
768959 statx(AT_FDCWD, "/home/firstmate/.no-mistakes/worktrees/8352e211db7e/01M4F29HK4JCAKXEQ2F50R6HHX/.test-tmp/boundary/home/state/.wake-queue.seq", AT_STATX_SYNC_AS_STAT, STATX_ALL, {stx_mask=STATX_ALL|STATX_MNT_ID, stx_attributes=0, stx_mode=S_IFREG|0600, stx_size=2, ...}) = 0
768959 openat(AT_FDCWD, "/home/firstmate/.no-mistakes/worktrees/8352e211db7e/01M4F29HK4JCAKXEQ2F50R6HHX/.test-tmp/boundary/home/state/.wake-queue.seq", O_RDONLY|O_CLOEXEC) = 3
768959 +++ exited with 0 +++
768957 --- SIGCHLD {si_signo=SIGCHLD, si_code=CLD_EXITED, si_pid=768959, si_uid=0, si_status=0, si_utime=0, si_stime=0} ---
768957 +++ exited with 0 +++
768163 --- SIGCHLD {si_signo=SIGCHLD, si_code=CLD_EXITED, si_pid=768957, si_uid=0, si_status=0, si_utime=0, si_stime=0} ---
768163 openat(AT_FDCWD, "/home/firstmate/.no-mistakes/worktrees/8352e211db7e/01M4F29HK4JCAKXEQ2F50R6HHX/.test-tmp/boundary/home/state/.wake-queue.seq", O_WRONLY|O_CREAT|O_TRUNC, 0666) = 3
768163 openat(AT_FDCWD, "/home/firstmate/.no-mistakes/worktrees/8352e211db7e/01M4F29HK4JCAKXEQ2F50R6HHX/.test-tmp/boundary/home/state/.wake-queue", O_WRONLY|O_CREAT|O_APPEND, 0666) = 3
768163 newfstatat(AT_FDCWD, "/home/firstmate/.no-mistakes/worktrees/8352e211db7e/01M4F29HK4JCAKXEQ2F50R6HHX/.test-tmp/boundary/home/state/.wake-queue.lock", {st_mode=S_IFLNK|0777, st_size=138, ...}, AT_SYMLINK_NOFOLLOW) = 0
768968 openat(AT_FDCWD, "/dev/null", O_WRONLY|O_CREAT|O_TRUNC, 0666) = 3
768971 newfstatat(AT_FDCWD, ".", {st_mode=S_IFDIR|0775, st_size=4096, ...}, 0) = 0
768971 newfstatat(AT_FDCWD, "/home/firstmate/.local/codex-latest/lib/node_modules/@openai/codex/node_modules/@openai/codex-linux-x64/vendor/x86_64-unknown-linux-musl/codex-path/readlink", 0x7fff4bcee3d0, 0) = -1 ENOENT (No such file or directory)
768971 newfstatat(AT_FDCWD, "/home/firstmate/.codex-5/tmp/arg0/codex-arg065EgpK/readlink", 0x7fff4bcee3d0, 0) = -1 ENOENT (No such file or directory)
768971 newfstatat(AT_FDCWD, "/home/firstmate/.local/codex-latest/lib/node_modules/@openai/codex/node_modules/@openai/codex-linux-x64/vendor/x86_64-unknown-linux-musl/codex-path/readlink", 0x7fff4bcee3d0, 0) = -1 ENOENT (No such file or directory)
768971 newfstatat(AT_FDCWD, "/home/firstmate/.local/bin/readlink", 0x7fff4bcee3d0, 0) = -1 ENOENT (No such file or directory)
768971 newfstatat(AT_FDCWD, "/home/firstmate/go/bin/readlink", 0x7fff4bcee3d0, 0) = -1 ENOENT (No such file or directory)
768971 newfstatat(AT_FDCWD, "/home/firstmate/.cargo/bin/readlink", 0x7fff4bcee3d0, 0) = -1 ENOENT (No such file or directory)
768971 newfstatat(AT_FDCWD, "/home/firstmate/bin/readlink", 0x7fff4bcee3d0, 0) = -1 ENOENT (No such file or directory)
768971 newfstatat(AT_FDCWD, "/opt/homebrew/bin/readlink", 0x7fff4bcee3d0, 0) = -1 ENOENT (No such file or directory)
768971 newfstatat(AT_FDCWD, "/opt/homebrew/sbin/readlink", 0x7fff4bcee3d0, 0) = -1 ENOENT (No such file or directory)
768971 newfstatat(AT_FDCWD, "/usr/local/bin/readlink", 0x7fff4bcee3d0, 0) = -1 ENOENT (No such file or directory)
768971 newfstatat(AT_FDCWD, "/usr/local/sbin/readlink", 0x7fff4bcee3d0, 0) = -1 ENOENT (No such file or directory)
768971 newfstatat(AT_FDCWD, "/usr/bin/readlink", {st_mode=S_IFREG|0755, st_size=11352352, ...}, 0) = 0
768971 newfstatat(AT_FDCWD, "/usr/bin/readlink", {st_mode=S_IFREG|0755, st_size=11352352, ...}, 0) = 0
768971 access("/usr/bin/readlink", X_OK) = 0
768971 newfstatat(AT_FDCWD, "/usr/bin/readlink", {st_mode=S_IFREG|0755, st_size=11352352, ...}, 0) = 0
768971 access("/usr/bin/readlink", R_OK) = 0
768973 openat(AT_FDCWD, "/dev/null", O_WRONLY|O_CREAT|O_TRUNC, 0666) = 3
768973 execve("/usr/bin/readlink", ["readlink", "/home/firstmate/.no-mistakes/wor"...], 0x5f8bc2af0ec0 /* 9 vars */) = 0
768973 access("/etc/ld.so.preload", R_OK) = -1 ENOENT (No such file or directory)
768973 openat(AT_FDCWD, "/etc/ld.so.cache", O_RDONLY|O_CLOEXEC) = 3
768973 openat(AT_FDCWD, "/usr/lib/x86_64-linux-gnu/libselinux.so.1", O_RDONLY|O_CLOEXEC) = 3
768973 openat(AT_FDCWD, "/usr/lib/x86_64-linux-gnu/libgcc_s.so.1", O_RDONLY|O_CLOEXEC) = 3
768973 openat(AT_FDCWD, "/usr/lib/x86_64-linux-gnu/libm.so.6", O_RDONLY|O_CLOEXEC) = 3
768973 openat(AT_FDCWD, "/usr/lib/x86_64-linux-gnu/libc.so.6", O_RDONLY|O_CLOEXEC) = 3
768973 openat(AT_FDCWD, "/usr/lib/x86_64-linux-gnu/libpcre2-8.so.0", O_RDONLY|O_CLOEXEC) = 3
768973 statfs("/sys/fs/selinux", 0x7ffd4911c190) = -1 ENOENT (No such file or directory)
768973 statfs("/selinux", 0x7ffd4911c190) = -1 ENOENT (No such file or directory)
768973 openat(AT_FDCWD, "/proc/filesystems", O_RDONLY|O_CLOEXEC) = 3
768973 access("/etc/selinux/config", F_OK) = -1 ENOENT (No such file or directory)
768973 openat(AT_FDCWD, "/proc/self/maps", O_RDONLY|O_CLOEXEC) = 3
768973 statx(AT_FDCWD, "/usr/share/coreutils/locales/readlink", AT_STATX_SYNC_AS_STAT, STATX_ALL, {stx_mask=STATX_ALL|STATX_MNT_ID, stx_attributes=0, stx_mode=S_IFDIR|0755, stx_size=4096, ...}) = 0
768973 statx(AT_FDCWD, "/usr/share/coreutils/locales/uucore", AT_STATX_SYNC_AS_STAT, STATX_ALL, {stx_mask=STATX_ALL|STATX_MNT_ID, stx_attributes=0, stx_mode=S_IFDIR|0755, stx_size=4096, ...}) = 0
768973 openat(AT_FDCWD, "/usr/share/coreutils/locales/uucore/en-US.ftl", O_RDONLY|O_CLOEXEC) = 3
768973 statx(3, "", AT_STATX_SYNC_AS_STAT|AT_EMPTY_PATH, STATX_ALL, {stx_mask=STATX_ALL|STATX_MNT_ID, stx_attributes=0, stx_mode=S_IFREG|0644, stx_size=4080, ...}) = 0
768973 statx(AT_FDCWD, "/usr/share/coreutils/locales/readlink", AT_STATX_SYNC_AS_STAT, STATX_ALL, {stx_mask=STATX_ALL|STATX_MNT_ID, stx_attributes=0, stx_mode=S_IFDIR|0755, stx_size=4096, ...}) = 0
768973 openat(AT_FDCWD, "/usr/share/coreutils/locales/readlink/en-US.ftl", O_RDONLY|O_CLOEXEC) = -1 ENOENT (No such file or directory)
768973 readlink("/home/firstmate/.no-mistakes/worktrees/8352e211db7e/01M4F29HK4JCAKXEQ2F50R6HHX/.test-tmp/boundary/home/state/.wake-queue.lock", "/home/firstmate/.no-mistakes/wor"..., 256) = 138
768973 +++ exited with 0 +++
768971 --- SIGCHLD {si_signo=SIGCHLD, si_code=CLD_EXITED, si_pid=768973, si_uid=0, si_status=0, si_utime=0, si_stime=0} ---
768971 +++ exited with 0 +++
768968 --- SIGCHLD {si_signo=SIGCHLD, si_code=CLD_EXITED, si_pid=768971, si_uid=0, si_status=0, si_utime=0, si_stime=0} ---
768968 +++ exited with 0 +++
768163 --- SIGCHLD {si_signo=SIGCHLD, si_code=CLD_EXITED, si_pid=768968, si_uid=0, si_status=0, si_utime=0, si_stime=0} ---
768980 newfstatat(AT_FDCWD, ".", {st_mode=S_IFDIR|0775, st_size=4096, ...}, 0) = 0
768980 newfstatat(AT_FDCWD, "/home/firstmate/.local/codex-latest/lib/node_modules/@openai/codex/node_modules/@openai/codex-linux-x64/vendor/x86_64-unknown-linux-musl/codex-path/cat", 0x7fff4bcef600, 0) = -1 ENOENT (No such file or directory)
768980 newfstatat(AT_FDCWD, "/home/firstmate/.codex-5/tmp/arg0/codex-arg065EgpK/cat", 0x7fff4bcef600, 0) = -1 ENOENT (No such file or directory)
768980 newfstatat(AT_FDCWD, "/home/firstmate/.local/codex-latest/lib/node_modules/@openai/codex/node_modules/@openai/codex-linux-x64/vendor/x86_64-unknown-linux-musl/codex-path/cat", 0x7fff4bcef600, 0) = -1 ENOENT (No such file or directory)
768980 newfstatat(AT_FDCWD, "/home/firstmate/.local/bin/cat", 0x7fff4bcef600, 0) = -1 ENOENT (No such file or directory)
768980 newfstatat(AT_FDCWD, "/home/firstmate/go/bin/cat", 0x7fff4bcef600, 0) = -1 ENOENT (No such file or directory)
768980 newfstatat(AT_FDCWD, "/home/firstmate/.cargo/bin/cat", 0x7fff4bcef600, 0) = -1 ENOENT (No such file or directory)
768980 newfstatat(AT_FDCWD, "/home/firstmate/bin/cat", 0x7fff4bcef600, 0) = -1 ENOENT (No such file or directory)
768980 newfstatat(AT_FDCWD, "/opt/homebrew/bin/cat", 0x7fff4bcef600, 0) = -1 ENOENT (No such file or directory)
768980 newfstatat(AT_FDCWD, "/opt/homebrew/sbin/cat", 0x7fff4bcef600, 0) = -1 ENOENT (No such file or directory)
768980 newfstatat(AT_FDCWD, "/usr/local/bin/cat", 0x7fff4bcef600, 0) = -1 ENOENT (No such file or directory)
768980 newfstatat(AT_FDCWD, "/usr/local/sbin/cat", 0x7fff4bcef600, 0) = -1 ENOENT (No such file or directory)
768980 newfstatat(AT_FDCWD, "/usr/bin/cat", {st_mode=S_IFREG|0755, st_size=11352352, ...}, 0) = 0
768980 newfstatat(AT_FDCWD, "/usr/bin/cat", {st_mode=S_IFREG|0755, st_size=11352352, ...}, 0) = 0
768980 access("/usr/bin/cat", X_OK)     = 0
768980 newfstatat(AT_FDCWD, "/usr/bin/cat", {st_mode=S_IFREG|0755, st_size=11352352, ...}, 0) = 0
768980 access("/usr/bin/cat", R_OK)     = 0
768985 openat(AT_FDCWD, "/dev/null", O_WRONLY|O_CREAT|O_TRUNC, 0666) = 3
768985 execve("/usr/bin/cat", ["cat", "/home/firstmate/.no-mistakes/wor"...], 0x5f8bc2af0ec0 /* 9 vars */) = 0
768985 access("/etc/ld.so.preload", R_OK) = -1 ENOENT (No such file or directory)
768985 openat(AT_FDCWD, "/etc/ld.so.cache", O_RDONLY|O_CLOEXEC) = 3
768985 openat(AT_FDCWD, "/usr/lib/x86_64-linux-gnu/libselinux.so.1", O_RDONLY|O_CLOEXEC) = 3
768985 openat(AT_FDCWD, "/usr/lib/x86_64-linux-gnu/libgcc_s.so.1", O_RDONLY|O_CLOEXEC) = 3
768985 openat(AT_FDCWD, "/usr/lib/x86_64-linux-gnu/libm.so.6", O_RDONLY|O_CLOEXEC) = 3
768985 openat(AT_FDCWD, "/usr/lib/x86_64-linux-gnu/libc.so.6", O_RDONLY|O_CLOEXEC) = 3
768985 openat(AT_FDCWD, "/usr/lib/x86_64-linux-gnu/libpcre2-8.so.0", O_RDONLY|O_CLOEXEC) = 3
768985 statfs("/sys/fs/selinux", 0x7ffe992fc8b0) = -1 ENOENT (No such file or directory)
768985 statfs("/selinux", 0x7ffe992fc8b0) = -1 ENOENT (No such file or directory)
768985 openat(AT_FDCWD, "/proc/filesystems", O_RDONLY|O_CLOEXEC) = 3
768985 access("/etc/selinux/config", F_OK) = -1 ENOENT (No such file or directory)
768985 openat(AT_FDCWD, "/proc/self/maps", O_RDONLY|O_CLOEXEC) = 3
768985 statx(AT_FDCWD, "/usr/share/coreutils/locales/cat", AT_STATX_SYNC_AS_STAT, STATX_ALL, {stx_mask=STATX_ALL|STATX_MNT_ID, stx_attributes=0, stx_mode=S_IFDIR|0755, stx_size=4096, ...}) = 0
768985 statx(AT_FDCWD, "/usr/share/coreutils/locales/uucore", AT_STATX_SYNC_AS_STAT, STATX_ALL, {stx_mask=STATX_ALL|STATX_MNT_ID, stx_attributes=0, stx_mode=S_IFDIR|0755, stx_size=4096, ...}) = 0
768985 openat(AT_FDCWD, "/usr/share/coreutils/locales/uucore/en-US.ftl", O_RDONLY|O_CLOEXEC) = 3
768985 statx(3, "", AT_STATX_SYNC_AS_STAT|AT_EMPTY_PATH, STATX_ALL, {stx_mask=STATX_ALL|STATX_MNT_ID, stx_attributes=0, stx_mode=S_IFREG|0644, stx_size=4080, ...}) = 0
768985 statx(AT_FDCWD, "/usr/share/coreutils/locales/cat", AT_STATX_SYNC_AS_STAT, STATX_ALL, {stx_mask=STATX_ALL|STATX_MNT_ID, stx_attributes=0, stx_mode=S_IFDIR|0755, stx_size=4096, ...}) = 0
768985 openat(AT_FDCWD, "/usr/share/coreutils/locales/cat/en-US.ftl", O_RDONLY|O_CLOEXEC) = -1 ENOENT (No such file or directory)
768985 statx(AT_FDCWD, "/home/firstmate/.no-mistakes/worktrees/8352e211db7e/01M4F29HK4JCAKXEQ2F50R6HHX/.test-tmp/boundary/home/state/.wake-queue.lock.owner.2bpUiw/pid", AT_STATX_SYNC_AS_STAT, STATX_ALL, {stx_mask=STATX_ALL|STATX_MNT_ID, stx_attributes=0, stx_mode=S_IFREG|0600, stx_size=7, ...}) = 0
768985 openat(AT_FDCWD, "/home/firstmate/.no-mistakes/worktrees/8352e211db7e/01M4F29HK4JCAKXEQ2F50R6HHX/.test-tmp/boundary/home/state/.wake-queue.lock.owner.2bpUiw/pid", O_RDONLY|O_CLOEXEC) = 3
768985 +++ exited with 0 +++
768980 --- SIGCHLD {si_signo=SIGCHLD, si_code=CLD_EXITED, si_pid=768985, si_uid=0, si_status=0, si_utime=0, si_stime=0} ---
768980 +++ exited with 0 +++
768163 --- SIGCHLD {si_signo=SIGCHLD, si_code=CLD_EXITED, si_pid=768980, si_uid=0, si_status=0, si_utime=0, si_stime=0} ---
768995 newfstatat(AT_FDCWD, ".", {st_mode=S_IFDIR|0775, st_size=4096, ...}, 0) = 0
768995 newfstatat(AT_FDCWD, "/home/firstmate/.local/codex-latest/lib/node_modules/@openai/codex/node_modules/@openai/codex-linux-x64/vendor/x86_64-unknown-linux-musl/codex-path/readlink", 0x7fff4bcef010, 0) = -1 ENOENT (No such file or directory)
768995 newfstatat(AT_FDCWD, "/home/firstmate/.codex-5/tmp/arg0/codex-arg065EgpK/readlink", 0x7fff4bcef010, 0) = -1 ENOENT (No such file or directory)
768995 newfstatat(AT_FDCWD, "/home/firstmate/.local/codex-latest/lib/node_modules/@openai/codex/node_modules/@openai/codex-linux-x64/vendor/x86_64-unknown-linux-musl/codex-path/readlink", 0x7fff4bcef010, 0) = -1 ENOENT (No such file or directory)
768995 newfstatat(AT_FDCWD, "/home/firstmate/.local/bin/readlink", 0x7fff4bcef010, 0) = -1 ENOENT (No such file or directory)
768995 newfstatat(AT_FDCWD, "/home/firstmate/go/bin/readlink", 0x7fff4bcef010, 0) = -1 ENOENT (No such file or directory)
768995 newfstatat(AT_FDCWD, "/home/firstmate/.cargo/bin/readlink", 0x7fff4bcef010, 0) = -1 ENOENT (No such file or directory)
768995 newfstatat(AT_FDCWD, "/home/firstmate/bin/readlink", 0x7fff4bcef010, 0) = -1 ENOENT (No such file or directory)
768995 newfstatat(AT_FDCWD, "/opt/homebrew/bin/readlink", 0x7fff4bcef010, 0) = -1 ENOENT (No such file or directory)
768995 newfstatat(AT_FDCWD, "/opt/homebrew/sbin/readlink", 0x7fff4bcef010, 0) = -1 ENOENT (No such file or directory)
768995 newfstatat(AT_FDCWD, "/usr/local/bin/readlink", 0x7fff4bcef010, 0) = -1 ENOENT (No such file or directory)
768995 newfstatat(AT_FDCWD, "/usr/local/sbin/readlink", 0x7fff4bcef010, 0) = -1 ENOENT (No such file or directory)
768995 newfstatat(AT_FDCWD, "/usr/bin/readlink", {st_mode=S_IFREG|0755, st_size=11352352, ...}, 0) = 0
768995 newfstatat(AT_FDCWD, "/usr/bin/readlink", {st_mode=S_IFREG|0755, st_size=11352352, ...}, 0) = 0
768995 access("/usr/bin/readlink", X_OK) = 0
768995 newfstatat(AT_FDCWD, "/usr/bin/readlink", {st_mode=S_IFREG|0755, st_size=11352352, ...}, 0) = 0
768995 access("/usr/bin/readlink", R_OK) = 0
768999 openat(AT_FDCWD, "/dev/null", O_WRONLY|O_CREAT|O_TRUNC, 0666) = 3
768999 execve("/usr/bin/readlink", ["readlink", "/home/firstmate/.no-mistakes/wor"...], 0x5f8bc2af0ec0 /* 9 vars */) = 0
768999 access("/etc/ld.so.preload", R_OK) = -1 ENOENT (No such file or directory)
768999 openat(AT_FDCWD, "/etc/ld.so.cache", O_RDONLY|O_CLOEXEC) = 3
768999 openat(AT_FDCWD, "/usr/lib/x86_64-linux-gnu/libselinux.so.1", O_RDONLY|O_CLOEXEC) = 3
768999 openat(AT_FDCWD, "/usr/lib/x86_64-linux-gnu/libgcc_s.so.1", O_RDONLY|O_CLOEXEC) = 3
768999 openat(AT_FDCWD, "/usr/lib/x86_64-linux-gnu/libm.so.6", O_RDONLY|O_CLOEXEC) = 3
768999 openat(AT_FDCWD, "/usr/lib/x86_64-linux-gnu/libc.so.6", O_RDONLY|O_CLOEXEC) = 3
768999 openat(AT_FDCWD, "/usr/lib/x86_64-linux-gnu/libpcre2-8.so.0", O_RDONLY|O_CLOEXEC) = 3
768999 statfs("/sys/fs/selinux", 0x7ffea2514bb0) = -1 ENOENT (No such file or directory)
768999 statfs("/selinux", 0x7ffea2514bb0) = -1 ENOENT (No such file or directory)
768999 openat(AT_FDCWD, "/proc/filesystems", O_RDONLY|O_CLOEXEC) = 3
768999 access("/etc/selinux/config", F_OK) = -1 ENOENT (No such file or directory)
768999 openat(AT_FDCWD, "/proc/self/maps", O_RDONLY|O_CLOEXEC) = 3
768999 statx(AT_FDCWD, "/usr/share/coreutils/locales/readlink", AT_STATX_SYNC_AS_STAT, STATX_ALL, {stx_mask=STATX_ALL|STATX_MNT_ID, stx_attributes=0, stx_mode=S_IFDIR|0755, stx_size=4096, ...}) = 0
768999 statx(AT_FDCWD, "/usr/share/coreutils/locales/uucore", AT_STATX_SYNC_AS_STAT, STATX_ALL, {stx_mask=STATX_ALL|STATX_MNT_ID, stx_attributes=0, stx_mode=S_IFDIR|0755, stx_size=4096, ...}) = 0
768999 openat(AT_FDCWD, "/usr/share/coreutils/locales/uucore/en-US.ftl", O_RDONLY|O_CLOEXEC) = 3
768999 statx(3, "", AT_STATX_SYNC_AS_STAT|AT_EMPTY_PATH, STATX_ALL, {stx_mask=STATX_ALL|STATX_MNT_ID, stx_attributes=0, stx_mode=S_IFREG|0644, stx_size=4080, ...}) = 0
768999 statx(AT_FDCWD, "/usr/share/coreutils/locales/readlink", AT_STATX_SYNC_AS_STAT, STATX_ALL, {stx_mask=STATX_ALL|STATX_MNT_ID, stx_attributes=0, stx_mode=S_IFDIR|0755, stx_size=4096, ...}) = 0
768999 openat(AT_FDCWD, "/usr/share/coreutils/locales/readlink/en-US.ftl", O_RDONLY|O_CLOEXEC) = -1 ENOENT (No such file or directory)
768999 readlink("/home/firstmate/.no-mistakes/worktrees/8352e211db7e/01M4F29HK4JCAKXEQ2F50R6HHX/.test-tmp/boundary/home/state/.wake-queue.lock", "/home/firstmate/.no-mistakes/wor"..., 256) = 138
768999 +++ exited with 0 +++
768995 --- SIGCHLD {si_signo=SIGCHLD, si_code=CLD_EXITED, si_pid=768999, si_uid=0, si_status=0, si_utime=0, si_stime=1 /* 0.01 s */} ---
768995 +++ exited with 0 +++
768163 --- SIGCHLD {si_signo=SIGCHLD, si_code=CLD_EXITED, si_pid=768995, si_uid=0, si_status=0, si_utime=0, si_stime=1 /* 0.01 s */} ---
769010 openat(AT_FDCWD, "/dev/null", O_WRONLY|O_CREAT|O_TRUNC, 0666) = 3
769010 execve("/usr/bin/rm", ["rm", "-f", "/home/firstmate/.no-mistakes/wor"...], 0x5f8bc2af0ec0 /* 9 vars */) = 0
769010 access("/etc/ld.so.preload", R_OK) = -1 ENOENT (No such file or directory)
769010 openat(AT_FDCWD, "/etc/ld.so.cache", O_RDONLY|O_CLOEXEC) = 3
769010 openat(AT_FDCWD, "/usr/lib/x86_64-linux-gnu/libc.so.6", O_RDONLY|O_CLOEXEC) = 3
769010 openat(AT_FDCWD, "/usr/lib/locale/locale-archive", O_RDONLY|O_CLOEXEC) = 3
769010 openat(AT_FDCWD, "/usr/share/locale/locale.alias", O_RDONLY|O_CLOEXEC) = -1 ENOENT (No such file or directory)
769010 openat(AT_FDCWD, "/usr/lib/locale/C.UTF-8/LC_IDENTIFICATION", O_RDONLY|O_CLOEXEC) = -1 ENOENT (No such file or directory)
769010 openat(AT_FDCWD, "/usr/lib/locale/C.utf8/LC_IDENTIFICATION", O_RDONLY|O_CLOEXEC) = 3
769010 openat(AT_FDCWD, "/usr/lib/x86_64-linux-gnu/gconv/gconv-modules.cache", O_RDONLY|O_CLOEXEC) = 3
769010 openat(AT_FDCWD, "/usr/lib/locale/C.UTF-8/LC_MEASUREMENT", O_RDONLY|O_CLOEXEC) = -1 ENOENT (No such file or directory)
769010 openat(AT_FDCWD, "/usr/lib/locale/C.utf8/LC_MEASUREMENT", O_RDONLY|O_CLOEXEC) = 3
769010 openat(AT_FDCWD, "/usr/lib/locale/C.UTF-8/LC_TELEPHONE", O_RDONLY|O_CLOEXEC) = -1 ENOENT (No such file or directory)
769010 openat(AT_FDCWD, "/usr/lib/locale/C.utf8/LC_TELEPHONE", O_RDONLY|O_CLOEXEC) = 3
769010 openat(AT_FDCWD, "/usr/lib/locale/C.UTF-8/LC_ADDRESS", O_RDONLY|O_CLOEXEC) = -1 ENOENT (No such file or directory)
769010 openat(AT_FDCWD, "/usr/lib/locale/C.utf8/LC_ADDRESS", O_RDONLY|O_CLOEXEC) = 3
769010 openat(AT_FDCWD, "/usr/lib/locale/C.UTF-8/LC_NAME", O_RDONLY|O_CLOEXEC) = -1 ENOENT (No such file or directory)
769010 openat(AT_FDCWD, "/usr/lib/locale/C.utf8/LC_NAME", O_RDONLY|O_CLOEXEC) = 3
769010 openat(AT_FDCWD, "/usr/lib/locale/C.UTF-8/LC_PAPER", O_RDONLY|O_CLOEXEC) = -1 ENOENT (No such file or directory)
769010 openat(AT_FDCWD, "/usr/lib/locale/C.utf8/LC_PAPER", O_RDONLY|O_CLOEXEC) = 3
769010 openat(AT_FDCWD, "/usr/lib/locale/C.UTF-8/LC_MESSAGES", O_RDONLY|O_CLOEXEC) = -1 ENOENT (No such file or directory)
769010 openat(AT_FDCWD, "/usr/lib/locale/C.utf8/LC_MESSAGES", O_RDONLY|O_CLOEXEC) = 3
769010 openat(AT_FDCWD, "/usr/lib/locale/C.utf8/LC_MESSAGES/SYS_LC_MESSAGES", O_RDONLY|O_CLOEXEC) = 3
769010 openat(AT_FDCWD, "/usr/lib/locale/C.UTF-8/LC_MONETARY", O_RDONLY|O_CLOEXEC) = -1 ENOENT (No such file or directory)
769010 openat(AT_FDCWD, "/usr/lib/locale/C.utf8/LC_MONETARY", O_RDONLY|O_CLOEXEC) = 3
769010 openat(AT_FDCWD, "/usr/lib/locale/C.UTF-8/LC_COLLATE", O_RDONLY|O_CLOEXEC) = -1 ENOENT (No such file or directory)
769010 openat(AT_FDCWD, "/usr/lib/locale/C.utf8/LC_COLLATE", O_RDONLY|O_CLOEXEC) = 3
769010 openat(AT_FDCWD, "/usr/lib/locale/C.UTF-8/LC_TIME", O_RDONLY|O_CLOEXEC) = -1 ENOENT (No such file or directory)
769010 openat(AT_FDCWD, "/usr/lib/locale/C.utf8/LC_TIME", O_RDONLY|O_CLOEXEC) = 3
769010 openat(AT_FDCWD, "/usr/lib/locale/C.UTF-8/LC_NUMERIC", O_RDONLY|O_CLOEXEC) = -1 ENOENT (No such file or directory)
769010 openat(AT_FDCWD, "/usr/lib/locale/C.utf8/LC_NUMERIC", O_RDONLY|O_CLOEXEC) = 3
769010 openat(AT_FDCWD, "/usr/lib/locale/C.UTF-8/LC_CTYPE", O_RDONLY|O_CLOEXEC) = -1 ENOENT (No such file or directory)
769010 openat(AT_FDCWD, "/usr/lib/locale/C.utf8/LC_CTYPE", O_RDONLY|O_CLOEXEC) = 3
769010 newfstatat(AT_FDCWD, "/home/firstmate/.no-mistakes/worktrees/8352e211db7e/01M4F29HK4JCAKXEQ2F50R6HHX/.test-tmp/boundary/home/state/.wake-queue.lock", {st_mode=S_IFLNK|0777, st_size=138, ...}, AT_SYMLINK_NOFOLLOW) = 0
769010 unlinkat(AT_FDCWD, "/home/firstmate/.no-mistakes/worktrees/8352e211db7e/01M4F29HK4JCAKXEQ2F50R6HHX/.test-tmp/boundary/home/state/.wake-queue.lock", 0) = 0
769010 +++ exited with 0 +++
768163 --- SIGCHLD {si_signo=SIGCHLD, si_code=CLD_EXITED, si_pid=769010, si_uid=0, si_status=0, si_utime=0, si_stime=0} ---
769017 openat(AT_FDCWD, "/dev/null", O_WRONLY|O_CREAT|O_TRUNC, 0666) = 3
769017 execve("/usr/bin/rm", ["rm", "-f", "/home/firstmate/.no-mistakes/wor"..., "/home/firstmate/.no-mistakes/wor"..., "/home/firstmate/.no-mistakes/wor"..., "/home/firstmate/.no-mistakes/wor"..., "/home/firstmate/.no-mistakes/wor"...], 0x5f8bc2af0ec0 /* 9 vars */) = 0
769017 access("/etc/ld.so.preload", R_OK) = -1 ENOENT (No such file or directory)
769017 openat(AT_FDCWD, "/etc/ld.so.cache", O_RDONLY|O_CLOEXEC) = 3
769017 openat(AT_FDCWD, "/usr/lib/x86_64-linux-gnu/libc.so.6", O_RDONLY|O_CLOEXEC) = 3
769017 openat(AT_FDCWD, "/usr/lib/locale/locale-archive", O_RDONLY|O_CLOEXEC) = 3
769017 openat(AT_FDCWD, "/usr/share/locale/locale.alias", O_RDONLY|O_CLOEXEC) = -1 ENOENT (No such file or directory)
769017 openat(AT_FDCWD, "/usr/lib/locale/C.UTF-8/LC_IDENTIFICATION", O_RDONLY|O_CLOEXEC) = -1 ENOENT (No such file or directory)
769017 openat(AT_FDCWD, "/usr/lib/locale/C.utf8/LC_IDENTIFICATION", O_RDONLY|O_CLOEXEC) = 3
769017 openat(AT_FDCWD, "/usr/lib/x86_64-linux-gnu/gconv/gconv-modules.cache", O_RDONLY|O_CLOEXEC) = 3
769017 openat(AT_FDCWD, "/usr/lib/locale/C.UTF-8/LC_MEASUREMENT", O_RDONLY|O_CLOEXEC) = -1 ENOENT (No such file or directory)
769017 openat(AT_FDCWD, "/usr/lib/locale/C.utf8/LC_MEASUREMENT", O_RDONLY|O_CLOEXEC) = 3
769017 openat(AT_FDCWD, "/usr/lib/locale/C.UTF-8/LC_TELEPHONE", O_RDONLY|O_CLOEXEC) = -1 ENOENT (No such file or directory)
769017 openat(AT_FDCWD, "/usr/lib/locale/C.utf8/LC_TELEPHONE", O_RDONLY|O_CLOEXEC) = 3
769017 openat(AT_FDCWD, "/usr/lib/locale/C.UTF-8/LC_ADDRESS", O_RDONLY|O_CLOEXEC) = -1 ENOENT (No such file or directory)
769017 openat(AT_FDCWD, "/usr/lib/locale/C.utf8/LC_ADDRESS", O_RDONLY|O_CLOEXEC) = 3
769017 openat(AT_FDCWD, "/usr/lib/locale/C.UTF-8/LC_NAME", O_RDONLY|O_CLOEXEC) = -1 ENOENT (No such file or directory)
769017 openat(AT_FDCWD, "/usr/lib/locale/C.utf8/LC_NAME", O_RDONLY|O_CLOEXEC) = 3
769017 openat(AT_FDCWD, "/usr/lib/locale/C.UTF-8/LC_PAPER", O_RDONLY|O_CLOEXEC) = -1 ENOENT (No such file or directory)
769017 openat(AT_FDCWD, "/usr/lib/locale/C.utf8/LC_PAPER", O_RDONLY|O_CLOEXEC) = 3
769017 openat(AT_FDCWD, "/usr/lib/locale/C.UTF-8/LC_MESSAGES", O_RDONLY|O_CLOEXEC) = -1 ENOENT (No such file or directory)
769017 openat(AT_FDCWD, "/usr/lib/locale/C.utf8/LC_MESSAGES", O_RDONLY|O_CLOEXEC) = 3
769017 openat(AT_FDCWD, "/usr/lib/locale/C.utf8/LC_MESSAGES/SYS_LC_MESSAGES", O_RDONLY|O_CLOEXEC) = 3
769017 openat(AT_FDCWD, "/usr/lib/locale/C.UTF-8/LC_MONETARY", O_RDONLY|O_CLOEXEC) = -1 ENOENT (No such file or directory)
769017 openat(AT_FDCWD, "/usr/lib/locale/C.utf8/LC_MONETARY", O_RDONLY|O_CLOEXEC) = 3
769017 openat(AT_FDCWD, "/usr/lib/locale/C.UTF-8/LC_COLLATE", O_RDONLY|O_CLOEXEC) = -1 ENOENT (No such file or directory)
769017 openat(AT_FDCWD, "/usr/lib/locale/C.utf8/LC_COLLATE", O_RDONLY|O_CLOEXEC) = 3
769017 openat(AT_FDCWD, "/usr/lib/locale/C.UTF-8/LC_TIME", O_RDONLY|O_CLOEXEC) = -1 ENOENT (No such file or directory)
769017 openat(AT_FDCWD, "/usr/lib/locale/C.utf8/LC_TIME", O_RDONLY|O_CLOEXEC) = 3
769017 openat(AT_FDCWD, "/usr/lib/locale/C.UTF-8/LC_NUMERIC", O_RDONLY|O_CLOEXEC) = -1 ENOENT (No such file or directory)
769017 openat(AT_FDCWD, "/usr/lib/locale/C.utf8/LC_NUMERIC", O_RDONLY|O_CLOEXEC) = 3
769017 openat(AT_FDCWD, "/usr/lib/locale/C.UTF-8/LC_CTYPE", O_RDONLY|O_CLOEXEC) = -1 ENOENT (No such file or directory)
769017 openat(AT_FDCWD, "/usr/lib/locale/C.utf8/LC_CTYPE", O_RDONLY|O_CLOEXEC) = 3
769017 newfstatat(AT_FDCWD, "/home/firstmate/.no-mistakes/worktrees/8352e211db7e/01M4F29HK4JCAKXEQ2F50R6HHX/.test-tmp/boundary/home/state/.wake-queue.lock.owner.2bpUiw/pid", {st_mode=S_IFREG|0600, st_size=7, ...}, AT_SYMLINK_NOFOLLOW) = 0
769017 unlinkat(AT_FDCWD, "/home/firstmate/.no-mistakes/worktrees/8352e211db7e/01M4F29HK4JCAKXEQ2F50R6HHX/.test-tmp/boundary/home/state/.wake-queue.lock.owner.2bpUiw/pid", 0) = 0
769017 newfstatat(AT_FDCWD, "/home/firstmate/.no-mistakes/worktrees/8352e211db7e/01M4F29HK4JCAKXEQ2F50R6HHX/.test-tmp/boundary/home/state/.wake-queue.lock.owner.2bpUiw/fm-home", 0x58bd3e60a780, AT_SYMLINK_NOFOLLOW) = -1 ENOENT (No such file or directory)
769017 unlinkat(AT_FDCWD, "/home/firstmate/.no-mistakes/worktrees/8352e211db7e/01M4F29HK4JCAKXEQ2F50R6HHX/.test-tmp/boundary/home/state/.wake-queue.lock.owner.2bpUiw/fm-home", 0) = -1 ENOENT (No such file or directory)
769017 newfstatat(AT_FDCWD, "/home/firstmate/.no-mistakes/worktrees/8352e211db7e/01M4F29HK4JCAKXEQ2F50R6HHX/.test-tmp/boundary/home/state/.wake-queue.lock.owner.2bpUiw/pid-identity", 0x58bd3e60a920, AT_SYMLINK_NOFOLLOW) = -1 ENOENT (No such file or directory)
769017 unlinkat(AT_FDCWD, "/home/firstmate/.no-mistakes/worktrees/8352e211db7e/01M4F29HK4JCAKXEQ2F50R6HHX/.test-tmp/boundary/home/state/.wake-queue.lock.owner.2bpUiw/pid-identity", 0) = -1 ENOENT (No such file or directory)
769017 newfstatat(AT_FDCWD, "/home/firstmate/.no-mistakes/worktrees/8352e211db7e/01M4F29HK4JCAKXEQ2F50R6HHX/.test-tmp/boundary/home/state/.wake-queue.lock.owner.2bpUiw/role", 0x58bd3e60aac0, AT_SYMLINK_NOFOLLOW) = -1 ENOENT (No such file or directory)
769017 unlinkat(AT_FDCWD, "/home/firstmate/.no-mistakes/worktrees/8352e211db7e/01M4F29HK4JCAKXEQ2F50R6HHX/.test-tmp/boundary/home/state/.wake-queue.lock.owner.2bpUiw/role", 0) = -1 ENOENT (No such file or directory)
769017 newfstatat(AT_FDCWD, "/home/firstmate/.no-mistakes/worktrees/8352e211db7e/01M4F29HK4JCAKXEQ2F50R6HHX/.test-tmp/boundary/home/state/.wake-queue.lock.owner.2bpUiw/watcher-path", 0x58bd3e60ac60, AT_SYMLINK_NOFOLLOW) = -1 ENOENT (No such file or directory)
769017 unlinkat(AT_FDCWD, "/home/firstmate/.no-mistakes/worktrees/8352e211db7e/01M4F29HK4JCAKXEQ2F50R6HHX/.test-tmp/boundary/home/state/.wake-queue.lock.owner.2bpUiw/watcher-path", 0) = -1 ENOENT (No such file or directory)
769017 +++ exited with 0 +++
768163 --- SIGCHLD {si_signo=SIGCHLD, si_code=CLD_EXITED, si_pid=769017, si_uid=0, si_status=0, si_utime=0, si_stime=0} ---
769024 openat(AT_FDCWD, "/dev/null", O_WRONLY|O_CREAT|O_TRUNC, 0666) = 3
769024 execve("/usr/bin/rmdir", ["rmdir", "/home/firstmate/.no-mistakes/wor"...], 0x5f8bc2af0ec0 /* 9 vars */) = 0
769024 access("/etc/ld.so.preload", R_OK) = -1 ENOENT (No such file or directory)
769024 openat(AT_FDCWD, "/etc/ld.so.cache", O_RDONLY|O_CLOEXEC) = 3
769024 openat(AT_FDCWD, "/usr/lib/x86_64-linux-gnu/libselinux.so.1", O_RDONLY|O_CLOEXEC) = 3
769024 openat(AT_FDCWD, "/usr/lib/x86_64-linux-gnu/libgcc_s.so.1", O_RDONLY|O_CLOEXEC) = 3
769024 openat(AT_FDCWD, "/usr/lib/x86_64-linux-gnu/libm.so.6", O_RDONLY|O_CLOEXEC) = 3
769024 openat(AT_FDCWD, "/usr/lib/x86_64-linux-gnu/libc.so.6", O_RDONLY|O_CLOEXEC) = 3
769024 openat(AT_FDCWD, "/usr/lib/x86_64-linux-gnu/libpcre2-8.so.0", O_RDONLY|O_CLOEXEC) = 3
769024 statfs("/sys/fs/selinux", 0x7fff1aa3d180) = -1 ENOENT (No such file or directory)
769024 statfs("/selinux", 0x7fff1aa3d180) = -1 ENOENT (No such file or directory)
769024 openat(AT_FDCWD, "/proc/filesystems", O_RDONLY|O_CLOEXEC) = 3
769024 access("/etc/selinux/config", F_OK) = -1 ENOENT (No such file or directory)
769024 openat(AT_FDCWD, "/proc/self/maps", O_RDONLY|O_CLOEXEC) = 3
769024 statx(AT_FDCWD, "/usr/share/coreutils/locales/rmdir", AT_STATX_SYNC_AS_STAT, STATX_ALL, {stx_mask=STATX_ALL|STATX_MNT_ID, stx_attributes=0, stx_mode=S_IFDIR|0755, stx_size=4096, ...}) = 0
769024 statx(AT_FDCWD, "/usr/share/coreutils/locales/uucore", AT_STATX_SYNC_AS_STAT, STATX_ALL, {stx_mask=STATX_ALL|STATX_MNT_ID, stx_attributes=0, stx_mode=S_IFDIR|0755, stx_size=4096, ...}) = 0
769024 openat(AT_FDCWD, "/usr/share/coreutils/locales/uucore/en-US.ftl", O_RDONLY|O_CLOEXEC) = 3
769024 statx(3, "", AT_STATX_SYNC_AS_STAT|AT_EMPTY_PATH, STATX_ALL, {stx_mask=STATX_ALL|STATX_MNT_ID, stx_attributes=0, stx_mode=S_IFREG|0644, stx_size=4080, ...}) = 0
769024 statx(AT_FDCWD, "/usr/share/coreutils/locales/rmdir", AT_STATX_SYNC_AS_STAT, STATX_ALL, {stx_mask=STATX_ALL|STATX_MNT_ID, stx_attributes=0, stx_mode=S_IFDIR|0755, stx_size=4096, ...}) = 0
769024 openat(AT_FDCWD, "/usr/share/coreutils/locales/rmdir/en-US.ftl", O_RDONLY|O_CLOEXEC) = -1 ENOENT (No such file or directory)
769024 rmdir("/home/firstmate/.no-mistakes/worktrees/8352e211db7e/01M4F29HK4JCAKXEQ2F50R6HHX/.test-tmp/boundary/home/state/.wake-queue.lock.owner.2bpUiw") = 0
769024 +++ exited with 0 +++
768163 --- SIGCHLD {si_signo=SIGCHLD, si_code=CLD_EXITED, si_pid=769024, si_uid=0, si_status=0, si_utime=0, si_stime=1 /* 0.01 s */} ---
768163 +++ exited with 0 +++
767948 --- SIGCHLD {si_signo=SIGCHLD, si_code=CLD_EXITED, si_pid=768163, si_uid=0, si_status=0, si_utime=3 /* 0.03 s */, si_stime=7 /* 0.07 s */} ---
767948 +++ exited with 0 +++
767354 --- SIGCHLD {si_signo=SIGCHLD, si_code=CLD_EXITED, si_pid=767948, si_uid=0, si_status=0, si_utime=13 /* 0.13 s */, si_stime=8 /* 0.08 s */} ---
767354 openat(AT_FDCWD, "/home/firstmate/.no-mistakes/worktrees/8352e211db7e/01M4F29HK4JCAKXEQ2F50R6HHX/.test-tmp/boundary/home/state/courier-pickup/.state.c92b2dd87dc10cb6", O_WRONLY|O_CREAT|O_EXCL|O_CLOEXEC, 0666) = 4
767354 rename("/home/firstmate/.no-mistakes/worktrees/8352e211db7e/01M4F29HK4JCAKXEQ2F50R6HHX/.test-tmp/boundary/home/state/courier-pickup/.state.c92b2dd87dc10cb6", "/home/firstmate/.no-mistakes/worktrees/8352e211db7e/01M4F29HK4JCAKXEQ2F50R6HHX/.test-tmp/boundary/home/state/courier-pickup/state.json") = 0
767354 openat(AT_FDCWD, "/home/firstmate/.no-mistakes/worktrees/8352e211db7e/01M4F29HK4JCAKXEQ2F50R6HHX/.test-tmp/boundary/home/state/courier-pickup", O_RDONLY|O_NOFOLLOW|O_CLOEXEC|O_DIRECTORY) = 4
767354 openat(AT_FDCWD, "/home/firstmate/.no-mistakes/worktrees/8352e211db7e/01M4F29HK4JCAKXEQ2F50R6HHX/.test-tmp/boundary/courier/srv/courier/inbound", O_RDONLY|O_NOFOLLOW|O_CLOEXEC|O_DIRECTORY) = 4
769038 execve("/home/firstmate/.no-mistakes/worktrees/8352e211db7e/01M4F29HK4JCAKXEQ2F50R6HHX/bin/fm-inbox.sh", ["/home/firstmate/.no-mistakes/wor"..., "conversation", "poll"], 0x7904db50d370 /* 6 vars */) = 0
769038 access("/etc/ld.so.preload", R_OK) = -1 ENOENT (No such file or directory)
769038 openat(AT_FDCWD, "/etc/ld.so.cache", O_RDONLY|O_CLOEXEC) = 3
769038 openat(AT_FDCWD, "/usr/lib/x86_64-linux-gnu/libselinux.so.1", O_RDONLY|O_CLOEXEC) = 3
769038 openat(AT_FDCWD, "/usr/lib/x86_64-linux-gnu/libgcc_s.so.1", O_RDONLY|O_CLOEXEC) = 3
769038 openat(AT_FDCWD, "/usr/lib/x86_64-linux-gnu/libm.so.6", O_RDONLY|O_CLOEXEC) = 3
769038 openat(AT_FDCWD, "/usr/lib/x86_64-linux-gnu/libc.so.6", O_RDONLY|O_CLOEXEC) = 3
769038 openat(AT_FDCWD, "/usr/lib/x86_64-linux-gnu/libpcre2-8.so.0", O_RDONLY|O_CLOEXEC) = 3
769038 statfs("/sys/fs/selinux", 0x7ffcd13966a0) = -1 ENOENT (No such file or directory)
769038 statfs("/selinux", 0x7ffcd13966a0) = -1 ENOENT (No such file or directory)
769038 openat(AT_FDCWD, "/proc/filesystems", O_RDONLY|O_CLOEXEC) = 3
769038 access("/etc/selinux/config", F_OK) = -1 ENOENT (No such file or directory)
769038 openat(AT_FDCWD, "/proc/self/maps", O_RDONLY|O_CLOEXEC) = 3
769038 openat(AT_FDCWD, "/home/firstmate/.no-mistakes/worktrees/8352e211db7e/01M4F29HK4JCAKXEQ2F50R6HHX/bin/fm-inbox.sh", O_RDONLY|O_CLOEXEC) = 3
769038 statx(AT_FDCWD, "/usr/share/coreutils/locales/env", AT_STATX_SYNC_AS_STAT, STATX_ALL, {stx_mask=STATX_ALL|STATX_MNT_ID, stx_attributes=0, stx_mode=S_IFDIR|0755, stx_size=4096, ...}) = 0
769038 statx(AT_FDCWD, "/usr/share/coreutils/locales/uucore", AT_STATX_SYNC_AS_STAT, STATX_ALL, {stx_mask=STATX_ALL|STATX_MNT_ID, stx_attributes=0, stx_mode=S_IFDIR|0755, stx_size=4096, ...}) = 0
769038 openat(AT_FDCWD, "/usr/share/coreutils/locales/uucore/en-US.ftl", O_RDONLY|O_CLOEXEC) = 3
769038 statx(3, "", AT_STATX_SYNC_AS_STAT|AT_EMPTY_PATH, STATX_ALL, {stx_mask=STATX_ALL|STATX_MNT_ID, stx_attributes=0, stx_mode=S_IFREG|0644, stx_size=4080, ...}) = 0
769038 statx(AT_FDCWD, "/usr/share/coreutils/locales/env", AT_STATX_SYNC_AS_STAT, STATX_ALL, {stx_mask=STATX_ALL|STATX_MNT_ID, stx_attributes=0, stx_mode=S_IFDIR|0755, stx_size=4096, ...}) = 0
769038 openat(AT_FDCWD, "/usr/share/coreutils/locales/env/en-US.ftl", O_RDONLY|O_CLOEXEC) = -1 ENOENT (No such file or directory)
769038 execve("/home/firstmate/.local/codex-latest/lib/node_modules/@openai/codex/node_modules/@openai/codex-linux-x64/vendor/x86_64-unknown-linux-musl/codex-path/bash", ["bash", "/home/firstmate/.no-mistakes/wor"..., "conversation", "poll"], 0x7ffcd1396878 /* 6 vars */) = -1 ENOENT (No such file or directory)
769038 execve("/home/firstmate/.codex-5/tmp/arg0/codex-arg065EgpK/bash", ["bash", "/home/firstmate/.no-mistakes/wor"..., "conversation", "poll"], 0x7ffcd1396878 /* 6 vars */) = -1 ENOENT (No such file or directory)
769038 execve("/home/firstmate/.local/codex-latest/lib/node_modules/@openai/codex/node_modules/@openai/codex-linux-x64/vendor/x86_64-unknown-linux-musl/codex-path/bash", ["bash", "/home/firstmate/.no-mistakes/wor"..., "conversation", "poll"], 0x7ffcd1396878 /* 6 vars */) = -1 ENOENT (No such file or directory)
769038 execve("/home/firstmate/.local/bin/bash", ["bash", "/home/firstmate/.no-mistakes/wor"..., "conversation", "poll"], 0x7ffcd1396878 /* 6 vars */) = -1 ENOENT (No such file or directory)
769038 execve("/home/firstmate/go/bin/bash", ["bash", "/home/firstmate/.no-mistakes/wor"..., "conversation", "poll"], 0x7ffcd1396878 /* 6 vars */) = -1 ENOENT (No such file or directory)
769038 execve("/home/firstmate/.cargo/bin/bash", ["bash", "/home/firstmate/.no-mistakes/wor"..., "conversation", "poll"], 0x7ffcd1396878 /* 6 vars */) = -1 ENOENT (No such file or directory)
769038 execve("/home/firstmate/bin/bash", ["bash", "/home/firstmate/.no-mistakes/wor"..., "conversation", "poll"], 0x7ffcd1396878 /* 6 vars */) = -1 ENOENT (No such file or directory)
769038 execve("/opt/homebrew/bin/bash", ["bash", "/home/firstmate/.no-mistakes/wor"..., "conversation", "poll"], 0x7ffcd1396878 /* 6 vars */) = -1 ENOENT (No such file or directory)
769038 execve("/opt/homebrew/sbin/bash", ["bash", "/home/firstmate/.no-mistakes/wor"..., "conversation", "poll"], 0x7ffcd1396878 /* 6 vars */) = -1 ENOENT (No such file or directory)
769038 execve("/usr/local/bin/bash", ["bash", "/home/firstmate/.no-mistakes/wor"..., "conversation", "poll"], 0x7ffcd1396878 /* 6 vars */) = -1 ENOENT (No such file or directory)
769038 execve("/usr/local/sbin/bash", ["bash", "/home/firstmate/.no-mistakes/wor"..., "conversation", "poll"], 0x7ffcd1396878 /* 6 vars */) = -1 ENOENT (No such file or directory)
769038 execve("/usr/bin/bash", ["bash", "/home/firstmate/.no-mistakes/wor"..., "conversation", "poll"], 0x7ffcd1396878 /* 6 vars */) = 0
769038 access("/etc/ld.so.preload", R_OK) = -1 ENOENT (No such file or directory)
769038 openat(AT_FDCWD, "/etc/ld.so.cache", O_RDONLY|O_CLOEXEC) = 3
769038 openat(AT_FDCWD, "/usr/lib/x86_64-linux-gnu/libtinfo.so.6", O_RDONLY|O_CLOEXEC) = 3
769038 openat(AT_FDCWD, "/usr/lib/x86_64-linux-gnu/libc.so.6", O_RDONLY|O_CLOEXEC) = 3
769038 openat(AT_FDCWD, "/dev/tty", O_RDWR|O_NONBLOCK) = -1 ENXIO (No such device or address)
769038 openat(AT_FDCWD, "/usr/lib/locale/locale-archive", O_RDONLY|O_CLOEXEC) = 3
769038 openat(AT_FDCWD, "/usr/share/locale/locale.alias", O_RDONLY|O_CLOEXEC) = -1 ENOENT (No such file or directory)
769038 openat(AT_FDCWD, "/usr/lib/locale/C.UTF-8/LC_IDENTIFICATION", O_RDONLY|O_CLOEXEC) = -1 ENOENT (No such file or directory)
769038 openat(AT_FDCWD, "/usr/lib/locale/C.utf8/LC_IDENTIFICATION", O_RDONLY|O_CLOEXEC) = 3
769038 openat(AT_FDCWD, "/usr/lib/x86_64-linux-gnu/gconv/gconv-modules.cache", O_RDONLY|O_CLOEXEC) = 3
769038 openat(AT_FDCWD, "/usr/lib/locale/C.UTF-8/LC_MEASUREMENT", O_RDONLY|O_CLOEXEC) = -1 ENOENT (No such file or directory)
769038 openat(AT_FDCWD, "/usr/lib/locale/C.utf8/LC_MEASUREMENT", O_RDONLY|O_CLOEXEC) = 3
769038 openat(AT_FDCWD, "/usr/lib/locale/C.UTF-8/LC_TELEPHONE", O_RDONLY|O_CLOEXEC) = -1 ENOENT (No such file or directory)
769038 openat(AT_FDCWD, "/usr/lib/locale/C.utf8/LC_TELEPHONE", O_RDONLY|O_CLOEXEC) = 3
769038 openat(AT_FDCWD, "/usr/lib/locale/C.UTF-8/LC_ADDRESS", O_RDONLY|O_CLOEXEC) = -1 ENOENT (No such file or directory)
769038 openat(AT_FDCWD, "/usr/lib/locale/C.utf8/LC_ADDRESS", O_RDONLY|O_CLOEXEC) = 3
769038 openat(AT_FDCWD, "/usr/lib/locale/C.UTF-8/LC_NAME", O_RDONLY|O_CLOEXEC) = -1 ENOENT (No such file or directory)
769038 openat(AT_FDCWD, "/usr/lib/locale/C.utf8/LC_NAME", O_RDONLY|O_CLOEXEC) = 3
769038 openat(AT_FDCWD, "/usr/lib/locale/C.UTF-8/LC_PAPER", O_RDONLY|O_CLOEXEC) = -1 ENOENT (No such file or directory)
769038 openat(AT_FDCWD, "/usr/lib/locale/C.utf8/LC_PAPER", O_RDONLY|O_CLOEXEC) = 3
769038 openat(AT_FDCWD, "/usr/lib/locale/C.UTF-8/LC_MESSAGES", O_RDONLY|O_CLOEXEC) = -1 ENOENT (No such file or directory)
769038 openat(AT_FDCWD, "/usr/lib/locale/C.utf8/LC_MESSAGES", O_RDONLY|O_CLOEXEC) = 3
769038 openat(AT_FDCWD, "/usr/lib/locale/C.utf8/LC_MESSAGES/SYS_LC_MESSAGES", O_RDONLY|O_CLOEXEC) = 3
769038 openat(AT_FDCWD, "/usr/lib/locale/C.UTF-8/LC_MONETARY", O_RDONLY|O_CLOEXEC) = -1 ENOENT (No such file or directory)
769038 openat(AT_FDCWD, "/usr/lib/locale/C.utf8/LC_MONETARY", O_RDONLY|O_CLOEXEC) = 3
769038 openat(AT_FDCWD, "/usr/lib/locale/C.UTF-8/LC_COLLATE", O_RDONLY|O_CLOEXEC) = -1 ENOENT (No such file or directory)
769038 openat(AT_FDCWD, "/usr/lib/locale/C.utf8/LC_COLLATE", O_RDONLY|O_CLOEXEC) = 3
769038 openat(AT_FDCWD, "/usr/lib/locale/C.UTF-8/LC_TIME", O_RDONLY|O_CLOEXEC) = -1 ENOENT (No such file or directory)
769038 openat(AT_FDCWD, "/usr/lib/locale/C.utf8/LC_TIME", O_RDONLY|O_CLOEXEC) = 3
769038 openat(AT_FDCWD, "/usr/lib/locale/C.UTF-8/LC_NUMERIC", O_RDONLY|O_CLOEXEC) = -1 ENOENT (No such file or directory)
769038 openat(AT_FDCWD, "/usr/lib/locale/C.utf8/LC_NUMERIC", O_RDONLY|O_CLOEXEC) = 3
769038 openat(AT_FDCWD, "/usr/lib/locale/C.UTF-8/LC_CTYPE", O_RDONLY|O_CLOEXEC) = -1 ENOENT (No such file or directory)
769038 openat(AT_FDCWD, "/usr/lib/locale/C.utf8/LC_CTYPE", O_RDONLY|O_CLOEXEC) = 3
769038 getcwd("/home/firstmate/.no-mistakes/worktrees/8352e211db7e/01M4F29HK4JCAKXEQ2F50R6HHX", 4096) = 79
769038 newfstatat(AT_FDCWD, ".", {st_mode=S_IFDIR|0775, st_size=4096, ...}, 0) = 0
769038 newfstatat(AT_FDCWD, "/home/firstmate/.local/codex-latest/lib/node_modules/@openai/codex/node_modules/@openai/codex-linux-x64/vendor/x86_64-unknown-linux-musl/codex-path/bash", 0x7fff52502220, 0) = -1 ENOENT (No such file or directory)
769038 newfstatat(AT_FDCWD, "/home/firstmate/.codex-5/tmp/arg0/codex-arg065EgpK/bash", 0x7fff52502220, 0) = -1 ENOENT (No such file or directory)
769038 newfstatat(AT_FDCWD, "/home/firstmate/.local/codex-latest/lib/node_modules/@openai/codex/node_modules/@openai/codex-linux-x64/vendor/x86_64-unknown-linux-musl/codex-path/bash", 0x7fff52502220, 0) = -1 ENOENT (No such file or directory)
769038 newfstatat(AT_FDCWD, "/home/firstmate/.local/bin/bash", 0x7fff52502220, 0) = -1 ENOENT (No such file or directory)
769038 newfstatat(AT_FDCWD, "/home/firstmate/go/bin/bash", 0x7fff52502220, 0) = -1 ENOENT (No such file or directory)
769038 newfstatat(AT_FDCWD, "/home/firstmate/.cargo/bin/bash", 0x7fff52502220, 0) = -1 ENOENT (No such file or directory)
769038 newfstatat(AT_FDCWD, "/home/firstmate/bin/bash", 0x7fff52502220, 0) = -1 ENOENT (No such file or directory)
769038 newfstatat(AT_FDCWD, "/opt/homebrew/bin/bash", 0x7fff52502220, 0) = -1 ENOENT (No such file or directory)
769038 newfstatat(AT_FDCWD, "/opt/homebrew/sbin/bash", 0x7fff52502220, 0) = -1 ENOENT (No such file or directory)
769038 newfstatat(AT_FDCWD, "/usr/local/bin/bash", 0x7fff52502220, 0) = -1 ENOENT (No such file or directory)
769038 newfstatat(AT_FDCWD, "/usr/local/sbin/bash", 0x7fff52502220, 0) = -1 ENOENT (No such file or directory)
769038 newfstatat(AT_FDCWD, "/usr/bin/bash", {st_mode=S_IFREG|0755, st_size=1540520, ...}, 0) = 0
769038 newfstatat(AT_FDCWD, "/usr/bin/bash", {st_mode=S_IFREG|0755, st_size=1540520, ...}, 0) = 0
769038 access("/usr/bin/bash", X_OK)    = 0
769038 newfstatat(AT_FDCWD, "/usr/bin/bash", {st_mode=S_IFREG|0755, st_size=1540520, ...}, 0) = 0
769038 access("/usr/bin/bash", R_OK)    = 0
769038 newfstatat(AT_FDCWD, "/etc/nsswitch.conf", {st_mode=S_IFREG|0644, st_size=526, ...}, 0) = 0
769038 newfstatat(AT_FDCWD, "/", {st_mode=S_IFDIR|0755, st_size=4096, ...}, 0) = 0
769038 openat(AT_FDCWD, "/etc/nsswitch.conf", O_RDONLY|O_CLOEXEC) = 3
769038 openat(AT_FDCWD, "/etc/passwd", O_RDONLY|O_CLOEXEC) = 3
769038 openat(AT_FDCWD, "/home/firstmate/.no-mistakes/worktrees/8352e211db7e/01M4F29HK4JCAKXEQ2F50R6HHX/bin/fm-inbox.sh", O_RDONLY) = 3
769038 newfstatat(AT_FDCWD, "/home/firstmate/.no-mistakes/worktrees/8352e211db7e/01M4F29HK4JCAKXEQ2F50R6HHX/bin/fm-inbox.sh", {st_mode=S_IFREG|0775, st_size=17467, ...}, 0) = 0
769038 newfstatat(AT_FDCWD, "/home/firstmate/.toolbox/bin", 0x7fff52502020, 0) = -1 ENOENT (No such file or directory)
769047 newfstatat(AT_FDCWD, ".", {st_mode=S_IFDIR|0775, st_size=4096, ...}, 0) = 0
769047 newfstatat(AT_FDCWD, "/home/firstmate/.local/codex-latest/lib/node_modules/@openai/codex/node_modules/@openai/codex-linux-x64/vendor/x86_64-unknown-linux-musl/codex-path/dirname", 0x7fff52500de0, 0) = -1 ENOENT (No such file or directory)
769047 newfstatat(AT_FDCWD, "/home/firstmate/.codex-5/tmp/arg0/codex-arg065EgpK/dirname", 0x7fff52500de0, 0) = -1 ENOENT (No such file or directory)
769047 newfstatat(AT_FDCWD, "/home/firstmate/.local/codex-latest/lib/node_modules/@openai/codex/node_modules/@openai/codex-linux-x64/vendor/x86_64-unknown-linux-musl/codex-path/dirname", 0x7fff52500de0, 0) = -1 ENOENT (No such file or directory)
769047 newfstatat(AT_FDCWD, "/home/firstmate/.local/bin/dirname", 0x7fff52500de0, 0) = -1 ENOENT (No such file or directory)
769047 newfstatat(AT_FDCWD, "/home/firstmate/go/bin/dirname", 0x7fff52500de0, 0) = -1 ENOENT (No such file or directory)
769047 newfstatat(AT_FDCWD, "/home/firstmate/.cargo/bin/dirname", 0x7fff52500de0, 0) = -1 ENOENT (No such file or directory)
769047 newfstatat(AT_FDCWD, "/home/firstmate/bin/dirname", 0x7fff52500de0, 0) = -1 ENOENT (No such file or directory)
769047 newfstatat(AT_FDCWD, "/opt/homebrew/bin/dirname", 0x7fff52500de0, 0) = -1 ENOENT (No such file or directory)
769047 newfstatat(AT_FDCWD, "/opt/homebrew/sbin/dirname", 0x7fff52500de0, 0) = -1 ENOENT (No such file or directory)
769047 newfstatat(AT_FDCWD, "/usr/local/bin/dirname", 0x7fff52500de0, 0) = -1 ENOENT (No such file or directory)
769047 newfstatat(AT_FDCWD, "/usr/local/sbin/dirname", 0x7fff52500de0, 0) = -1 ENOENT (No such file or directory)
769047 newfstatat(AT_FDCWD, "/usr/bin/dirname", {st_mode=S_IFREG|0755, st_size=11352352, ...}, 0) = 0
769047 newfstatat(AT_FDCWD, "/usr/bin/dirname", {st_mode=S_IFREG|0755, st_size=11352352, ...}, 0) = 0
769047 access("/usr/bin/dirname", X_OK) = 0
769047 newfstatat(AT_FDCWD, "/usr/bin/dirname", {st_mode=S_IFREG|0755, st_size=11352352, ...}, 0) = 0
769047 access("/usr/bin/dirname", R_OK) = 0
769047 execve("/usr/bin/dirname", ["dirname", "/home/firstmate/.no-mistakes/wor"...], 0x616dc0683090 /* 9 vars */) = 0
769047 access("/etc/ld.so.preload", R_OK) = -1 ENOENT (No such file or directory)
769047 openat(AT_FDCWD, "/etc/ld.so.cache", O_RDONLY|O_CLOEXEC) = 3
769047 openat(AT_FDCWD, "/usr/lib/x86_64-linux-gnu/libselinux.so.1", O_RDONLY|O_CLOEXEC) = 3
769047 openat(AT_FDCWD, "/usr/lib/x86_64-linux-gnu/libgcc_s.so.1", O_RDONLY|O_CLOEXEC) = 3
769047 openat(AT_FDCWD, "/usr/lib/x86_64-linux-gnu/libm.so.6", O_RDONLY|O_CLOEXEC) = 3
769047 openat(AT_FDCWD, "/usr/lib/x86_64-linux-gnu/libc.so.6", O_RDONLY|O_CLOEXEC) = 3
769047 openat(AT_FDCWD, "/usr/lib/x86_64-linux-gnu/libpcre2-8.so.0", O_RDONLY|O_CLOEXEC) = 3
769047 statfs("/sys/fs/selinux", 0x7fff9be01320) = -1 ENOENT (No such file or directory)
769047 statfs("/selinux", 0x7fff9be01320) = -1 ENOENT (No such file or directory)
769047 openat(AT_FDCWD, "/proc/filesystems", O_RDONLY|O_CLOEXEC) = 3
769047 access("/etc/selinux/config", F_OK) = -1 ENOENT (No such file or directory)
769047 openat(AT_FDCWD, "/proc/self/maps", O_RDONLY|O_CLOEXEC) = 3
769047 statx(AT_FDCWD, "/usr/share/coreutils/locales/dirname", AT_STATX_SYNC_AS_STAT, STATX_ALL, {stx_mask=STATX_ALL|STATX_MNT_ID, stx_attributes=0, stx_mode=S_IFDIR|0755, stx_size=4096, ...}) = 0
769047 statx(AT_FDCWD, "/usr/share/coreutils/locales/uucore", AT_STATX_SYNC_AS_STAT, STATX_ALL, {stx_mask=STATX_ALL|STATX_MNT_ID, stx_attributes=0, stx_mode=S_IFDIR|0755, stx_size=4096, ...}) = 0
769047 openat(AT_FDCWD, "/usr/share/coreutils/locales/uucore/en-US.ftl", O_RDONLY|O_CLOEXEC) = 3
769047 statx(3, "", AT_STATX_SYNC_AS_STAT|AT_EMPTY_PATH, STATX_ALL, {stx_mask=STATX_ALL|STATX_MNT_ID, stx_attributes=0, stx_mode=S_IFREG|0644, stx_size=4080, ...}) = 0
769047 statx(AT_FDCWD, "/usr/share/coreutils/locales/dirname", AT_STATX_SYNC_AS_STAT, STATX_ALL, {stx_mask=STATX_ALL|STATX_MNT_ID, stx_attributes=0, stx_mode=S_IFDIR|0755, stx_size=4096, ...}) = 0
769047 openat(AT_FDCWD, "/usr/share/coreutils/locales/dirname/en-US.ftl", O_RDONLY|O_CLOEXEC) = -1 ENOENT (No such file or directory)
769047 +++ exited with 0 +++
769046 --- SIGCHLD {si_signo=SIGCHLD, si_code=CLD_EXITED, si_pid=769047, si_uid=0, si_status=0, si_utime=0, si_stime=0} ---
769046 newfstatat(AT_FDCWD, "/home", {st_mode=S_IFDIR|0755, st_size=4096, ...}, 0) = 0
769046 newfstatat(AT_FDCWD, "/home/firstmate", {st_mode=S_IFDIR|0750, st_size=16384, ...}, 0) = 0
769046 newfstatat(AT_FDCWD, "/home/firstmate/.no-mistakes", {st_mode=S_IFDIR|0755, st_size=4096, ...}, 0) = 0
769046 newfstatat(AT_FDCWD, "/home/firstmate/.no-mistakes/worktrees", {st_mode=S_IFDIR|0755, st_size=4096, ...}, 0) = 0
769046 newfstatat(AT_FDCWD, "/home/firstmate/.no-mistakes/worktrees/8352e211db7e", {st_mode=S_IFDIR|0775, st_size=4096, ...}, 0) = 0
769046 newfstatat(AT_FDCWD, "/home/firstmate/.no-mistakes/worktrees/8352e211db7e/01M4F29HK4JCAKXEQ2F50R6HHX", {st_mode=S_IFDIR|0775, st_size=4096, ...}, 0) = 0
769046 newfstatat(AT_FDCWD, "/home/firstmate/.no-mistakes/worktrees/8352e211db7e/01M4F29HK4JCAKXEQ2F50R6HHX/bin", {st_mode=S_IFDIR|0775, st_size=12288, ...}, 0) = 0
769046 chdir("/home/firstmate/.no-mistakes/worktrees/8352e211db7e/01M4F29HK4JCAKXEQ2F50R6HHX/bin") = 0
769046 +++ exited with 0 +++
769038 --- SIGCHLD {si_signo=SIGCHLD, si_code=CLD_EXITED, si_pid=769046, si_uid=0, si_status=0, si_utime=0, si_stime=0} ---
769050 newfstatat(AT_FDCWD, "/home", {st_mode=S_IFDIR|0755, st_size=4096, ...}, 0) = 0
769050 newfstatat(AT_FDCWD, "/home/firstmate", {st_mode=S_IFDIR|0750, st_size=16384, ...}, 0) = 0
769050 newfstatat(AT_FDCWD, "/home/firstmate/.no-mistakes", {st_mode=S_IFDIR|0755, st_size=4096, ...}, 0) = 0
769050 newfstatat(AT_FDCWD, "/home/firstmate/.no-mistakes/worktrees", {st_mode=S_IFDIR|0755, st_size=4096, ...}, 0) = 0
769050 newfstatat(AT_FDCWD, "/home/firstmate/.no-mistakes/worktrees/8352e211db7e", {st_mode=S_IFDIR|0775, st_size=4096, ...}, 0) = 0
769050 newfstatat(AT_FDCWD, "/home/firstmate/.no-mistakes/worktrees/8352e211db7e/01M4F29HK4JCAKXEQ2F50R6HHX", {st_mode=S_IFDIR|0775, st_size=4096, ...}, 0) = 0
769050 newfstatat(AT_FDCWD, "/home/firstmate/.no-mistakes/worktrees/8352e211db7e/01M4F29HK4JCAKXEQ2F50R6HHX/bin", {st_mode=S_IFDIR|0775, st_size=12288, ...}, 0) = 0
769050 newfstatat(AT_FDCWD, "/home/firstmate/.no-mistakes/worktrees/8352e211db7e/01M4F29HK4JCAKXEQ2F50R6HHX/bin", {st_mode=S_IFDIR|0775, st_size=12288, ...}, 0) = 0
769050 chdir("/home/firstmate/.no-mistakes/worktrees/8352e211db7e/01M4F29HK4JCAKXEQ2F50R6HHX") = 0
769050 +++ exited with 0 +++
769038 --- SIGCHLD {si_signo=SIGCHLD, si_code=CLD_EXITED, si_pid=769050, si_uid=0, si_status=0, si_utime=0, si_stime=0} ---
769059 faccessat2(AT_FDCWD, "/home/firstmate/.no-mistakes/worktrees/8352e211db7e/01M4F29HK4JCAKXEQ2F50R6HHX/.test-tmp/boundary/home/config/inbox-profile", R_OK, AT_EACCESS) = -1 ENOENT (No such file or directory)
769059 +++ exited with 0 +++
769038 --- SIGCHLD {si_signo=SIGCHLD, si_code=CLD_EXITED, si_pid=769059, si_uid=0, si_status=0, si_utime=0, si_stime=0} ---
769038 newfstatat(AT_FDCWD, "/home/firstmate/.no-mistakes/worktrees/8352e211db7e/01M4F29HK4JCAKXEQ2F50R6HHX/.test-tmp/boundary/home/.voice-conversation-lab", 0x7fff52501d30, 0) = -1 ENOENT (No such file or directory)
769038 openat(AT_FDCWD, "/home/firstmate/.no-mistakes/worktrees/8352e211db7e/01M4F29HK4JCAKXEQ2F50R6HHX/bin/fm-wake-lib.sh", O_RDONLY) = 3
769068 newfstatat(AT_FDCWD, ".", {st_mode=S_IFDIR|0775, st_size=4096, ...}, 0) = 0
769068 newfstatat(AT_FDCWD, "/home/firstmate/.local/codex-latest/lib/node_modules/@openai/codex/node_modules/@openai/codex-linux-x64/vendor/x86_64-unknown-linux-musl/codex-path/dirname", 0x7fff524fffd0, 0) = -1 ENOENT (No such file or directory)
769068 newfstatat(AT_FDCWD, "/home/firstmate/.codex-5/tmp/arg0/codex-arg065EgpK/dirname", 0x7fff524fffd0, 0) = -1 ENOENT (No such file or directory)
769068 newfstatat(AT_FDCWD, "/home/firstmate/.local/codex-latest/lib/node_modules/@openai/codex/node_modules/@openai/codex-linux-x64/vendor/x86_64-unknown-linux-musl/codex-path/dirname", 0x7fff524fffd0, 0) = -1 ENOENT (No such file or directory)
769068 newfstatat(AT_FDCWD, "/home/firstmate/.local/bin/dirname", 0x7fff524fffd0, 0) = -1 ENOENT (No such file or directory)
769068 newfstatat(AT_FDCWD, "/home/firstmate/go/bin/dirname", 0x7fff524fffd0, 0) = -1 ENOENT (No such file or directory)
769068 newfstatat(AT_FDCWD, "/home/firstmate/.cargo/bin/dirname", 0x7fff524fffd0, 0) = -1 ENOENT (No such file or directory)
769068 newfstatat(AT_FDCWD, "/home/firstmate/bin/dirname", 0x7fff524fffd0, 0) = -1 ENOENT (No such file or directory)
769068 newfstatat(AT_FDCWD, "/opt/homebrew/bin/dirname", 0x7fff524fffd0, 0) = -1 ENOENT (No such file or directory)
769068 newfstatat(AT_FDCWD, "/opt/homebrew/sbin/dirname", 0x7fff524fffd0, 0) = -1 ENOENT (No such file or directory)
769068 newfstatat(AT_FDCWD, "/usr/local/bin/dirname", 0x7fff524fffd0, 0) = -1 ENOENT (No such file or directory)
769068 newfstatat(AT_FDCWD, "/usr/local/sbin/dirname", 0x7fff524fffd0, 0) = -1 ENOENT (No such file or directory)
769068 newfstatat(AT_FDCWD, "/usr/bin/dirname", {st_mode=S_IFREG|0755, st_size=11352352, ...}, 0) = 0
769068 newfstatat(AT_FDCWD, "/usr/bin/dirname", {st_mode=S_IFREG|0755, st_size=11352352, ...}, 0) = 0
769068 access("/usr/bin/dirname", X_OK) = 0
769068 newfstatat(AT_FDCWD, "/usr/bin/dirname", {st_mode=S_IFREG|0755, st_size=11352352, ...}, 0) = 0
769068 access("/usr/bin/dirname", R_OK) = 0
769068 execve("/usr/bin/dirname", ["dirname", "/home/firstmate/.no-mistakes/wor"...], 0x616dc06bc640 /* 9 vars */) = 0
769068 access("/etc/ld.so.preload", R_OK) = -1 ENOENT (No such file or directory)
769068 openat(AT_FDCWD, "/etc/ld.so.cache", O_RDONLY|O_CLOEXEC) = 3
769068 openat(AT_FDCWD, "/usr/lib/x86_64-linux-gnu/libselinux.so.1", O_RDONLY|O_CLOEXEC) = 3
769068 openat(AT_FDCWD, "/usr/lib/x86_64-linux-gnu/libgcc_s.so.1", O_RDONLY|O_CLOEXEC) = 3
769068 openat(AT_FDCWD, "/usr/lib/x86_64-linux-gnu/libm.so.6", O_RDONLY|O_CLOEXEC) = 3
769068 openat(AT_FDCWD, "/usr/lib/x86_64-linux-gnu/libc.so.6", O_RDONLY|O_CLOEXEC) = 3
769068 openat(AT_FDCWD, "/usr/lib/x86_64-linux-gnu/libpcre2-8.so.0", O_RDONLY|O_CLOEXEC) = 3
769068 statfs("/sys/fs/selinux", 0x7ffd915d5ec0) = -1 ENOENT (No such file or directory)
769068 statfs("/selinux", 0x7ffd915d5ec0) = -1 ENOENT (No such file or directory)
769068 openat(AT_FDCWD, "/proc/filesystems", O_RDONLY|O_CLOEXEC) = 3
769068 access("/etc/selinux/config", F_OK) = -1 ENOENT (No such file or directory)
769068 openat(AT_FDCWD, "/proc/self/maps", O_RDONLY|O_CLOEXEC) = 3
769068 statx(AT_FDCWD, "/usr/share/coreutils/locales/dirname", AT_STATX_SYNC_AS_STAT, STATX_ALL, {stx_mask=STATX_ALL|STATX_MNT_ID, stx_attributes=0, stx_mode=S_IFDIR|0755, stx_size=4096, ...}) = 0
769068 statx(AT_FDCWD, "/usr/share/coreutils/locales/uucore", AT_STATX_SYNC_AS_STAT, STATX_ALL, {stx_mask=STATX_ALL|STATX_MNT_ID, stx_attributes=0, stx_mode=S_IFDIR|0755, stx_size=4096, ...}) = 0
769068 openat(AT_FDCWD, "/usr/share/coreutils/locales/uucore/en-US.ftl", O_RDONLY|O_CLOEXEC) = 3
769068 statx(3, "", AT_STATX_SYNC_AS_STAT|AT_EMPTY_PATH, STATX_ALL, {stx_mask=STATX_ALL|STATX_MNT_ID, stx_attributes=0, stx_mode=S_IFREG|0644, stx_size=4080, ...}) = 0
769068 statx(AT_FDCWD, "/usr/share/coreutils/locales/dirname", AT_STATX_SYNC_AS_STAT, STATX_ALL, {stx_mask=STATX_ALL|STATX_MNT_ID, stx_attributes=0, stx_mode=S_IFDIR|0755, stx_size=4096, ...}) = 0
769068 openat(AT_FDCWD, "/usr/share/coreutils/locales/dirname/en-US.ftl", O_RDONLY|O_CLOEXEC) = -1 ENOENT (No such file or directory)
769068 +++ exited with 0 +++
769061 --- SIGCHLD {si_signo=SIGCHLD, si_code=CLD_EXITED, si_pid=769068, si_uid=0, si_status=0, si_utime=0, si_stime=1 /* 0.01 s */} ---
769061 newfstatat(AT_FDCWD, "/home", {st_mode=S_IFDIR|0755, st_size=4096, ...}, 0) = 0
769061 newfstatat(AT_FDCWD, "/home/firstmate", {st_mode=S_IFDIR|0750, st_size=16384, ...}, 0) = 0
769061 newfstatat(AT_FDCWD, "/home/firstmate/.no-mistakes", {st_mode=S_IFDIR|0755, st_size=4096, ...}, 0) = 0
769061 newfstatat(AT_FDCWD, "/home/firstmate/.no-mistakes/worktrees", {st_mode=S_IFDIR|0755, st_size=4096, ...}, 0) = 0
769061 newfstatat(AT_FDCWD, "/home/firstmate/.no-mistakes/worktrees/8352e211db7e", {st_mode=S_IFDIR|0775, st_size=4096, ...}, 0) = 0
769061 newfstatat(AT_FDCWD, "/home/firstmate/.no-mistakes/worktrees/8352e211db7e/01M4F29HK4JCAKXEQ2F50R6HHX", {st_mode=S_IFDIR|0775, st_size=4096, ...}, 0) = 0
769061 newfstatat(AT_FDCWD, "/home/firstmate/.no-mistakes/worktrees/8352e211db7e/01M4F29HK4JCAKXEQ2F50R6HHX/bin", {st_mode=S_IFDIR|0775, st_size=12288, ...}, 0) = 0
769061 chdir("/home/firstmate/.no-mistakes/worktrees/8352e211db7e/01M4F29HK4JCAKXEQ2F50R6HHX/bin") = 0
769061 +++ exited with 0 +++
769038 --- SIGCHLD {si_signo=SIGCHLD, si_code=CLD_EXITED, si_pid=769061, si_uid=0, si_status=0, si_utime=0, si_stime=0} ---
769080 newfstatat(AT_FDCWD, "/home", {st_mode=S_IFDIR|0755, st_size=4096, ...}, 0) = 0
769080 newfstatat(AT_FDCWD, "/home/firstmate", {st_mode=S_IFDIR|0750, st_size=16384, ...}, 0) = 0
769080 newfstatat(AT_FDCWD, "/home/firstmate/.no-mistakes", {st_mode=S_IFDIR|0755, st_size=4096, ...}, 0) = 0
769080 newfstatat(AT_FDCWD, "/home/firstmate/.no-mistakes/worktrees", {st_mode=S_IFDIR|0755, st_size=4096, ...}, 0) = 0
769080 newfstatat(AT_FDCWD, "/home/firstmate/.no-mistakes/worktrees/8352e211db7e", {st_mode=S_IFDIR|0775, st_size=4096, ...}, 0) = 0
769080 newfstatat(AT_FDCWD, "/home/firstmate/.no-mistakes/worktrees/8352e211db7e/01M4F29HK4JCAKXEQ2F50R6HHX", {st_mode=S_IFDIR|0775, st_size=4096, ...}, 0) = 0
769080 newfstatat(AT_FDCWD, "/home/firstmate/.no-mistakes/worktrees/8352e211db7e/01M4F29HK4JCAKXEQ2F50R6HHX/bin", {st_mode=S_IFDIR|0775, st_size=12288, ...}, 0) = 0
769080 newfstatat(AT_FDCWD, "/home/firstmate/.no-mistakes/worktrees/8352e211db7e/01M4F29HK4JCAKXEQ2F50R6HHX/bin", {st_mode=S_IFDIR|0775, st_size=12288, ...}, 0) = 0
769080 chdir("/home/firstmate/.no-mistakes/worktrees/8352e211db7e/01M4F29HK4JCAKXEQ2F50R6HHX") = 0
769080 +++ exited with 0 +++
769038 --- SIGCHLD {si_signo=SIGCHLD, si_code=CLD_EXITED, si_pid=769080, si_uid=0, si_status=0, si_utime=0, si_stime=0} ---
769081 newfstatat(AT_FDCWD, ".", {st_mode=S_IFDIR|0775, st_size=4096, ...}, 0) = 0
769081 newfstatat(AT_FDCWD, "/home/firstmate/.local/codex-latest/lib/node_modules/@openai/codex/node_modules/@openai/codex-linux-x64/vendor/x86_64-unknown-linux-musl/codex-path/uname", 0x7fff525009e0, 0) = -1 ENOENT (No such file or directory)
769081 newfstatat(AT_FDCWD, "/home/firstmate/.codex-5/tmp/arg0/codex-arg065EgpK/uname", 0x7fff525009e0, 0) = -1 ENOENT (No such file or directory)
769081 newfstatat(AT_FDCWD, "/home/firstmate/.local/codex-latest/lib/node_modules/@openai/codex/node_modules/@openai/codex-linux-x64/vendor/x86_64-unknown-linux-musl/codex-path/uname", 0x7fff525009e0, 0) = -1 ENOENT (No such file or directory)
769081 newfstatat(AT_FDCWD, "/home/firstmate/.local/bin/uname", 0x7fff525009e0, 0) = -1 ENOENT (No such file or directory)
769081 newfstatat(AT_FDCWD, "/home/firstmate/go/bin/uname", 0x7fff525009e0, 0) = -1 ENOENT (No such file or directory)
769081 newfstatat(AT_FDCWD, "/home/firstmate/.cargo/bin/uname", 0x7fff525009e0, 0) = -1 ENOENT (No such file or directory)
769081 newfstatat(AT_FDCWD, "/home/firstmate/bin/uname", 0x7fff525009e0, 0) = -1 ENOENT (No such file or directory)
769081 newfstatat(AT_FDCWD, "/opt/homebrew/bin/uname", 0x7fff525009e0, 0) = -1 ENOENT (No such file or directory)
769081 newfstatat(AT_FDCWD, "/opt/homebrew/sbin/uname", 0x7fff525009e0, 0) = -1 ENOENT (No such file or directory)
769081 newfstatat(AT_FDCWD, "/usr/local/bin/uname", 0x7fff525009e0, 0) = -1 ENOENT (No such file or directory)
769081 newfstatat(AT_FDCWD, "/usr/local/sbin/uname", 0x7fff525009e0, 0) = -1 ENOENT (No such file or directory)
769081 newfstatat(AT_FDCWD, "/usr/bin/uname", {st_mode=S_IFREG|0755, st_size=11352352, ...}, 0) = 0
769081 newfstatat(AT_FDCWD, "/usr/bin/uname", {st_mode=S_IFREG|0755, st_size=11352352, ...}, 0) = 0
769081 access("/usr/bin/uname", X_OK)   = 0
769081 newfstatat(AT_FDCWD, "/usr/bin/uname", {st_mode=S_IFREG|0755, st_size=11352352, ...}, 0) = 0
769081 access("/usr/bin/uname", R_OK)   = 0
769085 openat(AT_FDCWD, "/dev/null", O_WRONLY|O_CREAT|O_TRUNC, 0666) = 3
769085 execve("/usr/bin/uname", ["uname"], 0x616dc06bb570 /* 9 vars */) = 0
769085 access("/etc/ld.so.preload", R_OK) = -1 ENOENT (No such file or directory)
769085 openat(AT_FDCWD, "/etc/ld.so.cache", O_RDONLY|O_CLOEXEC) = 3
769085 openat(AT_FDCWD, "/usr/lib/x86_64-linux-gnu/libselinux.so.1", O_RDONLY|O_CLOEXEC) = 3
769085 openat(AT_FDCWD, "/usr/lib/x86_64-linux-gnu/libgcc_s.so.1", O_RDONLY|O_CLOEXEC) = 3
769085 openat(AT_FDCWD, "/usr/lib/x86_64-linux-gnu/libm.so.6", O_RDONLY|O_CLOEXEC) = 3
769085 openat(AT_FDCWD, "/usr/lib/x86_64-linux-gnu/libc.so.6", O_RDONLY|O_CLOEXEC) = 3
769085 openat(AT_FDCWD, "/usr/lib/x86_64-linux-gnu/libpcre2-8.so.0", O_RDONLY|O_CLOEXEC) = 3
769085 statfs("/sys/fs/selinux", 0x7fff7ea6ed00) = -1 ENOENT (No such file or directory)
769085 statfs("/selinux", 0x7fff7ea6ed00) = -1 ENOENT (No such file or directory)
769085 openat(AT_FDCWD, "/proc/filesystems", O_RDONLY|O_CLOEXEC) = 3
769085 access("/etc/selinux/config", F_OK) = -1 ENOENT (No such file or directory)
769085 openat(AT_FDCWD, "/proc/self/maps", O_RDONLY|O_CLOEXEC) = 3
769085 statx(AT_FDCWD, "/usr/share/coreutils/locales/uname", AT_STATX_SYNC_AS_STAT, STATX_ALL, {stx_mask=STATX_ALL|STATX_MNT_ID, stx_attributes=0, stx_mode=S_IFDIR|0755, stx_size=4096, ...}) = 0
769085 statx(AT_FDCWD, "/usr/share/coreutils/locales/uucore", AT_STATX_SYNC_AS_STAT, STATX_ALL, {stx_mask=STATX_ALL|STATX_MNT_ID, stx_attributes=0, stx_mode=S_IFDIR|0755, stx_size=4096, ...}) = 0
769085 openat(AT_FDCWD, "/usr/share/coreutils/locales/uucore/en-US.ftl", O_RDONLY|O_CLOEXEC) = 3
769085 statx(3, "", AT_STATX_SYNC_AS_STAT|AT_EMPTY_PATH, STATX_ALL, {stx_mask=STATX_ALL|STATX_MNT_ID, stx_attributes=0, stx_mode=S_IFREG|0644, stx_size=4080, ...}) = 0
769085 statx(AT_FDCWD, "/usr/share/coreutils/locales/uname", AT_STATX_SYNC_AS_STAT, STATX_ALL, {stx_mask=STATX_ALL|STATX_MNT_ID, stx_attributes=0, stx_mode=S_IFDIR|0755, stx_size=4096, ...}) = 0
769085 openat(AT_FDCWD, "/usr/share/coreutils/locales/uname/en-US.ftl", O_RDONLY|O_CLOEXEC) = -1 ENOENT (No such file or directory)
769085 +++ exited with 0 +++
769081 --- SIGCHLD {si_signo=SIGCHLD, si_code=CLD_EXITED, si_pid=769085, si_uid=0, si_status=0, si_utime=0, si_stime=0} ---
769081 +++ exited with 0 +++
769038 --- SIGCHLD {si_signo=SIGCHLD, si_code=CLD_EXITED, si_pid=769081, si_uid=0, si_status=0, si_utime=0, si_stime=0} ---
769038 newfstatat(AT_FDCWD, ".", {st_mode=S_IFDIR|0775, st_size=4096, ...}, 0) = 0
769038 newfstatat(AT_FDCWD, "/home/firstmate/.local/codex-latest/lib/node_modules/@openai/codex/node_modules/@openai/codex-linux-x64/vendor/x86_64-unknown-linux-musl/codex-path/mkdir", 0x7fff525012f0, 0) = -1 ENOENT (No such file or directory)
769038 newfstatat(AT_FDCWD, "/home/firstmate/.codex-5/tmp/arg0/codex-arg065EgpK/mkdir", 0x7fff525012f0, 0) = -1 ENOENT (No such file or directory)
769038 newfstatat(AT_FDCWD, "/home/firstmate/.local/codex-latest/lib/node_modules/@openai/codex/node_modules/@openai/codex-linux-x64/vendor/x86_64-unknown-linux-musl/codex-path/mkdir", 0x7fff525012f0, 0) = -1 ENOENT (No such file or directory)
769038 newfstatat(AT_FDCWD, "/home/firstmate/.local/bin/mkdir", 0x7fff525012f0, 0) = -1 ENOENT (No such file or directory)
769038 newfstatat(AT_FDCWD, "/home/firstmate/go/bin/mkdir", 0x7fff525012f0, 0) = -1 ENOENT (No such file or directory)
769038 newfstatat(AT_FDCWD, "/home/firstmate/.cargo/bin/mkdir", 0x7fff525012f0, 0) = -1 ENOENT (No such file or directory)
769038 newfstatat(AT_FDCWD, "/home/firstmate/bin/mkdir", 0x7fff525012f0, 0) = -1 ENOENT (No such file or directory)
769038 newfstatat(AT_FDCWD, "/opt/homebrew/bin/mkdir", 0x7fff525012f0, 0) = -1 ENOENT (No such file or directory)
769038 newfstatat(AT_FDCWD, "/opt/homebrew/sbin/mkdir", 0x7fff525012f0, 0) = -1 ENOENT (No such file or directory)
769038 newfstatat(AT_FDCWD, "/usr/local/bin/mkdir", 0x7fff525012f0, 0) = -1 ENOENT (No such file or directory)
769038 newfstatat(AT_FDCWD, "/usr/local/sbin/mkdir", 0x7fff525012f0, 0) = -1 ENOENT (No such file or directory)
769038 newfstatat(AT_FDCWD, "/usr/bin/mkdir", {st_mode=S_IFREG|0755, st_size=11352352, ...}, 0) = 0
769038 newfstatat(AT_FDCWD, "/usr/bin/mkdir", {st_mode=S_IFREG|0755, st_size=11352352, ...}, 0) = 0
769038 access("/usr/bin/mkdir", X_OK)   = 0
769038 newfstatat(AT_FDCWD, "/usr/bin/mkdir", {st_mode=S_IFREG|0755, st_size=11352352, ...}, 0) = 0
769038 access("/usr/bin/mkdir", R_OK)   = 0
769086 execve("/usr/bin/mkdir", ["mkdir", "-p", "/home/firstmate/.no-mistakes/wor"...], 0x616dc06bb570 /* 9 vars */) = 0
769086 access("/etc/ld.so.preload", R_OK) = -1 ENOENT (No such file or directory)
769086 openat(AT_FDCWD, "/etc/ld.so.cache", O_RDONLY|O_CLOEXEC) = 3
769086 openat(AT_FDCWD, "/usr/lib/x86_64-linux-gnu/libselinux.so.1", O_RDONLY|O_CLOEXEC) = 3
769086 openat(AT_FDCWD, "/usr/lib/x86_64-linux-gnu/libgcc_s.so.1", O_RDONLY|O_CLOEXEC) = 3
769086 openat(AT_FDCWD, "/usr/lib/x86_64-linux-gnu/libm.so.6", O_RDONLY|O_CLOEXEC) = 3
769086 openat(AT_FDCWD, "/usr/lib/x86_64-linux-gnu/libc.so.6", O_RDONLY|O_CLOEXEC) = 3
769086 openat(AT_FDCWD, "/usr/lib/x86_64-linux-gnu/libpcre2-8.so.0", O_RDONLY|O_CLOEXEC) = 3
769086 statfs("/sys/fs/selinux", 0x7ffddba1bea0) = -1 ENOENT (No such file or directory)
769086 statfs("/selinux", 0x7ffddba1bea0) = -1 ENOENT (No such file or directory)
769086 openat(AT_FDCWD, "/proc/filesystems", O_RDONLY|O_CLOEXEC) = 3
769086 access("/etc/selinux/config", F_OK) = -1 ENOENT (No such file or directory)
769086 openat(AT_FDCWD, "/proc/self/maps", O_RDONLY|O_CLOEXEC) = 3
769086 statx(AT_FDCWD, "/usr/share/coreutils/locales/mkdir", AT_STATX_SYNC_AS_STAT, STATX_ALL, {stx_mask=STATX_ALL|STATX_MNT_ID, stx_attributes=0, stx_mode=S_IFDIR|0755, stx_size=4096, ...}) = 0
769086 statx(AT_FDCWD, "/usr/share/coreutils/locales/uucore", AT_STATX_SYNC_AS_STAT, STATX_ALL, {stx_mask=STATX_ALL|STATX_MNT_ID, stx_attributes=0, stx_mode=S_IFDIR|0755, stx_size=4096, ...}) = 0
769086 openat(AT_FDCWD, "/usr/share/coreutils/locales/uucore/en-US.ftl", O_RDONLY|O_CLOEXEC) = 3
769086 statx(3, "", AT_STATX_SYNC_AS_STAT|AT_EMPTY_PATH, STATX_ALL, {stx_mask=STATX_ALL|STATX_MNT_ID, stx_attributes=0, stx_mode=S_IFREG|0644, stx_size=4080, ...}) = 0
769086 statx(AT_FDCWD, "/usr/share/coreutils/locales/mkdir", AT_STATX_SYNC_AS_STAT, STATX_ALL, {stx_mask=STATX_ALL|STATX_MNT_ID, stx_attributes=0, stx_mode=S_IFDIR|0755, stx_size=4096, ...}) = 0
769086 openat(AT_FDCWD, "/usr/share/coreutils/locales/mkdir/en-US.ftl", O_RDONLY|O_CLOEXEC) = -1 ENOENT (No such file or directory)
769086 statx(AT_FDCWD, "/home/firstmate/.no-mistakes/worktrees/8352e211db7e/01M4F29HK4JCAKXEQ2F50R6HHX/.test-tmp/boundary/home/state", AT_STATX_SYNC_AS_STAT, STATX_ALL, {stx_mask=STATX_ALL|STATX_MNT_ID, stx_attributes=0, stx_mode=S_IFDIR|0700, stx_size=4096, ...}) = 0
769086 statx(AT_FDCWD, "/", AT_STATX_SYNC_AS_STAT, STATX_ALL, {stx_mask=STATX_ALL|STATX_MNT_ID, stx_attributes=STATX_ATTR_MOUNT_ROOT, stx_mode=S_IFDIR|0755, stx_size=4096, ...}) = 0
769086 statx(AT_FDCWD, "/home", AT_STATX_SYNC_AS_STAT, STATX_ALL, {stx_mask=STATX_ALL|STATX_MNT_ID, stx_attributes=0, stx_mode=S_IFDIR|0755, stx_size=4096, ...}) = 0
769086 statx(AT_FDCWD, "/home/firstmate", AT_STATX_SYNC_AS_STAT, STATX_ALL, {stx_mask=STATX_ALL|STATX_MNT_ID, stx_attributes=0, stx_mode=S_IFDIR|0750, stx_size=16384, ...}) = 0
769086 statx(AT_FDCWD, "/home/firstmate/.no-mistakes", AT_STATX_SYNC_AS_STAT, STATX_ALL, {stx_mask=STATX_ALL|STATX_MNT_ID, stx_attributes=0, stx_mode=S_IFDIR|0755, stx_size=4096, ...}) = 0
769086 statx(AT_FDCWD, "/home/firstmate/.no-mistakes/worktrees", AT_STATX_SYNC_AS_STAT, STATX_ALL, {stx_mask=STATX_ALL|STATX_MNT_ID, stx_attributes=0, stx_mode=S_IFDIR|0755, stx_size=4096, ...}) = 0
769086 statx(AT_FDCWD, "/home/firstmate/.no-mistakes/worktrees/8352e211db7e", AT_STATX_SYNC_AS_STAT, STATX_ALL, {stx_mask=STATX_ALL|STATX_MNT_ID, stx_attributes=0, stx_mode=S_IFDIR|0775, stx_size=4096, ...}) = 0
769086 statx(AT_FDCWD, "/home/firstmate/.no-mistakes/worktrees/8352e211db7e/01M4F29HK4JCAKXEQ2F50R6HHX", AT_STATX_SYNC_AS_STAT, STATX_ALL, {stx_mask=STATX_ALL|STATX_MNT_ID, stx_attributes=0, stx_mode=S_IFDIR|0775, stx_size=4096, ...}) = 0
769086 statx(AT_FDCWD, "/home/firstmate/.no-mistakes/worktrees/8352e211db7e/01M4F29HK4JCAKXEQ2F50R6HHX/.test-tmp", AT_STATX_SYNC_AS_STAT, STATX_ALL, {stx_mask=STATX_ALL|STATX_MNT_ID, stx_attributes=0, stx_mode=S_IFDIR|0775, stx_size=4096, ...}) = 0
769086 statx(AT_FDCWD, "/home/firstmate/.no-mistakes/worktrees/8352e211db7e/01M4F29HK4JCAKXEQ2F50R6HHX/.test-tmp/boundary", AT_STATX_SYNC_AS_STAT, STATX_ALL, {stx_mask=STATX_ALL|STATX_MNT_ID, stx_attributes=0, stx_mode=S_IFDIR|0700, stx_size=4096, ...}) = 0
769086 statx(AT_FDCWD, "/home/firstmate/.no-mistakes/worktrees/8352e211db7e/01M4F29HK4JCAKXEQ2F50R6HHX/.test-tmp/boundary/home", AT_STATX_SYNC_AS_STAT, STATX_ALL, {stx_mask=STATX_ALL|STATX_MNT_ID, stx_attributes=STATX_ATTR_MOUNT_ROOT, stx_mode=S_IFDIR|0700, stx_size=4096, ...}) = 0
769086 statx(AT_FDCWD, "/home/firstmate/.no-mistakes/worktrees/8352e211db7e/01M4F29HK4JCAKXEQ2F50R6HHX/.test-tmp/boundary/home/state", AT_STATX_SYNC_AS_STAT, STATX_ALL, {stx_mask=STATX_ALL|STATX_MNT_ID, stx_attributes=0, stx_mode=S_IFDIR|0700, stx_size=4096, ...}) = 0
769086 mkdir("/home/firstmate/.no-mistakes/worktrees/8352e211db7e/01M4F29HK4JCAKXEQ2F50R6HHX/.test-tmp/boundary/home/state", 0700) = -1 EEXIST (File exists)
769086 statx(AT_FDCWD, "/home/firstmate/.no-mistakes/worktrees/8352e211db7e/01M4F29HK4JCAKXEQ2F50R6HHX/.test-tmp/boundary/home/state", AT_STATX_SYNC_AS_STAT, STATX_ALL, {stx_mask=STATX_ALL|STATX_MNT_ID, stx_attributes=0, stx_mode=S_IFDIR|0700, stx_size=4096, ...}) = 0
769086 +++ exited with 0 +++
769038 --- SIGCHLD {si_signo=SIGCHLD, si_code=CLD_EXITED, si_pid=769086, si_uid=0, si_status=0, si_utime=0, si_stime=0} ---
769089 newfstatat(AT_FDCWD, ".", {st_mode=S_IFDIR|0775, st_size=4096, ...}, 0) = 0
769089 newfstatat(AT_FDCWD, "/home/firstmate/.local/codex-latest/lib/node_modules/@openai/codex/node_modules/@openai/codex-linux-x64/vendor/x86_64-unknown-linux-musl/codex-path/cat", 0x7fff52501050, 0) = -1 ENOENT (No such file or directory)
769089 newfstatat(AT_FDCWD, "/home/firstmate/.codex-5/tmp/arg0/codex-arg065EgpK/cat", 0x7fff52501050, 0) = -1 ENOENT (No such file or directory)
769089 newfstatat(AT_FDCWD, "/home/firstmate/.local/codex-latest/lib/node_modules/@openai/codex/node_modules/@openai/codex-linux-x64/vendor/x86_64-unknown-linux-musl/codex-path/cat", 0x7fff52501050, 0) = -1 ENOENT (No such file or directory)
769089 newfstatat(AT_FDCWD, "/home/firstmate/.local/bin/cat", 0x7fff52501050, 0) = -1 ENOENT (No such file or directory)
769089 newfstatat(AT_FDCWD, "/home/firstmate/go/bin/cat", 0x7fff52501050, 0) = -1 ENOENT (No such file or directory)
769089 newfstatat(AT_FDCWD, "/home/firstmate/.cargo/bin/cat", 0x7fff52501050, 0) = -1 ENOENT (No such file or directory)
769089 newfstatat(AT_FDCWD, "/home/firstmate/bin/cat", 0x7fff52501050, 0) = -1 ENOENT (No such file or directory)
769089 newfstatat(AT_FDCWD, "/opt/homebrew/bin/cat", 0x7fff52501050, 0) = -1 ENOENT (No such file or directory)
769089 newfstatat(AT_FDCWD, "/opt/homebrew/sbin/cat", 0x7fff52501050, 0) = -1 ENOENT (No such file or directory)
769089 newfstatat(AT_FDCWD, "/usr/local/bin/cat", 0x7fff52501050, 0) = -1 ENOENT (No such file or directory)
769089 newfstatat(AT_FDCWD, "/usr/local/sbin/cat", 0x7fff52501050, 0) = -1 ENOENT (No such file or directory)
769089 newfstatat(AT_FDCWD, "/usr/bin/cat", {st_mode=S_IFREG|0755, st_size=11352352, ...}, 0) = 0
769089 newfstatat(AT_FDCWD, "/usr/bin/cat", {st_mode=S_IFREG|0755, st_size=11352352, ...}, 0) = 0
769089 access("/usr/bin/cat", X_OK)     = 0
769089 newfstatat(AT_FDCWD, "/usr/bin/cat", {st_mode=S_IFREG|0755, st_size=11352352, ...}, 0) = 0
769089 access("/usr/bin/cat", R_OK)     = 0
769090 openat(AT_FDCWD, "/dev/null", O_WRONLY|O_CREAT|O_TRUNC, 0666) = 3
769090 execve("/usr/bin/cat", ["cat", "/home/firstmate/.no-mistakes/wor"...], 0x616dc06bb570 /* 9 vars */) = 0
769090 access("/etc/ld.so.preload", R_OK) = -1 ENOENT (No such file or directory)
769090 openat(AT_FDCWD, "/etc/ld.so.cache", O_RDONLY|O_CLOEXEC) = 3
769090 openat(AT_FDCWD, "/usr/lib/x86_64-linux-gnu/libselinux.so.1", O_RDONLY|O_CLOEXEC) = 3
769090 openat(AT_FDCWD, "/usr/lib/x86_64-linux-gnu/libgcc_s.so.1", O_RDONLY|O_CLOEXEC) = 3
769090 openat(AT_FDCWD, "/usr/lib/x86_64-linux-gnu/libm.so.6", O_RDONLY|O_CLOEXEC) = 3
769090 openat(AT_FDCWD, "/usr/lib/x86_64-linux-gnu/libc.so.6", O_RDONLY|O_CLOEXEC) = 3
769090 openat(AT_FDCWD, "/usr/lib/x86_64-linux-gnu/libpcre2-8.so.0", O_RDONLY|O_CLOEXEC) = 3
769090 statfs("/sys/fs/selinux", 0x7fff1b458a70) = -1 ENOENT (No such file or directory)
769090 statfs("/selinux", 0x7fff1b458a70) = -1 ENOENT (No such file or directory)
769090 openat(AT_FDCWD, "/proc/filesystems", O_RDONLY|O_CLOEXEC) = 3
769090 access("/etc/selinux/config", F_OK) = -1 ENOENT (No such file or directory)
769090 openat(AT_FDCWD, "/proc/self/maps", O_RDONLY|O_CLOEXEC) = 3
769090 statx(AT_FDCWD, "/usr/share/coreutils/locales/cat", AT_STATX_SYNC_AS_STAT, STATX_ALL, {stx_mask=STATX_ALL|STATX_MNT_ID, stx_attributes=0, stx_mode=S_IFDIR|0755, stx_size=4096, ...}) = 0
769090 statx(AT_FDCWD, "/usr/share/coreutils/locales/uucore", AT_STATX_SYNC_AS_STAT, STATX_ALL, {stx_mask=STATX_ALL|STATX_MNT_ID, stx_attributes=0, stx_mode=S_IFDIR|0755, stx_size=4096, ...}) = 0
769090 openat(AT_FDCWD, "/usr/share/coreutils/locales/uucore/en-US.ftl", O_RDONLY|O_CLOEXEC) = 3
769090 statx(3, "", AT_STATX_SYNC_AS_STAT|AT_EMPTY_PATH, STATX_ALL, {stx_mask=STATX_ALL|STATX_MNT_ID, stx_attributes=0, stx_mode=S_IFREG|0644, stx_size=4080, ...}) = 0
769090 statx(AT_FDCWD, "/usr/share/coreutils/locales/cat", AT_STATX_SYNC_AS_STAT, STATX_ALL, {stx_mask=STATX_ALL|STATX_MNT_ID, stx_attributes=0, stx_mode=S_IFDIR|0755, stx_size=4096, ...}) = 0
769090 openat(AT_FDCWD, "/usr/share/coreutils/locales/cat/en-US.ftl", O_RDONLY|O_CLOEXEC) = -1 ENOENT (No such file or directory)
769090 statx(AT_FDCWD, "/home/firstmate/.no-mistakes/worktrees/8352e211db7e/01M4F29HK4JCAKXEQ2F50R6HHX/.test-tmp/boundary/home/state/.lock", AT_STATX_SYNC_AS_STAT, STATX_ALL, {stx_mask=STATX_ALL|STATX_MNT_ID, stx_attributes=0, stx_mode=S_IFREG|0600, stx_size=7, ...}) = 0
769090 openat(AT_FDCWD, "/home/firstmate/.no-mistakes/worktrees/8352e211db7e/01M4F29HK4JCAKXEQ2F50R6HHX/.test-tmp/boundary/home/state/.lock", O_RDONLY|O_CLOEXEC) = 3
769090 +++ exited with 0 +++
769089 --- SIGCHLD {si_signo=SIGCHLD, si_code=CLD_EXITED, si_pid=769090, si_uid=0, si_status=0, si_utime=0, si_stime=1 /* 0.01 s */} ---
769089 +++ exited with 0 +++
769038 --- SIGCHLD {si_signo=SIGCHLD, si_code=CLD_EXITED, si_pid=769089, si_uid=0, si_status=0, si_utime=0, si_stime=0} ---
769038 openat(AT_FDCWD, "/dev/null", O_WRONLY|O_CREAT|O_TRUNC, 0666) = 3
769038 faccessat2(AT_FDCWD, "/proc/760355/stat", R_OK, AT_EACCESS) = 0
769038 faccessat2(AT_FDCWD, "/proc/760355/cmdline", R_OK, AT_EACCESS) = 0
769096 newfstatat(AT_FDCWD, ".", {st_mode=S_IFDIR|0775, st_size=4096, ...}, 0) = 0
769096 newfstatat(AT_FDCWD, "/home/firstmate/.local/codex-latest/lib/node_modules/@openai/codex/node_modules/@openai/codex-linux-x64/vendor/x86_64-unknown-linux-musl/codex-path/cat", 0x7fff524ffc60, 0) = -1 ENOENT (No such file or directory)
769096 newfstatat(AT_FDCWD, "/home/firstmate/.codex-5/tmp/arg0/codex-arg065EgpK/cat", 0x7fff524ffc60, 0) = -1 ENOENT (No such file or directory)
769096 newfstatat(AT_FDCWD, "/home/firstmate/.local/codex-latest/lib/node_modules/@openai/codex/node_modules/@openai/codex-linux-x64/vendor/x86_64-unknown-linux-musl/codex-path/cat", 0x7fff524ffc60, 0) = -1 ENOENT (No such file or directory)
769096 newfstatat(AT_FDCWD, "/home/firstmate/.local/bin/cat", 0x7fff524ffc60, 0) = -1 ENOENT (No such file or directory)
769096 newfstatat(AT_FDCWD, "/home/firstmate/go/bin/cat", 0x7fff524ffc60, 0) = -1 ENOENT (No such file or directory)
769096 newfstatat(AT_FDCWD, "/home/firstmate/.cargo/bin/cat", 0x7fff524ffc60, 0) = -1 ENOENT (No such file or directory)
769096 newfstatat(AT_FDCWD, "/home/firstmate/bin/cat", 0x7fff524ffc60, 0) = -1 ENOENT (No such file or directory)
769096 newfstatat(AT_FDCWD, "/opt/homebrew/bin/cat", 0x7fff524ffc60, 0) = -1 ENOENT (No such file or directory)
769096 newfstatat(AT_FDCWD, "/opt/homebrew/sbin/cat", 0x7fff524ffc60, 0) = -1 ENOENT (No such file or directory)
769096 newfstatat(AT_FDCWD, "/usr/local/bin/cat", 0x7fff524ffc60, 0) = -1 ENOENT (No such file or directory)
769096 newfstatat(AT_FDCWD, "/usr/local/sbin/cat", 0x7fff524ffc60, 0) = -1 ENOENT (No such file or directory)
769096 newfstatat(AT_FDCWD, "/usr/bin/cat", {st_mode=S_IFREG|0755, st_size=11352352, ...}, 0) = 0
769096 newfstatat(AT_FDCWD, "/usr/bin/cat", {st_mode=S_IFREG|0755, st_size=11352352, ...}, 0) = 0
769096 access("/usr/bin/cat", X_OK)     = 0
769096 newfstatat(AT_FDCWD, "/usr/bin/cat", {st_mode=S_IFREG|0755, st_size=11352352, ...}, 0) = 0
769096 access("/usr/bin/cat", R_OK)     = 0
769097 openat(AT_FDCWD, "/dev/null", O_WRONLY|O_CREAT|O_TRUNC, 0666) = 3
769097 execve("/usr/bin/cat", ["cat", "/proc/760355/stat"], 0x616dc06bb570 /* 9 vars */) = 0
769097 access("/etc/ld.so.preload", R_OK) = -1 ENOENT (No such file or directory)
769097 openat(AT_FDCWD, "/etc/ld.so.cache", O_RDONLY|O_CLOEXEC) = 3
769097 openat(AT_FDCWD, "/usr/lib/x86_64-linux-gnu/libselinux.so.1", O_RDONLY|O_CLOEXEC) = 3
769097 openat(AT_FDCWD, "/usr/lib/x86_64-linux-gnu/libgcc_s.so.1", O_RDONLY|O_CLOEXEC) = 3
769097 openat(AT_FDCWD, "/usr/lib/x86_64-linux-gnu/libm.so.6", O_RDONLY|O_CLOEXEC) = 3
769097 openat(AT_FDCWD, "/usr/lib/x86_64-linux-gnu/libc.so.6", O_RDONLY|O_CLOEXEC) = 3
769097 openat(AT_FDCWD, "/usr/lib/x86_64-linux-gnu/libpcre2-8.so.0", O_RDONLY|O_CLOEXEC) = 3
769097 statfs("/sys/fs/selinux", 0x7ffeb83013d0) = -1 ENOENT (No such file or directory)
769097 statfs("/selinux", 0x7ffeb83013d0) = -1 ENOENT (No such file or directory)
769097 openat(AT_FDCWD, "/proc/filesystems", O_RDONLY|O_CLOEXEC) = 3
769097 access("/etc/selinux/config", F_OK) = -1 ENOENT (No such file or directory)
769097 openat(AT_FDCWD, "/proc/self/maps", O_RDONLY|O_CLOEXEC) = 3
769097 statx(AT_FDCWD, "/usr/share/coreutils/locales/cat", AT_STATX_SYNC_AS_STAT, STATX_ALL, {stx_mask=STATX_ALL|STATX_MNT_ID, stx_attributes=0, stx_mode=S_IFDIR|0755, stx_size=4096, ...}) = 0
769097 statx(AT_FDCWD, "/usr/share/coreutils/locales/uucore", AT_STATX_SYNC_AS_STAT, STATX_ALL, {stx_mask=STATX_ALL|STATX_MNT_ID, stx_attributes=0, stx_mode=S_IFDIR|0755, stx_size=4096, ...}) = 0
769097 openat(AT_FDCWD, "/usr/share/coreutils/locales/uucore/en-US.ftl", O_RDONLY|O_CLOEXEC) = 3
769097 statx(3, "", AT_STATX_SYNC_AS_STAT|AT_EMPTY_PATH, STATX_ALL, {stx_mask=STATX_ALL|STATX_MNT_ID, stx_attributes=0, stx_mode=S_IFREG|0644, stx_size=4080, ...}) = 0
769097 statx(AT_FDCWD, "/usr/share/coreutils/locales/cat", AT_STATX_SYNC_AS_STAT, STATX_ALL, {stx_mask=STATX_ALL|STATX_MNT_ID, stx_attributes=0, stx_mode=S_IFDIR|0755, stx_size=4096, ...}) = 0
769097 openat(AT_FDCWD, "/usr/share/coreutils/locales/cat/en-US.ftl", O_RDONLY|O_CLOEXEC) = -1 ENOENT (No such file or directory)
769097 statx(AT_FDCWD, "/proc/760355/stat", AT_STATX_SYNC_AS_STAT, STATX_ALL, {stx_mask=STATX_BASIC_STATS|STATX_MNT_ID, stx_attributes=0, stx_mode=S_IFREG|0444, stx_size=0, ...}) = 0
769097 openat(AT_FDCWD, "/proc/760355/stat", O_RDONLY|O_CLOEXEC) = 3
769097 +++ exited with 0 +++
769096 --- SIGCHLD {si_signo=SIGCHLD, si_code=CLD_EXITED, si_pid=769097, si_uid=0, si_status=0, si_utime=0, si_stime=0} ---
769096 +++ exited with 0 +++
769038 --- SIGCHLD {si_signo=SIGCHLD, si_code=CLD_EXITED, si_pid=769096, si_uid=0, si_status=0, si_utime=0, si_stime=0} ---
769102 newfstatat(AT_FDCWD, ".", {st_mode=S_IFDIR|0775, st_size=4096, ...}, 0) = 0
769102 newfstatat(AT_FDCWD, "/home/firstmate/.local/codex-latest/lib/node_modules/@openai/codex/node_modules/@openai/codex-linux-x64/vendor/x86_64-unknown-linux-musl/codex-path/od", 0x7fff524ffe30, 0) = -1 ENOENT (No such file or directory)
769102 newfstatat(AT_FDCWD, "/home/firstmate/.codex-5/tmp/arg0/codex-arg065EgpK/od", 0x7fff524ffe30, 0) = -1 ENOENT (No such file or directory)
769102 newfstatat(AT_FDCWD, "/home/firstmate/.local/codex-latest/lib/node_modules/@openai/codex/node_modules/@openai/codex-linux-x64/vendor/x86_64-unknown-linux-musl/codex-path/od", 0x7fff524ffe30, 0) = -1 ENOENT (No such file or directory)
769102 newfstatat(AT_FDCWD, "/home/firstmate/.local/bin/od", 0x7fff524ffe30, 0) = -1 ENOENT (No such file or directory)
769102 newfstatat(AT_FDCWD, "/home/firstmate/go/bin/od", 0x7fff524ffe30, 0) = -1 ENOENT (No such file or directory)
769102 newfstatat(AT_FDCWD, "/home/firstmate/.cargo/bin/od", 0x7fff524ffe30, 0) = -1 ENOENT (No such file or directory)
769102 newfstatat(AT_FDCWD, "/home/firstmate/bin/od", 0x7fff524ffe30, 0) = -1 ENOENT (No such file or directory)
769102 newfstatat(AT_FDCWD, "/opt/homebrew/bin/od", 0x7fff524ffe30, 0) = -1 ENOENT (No such file or directory)
769102 newfstatat(AT_FDCWD, "/opt/homebrew/sbin/od", 0x7fff524ffe30, 0) = -1 ENOENT (No such file or directory)
769102 newfstatat(AT_FDCWD, "/usr/local/bin/od", 0x7fff524ffe30, 0) = -1 ENOENT (No such file or directory)
769102 newfstatat(AT_FDCWD, "/usr/local/sbin/od", 0x7fff524ffe30, 0) = -1 ENOENT (No such file or directory)
769102 newfstatat(AT_FDCWD, "/usr/bin/od", {st_mode=S_IFREG|0755, st_size=11352352, ...}, 0) = 0
769102 newfstatat(AT_FDCWD, "/usr/bin/od", {st_mode=S_IFREG|0755, st_size=11352352, ...}, 0) = 0
769102 access("/usr/bin/od", X_OK)      = 0
769102 newfstatat(AT_FDCWD, "/usr/bin/od", {st_mode=S_IFREG|0755, st_size=11352352, ...}, 0) = 0
769102 access("/usr/bin/od", R_OK)      = 0
769102 openat(AT_FDCWD, "/dev/null", O_WRONLY|O_CREAT|O_TRUNC, 0666) = 3
769102 execve("/usr/bin/od", ["od", "-An", "-v", "-tx1", "/proc/760355/cmdline"], 0x616dc06bb570 /* 9 vars */) = 0
769102 access("/etc/ld.so.preload", R_OK) = -1 ENOENT (No such file or directory)
769102 openat(AT_FDCWD, "/etc/ld.so.cache", O_RDONLY|O_CLOEXEC) = 3
769102 openat(AT_FDCWD, "/usr/lib/x86_64-linux-gnu/libselinux.so.1", O_RDONLY|O_CLOEXEC) = 3
769102 openat(AT_FDCWD, "/usr/lib/x86_64-linux-gnu/libgcc_s.so.1", O_RDONLY|O_CLOEXEC) = 3
769102 openat(AT_FDCWD, "/usr/lib/x86_64-linux-gnu/libm.so.6", O_RDONLY|O_CLOEXEC) = 3
769102 openat(AT_FDCWD, "/usr/lib/x86_64-linux-gnu/libc.so.6", O_RDONLY|O_CLOEXEC) = 3
769102 openat(AT_FDCWD, "/usr/lib/x86_64-linux-gnu/libpcre2-8.so.0", O_RDONLY|O_CLOEXEC) = 3
769102 statfs("/sys/fs/selinux", 0x7fff39064080) = -1 ENOENT (No such file or directory)
769102 statfs("/selinux", 0x7fff39064080) = -1 ENOENT (No such file or directory)
769102 openat(AT_FDCWD, "/proc/filesystems", O_RDONLY|O_CLOEXEC) = 3
769102 access("/etc/selinux/config", F_OK) = -1 ENOENT (No such file or directory)
769102 openat(AT_FDCWD, "/proc/self/maps", O_RDONLY|O_CLOEXEC) = 3
769103 newfstatat(AT_FDCWD, ".", {st_mode=S_IFDIR|0775, st_size=4096, ...}, 0) = 0
769103 newfstatat(AT_FDCWD, "/home/firstmate/.local/codex-latest/lib/node_modules/@openai/codex/node_modules/@openai/codex-linux-x64/vendor/x86_64-unknown-linux-musl/codex-path/tr", 0x7fff524ffe30, 0) = -1 ENOENT (No such file or directory)
769103 newfstatat(AT_FDCWD, "/home/firstmate/.codex-5/tmp/arg0/codex-arg065EgpK/tr", 0x7fff524ffe30, 0) = -1 ENOENT (No such file or directory)
769103 newfstatat(AT_FDCWD, "/home/firstmate/.local/codex-latest/lib/node_modules/@openai/codex/node_modules/@openai/codex-linux-x64/vendor/x86_64-unknown-linux-musl/codex-path/tr" <unfinished ...>
769102 statx(AT_FDCWD, "/usr/share/coreutils/locales/od", AT_STATX_SYNC_AS_STAT, STATX_ALL <unfinished ...>
769103 <... newfstatat resumed>, 0x7fff524ffe30, 0) = -1 ENOENT (No such file or directory)
769102 <... statx resumed>, {stx_mask=STATX_ALL|STATX_MNT_ID, stx_attributes=0, stx_mode=S_IFDIR|0755, stx_size=4096, ...}) = 0
769102 statx(AT_FDCWD, "/usr/share/coreutils/locales/uucore", AT_STATX_SYNC_AS_STAT, STATX_ALL, {stx_mask=STATX_ALL|STATX_MNT_ID, stx_attributes=0, stx_mode=S_IFDIR|0755, stx_size=4096, ...}) = 0
769102 openat(AT_FDCWD, "/usr/share/coreutils/locales/uucore/en-US.ftl", O_RDONLY|O_CLOEXEC) = 3
769102 statx(3, "", AT_STATX_SYNC_AS_STAT|AT_EMPTY_PATH, STATX_ALL, {stx_mask=STATX_ALL|STATX_MNT_ID, stx_attributes=0, stx_mode=S_IFREG|0644, stx_size=4080, ...}) = 0
769103 newfstatat(AT_FDCWD, "/home/firstmate/.local/bin/tr", 0x7fff524ffe30, 0) = -1 ENOENT (No such file or directory)
769102 statx(AT_FDCWD, "/usr/share/coreutils/locales/od", AT_STATX_SYNC_AS_STAT, STATX_ALL, {stx_mask=STATX_ALL|STATX_MNT_ID, stx_attributes=0, stx_mode=S_IFDIR|0755, stx_size=4096, ...}) = 0
769102 openat(AT_FDCWD, "/usr/share/coreutils/locales/od/en-US.ftl", O_RDONLY|O_CLOEXEC) = -1 ENOENT (No such file or directory)
769103 newfstatat(AT_FDCWD, "/home/firstmate/go/bin/tr", 0x7fff524ffe30, 0) = -1 ENOENT (No such file or directory)
769103 newfstatat(AT_FDCWD, "/home/firstmate/.cargo/bin/tr", 0x7fff524ffe30, 0) = -1 ENOENT (No such file or directory)
769103 newfstatat(AT_FDCWD, "/home/firstmate/bin/tr" <unfinished ...>
769102 openat(AT_FDCWD, "/proc/760355/cmdline", O_RDONLY|O_CLOEXEC <unfinished ...>
769103 <... newfstatat resumed>, 0x7fff524ffe30, 0) = -1 ENOENT (No such file or directory)
769102 <... openat resumed>)            = 3
769103 newfstatat(AT_FDCWD, "/opt/homebrew/bin/tr", 0x7fff524ffe30, 0) = -1 ENOENT (No such file or directory)
769103 newfstatat(AT_FDCWD, "/opt/homebrew/sbin/tr", 0x7fff524ffe30, 0) = -1 ENOENT (No such file or directory)
769103 newfstatat(AT_FDCWD, "/usr/local/bin/tr", 0x7fff524ffe30, 0) = -1 ENOENT (No such file or directory)
769103 newfstatat(AT_FDCWD, "/usr/local/sbin/tr", 0x7fff524ffe30, 0) = -1 ENOENT (No such file or directory)
769103 newfstatat(AT_FDCWD, "/usr/bin/tr", {st_mode=S_IFREG|0755, st_size=11352352, ...}, 0) = 0
769103 newfstatat(AT_FDCWD, "/usr/bin/tr", {st_mode=S_IFREG|0755, st_size=11352352, ...}, 0) = 0
769103 access("/usr/bin/tr", X_OK)      = 0
769103 newfstatat(AT_FDCWD, "/usr/bin/tr", {st_mode=S_IFREG|0755, st_size=11352352, ...}, 0) = 0
769103 access("/usr/bin/tr", R_OK)      = 0
769103 execve("/usr/bin/tr", ["tr", "-d", "[:space:]"], 0x616dc06bb570 /* 9 vars */) = 0
769102 +++ exited with 0 +++
769103 access("/etc/ld.so.preload", R_OK) = -1 ENOENT (No such file or directory)
769103 openat(AT_FDCWD, "/etc/ld.so.cache", O_RDONLY|O_CLOEXEC) = 3
769103 openat(AT_FDCWD, "/usr/lib/x86_64-linux-gnu/libselinux.so.1", O_RDONLY|O_CLOEXEC) = 3
769103 openat(AT_FDCWD, "/usr/lib/x86_64-linux-gnu/libgcc_s.so.1", O_RDONLY|O_CLOEXEC) = 3
769103 openat(AT_FDCWD, "/usr/lib/x86_64-linux-gnu/libm.so.6", O_RDONLY|O_CLOEXEC) = 3
769103 openat(AT_FDCWD, "/usr/lib/x86_64-linux-gnu/libc.so.6", O_RDONLY|O_CLOEXEC) = 3
769103 openat(AT_FDCWD, "/usr/lib/x86_64-linux-gnu/libpcre2-8.so.0", O_RDONLY|O_CLOEXEC) = 3
769103 statfs("/sys/fs/selinux", 0x7ffc321107e0) = -1 ENOENT (No such file or directory)
769103 statfs("/selinux", 0x7ffc321107e0) = -1 ENOENT (No such file or directory)
769103 openat(AT_FDCWD, "/proc/filesystems", O_RDONLY|O_CLOEXEC) = 3
769103 access("/etc/selinux/config", F_OK) = -1 ENOENT (No such file or directory)
769103 openat(AT_FDCWD, "/proc/self/maps", O_RDONLY|O_CLOEXEC) = 3
769103 statx(AT_FDCWD, "/usr/share/coreutils/locales/tr", AT_STATX_SYNC_AS_STAT, STATX_ALL, {stx_mask=STATX_ALL|STATX_MNT_ID, stx_attributes=0, stx_mode=S_IFDIR|0755, stx_size=4096, ...}) = 0
769103 statx(AT_FDCWD, "/usr/share/coreutils/locales/uucore", AT_STATX_SYNC_AS_STAT, STATX_ALL, {stx_mask=STATX_ALL|STATX_MNT_ID, stx_attributes=0, stx_mode=S_IFDIR|0755, stx_size=4096, ...}) = 0
769103 openat(AT_FDCWD, "/usr/share/coreutils/locales/uucore/en-US.ftl", O_RDONLY|O_CLOEXEC) = 3
769103 statx(3, "", AT_STATX_SYNC_AS_STAT|AT_EMPTY_PATH, STATX_ALL, {stx_mask=STATX_ALL|STATX_MNT_ID, stx_attributes=0, stx_mode=S_IFREG|0644, stx_size=4080, ...}) = 0
769103 statx(AT_FDCWD, "/usr/share/coreutils/locales/tr", AT_STATX_SYNC_AS_STAT, STATX_ALL, {stx_mask=STATX_ALL|STATX_MNT_ID, stx_attributes=0, stx_mode=S_IFDIR|0755, stx_size=4096, ...}) = 0
769103 openat(AT_FDCWD, "/usr/share/coreutils/locales/tr/en-US.ftl", O_RDONLY|O_CLOEXEC) = -1 ENOENT (No such file or directory)
769103 +++ exited with 0 +++
769101 --- SIGCHLD {si_signo=SIGCHLD, si_code=CLD_EXITED, si_pid=769102, si_uid=0, si_status=0, si_utime=0, si_stime=0} ---
769101 +++ exited with 0 +++
769038 --- SIGCHLD {si_signo=SIGCHLD, si_code=CLD_EXITED, si_pid=769101, si_uid=0, si_status=0, si_utime=0, si_stime=0} ---
769110 newfstatat(AT_FDCWD, ".", {st_mode=S_IFDIR|0775, st_size=4096, ...}, 0) = 0
769110 newfstatat(AT_FDCWD, "/home/firstmate/.local/codex-latest/lib/node_modules/@openai/codex/node_modules/@openai/codex-linux-x64/vendor/x86_64-unknown-linux-musl/codex-path/cat", 0x7fff52501150, 0) = -1 ENOENT (No such file or directory)
769110 newfstatat(AT_FDCWD, "/home/firstmate/.codex-5/tmp/arg0/codex-arg065EgpK/cat", 0x7fff52501150, 0) = -1 ENOENT (No such file or directory)
769110 newfstatat(AT_FDCWD, "/home/firstmate/.local/codex-latest/lib/node_modules/@openai/codex/node_modules/@openai/codex-linux-x64/vendor/x86_64-unknown-linux-musl/codex-path/cat", 0x7fff52501150, 0) = -1 ENOENT (No such file or directory)
769110 newfstatat(AT_FDCWD, "/home/firstmate/.local/bin/cat", 0x7fff52501150, 0) = -1 ENOENT (No such file or directory)
769110 newfstatat(AT_FDCWD, "/home/firstmate/go/bin/cat", 0x7fff52501150, 0) = -1 ENOENT (No such file or directory)
769110 newfstatat(AT_FDCWD, "/home/firstmate/.cargo/bin/cat", 0x7fff52501150, 0) = -1 ENOENT (No such file or directory)
769110 newfstatat(AT_FDCWD, "/home/firstmate/bin/cat", 0x7fff52501150, 0) = -1 ENOENT (No such file or directory)
769110 newfstatat(AT_FDCWD, "/opt/homebrew/bin/cat", 0x7fff52501150, 0) = -1 ENOENT (No such file or directory)
769110 newfstatat(AT_FDCWD, "/opt/homebrew/sbin/cat", 0x7fff52501150, 0) = -1 ENOENT (No such file or directory)
769110 newfstatat(AT_FDCWD, "/usr/local/bin/cat", 0x7fff52501150, 0) = -1 ENOENT (No such file or directory)
769110 newfstatat(AT_FDCWD, "/usr/local/sbin/cat", 0x7fff52501150, 0) = -1 ENOENT (No such file or directory)
769110 newfstatat(AT_FDCWD, "/usr/bin/cat", {st_mode=S_IFREG|0755, st_size=11352352, ...}, 0) = 0
769110 newfstatat(AT_FDCWD, "/usr/bin/cat", {st_mode=S_IFREG|0755, st_size=11352352, ...}, 0) = 0
769110 access("/usr/bin/cat", X_OK)     = 0
769110 newfstatat(AT_FDCWD, "/usr/bin/cat", {st_mode=S_IFREG|0755, st_size=11352352, ...}, 0) = 0
769110 access("/usr/bin/cat", R_OK)     = 0
769110 execve("/usr/bin/cat", ["cat", "/home/firstmate/.no-mistakes/wor"...], 0x616dc06a4170 /* 9 vars */) = 0
769110 access("/etc/ld.so.preload", R_OK) = -1 ENOENT (No such file or directory)
769110 openat(AT_FDCWD, "/etc/ld.so.cache", O_RDONLY|O_CLOEXEC) = 3
769110 openat(AT_FDCWD, "/usr/lib/x86_64-linux-gnu/libselinux.so.1", O_RDONLY|O_CLOEXEC) = 3
769110 openat(AT_FDCWD, "/usr/lib/x86_64-linux-gnu/libgcc_s.so.1", O_RDONLY|O_CLOEXEC) = 3
769110 openat(AT_FDCWD, "/usr/lib/x86_64-linux-gnu/libm.so.6", O_RDONLY|O_CLOEXEC) = 3
769110 openat(AT_FDCWD, "/usr/lib/x86_64-linux-gnu/libc.so.6", O_RDONLY|O_CLOEXEC) = 3
769110 openat(AT_FDCWD, "/usr/lib/x86_64-linux-gnu/libpcre2-8.so.0", O_RDONLY|O_CLOEXEC) = 3
769110 statfs("/sys/fs/selinux", 0x7fffb7dc20f0) = -1 ENOENT (No such file or directory)
769110 statfs("/selinux", 0x7fffb7dc20f0) = -1 ENOENT (No such file or directory)
769110 openat(AT_FDCWD, "/proc/filesystems", O_RDONLY|O_CLOEXEC) = 3
769110 access("/etc/selinux/config", F_OK) = -1 ENOENT (No such file or directory)
769110 openat(AT_FDCWD, "/proc/self/maps", O_RDONLY|O_CLOEXEC) = 3
769110 statx(AT_FDCWD, "/usr/share/coreutils/locales/cat", AT_STATX_SYNC_AS_STAT, STATX_ALL, {stx_mask=STATX_ALL|STATX_MNT_ID, stx_attributes=0, stx_mode=S_IFDIR|0755, stx_size=4096, ...}) = 0
769110 statx(AT_FDCWD, "/usr/share/coreutils/locales/uucore", AT_STATX_SYNC_AS_STAT, STATX_ALL, {stx_mask=STATX_ALL|STATX_MNT_ID, stx_attributes=0, stx_mode=S_IFDIR|0755, stx_size=4096, ...}) = 0
769110 openat(AT_FDCWD, "/usr/share/coreutils/locales/uucore/en-US.ftl", O_RDONLY|O_CLOEXEC) = 3
769110 statx(3, "", AT_STATX_SYNC_AS_STAT|AT_EMPTY_PATH, STATX_ALL, {stx_mask=STATX_ALL|STATX_MNT_ID, stx_attributes=0, stx_mode=S_IFREG|0644, stx_size=4080, ...}) = 0
769110 statx(AT_FDCWD, "/usr/share/coreutils/locales/cat", AT_STATX_SYNC_AS_STAT, STATX_ALL, {stx_mask=STATX_ALL|STATX_MNT_ID, stx_attributes=0, stx_mode=S_IFDIR|0755, stx_size=4096, ...}) = 0
769110 openat(AT_FDCWD, "/usr/share/coreutils/locales/cat/en-US.ftl", O_RDONLY|O_CLOEXEC) = -1 ENOENT (No such file or directory)
769110 statx(AT_FDCWD, "/home/firstmate/.no-mistakes/worktrees/8352e211db7e/01M4F29HK4JCAKXEQ2F50R6HHX/.test-tmp/boundary/home/state/.lock", AT_STATX_SYNC_AS_STAT, STATX_ALL, {stx_mask=STATX_ALL|STATX_MNT_ID, stx_attributes=0, stx_mode=S_IFREG|0600, stx_size=7, ...}) = 0
769110 openat(AT_FDCWD, "/home/firstmate/.no-mistakes/worktrees/8352e211db7e/01M4F29HK4JCAKXEQ2F50R6HHX/.test-tmp/boundary/home/state/.lock", O_RDONLY|O_CLOEXEC) = 3
769110 +++ exited with 0 +++
769038 --- SIGCHLD {si_signo=SIGCHLD, si_code=CLD_EXITED, si_pid=769110, si_uid=0, si_status=0, si_utime=0, si_stime=0} ---
769038 newfstatat(AT_FDCWD, ".", {st_mode=S_IFDIR|0775, st_size=4096, ...}, 0) = 0
769038 newfstatat(AT_FDCWD, "/home/firstmate/.local/codex-latest/lib/node_modules/@openai/codex/node_modules/@openai/codex-linux-x64/vendor/x86_64-unknown-linux-musl/codex-path/python3", 0x7fff52501e40, 0) = -1 ENOENT (No such file or directory)
769038 newfstatat(AT_FDCWD, "/home/firstmate/.codex-5/tmp/arg0/codex-arg065EgpK/python3", 0x7fff52501e40, 0) = -1 ENOENT (No such file or directory)
769038 newfstatat(AT_FDCWD, "/home/firstmate/.local/codex-latest/lib/node_modules/@openai/codex/node_modules/@openai/codex-linux-x64/vendor/x86_64-unknown-linux-musl/codex-path/python3", 0x7fff52501e40, 0) = -1 ENOENT (No such file or directory)
769038 newfstatat(AT_FDCWD, "/home/firstmate/.local/bin/python3", 0x7fff52501e40, 0) = -1 ENOENT (No such file or directory)
769038 newfstatat(AT_FDCWD, "/home/firstmate/go/bin/python3", 0x7fff52501e40, 0) = -1 ENOENT (No such file or directory)
769038 newfstatat(AT_FDCWD, "/home/firstmate/.cargo/bin/python3", 0x7fff52501e40, 0) = -1 ENOENT (No such file or directory)
769038 newfstatat(AT_FDCWD, "/home/firstmate/bin/python3", 0x7fff52501e40, 0) = -1 ENOENT (No such file or directory)
769038 newfstatat(AT_FDCWD, "/opt/homebrew/bin/python3", 0x7fff52501e40, 0) = -1 ENOENT (No such file or directory)
769038 newfstatat(AT_FDCWD, "/opt/homebrew/sbin/python3", 0x7fff52501e40, 0) = -1 ENOENT (No such file or directory)
769038 newfstatat(AT_FDCWD, "/usr/local/bin/python3", 0x7fff52501e40, 0) = -1 ENOENT (No such file or directory)
769038 newfstatat(AT_FDCWD, "/usr/local/sbin/python3", 0x7fff52501e40, 0) = -1 ENOENT (No such file or directory)
769038 newfstatat(AT_FDCWD, "/usr/bin/python3", {st_mode=S_IFREG|0755, st_size=7477160, ...}, 0) = 0
769038 newfstatat(AT_FDCWD, "/usr/bin/python3", {st_mode=S_IFREG|0755, st_size=7477160, ...}, 0) = 0
769038 access("/usr/bin/python3", X_OK) = 0
769038 newfstatat(AT_FDCWD, "/usr/bin/python3", {st_mode=S_IFREG|0755, st_size=7477160, ...}, 0) = 0
769038 access("/usr/bin/python3", R_OK) = 0
769038 execve("/usr/bin/python3", ["python3", "/home/firstmate/.no-mistakes/wor"..., "poll"], 0x616dc06a4170 /* 8 vars */) = 0
769038 access("/etc/ld.so.preload", R_OK) = -1 ENOENT (No such file or directory)
769038 openat(AT_FDCWD, "/etc/ld.so.cache", O_RDONLY|O_CLOEXEC) = 3
769038 openat(AT_FDCWD, "/usr/lib/x86_64-linux-gnu/libm.so.6", O_RDONLY|O_CLOEXEC) = 3
769038 openat(AT_FDCWD, "/usr/lib/x86_64-linux-gnu/libz.so.1", O_RDONLY|O_CLOEXEC) = 3
769038 openat(AT_FDCWD, "/usr/lib/x86_64-linux-gnu/libexpat.so.1", O_RDONLY|O_CLOEXEC) = 3
769038 openat(AT_FDCWD, "/usr/lib/x86_64-linux-gnu/libc.so.6", O_RDONLY|O_CLOEXEC) = 3
769038 open("/proc/sys/vm/overcommit_memory", O_RDONLY) = 3
769038 openat(AT_FDCWD, "/usr/lib/locale/locale-archive", O_RDONLY|O_CLOEXEC) = 3
769038 openat(AT_FDCWD, "/usr/share/locale/locale.alias", O_RDONLY|O_CLOEXEC) = -1 ENOENT (No such file or directory)
769038 openat(AT_FDCWD, "/usr/lib/locale/C.UTF-8/LC_CTYPE", O_RDONLY|O_CLOEXEC) = -1 ENOENT (No such file or directory)
769038 openat(AT_FDCWD, "/usr/lib/locale/C.utf8/LC_CTYPE", O_RDONLY|O_CLOEXEC) = 3
769038 openat(AT_FDCWD, "/usr/lib/x86_64-linux-gnu/gconv/gconv-modules.cache", O_RDONLY|O_CLOEXEC) = 3
769038 openat(AT_FDCWD, "/proc/self/maps", O_RDONLY|O_CLOEXEC) = 3
769038 newfstatat(AT_FDCWD, "/home/firstmate/.local/codex-latest/lib/node_modules/@openai/codex/node_modules/@openai/codex-linux-x64/vendor/x86_64-unknown-linux-musl/codex-path/python3", 0x7fffefc43f10, 0) = -1 ENOENT (No such file or directory)
769038 newfstatat(AT_FDCWD, "/home/firstmate/.codex-5/tmp/arg0/codex-arg065EgpK/python3", 0x7fffefc43f10, 0) = -1 ENOENT (No such file or directory)
769038 newfstatat(AT_FDCWD, "/home/firstmate/.local/codex-latest/lib/node_modules/@openai/codex/node_modules/@openai/codex-linux-x64/vendor/x86_64-unknown-linux-musl/codex-path/python3", 0x7fffefc43f10, 0) = -1 ENOENT (No such file or directory)
769038 newfstatat(AT_FDCWD, "/home/firstmate/.local/bin/python3", 0x7fffefc43f10, 0) = -1 ENOENT (No such file or directory)
769038 newfstatat(AT_FDCWD, "/home/firstmate/go/bin/python3", 0x7fffefc43f10, 0) = -1 ENOENT (No such file or directory)
769038 newfstatat(AT_FDCWD, "/home/firstmate/.cargo/bin/python3", 0x7fffefc43f10, 0) = -1 ENOENT (No such file or directory)
769038 newfstatat(AT_FDCWD, "/home/firstmate/bin/python3", 0x7fffefc43f10, 0) = -1 ENOENT (No such file or directory)
769038 newfstatat(AT_FDCWD, "/opt/homebrew/bin/python3", 0x7fffefc43f10, 0) = -1 ENOENT (No such file or directory)
769038 newfstatat(AT_FDCWD, "/opt/homebrew/sbin/python3", 0x7fffefc43f10, 0) = -1 ENOENT (No such file or directory)
769038 newfstatat(AT_FDCWD, "/usr/local/bin/python3", 0x7fffefc43f10, 0) = -1 ENOENT (No such file or directory)
769038 newfstatat(AT_FDCWD, "/usr/local/sbin/python3", 0x7fffefc43f10, 0) = -1 ENOENT (No such file or directory)
769038 newfstatat(AT_FDCWD, "/usr/bin/python3", {st_mode=S_IFREG|0755, st_size=7477160, ...}, 0) = 0
769038 openat(AT_FDCWD, "/usr/pyvenv.cfg", O_RDONLY) = -1 ENOENT (No such file or directory)
769038 openat(AT_FDCWD, "/usr/bin/pyvenv.cfg", O_RDONLY) = -1 ENOENT (No such file or directory)
769038 readlink("/usr/bin/python3", "python3.14", 4096) = 10
769038 readlink("/usr/bin/python3.14", 0x7fffefc3ef30, 4096) = -1 EINVAL (Invalid argument)
769038 openat(AT_FDCWD, "/usr/bin/python3._pth", O_RDONLY) = -1 ENOENT (No such file or directory)
769038 openat(AT_FDCWD, "/usr/bin/python3.14._pth", O_RDONLY) = -1 ENOENT (No such file or directory)
769038 openat(AT_FDCWD, "/usr/bin/pybuilddir.txt", O_RDONLY) = -1 ENOENT (No such file or directory)
769038 newfstatat(AT_FDCWD, "/usr/bin/Modules/Setup.local", 0x7fffefc43f10, 0) = -1 ENOENT (No such file or directory)
769038 newfstatat(AT_FDCWD, "/usr/bin/lib/python314.zip", 0x7fffefc43bf0, 0) = -1 ENOENT (No such file or directory)
769038 newfstatat(AT_FDCWD, "/usr/lib/python314.zip", 0x7fffefc43f10, 0) = -1 ENOENT (No such file or directory)
769038 newfstatat(AT_FDCWD, "/usr/bin/lib/python3.14/os.py", 0x7fffefc43f10, 0) = -1 ENOENT (No such file or directory)
769038 newfstatat(AT_FDCWD, "/usr/bin/lib/python3.14/os.pyc", 0x7fffefc43f10, 0) = -1 ENOENT (No such file or directory)
769038 newfstatat(AT_FDCWD, "/usr/lib/python3.14/os.py", {st_mode=S_IFREG|0644, st_size=41959, ...}, 0) = 0
769038 newfstatat(AT_FDCWD, "/usr/lib/python3.14/lib-dynload", {st_mode=S_IFDIR|0755, st_size=16384, ...}, 0) = 0
769038 newfstatat(AT_FDCWD, "/usr/lib/python3.14/lib-dynload", {st_mode=S_IFDIR|0755, st_size=16384, ...}, 0) = 0
769038 openat(AT_FDCWD, "/etc/localtime", O_RDONLY|O_CLOEXEC) = 3
769038 newfstatat(AT_FDCWD, "/usr/lib/python314.zip", 0x7fffefc436d0, 0) = -1 ENOENT (No such file or directory)
769038 newfstatat(AT_FDCWD, "/usr/lib", {st_mode=S_IFDIR|0755, st_size=4096, ...}, 0) = 0
769038 newfstatat(AT_FDCWD, "/usr/lib/python314.zip", 0x7fffefc43bb0, 0) = -1 ENOENT (No such file or directory)
769038 newfstatat(AT_FDCWD, "/usr/lib/python3.14", {st_mode=S_IFDIR|0755, st_size=20480, ...}, 0) = 0
769038 newfstatat(AT_FDCWD, "/usr/lib/python3.14", {st_mode=S_IFDIR|0755, st_size=20480, ...}, 0) = 0
769038 newfstatat(AT_FDCWD, "/usr/lib/python3.14", {st_mode=S_IFDIR|0755, st_size=20480, ...}, 0) = 0
769038 openat(AT_FDCWD, "/usr/lib/python3.14", O_RDONLY|O_NONBLOCK|O_CLOEXEC|O_DIRECTORY) = 3
769038 newfstatat(AT_FDCWD, "/usr/lib/python3.14/encodings/__init__.cpython-314-x86_64-linux-gnu.so", 0x7fffefc43bb0, 0) = -1 ENOENT (No such file or directory)
769038 newfstatat(AT_FDCWD, "/usr/lib/python3.14/encodings/__init__.abi3.so", 0x7fffefc43bb0, 0) = -1 ENOENT (No such file or directory)
769038 newfstatat(AT_FDCWD, "/usr/lib/python3.14/encodings/__init__.abi3-x86_64-linux-gnu.so", 0x7fffefc43bb0, 0) = -1 ENOENT (No such file or directory)
769038 newfstatat(AT_FDCWD, "/usr/lib/python3.14/encodings/__init__.so", 0x7fffefc43bb0, 0) = -1 ENOENT (No such file or directory)
769038 newfstatat(AT_FDCWD, "/usr/lib/python3.14/encodings/__init__.py", {st_mode=S_IFREG|0644, st_size=5945, ...}, 0) = 0
769038 newfstatat(AT_FDCWD, "/usr/lib/python3.14/encodings/__init__.py", {st_mode=S_IFREG|0644, st_size=5945, ...}, 0) = 0
769038 openat(AT_FDCWD, "/usr/lib/python3.14/encodings/__pycache__/__init__.cpython-314.pyc", O_RDONLY|O_CLOEXEC) = 3
769038 newfstatat(AT_FDCWD, "/usr/lib/python3.14/encodings", {st_mode=S_IFDIR|0755, st_size=20480, ...}, 0) = 0
769038 newfstatat(AT_FDCWD, "/usr/lib/python3.14/encodings", {st_mode=S_IFDIR|0755, st_size=20480, ...}, 0) = 0
769038 newfstatat(AT_FDCWD, "/usr/lib/python3.14/encodings", {st_mode=S_IFDIR|0755, st_size=20480, ...}, 0) = 0
769038 openat(AT_FDCWD, "/usr/lib/python3.14/encodings", O_RDONLY|O_NONBLOCK|O_CLOEXEC|O_DIRECTORY) = 3
769038 newfstatat(AT_FDCWD, "/usr/lib/python3.14/encodings/aliases.py", {st_mode=S_IFREG|0644, st_size=15957, ...}, 0) = 0
769038 newfstatat(AT_FDCWD, "/usr/lib/python3.14/encodings/aliases.py", {st_mode=S_IFREG|0644, st_size=15957, ...}, 0) = 0
769038 openat(AT_FDCWD, "/usr/lib/python3.14/encodings/__pycache__/aliases.cpython-314.pyc", O_RDONLY|O_CLOEXEC) = 3
769038 newfstatat(AT_FDCWD, "/usr/lib/python3.14/encodings", {st_mode=S_IFDIR|0755, st_size=20480, ...}, 0) = 0
769038 newfstatat(AT_FDCWD, "/usr/lib/python3.14/encodings/utf_8.py", {st_mode=S_IFREG|0644, st_size=1005, ...}, 0) = 0
769038 newfstatat(AT_FDCWD, "/usr/lib/python3.14/encodings/utf_8.py", {st_mode=S_IFREG|0644, st_size=1005, ...}, 0) = 0
769038 openat(AT_FDCWD, "/usr/lib/python3.14/encodings/__pycache__/utf_8.cpython-314.pyc", O_RDONLY|O_CLOEXEC) = 3
769038 newfstatat(AT_FDCWD, "/usr/bin/pyvenv.cfg", 0x7fffefc43410, 0) = -1 ENOENT (No such file or directory)
769038 newfstatat(AT_FDCWD, "/usr/pyvenv.cfg", 0x7fffefc43430, 0) = -1 ENOENT (No such file or directory)
769038 newfstatat(AT_FDCWD, "/home/firstmate/.local/lib/python3.14/site-packages", {st_mode=S_IFDIR|0775, st_size=4096, ...}, 0) = 0
769038 openat(AT_FDCWD, "/home/firstmate/.local/lib/python3.14/site-packages", O_RDONLY|O_NONBLOCK|O_CLOEXEC|O_DIRECTORY) = 3
769038 newfstatat(AT_FDCWD, "/usr/local/lib/python3.14/dist-packages", {st_mode=S_IFDIR|0755, st_size=4096, ...}, 0) = 0
769038 openat(AT_FDCWD, "/usr/local/lib/python3.14/dist-packages", O_RDONLY|O_NONBLOCK|O_CLOEXEC|O_DIRECTORY) = 3
769038 newfstatat(AT_FDCWD, "/usr/lib/python3/dist-packages", {st_mode=S_IFDIR|0755, st_size=12288, ...}, 0) = 0
769038 openat(AT_FDCWD, "/usr/lib/python3/dist-packages", O_RDONLY|O_NONBLOCK|O_CLOEXEC|O_DIRECTORY) = 3
769038 newfstatat(AT_FDCWD, "/usr/lib/python3/dist-packages/distutils-precedence.pth", {st_mode=S_IFREG|0644, st_size=151, ...}, AT_SYMLINK_NOFOLLOW) = 0
769038 openat(AT_FDCWD, "/usr/lib/python3/dist-packages/distutils-precedence.pth", O_RDONLY|O_CLOEXEC) = 3
769038 newfstatat(AT_FDCWD, "/usr/lib/python3.14/encodings", {st_mode=S_IFDIR|0755, st_size=20480, ...}, 0) = 0
769038 newfstatat(AT_FDCWD, "/usr/lib/python3.14/encodings/utf_8_sig.py", {st_mode=S_IFREG|0644, st_size=4133, ...}, 0) = 0
769038 newfstatat(AT_FDCWD, "/usr/lib/python3.14/encodings/utf_8_sig.py", {st_mode=S_IFREG|0644, st_size=4133, ...}, 0) = 0
769038 openat(AT_FDCWD, "/usr/lib/python3.14/encodings/__pycache__/utf_8_sig.cpython-314.pyc", O_RDONLY|O_CLOEXEC) = 3
769038 newfstatat(AT_FDCWD, "/usr/lib/python3.14", {st_mode=S_IFDIR|0755, st_size=20480, ...}, 0) = 0
769038 newfstatat(AT_FDCWD, "/usr/lib/python3.14/lib-dynload", {st_mode=S_IFDIR|0755, st_size=16384, ...}, 0) = 0
769038 newfstatat(AT_FDCWD, "/usr/lib/python3.14/lib-dynload", {st_mode=S_IFDIR|0755, st_size=16384, ...}, 0) = 0
769038 newfstatat(AT_FDCWD, "/usr/lib/python3.14/lib-dynload", {st_mode=S_IFDIR|0755, st_size=16384, ...}, 0) = 0
769038 openat(AT_FDCWD, "/usr/lib/python3.14/lib-dynload", O_RDONLY|O_NONBLOCK|O_CLOEXEC|O_DIRECTORY) = 3
769038 newfstatat(AT_FDCWD, "/home/firstmate/.local/lib/python3.14/site-packages", {st_mode=S_IFDIR|0775, st_size=4096, ...}, 0) = 0
769038 newfstatat(AT_FDCWD, "/home/firstmate/.local/lib/python3.14/site-packages", {st_mode=S_IFDIR|0775, st_size=4096, ...}, 0) = 0
769038 newfstatat(AT_FDCWD, "/home/firstmate/.local/lib/python3.14/site-packages", {st_mode=S_IFDIR|0775, st_size=4096, ...}, 0) = 0
769038 openat(AT_FDCWD, "/home/firstmate/.local/lib/python3.14/site-packages", O_RDONLY|O_NONBLOCK|O_CLOEXEC|O_DIRECTORY) = 3
769038 newfstatat(AT_FDCWD, "/usr/local/lib/python3.14/dist-packages", {st_mode=S_IFDIR|0755, st_size=4096, ...}, 0) = 0
769038 newfstatat(AT_FDCWD, "/usr/local/lib/python3.14/dist-packages", {st_mode=S_IFDIR|0755, st_size=4096, ...}, 0) = 0
769038 newfstatat(AT_FDCWD, "/usr/local/lib/python3.14/dist-packages", {st_mode=S_IFDIR|0755, st_size=4096, ...}, 0) = 0
769038 openat(AT_FDCWD, "/usr/local/lib/python3.14/dist-packages", O_RDONLY|O_NONBLOCK|O_CLOEXEC|O_DIRECTORY) = 3
769038 newfstatat(AT_FDCWD, "/usr/lib/python3/dist-packages", {st_mode=S_IFDIR|0755, st_size=12288, ...}, 0) = 0
769038 newfstatat(AT_FDCWD, "/usr/lib/python3/dist-packages", {st_mode=S_IFDIR|0755, st_size=12288, ...}, 0) = 0
769038 newfstatat(AT_FDCWD, "/usr/lib/python3/dist-packages", {st_mode=S_IFDIR|0755, st_size=12288, ...}, 0) = 0
769038 openat(AT_FDCWD, "/usr/lib/python3/dist-packages", O_RDONLY|O_NONBLOCK|O_CLOEXEC|O_DIRECTORY) = 3
769038 newfstatat(AT_FDCWD, "/usr/lib/python3/dist-packages/_distutils_hack/__init__.cpython-314-x86_64-linux-gnu.so", 0x7fffefc42bc0, 0) = -1 ENOENT (No such file or directory)
769038 newfstatat(AT_FDCWD, "/usr/lib/python3/dist-packages/_distutils_hack/__init__.abi3.so", 0x7fffefc42bc0, 0) = -1 ENOENT (No such file or directory)
769038 newfstatat(AT_FDCWD, "/usr/lib/python3/dist-packages/_distutils_hack/__init__.abi3-x86_64-linux-gnu.so", 0x7fffefc42bc0, 0) = -1 ENOENT (No such file or directory)
769038 newfstatat(AT_FDCWD, "/usr/lib/python3/dist-packages/_distutils_hack/__init__.so", 0x7fffefc42bc0, 0) = -1 ENOENT (No such file or directory)
769038 newfstatat(AT_FDCWD, "/usr/lib/python3/dist-packages/_distutils_hack/__init__.py", {st_mode=S_IFREG|0644, st_size=6755, ...}, 0) = 0
769038 newfstatat(AT_FDCWD, "/usr/lib/python3/dist-packages/_distutils_hack/__init__.py", {st_mode=S_IFREG|0644, st_size=6755, ...}, 0) = 0
769038 openat(AT_FDCWD, "/usr/lib/python3/dist-packages/_distutils_hack/__pycache__/__init__.cpython-314.pyc", O_RDONLY|O_CLOEXEC) = 3
769038 newfstatat(AT_FDCWD, "/usr/lib/python3.14/dist-packages", 0x7fffefc43780, 0) = -1 ENOENT (No such file or directory)
769038 newfstatat(AT_FDCWD, "/usr/lib/python3.14", {st_mode=S_IFDIR|0755, st_size=20480, ...}, 0) = 0
769038 newfstatat(AT_FDCWD, "/usr/lib/python3.14/sitecustomize.py", {st_mode=S_IFREG|0644, st_size=155, ...}, 0) = 0
769038 newfstatat(AT_FDCWD, "/usr/lib/python3.14/sitecustomize.py", {st_mode=S_IFREG|0644, st_size=155, ...}, 0) = 0
769038 openat(AT_FDCWD, "/usr/lib/python3.14/__pycache__/sitecustomize.cpython-314.pyc", O_RDONLY|O_CLOEXEC) = 3
769038 newfstatat(AT_FDCWD, "/usr/lib/python3.14", {st_mode=S_IFDIR|0755, st_size=20480, ...}, 0) = 0
769038 newfstatat(AT_FDCWD, "/usr/lib/python3.14/lib-dynload", {st_mode=S_IFDIR|0755, st_size=16384, ...}, 0) = 0
769038 newfstatat(AT_FDCWD, "/home/firstmate/.local/lib/python3.14/site-packages", {st_mode=S_IFDIR|0775, st_size=4096, ...}, 0) = 0
769038 newfstatat(AT_FDCWD, "/usr/local/lib/python3.14/dist-packages", {st_mode=S_IFDIR|0755, st_size=4096, ...}, 0) = 0
769038 newfstatat(AT_FDCWD, "/usr/lib/python3/dist-packages", {st_mode=S_IFDIR|0755, st_size=12288, ...}, 0) = 0
769038 newfstatat(AT_FDCWD, "/usr/lib/python3/dist-packages/apport_python_hook.py", {st_mode=S_IFREG|0644, st_size=8896, ...}, 0) = 0
769038 newfstatat(AT_FDCWD, "/usr/lib/python3/dist-packages/apport_python_hook.py", {st_mode=S_IFREG|0644, st_size=8896, ...}, 0) = 0
769038 openat(AT_FDCWD, "/usr/lib/python3/dist-packages/__pycache__/apport_python_hook.cpython-314.pyc", O_RDONLY|O_CLOEXEC) = 3
769038 newfstatat(AT_FDCWD, "/usr/lib/python3.14", {st_mode=S_IFDIR|0755, st_size=20480, ...}, 0) = 0
769038 newfstatat(AT_FDCWD, "/usr/lib/python3.14/types.py", {st_mode=S_IFREG|0644, st_size=11459, ...}, 0) = 0
769038 newfstatat(AT_FDCWD, "/usr/lib/python3.14/types.py", {st_mode=S_IFREG|0644, st_size=11459, ...}, 0) = 0
769038 openat(AT_FDCWD, "/usr/lib/python3.14/__pycache__/types.cpython-314.pyc", O_RDONLY|O_CLOEXEC) = 3
769038 newfstatat(AT_FDCWD, "/usr/lib/python3.14", {st_mode=S_IFDIR|0755, st_size=20480, ...}, 0) = 0
769038 newfstatat(AT_FDCWD, "/usr/lib/python3.14/lib-dynload", {st_mode=S_IFDIR|0755, st_size=16384, ...}, 0) = 0
769038 newfstatat(AT_FDCWD, "/home/firstmate/.local/lib/python3.14/site-packages", {st_mode=S_IFDIR|0775, st_size=4096, ...}, 0) = 0
769038 newfstatat(AT_FDCWD, "/usr/local/lib/python3.14/dist-packages", {st_mode=S_IFDIR|0755, st_size=4096, ...}, 0) = 0
769038 newfstatat(AT_FDCWD, "/usr/lib/python3/dist-packages", {st_mode=S_IFDIR|0755, st_size=12288, ...}, 0) = 0
769038 newfstatat(AT_FDCWD, "/home/firstmate/.no-mistakes/worktrees/8352e211db7e/01M4F29HK4JCAKXEQ2F50R6HHX/bin/fm_inbox_conversation.py", {st_mode=S_IFREG|0664, st_size=33410, ...}, 0) = 0
769038 openat(AT_FDCWD, "/home/firstmate/.no-mistakes/worktrees/8352e211db7e/01M4F29HK4JCAKXEQ2F50R6HHX/bin/fm_inbox_conversation.py", O_RDONLY|O_CLOEXEC) = 3
769038 newfstatat(AT_FDCWD, "/home/firstmate/.no-mistakes/worktrees/8352e211db7e/01M4F29HK4JCAKXEQ2F50R6HHX/bin/fm_inbox_conversation.py", {st_mode=S_IFREG|0664, st_size=33410, ...}, 0) = 0
769038 readlink("/home/firstmate/.no-mistakes/worktrees/8352e211db7e/01M4F29HK4JCAKXEQ2F50R6HHX/bin/fm_inbox_conversation.py", 0x7fffefc32790, 4096) = -1 EINVAL (Invalid argument)
769038 readlink("/home", 0x7fffefc33370, 1023) = -1 EINVAL (Invalid argument)
769038 readlink("/home/firstmate", 0x7fffefc33370, 1023) = -1 EINVAL (Invalid argument)
769038 readlink("/home/firstmate/.no-mistakes", 0x7fffefc33370, 1023) = -1 EINVAL (Invalid argument)
769038 readlink("/home/firstmate/.no-mistakes/worktrees", 0x7fffefc33370, 1023) = -1 EINVAL (Invalid argument)
769038 readlink("/home/firstmate/.no-mistakes/worktrees/8352e211db7e", 0x7fffefc33370, 1023) = -1 EINVAL (Invalid argument)
769038 readlink("/home/firstmate/.no-mistakes/worktrees/8352e211db7e/01M4F29HK4JCAKXEQ2F50R6HHX", 0x7fffefc33370, 1023) = -1 EINVAL (Invalid argument)
769038 readlink("/home/firstmate/.no-mistakes/worktrees/8352e211db7e/01M4F29HK4JCAKXEQ2F50R6HHX/bin", 0x7fffefc33370, 1023) = -1 EINVAL (Invalid argument)
769038 readlink("/home/firstmate/.no-mistakes/worktrees/8352e211db7e/01M4F29HK4JCAKXEQ2F50R6HHX/bin/fm_inbox_conversation.py", 0x7fffefc33370, 1023) = -1 EINVAL (Invalid argument)
769038 openat(AT_FDCWD, "/home/firstmate/.no-mistakes/worktrees/8352e211db7e/01M4F29HK4JCAKXEQ2F50R6HHX/bin/fm_inbox_conversation.py", O_RDONLY) = 3
769038 newfstatat(AT_FDCWD, "/home/firstmate/.no-mistakes/worktrees/8352e211db7e/01M4F29HK4JCAKXEQ2F50R6HHX/bin", {st_mode=S_IFDIR|0775, st_size=12288, ...}, 0) = 0
769038 newfstatat(AT_FDCWD, "/home/firstmate/.no-mistakes/worktrees/8352e211db7e/01M4F29HK4JCAKXEQ2F50R6HHX/bin", {st_mode=S_IFDIR|0775, st_size=12288, ...}, 0) = 0
769038 newfstatat(AT_FDCWD, "/home/firstmate/.no-mistakes/worktrees/8352e211db7e/01M4F29HK4JCAKXEQ2F50R6HHX/bin", {st_mode=S_IFDIR|0775, st_size=12288, ...}, 0) = 0
769038 openat(AT_FDCWD, "/home/firstmate/.no-mistakes/worktrees/8352e211db7e/01M4F29HK4JCAKXEQ2F50R6HHX/bin", O_RDONLY|O_NONBLOCK|O_CLOEXEC|O_DIRECTORY) = 3
769038 newfstatat(AT_FDCWD, "/usr/lib/python3.14", {st_mode=S_IFDIR|0755, st_size=20480, ...}, 0) = 0
769038 newfstatat(AT_FDCWD, "/usr/lib/python3.14/hashlib.py", {st_mode=S_IFREG|0644, st_size=9459, ...}, 0) = 0
769038 newfstatat(AT_FDCWD, "/usr/lib/python3.14/hashlib.py", {st_mode=S_IFREG|0644, st_size=9459, ...}, 0) = 0
769038 openat(AT_FDCWD, "/usr/lib/python3.14/__pycache__/hashlib.cpython-314.pyc", O_RDONLY|O_CLOEXEC) = 3
769038 newfstatat(AT_FDCWD, "/home/firstmate/.no-mistakes/worktrees/8352e211db7e/01M4F29HK4JCAKXEQ2F50R6HHX/bin", {st_mode=S_IFDIR|0775, st_size=12288, ...}, 0) = 0
769038 newfstatat(AT_FDCWD, "/usr/lib/python3.14", {st_mode=S_IFDIR|0755, st_size=20480, ...}, 0) = 0
769038 newfstatat(AT_FDCWD, "/usr/lib/python3.14/lib-dynload", {st_mode=S_IFDIR|0755, st_size=16384, ...}, 0) = 0
769038 newfstatat(AT_FDCWD, "/usr/lib/python3.14/lib-dynload/_hashlib.cpython-314-x86_64-linux-gnu.so", {st_mode=S_IFREG|0644, st_size=64448, ...}, 0) = 0
769038 openat(AT_FDCWD, "/usr/lib/python3.14/lib-dynload/_hashlib.cpython-314-x86_64-linux-gnu.so", O_RDONLY|O_CLOEXEC) = 3
769038 openat(AT_FDCWD, "/etc/ld.so.cache", O_RDONLY|O_CLOEXEC) = 3
769038 openat(AT_FDCWD, "/usr/lib/x86_64-linux-gnu/libcrypto.so.3", O_RDONLY|O_CLOEXEC) = 3
769038 openat(AT_FDCWD, "/usr/lib/x86_64-linux-gnu/libzstd.so.1", O_RDONLY|O_CLOEXEC) = 3
769038 openat(AT_FDCWD, "/proc/sys/crypto/fips_enabled", O_RDONLY) = -1 ENOENT (No such file or directory)
769038 openat(AT_FDCWD, "/etc/ubuntu-fips", O_RDONLY) = -1 ENOENT (No such file or directory)
769038 openat(AT_FDCWD, "/usr/lib/ssl/openssl.cnf", O_RDONLY) = 3
769038 newfstatat(AT_FDCWD, "/var/lib/crypto-config/profiles/current/openssl.conf.d", 0x7fffefc42b70, 0) = -1 ENOENT (No such file or directory)
769038 newfstatat(AT_FDCWD, "/etc/ssl/openssl.conf.d", 0x7fffefc42b70, 0) = -1 ENOENT (No such file or directory)
769038 newfstatat(AT_FDCWD, "/home/firstmate/.no-mistakes/worktrees/8352e211db7e/01M4F29HK4JCAKXEQ2F50R6HHX/bin", {st_mode=S_IFDIR|0775, st_size=12288, ...}, 0) = 0
769038 newfstatat(AT_FDCWD, "/usr/lib/python3.14", {st_mode=S_IFDIR|0755, st_size=20480, ...}, 0) = 0
769038 newfstatat(AT_FDCWD, "/usr/lib/python3.14/json/__init__.cpython-314-x86_64-linux-gnu.so", 0x7fffefc43ba0, 0) = -1 ENOENT (No such file or directory)
769038 newfstatat(AT_FDCWD, "/usr/lib/python3.14/json/__init__.abi3.so", 0x7fffefc43ba0, 0) = -1 ENOENT (No such file or directory)
769038 newfstatat(AT_FDCWD, "/usr/lib/python3.14/json/__init__.abi3-x86_64-linux-gnu.so", 0x7fffefc43ba0, 0) = -1 ENOENT (No such file or directory)
769038 newfstatat(AT_FDCWD, "/usr/lib/python3.14/json/__init__.so", 0x7fffefc43ba0, 0) = -1 ENOENT (No such file or directory)
769038 newfstatat(AT_FDCWD, "/usr/lib/python3.14/json/__init__.py", {st_mode=S_IFREG|0644, st_size=14066, ...}, 0) = 0
769038 newfstatat(AT_FDCWD, "/usr/lib/python3.14/json/__init__.py", {st_mode=S_IFREG|0644, st_size=14066, ...}, 0) = 0
769038 openat(AT_FDCWD, "/usr/lib/python3.14/json/__pycache__/__init__.cpython-314.pyc", O_RDONLY|O_CLOEXEC) = 3
769038 newfstatat(AT_FDCWD, "/usr/lib/python3.14/json", {st_mode=S_IFDIR|0755, st_size=4096, ...}, 0) = 0
769038 newfstatat(AT_FDCWD, "/usr/lib/python3.14/json", {st_mode=S_IFDIR|0755, st_size=4096, ...}, 0) = 0
769038 newfstatat(AT_FDCWD, "/usr/lib/python3.14/json", {st_mode=S_IFDIR|0755, st_size=4096, ...}, 0) = 0
769038 openat(AT_FDCWD, "/usr/lib/python3.14/json", O_RDONLY|O_NONBLOCK|O_CLOEXEC|O_DIRECTORY) = 3
769038 newfstatat(AT_FDCWD, "/usr/lib/python3.14/json/decoder.py", {st_mode=S_IFREG|0644, st_size=12873, ...}, 0) = 0
769038 newfstatat(AT_FDCWD, "/usr/lib/python3.14/json/decoder.py", {st_mode=S_IFREG|0644, st_size=12873, ...}, 0) = 0
769038 openat(AT_FDCWD, "/usr/lib/python3.14/json/__pycache__/decoder.cpython-314.pyc", O_RDONLY|O_CLOEXEC) = 3
769038 newfstatat(AT_FDCWD, "/home/firstmate/.no-mistakes/worktrees/8352e211db7e/01M4F29HK4JCAKXEQ2F50R6HHX/bin", {st_mode=S_IFDIR|0775, st_size=12288, ...}, 0) = 0
769038 newfstatat(AT_FDCWD, "/usr/lib/python3.14", {st_mode=S_IFDIR|0755, st_size=20480, ...}, 0) = 0
769038 newfstatat(AT_FDCWD, "/usr/lib/python3.14/re/__init__.cpython-314-x86_64-linux-gnu.so", 0x7fffefc42660, 0) = -1 ENOENT (No such file or directory)
769038 newfstatat(AT_FDCWD, "/usr/lib/python3.14/re/__init__.abi3.so", 0x7fffefc42660, 0) = -1 ENOENT (No such file or directory)
769038 newfstatat(AT_FDCWD, "/usr/lib/python3.14/re/__init__.abi3-x86_64-linux-gnu.so", 0x7fffefc42660, 0) = -1 ENOENT (No such file or directory)
769038 newfstatat(AT_FDCWD, "/usr/lib/python3.14/re/__init__.so", 0x7fffefc42660, 0) = -1 ENOENT (No such file or directory)
769038 newfstatat(AT_FDCWD, "/usr/lib/python3.14/re/__init__.py", {st_mode=S_IFREG|0644, st_size=17876, ...}, 0) = 0
769038 newfstatat(AT_FDCWD, "/usr/lib/python3.14/re/__init__.py", {st_mode=S_IFREG|0644, st_size=17876, ...}, 0) = 0
769038 openat(AT_FDCWD, "/usr/lib/python3.14/re/__pycache__/__init__.cpython-314.pyc", O_RDONLY|O_CLOEXEC) = 3
769038 newfstatat(AT_FDCWD, "/home/firstmate/.no-mistakes/worktrees/8352e211db7e/01M4F29HK4JCAKXEQ2F50R6HHX/bin", {st_mode=S_IFDIR|0775, st_size=12288, ...}, 0) = 0
769038 newfstatat(AT_FDCWD, "/usr/lib/python3.14", {st_mode=S_IFDIR|0755, st_size=20480, ...}, 0) = 0
769038 newfstatat(AT_FDCWD, "/usr/lib/python3.14/enum.py", {st_mode=S_IFREG|0644, st_size=85442, ...}, 0) = 0
769038 newfstatat(AT_FDCWD, "/usr/lib/python3.14/enum.py", {st_mode=S_IFREG|0644, st_size=85442, ...}, 0) = 0
769038 openat(AT_FDCWD, "/usr/lib/python3.14/__pycache__/enum.cpython-314.pyc", O_RDONLY|O_CLOEXEC) = 3
769038 newfstatat(AT_FDCWD, "/usr/lib/python3.14/re", {st_mode=S_IFDIR|0755, st_size=4096, ...}, 0) = 0
769038 newfstatat(AT_FDCWD, "/usr/lib/python3.14/re", {st_mode=S_IFDIR|0755, st_size=4096, ...}, 0) = 0
769038 newfstatat(AT_FDCWD, "/usr/lib/python3.14/re", {st_mode=S_IFDIR|0755, st_size=4096, ...}, 0) = 0
769038 openat(AT_FDCWD, "/usr/lib/python3.14/re", O_RDONLY|O_NONBLOCK|O_CLOEXEC|O_DIRECTORY) = 3
769038 newfstatat(AT_FDCWD, "/usr/lib/python3.14/re/_compiler.py", {st_mode=S_IFREG|0644, st_size=26855, ...}, 0) = 0
769038 newfstatat(AT_FDCWD, "/usr/lib/python3.14/re/_compiler.py", {st_mode=S_IFREG|0644, st_size=26855, ...}, 0) = 0
769038 openat(AT_FDCWD, "/usr/lib/python3.14/re/__pycache__/_compiler.cpython-314.pyc", O_RDONLY|O_CLOEXEC) = 3
769038 newfstatat(AT_FDCWD, "/usr/lib/python3.14/re", {st_mode=S_IFDIR|0755, st_size=4096, ...}, 0) = 0
769038 newfstatat(AT_FDCWD, "/usr/lib/python3.14/re/_parser.py", {st_mode=S_IFREG|0644, st_size=40353, ...}, 0) = 0
769038 newfstatat(AT_FDCWD, "/usr/lib/python3.14/re/_parser.py", {st_mode=S_IFREG|0644, st_size=40353, ...}, 0) = 0
769038 openat(AT_FDCWD, "/usr/lib/python3.14/re/__pycache__/_parser.cpython-314.pyc", O_RDONLY|O_CLOEXEC) = 3
769038 newfstatat(AT_FDCWD, "/usr/lib/python3.14/re", {st_mode=S_IFDIR|0755, st_size=4096, ...}, 0) = 0
769038 newfstatat(AT_FDCWD, "/usr/lib/python3.14/re/_constants.py", {st_mode=S_IFREG|0644, st_size=6036, ...}, 0) = 0
769038 newfstatat(AT_FDCWD, "/usr/lib/python3.14/re/_constants.py", {st_mode=S_IFREG|0644, st_size=6036, ...}, 0) = 0
769038 openat(AT_FDCWD, "/usr/lib/python3.14/re/__pycache__/_constants.cpython-314.pyc", O_RDONLY|O_CLOEXEC) = 3
769038 newfstatat(AT_FDCWD, "/usr/lib/python3.14/re", {st_mode=S_IFDIR|0755, st_size=4096, ...}, 0) = 0
769038 newfstatat(AT_FDCWD, "/usr/lib/python3.14/re/_casefix.py", {st_mode=S_IFREG|0644, st_size=5444, ...}, 0) = 0
769038 newfstatat(AT_FDCWD, "/usr/lib/python3.14/re/_casefix.py", {st_mode=S_IFREG|0644, st_size=5444, ...}, 0) = 0
769038 openat(AT_FDCWD, "/usr/lib/python3.14/re/__pycache__/_casefix.cpython-314.pyc", O_RDONLY|O_CLOEXEC) = 3
769038 newfstatat(AT_FDCWD, "/home/firstmate/.no-mistakes/worktrees/8352e211db7e/01M4F29HK4JCAKXEQ2F50R6HHX/bin", {st_mode=S_IFDIR|0775, st_size=12288, ...}, 0) = 0
769038 newfstatat(AT_FDCWD, "/usr/lib/python3.14", {st_mode=S_IFDIR|0755, st_size=20480, ...}, 0) = 0
769038 newfstatat(AT_FDCWD, "/usr/lib/python3.14/functools.py", {st_mode=S_IFREG|0644, st_size=43561, ...}, 0) = 0
769038 newfstatat(AT_FDCWD, "/usr/lib/python3.14/functools.py", {st_mode=S_IFREG|0644, st_size=43561, ...}, 0) = 0
769038 openat(AT_FDCWD, "/usr/lib/python3.14/__pycache__/functools.cpython-314.pyc", O_RDONLY|O_CLOEXEC) = 3
769038 newfstatat(AT_FDCWD, "/home/firstmate/.no-mistakes/worktrees/8352e211db7e/01M4F29HK4JCAKXEQ2F50R6HHX/bin", {st_mode=S_IFDIR|0775, st_size=12288, ...}, 0) = 0
769038 newfstatat(AT_FDCWD, "/usr/lib/python3.14", {st_mode=S_IFDIR|0755, st_size=20480, ...}, 0) = 0
769038 newfstatat(AT_FDCWD, "/usr/lib/python3.14/collections/__init__.cpython-314-x86_64-linux-gnu.so", 0x7fffefc41120, 0) = -1 ENOENT (No such file or directory)
769038 newfstatat(AT_FDCWD, "/usr/lib/python3.14/collections/__init__.abi3.so", 0x7fffefc41120, 0) = -1 ENOENT (No such file or directory)
769038 newfstatat(AT_FDCWD, "/usr/lib/python3.14/collections/__init__.abi3-x86_64-linux-gnu.so", 0x7fffefc41120, 0) = -1 ENOENT (No such file or directory)
769038 newfstatat(AT_FDCWD, "/usr/lib/python3.14/collections/__init__.so", 0x7fffefc41120, 0) = -1 ENOENT (No such file or directory)
769038 newfstatat(AT_FDCWD, "/usr/lib/python3.14/collections/__init__.py", {st_mode=S_IFREG|0644, st_size=52903, ...}, 0) = 0
769038 newfstatat(AT_FDCWD, "/usr/lib/python3.14/collections/__init__.py", {st_mode=S_IFREG|0644, st_size=52903, ...}, 0) = 0
769038 openat(AT_FDCWD, "/usr/lib/python3.14/collections/__pycache__/__init__.cpython-314.pyc", O_RDONLY|O_CLOEXEC) = 3
769038 newfstatat(AT_FDCWD, "/home/firstmate/.no-mistakes/worktrees/8352e211db7e/01M4F29HK4JCAKXEQ2F50R6HHX/bin", {st_mode=S_IFDIR|0775, st_size=12288, ...}, 0) = 0
769038 newfstatat(AT_FDCWD, "/usr/lib/python3.14", {st_mode=S_IFDIR|0755, st_size=20480, ...}, 0) = 0
769038 newfstatat(AT_FDCWD, "/usr/lib/python3.14/keyword.py", {st_mode=S_IFREG|0644, st_size=1073, ...}, 0) = 0
769038 newfstatat(AT_FDCWD, "/usr/lib/python3.14/keyword.py", {st_mode=S_IFREG|0644, st_size=1073, ...}, 0) = 0
769038 openat(AT_FDCWD, "/usr/lib/python3.14/__pycache__/keyword.cpython-314.pyc", O_RDONLY|O_CLOEXEC) = 3
769038 newfstatat(AT_FDCWD, "/home/firstmate/.no-mistakes/worktrees/8352e211db7e/01M4F29HK4JCAKXEQ2F50R6HHX/bin", {st_mode=S_IFDIR|0775, st_size=12288, ...}, 0) = 0
769038 newfstatat(AT_FDCWD, "/usr/lib/python3.14", {st_mode=S_IFDIR|0755, st_size=20480, ...}, 0) = 0
769038 newfstatat(AT_FDCWD, "/usr/lib/python3.14/operator.py", {st_mode=S_IFREG|0644, st_size=11158, ...}, 0) = 0
769038 newfstatat(AT_FDCWD, "/usr/lib/python3.14/operator.py", {st_mode=S_IFREG|0644, st_size=11158, ...}, 0) = 0
769038 openat(AT_FDCWD, "/usr/lib/python3.14/__pycache__/operator.cpython-314.pyc", O_RDONLY|O_CLOEXEC) = 3
769038 newfstatat(AT_FDCWD, "/home/firstmate/.no-mistakes/worktrees/8352e211db7e/01M4F29HK4JCAKXEQ2F50R6HHX/bin", {st_mode=S_IFDIR|0775, st_size=12288, ...}, 0) = 0
769038 newfstatat(AT_FDCWD, "/usr/lib/python3.14", {st_mode=S_IFDIR|0755, st_size=20480, ...}, 0) = 0
769038 newfstatat(AT_FDCWD, "/usr/lib/python3.14/reprlib.py", {st_mode=S_IFREG|0644, st_size=8064, ...}, 0) = 0
769038 newfstatat(AT_FDCWD, "/usr/lib/python3.14/reprlib.py", {st_mode=S_IFREG|0644, st_size=8064, ...}, 0) = 0
769038 openat(AT_FDCWD, "/usr/lib/python3.14/__pycache__/reprlib.cpython-314.pyc", O_RDONLY|O_CLOEXEC) = 3
769038 newfstatat(AT_FDCWD, "/home/firstmate/.no-mistakes/worktrees/8352e211db7e/01M4F29HK4JCAKXEQ2F50R6HHX/bin", {st_mode=S_IFDIR|0775, st_size=12288, ...}, 0) = 0
769038 newfstatat(AT_FDCWD, "/usr/lib/python3.14", {st_mode=S_IFDIR|0755, st_size=20480, ...}, 0) = 0
769038 newfstatat(AT_FDCWD, "/usr/lib/python3.14/copyreg.py", {st_mode=S_IFREG|0644, st_size=7716, ...}, 0) = 0
769038 newfstatat(AT_FDCWD, "/usr/lib/python3.14/copyreg.py", {st_mode=S_IFREG|0644, st_size=7716, ...}, 0) = 0
769038 openat(AT_FDCWD, "/usr/lib/python3.14/__pycache__/copyreg.cpython-314.pyc", O_RDONLY|O_CLOEXEC) = 3
769038 newfstatat(AT_FDCWD, "/usr/lib/python3.14/json", {st_mode=S_IFDIR|0755, st_size=4096, ...}, 0) = 0
769038 newfstatat(AT_FDCWD, "/usr/lib/python3.14/json/scanner.py", {st_mode=S_IFREG|0644, st_size=2434, ...}, 0) = 0
769038 newfstatat(AT_FDCWD, "/usr/lib/python3.14/json/scanner.py", {st_mode=S_IFREG|0644, st_size=2434, ...}, 0) = 0
769038 openat(AT_FDCWD, "/usr/lib/python3.14/json/__pycache__/scanner.cpython-314.pyc", O_RDONLY|O_CLOEXEC) = 3
769038 newfstatat(AT_FDCWD, "/usr/lib/python3.14/json", {st_mode=S_IFDIR|0755, st_size=4096, ...}, 0) = 0
769038 newfstatat(AT_FDCWD, "/usr/lib/python3.14/json/encoder.py", {st_mode=S_IFREG|0644, st_size=16990, ...}, 0) = 0
769038 newfstatat(AT_FDCWD, "/usr/lib/python3.14/json/encoder.py", {st_mode=S_IFREG|0644, st_size=16990, ...}, 0) = 0
769038 openat(AT_FDCWD, "/usr/lib/python3.14/json/__pycache__/encoder.cpython-314.pyc", O_RDONLY|O_CLOEXEC) = 3
769038 newfstatat(AT_FDCWD, "/home/firstmate/.no-mistakes/worktrees/8352e211db7e/01M4F29HK4JCAKXEQ2F50R6HHX/bin", {st_mode=S_IFDIR|0775, st_size=12288, ...}, 0) = 0
769038 newfstatat(AT_FDCWD, "/usr/lib/python3.14", {st_mode=S_IFDIR|0755, st_size=20480, ...}, 0) = 0
769038 newfstatat(AT_FDCWD, "/usr/lib/python3.14/pathlib/__init__.cpython-314-x86_64-linux-gnu.so", 0x7fffefc43ba0, 0) = -1 ENOENT (No such file or directory)
769038 newfstatat(AT_FDCWD, "/usr/lib/python3.14/pathlib/__init__.abi3.so", 0x7fffefc43ba0, 0) = -1 ENOENT (No such file or directory)
769038 newfstatat(AT_FDCWD, "/usr/lib/python3.14/pathlib/__init__.abi3-x86_64-linux-gnu.so", 0x7fffefc43ba0, 0) = -1 ENOENT (No such file or directory)
769038 newfstatat(AT_FDCWD, "/usr/lib/python3.14/pathlib/__init__.so", 0x7fffefc43ba0, 0) = -1 ENOENT (No such file or directory)
769038 newfstatat(AT_FDCWD, "/usr/lib/python3.14/pathlib/__init__.py", {st_mode=S_IFREG|0644, st_size=46833, ...}, 0) = 0
769038 newfstatat(AT_FDCWD, "/usr/lib/python3.14/pathlib/__init__.py", {st_mode=S_IFREG|0644, st_size=46833, ...}, 0) = 0
769038 openat(AT_FDCWD, "/usr/lib/python3.14/pathlib/__pycache__/__init__.cpython-314.pyc", O_RDONLY|O_CLOEXEC) = 3
769038 newfstatat(AT_FDCWD, "/home/firstmate/.no-mistakes/worktrees/8352e211db7e/01M4F29HK4JCAKXEQ2F50R6HHX/bin", {st_mode=S_IFDIR|0775, st_size=12288, ...}, 0) = 0
769038 newfstatat(AT_FDCWD, "/usr/lib/python3.14", {st_mode=S_IFDIR|0755, st_size=20480, ...}, 0) = 0
769038 newfstatat(AT_FDCWD, "/usr/lib/python3.14/glob.py", {st_mode=S_IFREG|0644, st_size=20768, ...}, 0) = 0
769038 newfstatat(AT_FDCWD, "/usr/lib/python3.14/glob.py", {st_mode=S_IFREG|0644, st_size=20768, ...}, 0) = 0
769038 openat(AT_FDCWD, "/usr/lib/python3.14/__pycache__/glob.cpython-314.pyc", O_RDONLY|O_CLOEXEC) = 3
769038 newfstatat(AT_FDCWD, "/home/firstmate/.no-mistakes/worktrees/8352e211db7e/01M4F29HK4JCAKXEQ2F50R6HHX/bin", {st_mode=S_IFDIR|0775, st_size=12288, ...}, 0) = 0
769038 newfstatat(AT_FDCWD, "/usr/lib/python3.14", {st_mode=S_IFDIR|0755, st_size=20480, ...}, 0) = 0
769038 newfstatat(AT_FDCWD, "/usr/lib/python3.14/contextlib.py", {st_mode=S_IFREG|0644, st_size=27801, ...}, 0) = 0
769038 newfstatat(AT_FDCWD, "/usr/lib/python3.14/contextlib.py", {st_mode=S_IFREG|0644, st_size=27801, ...}, 0) = 0
769038 openat(AT_FDCWD, "/usr/lib/python3.14/__pycache__/contextlib.cpython-314.pyc", O_RDONLY|O_CLOEXEC) = 3
769038 newfstatat(AT_FDCWD, "/home/firstmate/.no-mistakes/worktrees/8352e211db7e/01M4F29HK4JCAKXEQ2F50R6HHX/bin", {st_mode=S_IFDIR|0775, st_size=12288, ...}, 0) = 0
769038 newfstatat(AT_FDCWD, "/usr/lib/python3.14", {st_mode=S_IFDIR|0755, st_size=20480, ...}, 0) = 0
769038 newfstatat(AT_FDCWD, "/usr/lib/python3.14/fnmatch.py", {st_mode=S_IFREG|0644, st_size=6791, ...}, 0) = 0
769038 newfstatat(AT_FDCWD, "/usr/lib/python3.14/fnmatch.py", {st_mode=S_IFREG|0644, st_size=6791, ...}, 0) = 0
769038 openat(AT_FDCWD, "/usr/lib/python3.14/__pycache__/fnmatch.cpython-314.pyc", O_RDONLY|O_CLOEXEC) = 3
769038 newfstatat(AT_FDCWD, "/usr/lib/python3.14/pathlib", {st_mode=S_IFDIR|0755, st_size=4096, ...}, 0) = 0
769038 newfstatat(AT_FDCWD, "/usr/lib/python3.14/pathlib", {st_mode=S_IFDIR|0755, st_size=4096, ...}, 0) = 0
769038 newfstatat(AT_FDCWD, "/usr/lib/python3.14/pathlib", {st_mode=S_IFDIR|0755, st_size=4096, ...}, 0) = 0
769038 openat(AT_FDCWD, "/usr/lib/python3.14/pathlib", O_RDONLY|O_NONBLOCK|O_CLOEXEC|O_DIRECTORY) = 3
769038 newfstatat(AT_FDCWD, "/usr/lib/python3.14/pathlib/_os.py", {st_mode=S_IFREG|0644, st_size=18161, ...}, 0) = 0
769038 newfstatat(AT_FDCWD, "/usr/lib/python3.14/pathlib/_os.py", {st_mode=S_IFREG|0644, st_size=18161, ...}, 0) = 0
769038 openat(AT_FDCWD, "/usr/lib/python3.14/pathlib/__pycache__/_os.cpython-314.pyc", O_RDONLY|O_CLOEXEC) = 3
769038 newfstatat(AT_FDCWD, "/home/firstmate/.no-mistakes/worktrees/8352e211db7e/01M4F29HK4JCAKXEQ2F50R6HHX/bin", {st_mode=S_IFDIR|0775, st_size=12288, ...}, 0) = 0
769038 newfstatat(AT_FDCWD, "/usr/lib/python3.14", {st_mode=S_IFDIR|0755, st_size=20480, ...}, 0) = 0
769038 newfstatat(AT_FDCWD, "/usr/lib/python3.14/lib-dynload", {st_mode=S_IFDIR|0755, st_size=16384, ...}, 0) = 0
769038 newfstatat(AT_FDCWD, "/home/firstmate/.local/lib/python3.14/site-packages", {st_mode=S_IFDIR|0775, st_size=4096, ...}, 0) = 0
769038 newfstatat(AT_FDCWD, "/usr/local/lib/python3.14/dist-packages", {st_mode=S_IFDIR|0755, st_size=4096, ...}, 0) = 0
769038 newfstatat(AT_FDCWD, "/usr/lib/python3/dist-packages", {st_mode=S_IFDIR|0755, st_size=12288, ...}, 0) = 0
769038 newfstatat(AT_FDCWD, "/home/firstmate/.no-mistakes/worktrees/8352e211db7e/01M4F29HK4JCAKXEQ2F50R6HHX/bin", {st_mode=S_IFDIR|0775, st_size=12288, ...}, 0) = 0
769038 newfstatat(AT_FDCWD, "/usr/lib/python3.14", {st_mode=S_IFDIR|0755, st_size=20480, ...}, 0) = 0
769038 newfstatat(AT_FDCWD, "/usr/lib/python3.14/lib-dynload", {st_mode=S_IFDIR|0755, st_size=16384, ...}, 0) = 0
769038 newfstatat(AT_FDCWD, "/home/firstmate/.local/lib/python3.14/site-packages", {st_mode=S_IFDIR|0775, st_size=4096, ...}, 0) = 0
769038 newfstatat(AT_FDCWD, "/usr/local/lib/python3.14/dist-packages", {st_mode=S_IFDIR|0755, st_size=4096, ...}, 0) = 0
769038 newfstatat(AT_FDCWD, "/usr/lib/python3/dist-packages", {st_mode=S_IFDIR|0755, st_size=12288, ...}, 0) = 0
769038 newfstatat(AT_FDCWD, "/home/firstmate/.no-mistakes/worktrees/8352e211db7e/01M4F29HK4JCAKXEQ2F50R6HHX/bin", {st_mode=S_IFDIR|0775, st_size=12288, ...}, 0) = 0
769038 newfstatat(AT_FDCWD, "/usr/lib/python3.14", {st_mode=S_IFDIR|0755, st_size=20480, ...}, 0) = 0
769038 newfstatat(AT_FDCWD, "/usr/lib/python3.14/lib-dynload", {st_mode=S_IFDIR|0755, st_size=16384, ...}, 0) = 0
769038 newfstatat(AT_FDCWD, "/home/firstmate/.local/lib/python3.14/site-packages", {st_mode=S_IFDIR|0775, st_size=4096, ...}, 0) = 0
769038 newfstatat(AT_FDCWD, "/usr/local/lib/python3.14/dist-packages", {st_mode=S_IFDIR|0755, st_size=4096, ...}, 0) = 0
769038 newfstatat(AT_FDCWD, "/usr/lib/python3/dist-packages", {st_mode=S_IFDIR|0755, st_size=12288, ...}, 0) = 0
769038 newfstatat(AT_FDCWD, "/home/firstmate/.no-mistakes/worktrees/8352e211db7e/01M4F29HK4JCAKXEQ2F50R6HHX/bin", {st_mode=S_IFDIR|0775, st_size=12288, ...}, 0) = 0
769038 newfstatat(AT_FDCWD, "/usr/lib/python3.14", {st_mode=S_IFDIR|0755, st_size=20480, ...}, 0) = 0
769038 newfstatat(AT_FDCWD, "/usr/lib/python3.14/lib-dynload", {st_mode=S_IFDIR|0755, st_size=16384, ...}, 0) = 0
769038 newfstatat(AT_FDCWD, "/home/firstmate/.local/lib/python3.14/site-packages", {st_mode=S_IFDIR|0775, st_size=4096, ...}, 0) = 0
769038 newfstatat(AT_FDCWD, "/usr/local/lib/python3.14/dist-packages", {st_mode=S_IFDIR|0755, st_size=4096, ...}, 0) = 0
769038 newfstatat(AT_FDCWD, "/usr/lib/python3/dist-packages", {st_mode=S_IFDIR|0755, st_size=12288, ...}, 0) = 0
769038 newfstatat(AT_FDCWD, "/home/firstmate/.no-mistakes/worktrees/8352e211db7e/01M4F29HK4JCAKXEQ2F50R6HHX/bin", {st_mode=S_IFDIR|0775, st_size=12288, ...}, 0) = 0
769038 newfstatat(AT_FDCWD, "/usr/lib/python3.14", {st_mode=S_IFDIR|0755, st_size=20480, ...}, 0) = 0
769038 newfstatat(AT_FDCWD, "/usr/lib/python3.14/lib-dynload", {st_mode=S_IFDIR|0755, st_size=16384, ...}, 0) = 0
769038 newfstatat(AT_FDCWD, "/home/firstmate/.local/lib/python3.14/site-packages", {st_mode=S_IFDIR|0775, st_size=4096, ...}, 0) = 0
769038 newfstatat(AT_FDCWD, "/usr/local/lib/python3.14/dist-packages", {st_mode=S_IFDIR|0755, st_size=4096, ...}, 0) = 0
769038 newfstatat(AT_FDCWD, "/usr/lib/python3/dist-packages", {st_mode=S_IFDIR|0755, st_size=12288, ...}, 0) = 0
769038 newfstatat(AT_FDCWD, "/home/firstmate/.no-mistakes/worktrees/8352e211db7e/01M4F29HK4JCAKXEQ2F50R6HHX/bin", {st_mode=S_IFDIR|0775, st_size=12288, ...}, 0) = 0
769038 newfstatat(AT_FDCWD, "/usr/lib/python3.14", {st_mode=S_IFDIR|0755, st_size=20480, ...}, 0) = 0
769038 newfstatat(AT_FDCWD, "/usr/lib/python3.14/lib-dynload", {st_mode=S_IFDIR|0755, st_size=16384, ...}, 0) = 0
769038 newfstatat(AT_FDCWD, "/home/firstmate/.local/lib/python3.14/site-packages", {st_mode=S_IFDIR|0775, st_size=4096, ...}, 0) = 0
769038 newfstatat(AT_FDCWD, "/usr/local/lib/python3.14/dist-packages", {st_mode=S_IFDIR|0755, st_size=4096, ...}, 0) = 0
769038 newfstatat(AT_FDCWD, "/usr/lib/python3/dist-packages", {st_mode=S_IFDIR|0755, st_size=12288, ...}, 0) = 0
769038 newfstatat(AT_FDCWD, "/home/firstmate/.no-mistakes/worktrees/8352e211db7e/01M4F29HK4JCAKXEQ2F50R6HHX/bin", {st_mode=S_IFDIR|0775, st_size=12288, ...}, 0) = 0
769038 newfstatat(AT_FDCWD, "/usr/lib/python3.14", {st_mode=S_IFDIR|0755, st_size=20480, ...}, 0) = 0
769038 newfstatat(AT_FDCWD, "/usr/lib/python3.14/lib-dynload", {st_mode=S_IFDIR|0755, st_size=16384, ...}, 0) = 0
769038 newfstatat(AT_FDCWD, "/home/firstmate/.local/lib/python3.14/site-packages", {st_mode=S_IFDIR|0775, st_size=4096, ...}, 0) = 0
769038 newfstatat(AT_FDCWD, "/usr/local/lib/python3.14/dist-packages", {st_mode=S_IFDIR|0755, st_size=4096, ...}, 0) = 0
769038 newfstatat(AT_FDCWD, "/usr/lib/python3/dist-packages", {st_mode=S_IFDIR|0755, st_size=12288, ...}, 0) = 0
769038 newfstatat(AT_FDCWD, "/home/firstmate/.no-mistakes/worktrees/8352e211db7e/01M4F29HK4JCAKXEQ2F50R6HHX/bin", {st_mode=S_IFDIR|0775, st_size=12288, ...}, 0) = 0
769038 newfstatat(AT_FDCWD, "/usr/lib/python3.14", {st_mode=S_IFDIR|0755, st_size=20480, ...}, 0) = 0
769038 newfstatat(AT_FDCWD, "/usr/lib/python3.14/lib-dynload", {st_mode=S_IFDIR|0755, st_size=16384, ...}, 0) = 0
769038 newfstatat(AT_FDCWD, "/home/firstmate/.local/lib/python3.14/site-packages", {st_mode=S_IFDIR|0775, st_size=4096, ...}, 0) = 0
769038 newfstatat(AT_FDCWD, "/usr/local/lib/python3.14/dist-packages", {st_mode=S_IFDIR|0755, st_size=4096, ...}, 0) = 0
769038 newfstatat(AT_FDCWD, "/usr/lib/python3/dist-packages", {st_mode=S_IFDIR|0755, st_size=12288, ...}, 0) = 0
769038 newfstatat(AT_FDCWD, "/home/firstmate/.no-mistakes/worktrees/8352e211db7e/01M4F29HK4JCAKXEQ2F50R6HHX/bin", {st_mode=S_IFDIR|0775, st_size=12288, ...}, 0) = 0
769038 newfstatat(AT_FDCWD, "/usr/lib/python3.14", {st_mode=S_IFDIR|0755, st_size=20480, ...}, 0) = 0
769038 newfstatat(AT_FDCWD, "/usr/lib/python3.14/lib-dynload", {st_mode=S_IFDIR|0755, st_size=16384, ...}, 0) = 0
769038 newfstatat(AT_FDCWD, "/home/firstmate/.local/lib/python3.14/site-packages", {st_mode=S_IFDIR|0775, st_size=4096, ...}, 0) = 0
769038 newfstatat(AT_FDCWD, "/usr/local/lib/python3.14/dist-packages", {st_mode=S_IFDIR|0755, st_size=4096, ...}, 0) = 0
769038 newfstatat(AT_FDCWD, "/usr/lib/python3/dist-packages", {st_mode=S_IFDIR|0755, st_size=12288, ...}, 0) = 0
769038 newfstatat(AT_FDCWD, "/home/firstmate/.no-mistakes/worktrees/8352e211db7e/01M4F29HK4JCAKXEQ2F50R6HHX/bin", {st_mode=S_IFDIR|0775, st_size=12288, ...}, 0) = 0
769038 newfstatat(AT_FDCWD, "/usr/lib/python3.14", {st_mode=S_IFDIR|0755, st_size=20480, ...}, 0) = 0
769038 newfstatat(AT_FDCWD, "/usr/lib/python3.14/secrets.py", {st_mode=S_IFREG|0644, st_size=1984, ...}, 0) = 0
769038 newfstatat(AT_FDCWD, "/usr/lib/python3.14/secrets.py", {st_mode=S_IFREG|0644, st_size=1984, ...}, 0) = 0
769038 openat(AT_FDCWD, "/usr/lib/python3.14/__pycache__/secrets.cpython-314.pyc", O_RDONLY|O_CLOEXEC) = 3
769038 newfstatat(AT_FDCWD, "/home/firstmate/.no-mistakes/worktrees/8352e211db7e/01M4F29HK4JCAKXEQ2F50R6HHX/bin", {st_mode=S_IFDIR|0775, st_size=12288, ...}, 0) = 0
769038 newfstatat(AT_FDCWD, "/usr/lib/python3.14", {st_mode=S_IFDIR|0755, st_size=20480, ...}, 0) = 0
769038 newfstatat(AT_FDCWD, "/usr/lib/python3.14/base64.py", {st_mode=S_IFREG|0644, st_size=22029, ...}, 0) = 0
769038 newfstatat(AT_FDCWD, "/usr/lib/python3.14/base64.py", {st_mode=S_IFREG|0644, st_size=22029, ...}, 0) = 0
769038 openat(AT_FDCWD, "/usr/lib/python3.14/__pycache__/base64.cpython-314.pyc", O_RDONLY|O_CLOEXEC) = 3
769038 newfstatat(AT_FDCWD, "/home/firstmate/.no-mistakes/worktrees/8352e211db7e/01M4F29HK4JCAKXEQ2F50R6HHX/bin", {st_mode=S_IFDIR|0775, st_size=12288, ...}, 0) = 0
769038 newfstatat(AT_FDCWD, "/usr/lib/python3.14", {st_mode=S_IFDIR|0755, st_size=20480, ...}, 0) = 0
769038 newfstatat(AT_FDCWD, "/usr/lib/python3.14/struct.py", {st_mode=S_IFREG|0644, st_size=285, ...}, 0) = 0
769038 newfstatat(AT_FDCWD, "/usr/lib/python3.14/struct.py", {st_mode=S_IFREG|0644, st_size=285, ...}, 0) = 0
769038 openat(AT_FDCWD, "/usr/lib/python3.14/__pycache__/struct.cpython-314.pyc", O_RDONLY|O_CLOEXEC) = 3
769038 newfstatat(AT_FDCWD, "/home/firstmate/.no-mistakes/worktrees/8352e211db7e/01M4F29HK4JCAKXEQ2F50R6HHX/bin", {st_mode=S_IFDIR|0775, st_size=12288, ...}, 0) = 0
769038 newfstatat(AT_FDCWD, "/usr/lib/python3.14", {st_mode=S_IFDIR|0755, st_size=20480, ...}, 0) = 0
769038 newfstatat(AT_FDCWD, "/usr/lib/python3.14/hmac.py", {st_mode=S_IFREG|0644, st_size=9589, ...}, 0) = 0
769038 newfstatat(AT_FDCWD, "/usr/lib/python3.14/hmac.py", {st_mode=S_IFREG|0644, st_size=9589, ...}, 0) = 0
769038 openat(AT_FDCWD, "/usr/lib/python3.14/__pycache__/hmac.cpython-314.pyc", O_RDONLY|O_CLOEXEC) = 3
769038 newfstatat(AT_FDCWD, "/home/firstmate/.no-mistakes/worktrees/8352e211db7e/01M4F29HK4JCAKXEQ2F50R6HHX/bin", {st_mode=S_IFDIR|0775, st_size=12288, ...}, 0) = 0
769038 newfstatat(AT_FDCWD, "/usr/lib/python3.14", {st_mode=S_IFDIR|0755, st_size=20480, ...}, 0) = 0
769038 newfstatat(AT_FDCWD, "/usr/lib/python3.14/lib-dynload", {st_mode=S_IFDIR|0755, st_size=16384, ...}, 0) = 0
769038 newfstatat(AT_FDCWD, "/usr/lib/python3.14/lib-dynload/_hmac.cpython-314-x86_64-linux-gnu.so", {st_mode=S_IFREG|0644, st_size=151584, ...}, 0) = 0
769038 openat(AT_FDCWD, "/usr/lib/python3.14/lib-dynload/_hmac.cpython-314-x86_64-linux-gnu.so", O_RDONLY|O_CLOEXEC) = 3
769038 newfstatat(AT_FDCWD, "/home/firstmate/.no-mistakes/worktrees/8352e211db7e/01M4F29HK4JCAKXEQ2F50R6HHX/bin", {st_mode=S_IFDIR|0775, st_size=12288, ...}, 0) = 0
769038 newfstatat(AT_FDCWD, "/usr/lib/python3.14", {st_mode=S_IFDIR|0755, st_size=20480, ...}, 0) = 0
769038 newfstatat(AT_FDCWD, "/usr/lib/python3.14/random.py", {st_mode=S_IFREG|0644, st_size=37259, ...}, 0) = 0
769038 newfstatat(AT_FDCWD, "/usr/lib/python3.14/random.py", {st_mode=S_IFREG|0644, st_size=37259, ...}, 0) = 0
769038 openat(AT_FDCWD, "/usr/lib/python3.14/__pycache__/random.cpython-314.pyc", O_RDONLY|O_CLOEXEC) = 3
769038 newfstatat(AT_FDCWD, "/home/firstmate/.no-mistakes/worktrees/8352e211db7e/01M4F29HK4JCAKXEQ2F50R6HHX/bin", {st_mode=S_IFDIR|0775, st_size=12288, ...}, 0) = 0
769038 newfstatat(AT_FDCWD, "/usr/lib/python3.14", {st_mode=S_IFDIR|0755, st_size=20480, ...}, 0) = 0
769038 newfstatat(AT_FDCWD, "/usr/lib/python3.14/bisect.py", {st_mode=S_IFREG|0644, st_size=3423, ...}, 0) = 0
769038 newfstatat(AT_FDCWD, "/usr/lib/python3.14/bisect.py", {st_mode=S_IFREG|0644, st_size=3423, ...}, 0) = 0
769038 openat(AT_FDCWD, "/usr/lib/python3.14/__pycache__/bisect.cpython-314.pyc", O_RDONLY|O_CLOEXEC) = 3
769038 newfstatat(AT_FDCWD, "/home/firstmate/.no-mistakes/worktrees/8352e211db7e/01M4F29HK4JCAKXEQ2F50R6HHX/bin", {st_mode=S_IFDIR|0775, st_size=12288, ...}, 0) = 0
769038 newfstatat(AT_FDCWD, "/usr/lib/python3.14", {st_mode=S_IFDIR|0755, st_size=20480, ...}, 0) = 0
769038 newfstatat(AT_FDCWD, "/usr/lib/python3.14/subprocess.py", {st_mode=S_IFREG|0644, st_size=90732, ...}, 0) = 0
769038 newfstatat(AT_FDCWD, "/usr/lib/python3.14/subprocess.py", {st_mode=S_IFREG|0644, st_size=90732, ...}, 0) = 0
769038 openat(AT_FDCWD, "/usr/lib/python3.14/__pycache__/subprocess.cpython-314.pyc", O_RDONLY|O_CLOEXEC) = 3
769038 newfstatat(AT_FDCWD, "/home/firstmate/.no-mistakes/worktrees/8352e211db7e/01M4F29HK4JCAKXEQ2F50R6HHX/bin", {st_mode=S_IFDIR|0775, st_size=12288, ...}, 0) = 0
769038 newfstatat(AT_FDCWD, "/usr/lib/python3.14", {st_mode=S_IFDIR|0755, st_size=20480, ...}, 0) = 0
769038 newfstatat(AT_FDCWD, "/usr/lib/python3.14/locale.py", {st_mode=S_IFREG|0644, st_size=79129, ...}, 0) = 0
769038 newfstatat(AT_FDCWD, "/usr/lib/python3.14/locale.py", {st_mode=S_IFREG|0644, st_size=79129, ...}, 0) = 0
769038 openat(AT_FDCWD, "/usr/lib/python3.14/__pycache__/locale.cpython-314.pyc", O_RDONLY|O_CLOEXEC) = 3
769038 newfstatat(AT_FDCWD, "/home/firstmate/.no-mistakes/worktrees/8352e211db7e/01M4F29HK4JCAKXEQ2F50R6HHX/bin", {st_mode=S_IFDIR|0775, st_size=12288, ...}, 0) = 0
769038 newfstatat(AT_FDCWD, "/usr/lib/python3.14", {st_mode=S_IFDIR|0755, st_size=20480, ...}, 0) = 0
769038 newfstatat(AT_FDCWD, "/usr/lib/python3.14/signal.py", {st_mode=S_IFREG|0644, st_size=2495, ...}, 0) = 0
769038 newfstatat(AT_FDCWD, "/usr/lib/python3.14/signal.py", {st_mode=S_IFREG|0644, st_size=2495, ...}, 0) = 0
769038 openat(AT_FDCWD, "/usr/lib/python3.14/__pycache__/signal.cpython-314.pyc", O_RDONLY|O_CLOEXEC) = 3
769038 newfstatat(AT_FDCWD, "/home/firstmate/.no-mistakes/worktrees/8352e211db7e/01M4F29HK4JCAKXEQ2F50R6HHX/bin", {st_mode=S_IFDIR|0775, st_size=12288, ...}, 0) = 0
769038 newfstatat(AT_FDCWD, "/usr/lib/python3.14", {st_mode=S_IFDIR|0755, st_size=20480, ...}, 0) = 0
769038 newfstatat(AT_FDCWD, "/usr/lib/python3.14/threading.py", {st_mode=S_IFREG|0644, st_size=56923, ...}, 0) = 0
769038 newfstatat(AT_FDCWD, "/usr/lib/python3.14/threading.py", {st_mode=S_IFREG|0644, st_size=56923, ...}, 0) = 0
769038 openat(AT_FDCWD, "/usr/lib/python3.14/__pycache__/threading.cpython-314.pyc", O_RDONLY|O_CLOEXEC) = 3
769038 newfstatat(AT_FDCWD, "/home/firstmate/.no-mistakes/worktrees/8352e211db7e/01M4F29HK4JCAKXEQ2F50R6HHX/bin", {st_mode=S_IFDIR|0775, st_size=12288, ...}, 0) = 0
769038 newfstatat(AT_FDCWD, "/usr/lib/python3.14", {st_mode=S_IFDIR|0755, st_size=20480, ...}, 0) = 0
769038 newfstatat(AT_FDCWD, "/usr/lib/python3.14/_weakrefset.py", {st_mode=S_IFREG|0644, st_size=3962, ...}, 0) = 0
769038 newfstatat(AT_FDCWD, "/usr/lib/python3.14/_weakrefset.py", {st_mode=S_IFREG|0644, st_size=3962, ...}, 0) = 0
769038 openat(AT_FDCWD, "/usr/lib/python3.14/__pycache__/_weakrefset.cpython-314.pyc", O_RDONLY|O_CLOEXEC) = 3
769038 newfstatat(AT_FDCWD, "/home/firstmate/.no-mistakes/worktrees/8352e211db7e/01M4F29HK4JCAKXEQ2F50R6HHX/bin", {st_mode=S_IFDIR|0775, st_size=12288, ...}, 0) = 0
769038 newfstatat(AT_FDCWD, "/usr/lib/python3.14", {st_mode=S_IFDIR|0755, st_size=20480, ...}, 0) = 0
769038 newfstatat(AT_FDCWD, "/usr/lib/python3.14/warnings.py", {st_mode=S_IFREG|0644, st_size=1966, ...}, 0) = 0
769038 newfstatat(AT_FDCWD, "/usr/lib/python3.14/warnings.py", {st_mode=S_IFREG|0644, st_size=1966, ...}, 0) = 0
769038 openat(AT_FDCWD, "/usr/lib/python3.14/__pycache__/warnings.cpython-314.pyc", O_RDONLY|O_CLOEXEC) = 3
769038 newfstatat(AT_FDCWD, "/home/firstmate/.no-mistakes/worktrees/8352e211db7e/01M4F29HK4JCAKXEQ2F50R6HHX/bin", {st_mode=S_IFDIR|0775, st_size=12288, ...}, 0) = 0
769038 newfstatat(AT_FDCWD, "/usr/lib/python3.14", {st_mode=S_IFDIR|0755, st_size=20480, ...}, 0) = 0
769038 newfstatat(AT_FDCWD, "/usr/lib/python3.14/_py_warnings.py", {st_mode=S_IFREG|0644, st_size=30631, ...}, 0) = 0
769038 newfstatat(AT_FDCWD, "/usr/lib/python3.14/_py_warnings.py", {st_mode=S_IFREG|0644, st_size=30631, ...}, 0) = 0
769038 openat(AT_FDCWD, "/usr/lib/python3.14/__pycache__/_py_warnings.cpython-314.pyc", O_RDONLY|O_CLOEXEC) = 3
769038 newfstatat(AT_FDCWD, "/home/firstmate/.no-mistakes/worktrees/8352e211db7e/01M4F29HK4JCAKXEQ2F50R6HHX/bin", {st_mode=S_IFDIR|0775, st_size=12288, ...}, 0) = 0
769038 newfstatat(AT_FDCWD, "/usr/lib/python3.14", {st_mode=S_IFDIR|0755, st_size=20480, ...}, 0) = 0
769038 newfstatat(AT_FDCWD, "/usr/lib/python3.14/lib-dynload", {st_mode=S_IFDIR|0755, st_size=16384, ...}, 0) = 0
769038 newfstatat(AT_FDCWD, "/home/firstmate/.local/lib/python3.14/site-packages", {st_mode=S_IFDIR|0775, st_size=4096, ...}, 0) = 0
769038 newfstatat(AT_FDCWD, "/usr/local/lib/python3.14/dist-packages", {st_mode=S_IFDIR|0755, st_size=4096, ...}, 0) = 0
769038 newfstatat(AT_FDCWD, "/usr/lib/python3/dist-packages", {st_mode=S_IFDIR|0755, st_size=12288, ...}, 0) = 0
769038 newfstatat(AT_FDCWD, "/home/firstmate/.no-mistakes/worktrees/8352e211db7e/01M4F29HK4JCAKXEQ2F50R6HHX/bin", {st_mode=S_IFDIR|0775, st_size=12288, ...}, 0) = 0
769038 newfstatat(AT_FDCWD, "/usr/lib/python3.14", {st_mode=S_IFDIR|0755, st_size=20480, ...}, 0) = 0
769038 newfstatat(AT_FDCWD, "/usr/lib/python3.14/selectors.py", {st_mode=S_IFREG|0644, st_size=19457, ...}, 0) = 0
769038 newfstatat(AT_FDCWD, "/usr/lib/python3.14/selectors.py", {st_mode=S_IFREG|0644, st_size=19457, ...}, 0) = 0
769038 openat(AT_FDCWD, "/usr/lib/python3.14/__pycache__/selectors.cpython-314.pyc", O_RDONLY|O_CLOEXEC) = 3
769038 newfstatat(AT_FDCWD, "/home/firstmate/.no-mistakes/worktrees/8352e211db7e/01M4F29HK4JCAKXEQ2F50R6HHX/.test-tmp/boundary/home/.voice-conversation-lab", 0x7fffefc43d30, 0) = -1 ENOENT (No such file or directory)
769038 openat(AT_FDCWD, "/home/firstmate/.no-mistakes/worktrees/8352e211db7e/01M4F29HK4JCAKXEQ2F50R6HHX/.test-tmp/boundary/home/state/voice-conversation/policy.json", O_RDONLY|O_CLOEXEC) = 3
769038 openat(AT_FDCWD, "/home/firstmate/.no-mistakes/worktrees/8352e211db7e/01M4F29HK4JCAKXEQ2F50R6HHX/.test-tmp/boundary/home/state/voice-conversation/lock", O_WRONLY|O_CREAT|O_NOFOLLOW|O_CLOEXEC, 0600) = 3
769038 newfstatat(AT_FDCWD, "/home/firstmate/.no-mistakes/worktrees/8352e211db7e/01M4F29HK4JCAKXEQ2F50R6HHX/.test-tmp/boundary/home/state/voice-conversation/journal.json", {st_mode=S_IFREG|0600, st_size=3093, ...}, 0) = 0
769038 openat(AT_FDCWD, "/home/firstmate/.no-mistakes/worktrees/8352e211db7e/01M4F29HK4JCAKXEQ2F50R6HHX/.test-tmp/boundary/home/state/voice-conversation/journal.json", O_RDONLY|O_CLOEXEC) = 4
769038 openat(AT_FDCWD, "/home/firstmate/.no-mistakes/worktrees/8352e211db7e/01M4F29HK4JCAKXEQ2F50R6HHX/.test-tmp/boundary/home/state/inbox/", O_RDONLY|O_NONBLOCK|O_CLOEXEC|O_DIRECTORY) = 4
769038 openat(AT_FDCWD, "/home/firstmate/.no-mistakes/worktrees/8352e211db7e/01M4F29HK4JCAKXEQ2F50R6HHX/.test-tmp/boundary/home/state/inbox/vc-85b63a3369778e7c4339db9438ec0f532e7facc6fb3ce602eab0fc8983838dbd.note", O_RDONLY|O_CLOEXEC) = 4
769038 openat(AT_FDCWD, "/home/firstmate/.no-mistakes/worktrees/8352e211db7e/01M4F29HK4JCAKXEQ2F50R6HHX/.test-tmp/boundary/home/state/inbox/handled/", O_RDONLY|O_NONBLOCK|O_CLOEXEC|O_DIRECTORY) = 4
769038 openat(AT_FDCWD, "/home/firstmate/.no-mistakes/worktrees/8352e211db7e/01M4F29HK4JCAKXEQ2F50R6HHX/.test-tmp/boundary/home/state/inbox/handled/vc-72fcee7d40e2626eb6bcb0284ad62c4465312ee139309aa2a4c12c917b8650a2.note", O_RDONLY|O_CLOEXEC) = 4
769038 newfstatat(AT_FDCWD, "/home/firstmate/.no-mistakes/worktrees/8352e211db7e/01M4F29HK4JCAKXEQ2F50R6HHX/.test-tmp/boundary/home/state/inbox/vc-72fcee7d40e2626eb6bcb0284ad62c4465312ee139309aa2a4c12c917b8650a2.note", 0x7fffefc43d50, 0) = -1 ENOENT (No such file or directory)
769038 newfstatat(AT_FDCWD, "/home/firstmate/.no-mistakes/worktrees/8352e211db7e/01M4F29HK4JCAKXEQ2F50R6HHX/.test-tmp/boundary/home/state/inbox/handled/vc-72fcee7d40e2626eb6bcb0284ad62c4465312ee139309aa2a4c12c917b8650a2.note", {st_mode=S_IFREG|0600, st_size=399, ...}, 0) = 0
769038 newfstatat(AT_FDCWD, "/home/firstmate/.no-mistakes/worktrees/8352e211db7e/01M4F29HK4JCAKXEQ2F50R6HHX/.test-tmp/boundary/home/state/inbox/vc-72fcee7d40e2626eb6bcb0284ad62c4465312ee139309aa2a4c12c917b8650a2.note", 0x7fffefc43d50, 0) = -1 ENOENT (No such file or directory)
769038 newfstatat(AT_FDCWD, "/home/firstmate/.no-mistakes/worktrees/8352e211db7e/01M4F29HK4JCAKXEQ2F50R6HHX/.test-tmp/boundary/home/state/inbox/vc-85b63a3369778e7c4339db9438ec0f532e7facc6fb3ce602eab0fc8983838dbd.note", {st_mode=S_IFREG|0600, st_size=419, ...}, 0) = 0
769038 newfstatat(AT_FDCWD, "/home/firstmate/.no-mistakes/worktrees/8352e211db7e/01M4F29HK4JCAKXEQ2F50R6HHX/.test-tmp/boundary/home/state/inbox/vc-85b63a3369778e7c4339db9438ec0f532e7facc6fb3ce602eab0fc8983838dbd.note", {st_mode=S_IFREG|0600, st_size=419, ...}, 0) = 0
769038 newfstatat(AT_FDCWD, "/home/firstmate/.no-mistakes/worktrees/8352e211db7e/01M4F29HK4JCAKXEQ2F50R6HHX/.test-tmp/boundary/home/state/inbox/vc-72fcee7d40e2626eb6bcb0284ad62c4465312ee139309aa2a4c12c917b8650a2.note", 0x7fffefc44210, 0) = -1 ENOENT (No such file or directory)
769038 openat(AT_FDCWD, "/home/firstmate/.no-mistakes/worktrees/8352e211db7e/01M4F29HK4JCAKXEQ2F50R6HHX/.test-tmp/boundary/home/state/inbox/handled/vc-72fcee7d40e2626eb6bcb0284ad62c4465312ee139309aa2a4c12c917b8650a2.note", O_RDONLY|O_CLOEXEC) = 4
769038 newfstatat(AT_FDCWD, "/home/firstmate/.no-mistakes/worktrees/8352e211db7e/01M4F29HK4JCAKXEQ2F50R6HHX/.test-tmp/boundary/home/state/inbox/vc-85b63a3369778e7c4339db9438ec0f532e7facc6fb3ce602eab0fc8983838dbd.note", {st_mode=S_IFREG|0600, st_size=419, ...}, 0) = 0
769038 openat(AT_FDCWD, "/home/firstmate/.no-mistakes/worktrees/8352e211db7e/01M4F29HK4JCAKXEQ2F50R6HHX/.test-tmp/boundary/home/state/inbox/vc-85b63a3369778e7c4339db9438ec0f532e7facc6fb3ce602eab0fc8983838dbd.note", O_RDONLY|O_CLOEXEC) = 4
769038 +++ exited with 0 +++
767354 --- SIGCHLD {si_signo=SIGCHLD, si_code=CLD_EXITED, si_pid=769038, si_uid=0, si_status=0, si_utime=12 /* 0.12 s */, si_stime=6 /* 0.06 s */} ---
767354 openat(AT_FDCWD, "/home/firstmate/.no-mistakes/worktrees/8352e211db7e/01M4F29HK4JCAKXEQ2F50R6HHX/.test-tmp/boundary/home/state/courier-pickup/.state.8da6ec844073e3aa", O_WRONLY|O_CREAT|O_EXCL|O_CLOEXEC, 0666) = 4
767354 rename("/home/firstmate/.no-mistakes/worktrees/8352e211db7e/01M4F29HK4JCAKXEQ2F50R6HHX/.test-tmp/boundary/home/state/courier-pickup/.state.8da6ec844073e3aa", "/home/firstmate/.no-mistakes/worktrees/8352e211db7e/01M4F29HK4JCAKXEQ2F50R6HHX/.test-tmp/boundary/home/state/courier-pickup/state.json") = 0
767354 openat(AT_FDCWD, "/home/firstmate/.no-mistakes/worktrees/8352e211db7e/01M4F29HK4JCAKXEQ2F50R6HHX/.test-tmp/boundary/home/state/courier-pickup", O_RDONLY|O_NOFOLLOW|O_CLOEXEC|O_DIRECTORY) = 4
767354 openat(AT_FDCWD, "/home/firstmate/.no-mistakes/worktrees/8352e211db7e/01M4F29HK4JCAKXEQ2F50R6HHX/.test-tmp/boundary/home/state/courier-pickup/.state.53e4b22952f9aa3e", O_WRONLY|O_CREAT|O_EXCL|O_CLOEXEC, 0666) = 4
767354 rename("/home/firstmate/.no-mistakes/worktrees/8352e211db7e/01M4F29HK4JCAKXEQ2F50R6HHX/.test-tmp/boundary/home/state/courier-pickup/.state.53e4b22952f9aa3e", "/home/firstmate/.no-mistakes/worktrees/8352e211db7e/01M4F29HK4JCAKXEQ2F50R6HHX/.test-tmp/boundary/home/state/courier-pickup/state.json") = 0
767354 openat(AT_FDCWD, "/home/firstmate/.no-mistakes/worktrees/8352e211db7e/01M4F29HK4JCAKXEQ2F50R6HHX/.test-tmp/boundary/home/state/courier-pickup", O_RDONLY|O_NOFOLLOW|O_CLOEXEC|O_DIRECTORY) = 4
767354 openat(AT_FDCWD, "/home/firstmate/.no-mistakes/worktrees/8352e211db7e/01M4F29HK4JCAKXEQ2F50R6HHX/.test-tmp/boundary/courier/srv/courier/outbox", O_RDONLY|O_NOFOLLOW|O_CLOEXEC|O_DIRECTORY) = 4
767354 openat(4, ".fm-pickup-f5580a46c4d802948ed2f798a2718814.tmp", O_WRONLY|O_CREAT|O_EXCL|O_NOFOLLOW|O_CLOEXEC, 0640) = 5
767354 renameat(4, ".fm-pickup-f5580a46c4d802948ed2f798a2718814.tmp", 4, "st-000000000003-52a6a681b9528da4.stage.json") = 0
767354 unlinkat(4, ".fm-pickup-f5580a46c4d802948ed2f798a2718814.tmp", 0) = -1 ENOENT (No such file or directory)
767354 openat(AT_FDCWD, "/home/firstmate/.no-mistakes/worktrees/8352e211db7e/01M4F29HK4JCAKXEQ2F50R6HHX/.test-tmp/boundary/home/state/courier-pickup/.state.cf82b17d4dba37ef", O_WRONLY|O_CREAT|O_EXCL|O_CLOEXEC, 0666) = 4
767354 rename("/home/firstmate/.no-mistakes/worktrees/8352e211db7e/01M4F29HK4JCAKXEQ2F50R6HHX/.test-tmp/boundary/home/state/courier-pickup/.state.cf82b17d4dba37ef", "/home/firstmate/.no-mistakes/worktrees/8352e211db7e/01M4F29HK4JCAKXEQ2F50R6HHX/.test-tmp/boundary/home/state/courier-pickup/state.json") = 0
767354 openat(AT_FDCWD, "/home/firstmate/.no-mistakes/worktrees/8352e211db7e/01M4F29HK4JCAKXEQ2F50R6HHX/.test-tmp/boundary/home/state/courier-pickup", O_RDONLY|O_NOFOLLOW|O_CLOEXEC|O_DIRECTORY) = 4
767354 +++ exited with 0 +++
