770076 execve("/usr/bin/python3", ["/usr/bin/python3", "/home/firstmate/.no-mistakes/wor"..., "once"], 0x7ffd96a607b8 /* 50 vars */) = 0
770076 access("/etc/ld.so.preload", R_OK) = -1 ENOENT (No such file or directory)
770076 openat(AT_FDCWD, "/etc/ld.so.cache", O_RDONLY|O_CLOEXEC) = 3
770076 openat(AT_FDCWD, "/usr/lib/x86_64-linux-gnu/libm.so.6", O_RDONLY|O_CLOEXEC) = 3
770076 openat(AT_FDCWD, "/usr/lib/x86_64-linux-gnu/libz.so.1", O_RDONLY|O_CLOEXEC) = 3
770076 openat(AT_FDCWD, "/usr/lib/x86_64-linux-gnu/libexpat.so.1", O_RDONLY|O_CLOEXEC) = 3
770076 openat(AT_FDCWD, "/usr/lib/x86_64-linux-gnu/libc.so.6", O_RDONLY|O_CLOEXEC) = 3
770076 open("/proc/sys/vm/overcommit_memory", O_RDONLY) = 3
770076 openat(AT_FDCWD, "/usr/lib/locale/locale-archive", O_RDONLY|O_CLOEXEC) = 3
770076 openat(AT_FDCWD, "/usr/share/locale/locale.alias", O_RDONLY|O_CLOEXEC) = -1 ENOENT (No such file or directory)
770076 openat(AT_FDCWD, "/usr/lib/locale/C.UTF-8/LC_CTYPE", O_RDONLY|O_CLOEXEC) = -1 ENOENT (No such file or directory)
770076 openat(AT_FDCWD, "/usr/lib/locale/C.utf8/LC_CTYPE", O_RDONLY|O_CLOEXEC) = 3
770076 openat(AT_FDCWD, "/usr/lib/x86_64-linux-gnu/gconv/gconv-modules.cache", O_RDONLY|O_CLOEXEC) = 3
770076 openat(AT_FDCWD, "/proc/self/maps", O_RDONLY|O_CLOEXEC) = 3
770076 openat(AT_FDCWD, "/usr/pyvenv.cfg", O_RDONLY) = -1 ENOENT (No such file or directory)
770076 openat(AT_FDCWD, "/usr/bin/pyvenv.cfg", O_RDONLY) = -1 ENOENT (No such file or directory)
770076 readlink("/usr/bin/python3", "python3.14", 4096) = 10
770076 readlink("/usr/bin/python3.14", 0x7fff45c39f10, 4096) = -1 EINVAL (Invalid argument)
770076 openat(AT_FDCWD, "/usr/bin/python3._pth", O_RDONLY) = -1 ENOENT (No such file or directory)
770076 openat(AT_FDCWD, "/usr/bin/python3.14._pth", O_RDONLY) = -1 ENOENT (No such file or directory)
770076 openat(AT_FDCWD, "/usr/bin/pybuilddir.txt", O_RDONLY) = -1 ENOENT (No such file or directory)
770076 newfstatat(AT_FDCWD, "/usr/bin/Modules/Setup.local", 0x7fff45c3eef0, 0) = -1 ENOENT (No such file or directory)
770076 newfstatat(AT_FDCWD, "/usr/bin/lib/python314.zip", 0x7fff45c3ebd0, 0) = -1 ENOENT (No such file or directory)
770076 newfstatat(AT_FDCWD, "/usr/lib/python314.zip", 0x7fff45c3eef0, 0) = -1 ENOENT (No such file or directory)
770076 newfstatat(AT_FDCWD, "/usr/bin/lib/python3.14/os.py", 0x7fff45c3eef0, 0) = -1 ENOENT (No such file or directory)
770076 newfstatat(AT_FDCWD, "/usr/bin/lib/python3.14/os.pyc", 0x7fff45c3eef0, 0) = -1 ENOENT (No such file or directory)
770076 newfstatat(AT_FDCWD, "/usr/lib/python3.14/os.py", {st_mode=S_IFREG|0644, st_size=41959, ...}, 0) = 0
770076 newfstatat(AT_FDCWD, "/usr/lib/python3.14/lib-dynload", {st_mode=S_IFDIR|0755, st_size=16384, ...}, 0) = 0
770076 newfstatat(AT_FDCWD, "/usr/lib/python3.14/lib-dynload", {st_mode=S_IFDIR|0755, st_size=16384, ...}, 0) = 0
770076 openat(AT_FDCWD, "/etc/localtime", O_RDONLY|O_CLOEXEC) = 3
770076 newfstatat(AT_FDCWD, "/usr/lib/python314.zip", 0x7fff45c3e6b0, 0) = -1 ENOENT (No such file or directory)
770076 newfstatat(AT_FDCWD, "/usr/lib", {st_mode=S_IFDIR|0755, st_size=4096, ...}, 0) = 0
770076 newfstatat(AT_FDCWD, "/usr/lib/python314.zip", 0x7fff45c3eb90, 0) = -1 ENOENT (No such file or directory)
770076 newfstatat(AT_FDCWD, "/usr/lib/python3.14", {st_mode=S_IFDIR|0755, st_size=20480, ...}, 0) = 0
770076 newfstatat(AT_FDCWD, "/usr/lib/python3.14", {st_mode=S_IFDIR|0755, st_size=20480, ...}, 0) = 0
770076 newfstatat(AT_FDCWD, "/usr/lib/python3.14", {st_mode=S_IFDIR|0755, st_size=20480, ...}, 0) = 0
770076 openat(AT_FDCWD, "/usr/lib/python3.14", O_RDONLY|O_NONBLOCK|O_CLOEXEC|O_DIRECTORY) = 3
770076 newfstatat(AT_FDCWD, "/usr/lib/python3.14/encodings/__init__.cpython-314-x86_64-linux-gnu.so", 0x7fff45c3eb90, 0) = -1 ENOENT (No such file or directory)
770076 newfstatat(AT_FDCWD, "/usr/lib/python3.14/encodings/__init__.abi3.so", 0x7fff45c3eb90, 0) = -1 ENOENT (No such file or directory)
770076 newfstatat(AT_FDCWD, "/usr/lib/python3.14/encodings/__init__.abi3-x86_64-linux-gnu.so", 0x7fff45c3eb90, 0) = -1 ENOENT (No such file or directory)
770076 newfstatat(AT_FDCWD, "/usr/lib/python3.14/encodings/__init__.so", 0x7fff45c3eb90, 0) = -1 ENOENT (No such file or directory)
770076 newfstatat(AT_FDCWD, "/usr/lib/python3.14/encodings/__init__.py", {st_mode=S_IFREG|0644, st_size=5945, ...}, 0) = 0
770076 newfstatat(AT_FDCWD, "/usr/lib/python3.14/encodings/__init__.py", {st_mode=S_IFREG|0644, st_size=5945, ...}, 0) = 0
770076 openat(AT_FDCWD, "/usr/lib/python3.14/encodings/__pycache__/__init__.cpython-314.pyc", O_RDONLY|O_CLOEXEC) = 3
770076 newfstatat(AT_FDCWD, "/usr/lib/python3.14/encodings", {st_mode=S_IFDIR|0755, st_size=20480, ...}, 0) = 0
770076 newfstatat(AT_FDCWD, "/usr/lib/python3.14/encodings", {st_mode=S_IFDIR|0755, st_size=20480, ...}, 0) = 0
770076 newfstatat(AT_FDCWD, "/usr/lib/python3.14/encodings", {st_mode=S_IFDIR|0755, st_size=20480, ...}, 0) = 0
770076 openat(AT_FDCWD, "/usr/lib/python3.14/encodings", O_RDONLY|O_NONBLOCK|O_CLOEXEC|O_DIRECTORY) = 3
770076 newfstatat(AT_FDCWD, "/usr/lib/python3.14/encodings/aliases.py", {st_mode=S_IFREG|0644, st_size=15957, ...}, 0) = 0
770076 newfstatat(AT_FDCWD, "/usr/lib/python3.14/encodings/aliases.py", {st_mode=S_IFREG|0644, st_size=15957, ...}, 0) = 0
770076 openat(AT_FDCWD, "/usr/lib/python3.14/encodings/__pycache__/aliases.cpython-314.pyc", O_RDONLY|O_CLOEXEC) = 3
770076 newfstatat(AT_FDCWD, "/usr/lib/python3.14/encodings", {st_mode=S_IFDIR|0755, st_size=20480, ...}, 0) = 0
770076 newfstatat(AT_FDCWD, "/usr/lib/python3.14/encodings/utf_8.py", {st_mode=S_IFREG|0644, st_size=1005, ...}, 0) = 0
770076 newfstatat(AT_FDCWD, "/usr/lib/python3.14/encodings/utf_8.py", {st_mode=S_IFREG|0644, st_size=1005, ...}, 0) = 0
770076 openat(AT_FDCWD, "/usr/lib/python3.14/encodings/__pycache__/utf_8.cpython-314.pyc", O_RDONLY|O_CLOEXEC) = 3
770076 newfstatat(AT_FDCWD, "/usr/bin/pyvenv.cfg", 0x7fff45c3e3f0, 0) = -1 ENOENT (No such file or directory)
770076 newfstatat(AT_FDCWD, "/usr/pyvenv.cfg", 0x7fff45c3e410, 0) = -1 ENOENT (No such file or directory)
770076 newfstatat(AT_FDCWD, "/home/firstmate/.local/lib/python3.14/site-packages", {st_mode=S_IFDIR|0775, st_size=4096, ...}, 0) = 0
770076 openat(AT_FDCWD, "/home/firstmate/.local/lib/python3.14/site-packages", O_RDONLY|O_NONBLOCK|O_CLOEXEC|O_DIRECTORY) = 3
770076 newfstatat(AT_FDCWD, "/usr/local/lib/python3.14/dist-packages", {st_mode=S_IFDIR|0755, st_size=4096, ...}, 0) = 0
770076 openat(AT_FDCWD, "/usr/local/lib/python3.14/dist-packages", O_RDONLY|O_NONBLOCK|O_CLOEXEC|O_DIRECTORY) = 3
770076 newfstatat(AT_FDCWD, "/usr/lib/python3/dist-packages", {st_mode=S_IFDIR|0755, st_size=12288, ...}, 0) = 0
770076 openat(AT_FDCWD, "/usr/lib/python3/dist-packages", O_RDONLY|O_NONBLOCK|O_CLOEXEC|O_DIRECTORY) = 3
770076 newfstatat(AT_FDCWD, "/usr/lib/python3/dist-packages/distutils-precedence.pth", {st_mode=S_IFREG|0644, st_size=151, ...}, AT_SYMLINK_NOFOLLOW) = 0
770076 openat(AT_FDCWD, "/usr/lib/python3/dist-packages/distutils-precedence.pth", O_RDONLY|O_CLOEXEC) = 3
770076 newfstatat(AT_FDCWD, "/usr/lib/python3.14/encodings", {st_mode=S_IFDIR|0755, st_size=20480, ...}, 0) = 0
770076 newfstatat(AT_FDCWD, "/usr/lib/python3.14/encodings/utf_8_sig.py", {st_mode=S_IFREG|0644, st_size=4133, ...}, 0) = 0
770076 newfstatat(AT_FDCWD, "/usr/lib/python3.14/encodings/utf_8_sig.py", {st_mode=S_IFREG|0644, st_size=4133, ...}, 0) = 0
770076 openat(AT_FDCWD, "/usr/lib/python3.14/encodings/__pycache__/utf_8_sig.cpython-314.pyc", O_RDONLY|O_CLOEXEC) = 3
770076 newfstatat(AT_FDCWD, "/usr/lib/python3.14", {st_mode=S_IFDIR|0755, st_size=20480, ...}, 0) = 0
770076 newfstatat(AT_FDCWD, "/usr/lib/python3.14/lib-dynload", {st_mode=S_IFDIR|0755, st_size=16384, ...}, 0) = 0
770076 newfstatat(AT_FDCWD, "/usr/lib/python3.14/lib-dynload", {st_mode=S_IFDIR|0755, st_size=16384, ...}, 0) = 0
770076 newfstatat(AT_FDCWD, "/usr/lib/python3.14/lib-dynload", {st_mode=S_IFDIR|0755, st_size=16384, ...}, 0) = 0
770076 openat(AT_FDCWD, "/usr/lib/python3.14/lib-dynload", O_RDONLY|O_NONBLOCK|O_CLOEXEC|O_DIRECTORY) = 3
770076 newfstatat(AT_FDCWD, "/home/firstmate/.local/lib/python3.14/site-packages", {st_mode=S_IFDIR|0775, st_size=4096, ...}, 0) = 0
770076 newfstatat(AT_FDCWD, "/home/firstmate/.local/lib/python3.14/site-packages", {st_mode=S_IFDIR|0775, st_size=4096, ...}, 0) = 0
770076 newfstatat(AT_FDCWD, "/home/firstmate/.local/lib/python3.14/site-packages", {st_mode=S_IFDIR|0775, st_size=4096, ...}, 0) = 0
770076 openat(AT_FDCWD, "/home/firstmate/.local/lib/python3.14/site-packages", O_RDONLY|O_NONBLOCK|O_CLOEXEC|O_DIRECTORY) = 3
770076 newfstatat(AT_FDCWD, "/usr/local/lib/python3.14/dist-packages", {st_mode=S_IFDIR|0755, st_size=4096, ...}, 0) = 0
770076 newfstatat(AT_FDCWD, "/usr/local/lib/python3.14/dist-packages", {st_mode=S_IFDIR|0755, st_size=4096, ...}, 0) = 0
770076 newfstatat(AT_FDCWD, "/usr/local/lib/python3.14/dist-packages", {st_mode=S_IFDIR|0755, st_size=4096, ...}, 0) = 0
770076 openat(AT_FDCWD, "/usr/local/lib/python3.14/dist-packages", O_RDONLY|O_NONBLOCK|O_CLOEXEC|O_DIRECTORY) = 3
770076 newfstatat(AT_FDCWD, "/usr/lib/python3/dist-packages", {st_mode=S_IFDIR|0755, st_size=12288, ...}, 0) = 0
770076 newfstatat(AT_FDCWD, "/usr/lib/python3/dist-packages", {st_mode=S_IFDIR|0755, st_size=12288, ...}, 0) = 0
770076 newfstatat(AT_FDCWD, "/usr/lib/python3/dist-packages", {st_mode=S_IFDIR|0755, st_size=12288, ...}, 0) = 0
770076 openat(AT_FDCWD, "/usr/lib/python3/dist-packages", O_RDONLY|O_NONBLOCK|O_CLOEXEC|O_DIRECTORY) = 3
770076 newfstatat(AT_FDCWD, "/usr/lib/python3/dist-packages/_distutils_hack/__init__.cpython-314-x86_64-linux-gnu.so", 0x7fff45c3dba0, 0) = -1 ENOENT (No such file or directory)
770076 newfstatat(AT_FDCWD, "/usr/lib/python3/dist-packages/_distutils_hack/__init__.abi3.so", 0x7fff45c3dba0, 0) = -1 ENOENT (No such file or directory)
770076 newfstatat(AT_FDCWD, "/usr/lib/python3/dist-packages/_distutils_hack/__init__.abi3-x86_64-linux-gnu.so", 0x7fff45c3dba0, 0) = -1 ENOENT (No such file or directory)
770076 newfstatat(AT_FDCWD, "/usr/lib/python3/dist-packages/_distutils_hack/__init__.so", 0x7fff45c3dba0, 0) = -1 ENOENT (No such file or directory)
770076 newfstatat(AT_FDCWD, "/usr/lib/python3/dist-packages/_distutils_hack/__init__.py", {st_mode=S_IFREG|0644, st_size=6755, ...}, 0) = 0
770076 newfstatat(AT_FDCWD, "/usr/lib/python3/dist-packages/_distutils_hack/__init__.py", {st_mode=S_IFREG|0644, st_size=6755, ...}, 0) = 0
770076 openat(AT_FDCWD, "/usr/lib/python3/dist-packages/_distutils_hack/__pycache__/__init__.cpython-314.pyc", O_RDONLY|O_CLOEXEC) = 3
770076 newfstatat(AT_FDCWD, "/usr/lib/python3.14/dist-packages", 0x7fff45c3e760, 0) = -1 ENOENT (No such file or directory)
770076 newfstatat(AT_FDCWD, "/usr/lib/python3.14", {st_mode=S_IFDIR|0755, st_size=20480, ...}, 0) = 0
770076 newfstatat(AT_FDCWD, "/usr/lib/python3.14/sitecustomize.py", {st_mode=S_IFREG|0644, st_size=155, ...}, 0) = 0
770076 newfstatat(AT_FDCWD, "/usr/lib/python3.14/sitecustomize.py", {st_mode=S_IFREG|0644, st_size=155, ...}, 0) = 0
770076 openat(AT_FDCWD, "/usr/lib/python3.14/__pycache__/sitecustomize.cpython-314.pyc", O_RDONLY|O_CLOEXEC) = 3
770076 newfstatat(AT_FDCWD, "/usr/lib/python3.14", {st_mode=S_IFDIR|0755, st_size=20480, ...}, 0) = 0
770076 newfstatat(AT_FDCWD, "/usr/lib/python3.14/lib-dynload", {st_mode=S_IFDIR|0755, st_size=16384, ...}, 0) = 0
770076 newfstatat(AT_FDCWD, "/home/firstmate/.local/lib/python3.14/site-packages", {st_mode=S_IFDIR|0775, st_size=4096, ...}, 0) = 0
770076 newfstatat(AT_FDCWD, "/usr/local/lib/python3.14/dist-packages", {st_mode=S_IFDIR|0755, st_size=4096, ...}, 0) = 0
770076 newfstatat(AT_FDCWD, "/usr/lib/python3/dist-packages", {st_mode=S_IFDIR|0755, st_size=12288, ...}, 0) = 0
770076 newfstatat(AT_FDCWD, "/usr/lib/python3/dist-packages/apport_python_hook.py", {st_mode=S_IFREG|0644, st_size=8896, ...}, 0) = 0
770076 newfstatat(AT_FDCWD, "/usr/lib/python3/dist-packages/apport_python_hook.py", {st_mode=S_IFREG|0644, st_size=8896, ...}, 0) = 0
770076 openat(AT_FDCWD, "/usr/lib/python3/dist-packages/__pycache__/apport_python_hook.cpython-314.pyc", O_RDONLY|O_CLOEXEC) = 3
770076 newfstatat(AT_FDCWD, "/usr/lib/python3.14", {st_mode=S_IFDIR|0755, st_size=20480, ...}, 0) = 0
770076 newfstatat(AT_FDCWD, "/usr/lib/python3.14/types.py", {st_mode=S_IFREG|0644, st_size=11459, ...}, 0) = 0
770076 newfstatat(AT_FDCWD, "/usr/lib/python3.14/types.py", {st_mode=S_IFREG|0644, st_size=11459, ...}, 0) = 0
770076 openat(AT_FDCWD, "/usr/lib/python3.14/__pycache__/types.cpython-314.pyc", O_RDONLY|O_CLOEXEC) = 3
770076 newfstatat(AT_FDCWD, "/usr/lib/python3.14", {st_mode=S_IFDIR|0755, st_size=20480, ...}, 0) = 0
770076 newfstatat(AT_FDCWD, "/usr/lib/python3.14/lib-dynload", {st_mode=S_IFDIR|0755, st_size=16384, ...}, 0) = 0
770076 newfstatat(AT_FDCWD, "/home/firstmate/.local/lib/python3.14/site-packages", {st_mode=S_IFDIR|0775, st_size=4096, ...}, 0) = 0
770076 newfstatat(AT_FDCWD, "/usr/local/lib/python3.14/dist-packages", {st_mode=S_IFDIR|0755, st_size=4096, ...}, 0) = 0
770076 newfstatat(AT_FDCWD, "/usr/lib/python3/dist-packages", {st_mode=S_IFDIR|0755, st_size=12288, ...}, 0) = 0
770076 newfstatat(AT_FDCWD, "/home/firstmate/.no-mistakes/worktrees/8352e211db7e/01M4F29HK4JCAKXEQ2F50R6HHX/bin/fm-courier-pickup.py", {st_mode=S_IFREG|0775, st_size=30953, ...}, 0) = 0
770076 openat(AT_FDCWD, "/home/firstmate/.no-mistakes/worktrees/8352e211db7e/01M4F29HK4JCAKXEQ2F50R6HHX/bin/fm-courier-pickup.py", O_RDONLY|O_CLOEXEC) = 3
770076 newfstatat(AT_FDCWD, "/home/firstmate/.no-mistakes/worktrees/8352e211db7e/01M4F29HK4JCAKXEQ2F50R6HHX/bin/fm-courier-pickup.py", {st_mode=S_IFREG|0775, st_size=30953, ...}, 0) = 0
770076 readlink("/home/firstmate/.no-mistakes/worktrees/8352e211db7e/01M4F29HK4JCAKXEQ2F50R6HHX/bin/fm-courier-pickup.py", 0x7fff45c2d770, 4096) = -1 EINVAL (Invalid argument)
770076 readlink("/home", 0x7fff45c2e350, 1023) = -1 EINVAL (Invalid argument)
770076 readlink("/home/firstmate", 0x7fff45c2e350, 1023) = -1 EINVAL (Invalid argument)
770076 readlink("/home/firstmate/.no-mistakes", 0x7fff45c2e350, 1023) = -1 EINVAL (Invalid argument)
770076 readlink("/home/firstmate/.no-mistakes/worktrees", 0x7fff45c2e350, 1023) = -1 EINVAL (Invalid argument)
770076 readlink("/home/firstmate/.no-mistakes/worktrees/8352e211db7e", 0x7fff45c2e350, 1023) = -1 EINVAL (Invalid argument)
770076 readlink("/home/firstmate/.no-mistakes/worktrees/8352e211db7e/01M4F29HK4JCAKXEQ2F50R6HHX", 0x7fff45c2e350, 1023) = -1 EINVAL (Invalid argument)
770076 readlink("/home/firstmate/.no-mistakes/worktrees/8352e211db7e/01M4F29HK4JCAKXEQ2F50R6HHX/bin", 0x7fff45c2e350, 1023) = -1 EINVAL (Invalid argument)
770076 readlink("/home/firstmate/.no-mistakes/worktrees/8352e211db7e/01M4F29HK4JCAKXEQ2F50R6HHX/bin/fm-courier-pickup.py", 0x7fff45c2e350, 1023) = -1 EINVAL (Invalid argument)
770076 openat(AT_FDCWD, "/home/firstmate/.no-mistakes/worktrees/8352e211db7e/01M4F29HK4JCAKXEQ2F50R6HHX/bin/fm-courier-pickup.py", O_RDONLY) = 3
770076 newfstatat(AT_FDCWD, "/home/firstmate/.no-mistakes/worktrees/8352e211db7e/01M4F29HK4JCAKXEQ2F50R6HHX/bin", {st_mode=S_IFDIR|0775, st_size=12288, ...}, 0) = 0
770076 newfstatat(AT_FDCWD, "/home/firstmate/.no-mistakes/worktrees/8352e211db7e/01M4F29HK4JCAKXEQ2F50R6HHX/bin", {st_mode=S_IFDIR|0775, st_size=12288, ...}, 0) = 0
770076 newfstatat(AT_FDCWD, "/home/firstmate/.no-mistakes/worktrees/8352e211db7e/01M4F29HK4JCAKXEQ2F50R6HHX/bin", {st_mode=S_IFDIR|0775, st_size=12288, ...}, 0) = 0
770076 openat(AT_FDCWD, "/home/firstmate/.no-mistakes/worktrees/8352e211db7e/01M4F29HK4JCAKXEQ2F50R6HHX/bin", O_RDONLY|O_NONBLOCK|O_CLOEXEC|O_DIRECTORY) = 3
770076 newfstatat(AT_FDCWD, "/usr/lib/python3.14", {st_mode=S_IFDIR|0755, st_size=20480, ...}, 0) = 0
770076 newfstatat(AT_FDCWD, "/usr/lib/python3.14/calendar.py", {st_mode=S_IFREG|0644, st_size=29863, ...}, 0) = 0
770076 newfstatat(AT_FDCWD, "/usr/lib/python3.14/calendar.py", {st_mode=S_IFREG|0644, st_size=29863, ...}, 0) = 0
770076 openat(AT_FDCWD, "/usr/lib/python3.14/__pycache__/calendar.cpython-314.pyc", O_RDONLY|O_CLOEXEC) = 3
770076 newfstatat(AT_FDCWD, "/home/firstmate/.no-mistakes/worktrees/8352e211db7e/01M4F29HK4JCAKXEQ2F50R6HHX/bin", {st_mode=S_IFDIR|0775, st_size=12288, ...}, 0) = 0
770076 newfstatat(AT_FDCWD, "/usr/lib/python3.14", {st_mode=S_IFDIR|0755, st_size=20480, ...}, 0) = 0
770076 newfstatat(AT_FDCWD, "/usr/lib/python3.14/datetime.py", {st_mode=S_IFREG|0644, st_size=331, ...}, 0) = 0
770076 newfstatat(AT_FDCWD, "/usr/lib/python3.14/datetime.py", {st_mode=S_IFREG|0644, st_size=331, ...}, 0) = 0
770076 openat(AT_FDCWD, "/usr/lib/python3.14/__pycache__/datetime.cpython-314.pyc", O_RDONLY|O_CLOEXEC) = 3
770076 newfstatat(AT_FDCWD, "/home/firstmate/.no-mistakes/worktrees/8352e211db7e/01M4F29HK4JCAKXEQ2F50R6HHX/bin", {st_mode=S_IFDIR|0775, st_size=12288, ...}, 0) = 0
770076 newfstatat(AT_FDCWD, "/usr/lib/python3.14", {st_mode=S_IFDIR|0755, st_size=20480, ...}, 0) = 0
770076 newfstatat(AT_FDCWD, "/usr/lib/python3.14/enum.py", {st_mode=S_IFREG|0644, st_size=85442, ...}, 0) = 0
770076 newfstatat(AT_FDCWD, "/usr/lib/python3.14/enum.py", {st_mode=S_IFREG|0644, st_size=85442, ...}, 0) = 0
770076 openat(AT_FDCWD, "/usr/lib/python3.14/__pycache__/enum.cpython-314.pyc", O_RDONLY|O_CLOEXEC) = 3
770076 newfstatat(AT_FDCWD, "/home/firstmate/.no-mistakes/worktrees/8352e211db7e/01M4F29HK4JCAKXEQ2F50R6HHX/bin", {st_mode=S_IFDIR|0775, st_size=12288, ...}, 0) = 0
770076 newfstatat(AT_FDCWD, "/usr/lib/python3.14", {st_mode=S_IFDIR|0755, st_size=20480, ...}, 0) = 0
770076 newfstatat(AT_FDCWD, "/usr/lib/python3.14/locale.py", {st_mode=S_IFREG|0644, st_size=79129, ...}, 0) = 0
770076 newfstatat(AT_FDCWD, "/usr/lib/python3.14/locale.py", {st_mode=S_IFREG|0644, st_size=79129, ...}, 0) = 0
770076 openat(AT_FDCWD, "/usr/lib/python3.14/__pycache__/locale.cpython-314.pyc", O_RDONLY|O_CLOEXEC) = 3
770076 newfstatat(AT_FDCWD, "/home/firstmate/.no-mistakes/worktrees/8352e211db7e/01M4F29HK4JCAKXEQ2F50R6HHX/bin", {st_mode=S_IFDIR|0775, st_size=12288, ...}, 0) = 0
770076 newfstatat(AT_FDCWD, "/usr/lib/python3.14", {st_mode=S_IFDIR|0755, st_size=20480, ...}, 0) = 0
770076 newfstatat(AT_FDCWD, "/usr/lib/python3.14/functools.py", {st_mode=S_IFREG|0644, st_size=43561, ...}, 0) = 0
770076 newfstatat(AT_FDCWD, "/usr/lib/python3.14/functools.py", {st_mode=S_IFREG|0644, st_size=43561, ...}, 0) = 0
770076 openat(AT_FDCWD, "/usr/lib/python3.14/__pycache__/functools.cpython-314.pyc", O_RDONLY|O_CLOEXEC) = 3
770076 newfstatat(AT_FDCWD, "/home/firstmate/.no-mistakes/worktrees/8352e211db7e/01M4F29HK4JCAKXEQ2F50R6HHX/bin", {st_mode=S_IFDIR|0775, st_size=12288, ...}, 0) = 0
770076 newfstatat(AT_FDCWD, "/usr/lib/python3.14", {st_mode=S_IFDIR|0755, st_size=20480, ...}, 0) = 0
770076 newfstatat(AT_FDCWD, "/usr/lib/python3.14/collections/__init__.cpython-314-x86_64-linux-gnu.so", 0x7fff45c3cba0, 0) = -1 ENOENT (No such file or directory)
770076 newfstatat(AT_FDCWD, "/usr/lib/python3.14/collections/__init__.abi3.so", 0x7fff45c3cba0, 0) = -1 ENOENT (No such file or directory)
770076 newfstatat(AT_FDCWD, "/usr/lib/python3.14/collections/__init__.abi3-x86_64-linux-gnu.so", 0x7fff45c3cba0, 0) = -1 ENOENT (No such file or directory)
770076 newfstatat(AT_FDCWD, "/usr/lib/python3.14/collections/__init__.so", 0x7fff45c3cba0, 0) = -1 ENOENT (No such file or directory)
770076 newfstatat(AT_FDCWD, "/usr/lib/python3.14/collections/__init__.py", {st_mode=S_IFREG|0644, st_size=52903, ...}, 0) = 0
770076 newfstatat(AT_FDCWD, "/usr/lib/python3.14/collections/__init__.py", {st_mode=S_IFREG|0644, st_size=52903, ...}, 0) = 0
770076 openat(AT_FDCWD, "/usr/lib/python3.14/collections/__pycache__/__init__.cpython-314.pyc", O_RDONLY|O_CLOEXEC) = 3
770076 newfstatat(AT_FDCWD, "/home/firstmate/.no-mistakes/worktrees/8352e211db7e/01M4F29HK4JCAKXEQ2F50R6HHX/bin", {st_mode=S_IFDIR|0775, st_size=12288, ...}, 0) = 0
770076 newfstatat(AT_FDCWD, "/usr/lib/python3.14", {st_mode=S_IFDIR|0755, st_size=20480, ...}, 0) = 0
770076 newfstatat(AT_FDCWD, "/usr/lib/python3.14/keyword.py", {st_mode=S_IFREG|0644, st_size=1073, ...}, 0) = 0
770076 newfstatat(AT_FDCWD, "/usr/lib/python3.14/keyword.py", {st_mode=S_IFREG|0644, st_size=1073, ...}, 0) = 0
770076 openat(AT_FDCWD, "/usr/lib/python3.14/__pycache__/keyword.cpython-314.pyc", O_RDONLY|O_CLOEXEC) = 3
770076 newfstatat(AT_FDCWD, "/home/firstmate/.no-mistakes/worktrees/8352e211db7e/01M4F29HK4JCAKXEQ2F50R6HHX/bin", {st_mode=S_IFDIR|0775, st_size=12288, ...}, 0) = 0
770076 newfstatat(AT_FDCWD, "/usr/lib/python3.14", {st_mode=S_IFDIR|0755, st_size=20480, ...}, 0) = 0
770076 newfstatat(AT_FDCWD, "/usr/lib/python3.14/operator.py", {st_mode=S_IFREG|0644, st_size=11158, ...}, 0) = 0
770076 newfstatat(AT_FDCWD, "/usr/lib/python3.14/operator.py", {st_mode=S_IFREG|0644, st_size=11158, ...}, 0) = 0
770076 openat(AT_FDCWD, "/usr/lib/python3.14/__pycache__/operator.cpython-314.pyc", O_RDONLY|O_CLOEXEC) = 3
770076 newfstatat(AT_FDCWD, "/home/firstmate/.no-mistakes/worktrees/8352e211db7e/01M4F29HK4JCAKXEQ2F50R6HHX/bin", {st_mode=S_IFDIR|0775, st_size=12288, ...}, 0) = 0
770076 newfstatat(AT_FDCWD, "/usr/lib/python3.14", {st_mode=S_IFDIR|0755, st_size=20480, ...}, 0) = 0
770076 newfstatat(AT_FDCWD, "/usr/lib/python3.14/reprlib.py", {st_mode=S_IFREG|0644, st_size=8064, ...}, 0) = 0
770076 newfstatat(AT_FDCWD, "/usr/lib/python3.14/reprlib.py", {st_mode=S_IFREG|0644, st_size=8064, ...}, 0) = 0
770076 openat(AT_FDCWD, "/usr/lib/python3.14/__pycache__/reprlib.cpython-314.pyc", O_RDONLY|O_CLOEXEC) = 3
770076 newfstatat(AT_FDCWD, "/home/firstmate/.no-mistakes/worktrees/8352e211db7e/01M4F29HK4JCAKXEQ2F50R6HHX/bin", {st_mode=S_IFDIR|0775, st_size=12288, ...}, 0) = 0
770076 newfstatat(AT_FDCWD, "/usr/lib/python3.14", {st_mode=S_IFDIR|0755, st_size=20480, ...}, 0) = 0
770076 newfstatat(AT_FDCWD, "/usr/lib/python3.14/hashlib.py", {st_mode=S_IFREG|0644, st_size=9459, ...}, 0) = 0
770076 newfstatat(AT_FDCWD, "/usr/lib/python3.14/hashlib.py", {st_mode=S_IFREG|0644, st_size=9459, ...}, 0) = 0
770076 openat(AT_FDCWD, "/usr/lib/python3.14/__pycache__/hashlib.cpython-314.pyc", O_RDONLY|O_CLOEXEC) = 3
770076 newfstatat(AT_FDCWD, "/home/firstmate/.no-mistakes/worktrees/8352e211db7e/01M4F29HK4JCAKXEQ2F50R6HHX/bin", {st_mode=S_IFDIR|0775, st_size=12288, ...}, 0) = 0
770076 newfstatat(AT_FDCWD, "/usr/lib/python3.14", {st_mode=S_IFDIR|0755, st_size=20480, ...}, 0) = 0
770076 newfstatat(AT_FDCWD, "/usr/lib/python3.14/lib-dynload", {st_mode=S_IFDIR|0755, st_size=16384, ...}, 0) = 0
770076 newfstatat(AT_FDCWD, "/usr/lib/python3.14/lib-dynload/_hashlib.cpython-314-x86_64-linux-gnu.so", {st_mode=S_IFREG|0644, st_size=64448, ...}, 0) = 0
770076 openat(AT_FDCWD, "/usr/lib/python3.14/lib-dynload/_hashlib.cpython-314-x86_64-linux-gnu.so", O_RDONLY|O_CLOEXEC) = 3
770076 openat(AT_FDCWD, "/etc/ld.so.cache", O_RDONLY|O_CLOEXEC) = 3
770076 openat(AT_FDCWD, "/usr/lib/x86_64-linux-gnu/libcrypto.so.3", O_RDONLY|O_CLOEXEC) = 3
770076 openat(AT_FDCWD, "/usr/lib/x86_64-linux-gnu/libzstd.so.1", O_RDONLY|O_CLOEXEC) = 3
770076 openat(AT_FDCWD, "/proc/sys/crypto/fips_enabled", O_RDONLY) = -1 ENOENT (No such file or directory)
770076 openat(AT_FDCWD, "/etc/ubuntu-fips", O_RDONLY) = -1 ENOENT (No such file or directory)
770076 openat(AT_FDCWD, "/usr/lib/ssl/openssl.cnf", O_RDONLY) = 3
770076 newfstatat(AT_FDCWD, "/var/lib/crypto-config/profiles/current/openssl.conf.d", 0x7fff45c3db50, 0) = -1 ENOENT (No such file or directory)
770076 newfstatat(AT_FDCWD, "/etc/ssl/openssl.conf.d", 0x7fff45c3db50, 0) = -1 ENOENT (No such file or directory)
770076 newfstatat(AT_FDCWD, "/home/firstmate/.no-mistakes/worktrees/8352e211db7e/01M4F29HK4JCAKXEQ2F50R6HHX/bin", {st_mode=S_IFDIR|0775, st_size=12288, ...}, 0) = 0
770076 newfstatat(AT_FDCWD, "/usr/lib/python3.14", {st_mode=S_IFDIR|0755, st_size=20480, ...}, 0) = 0
770076 newfstatat(AT_FDCWD, "/usr/lib/python3.14/json/__init__.cpython-314-x86_64-linux-gnu.so", 0x7fff45c3eb80, 0) = -1 ENOENT (No such file or directory)
770076 newfstatat(AT_FDCWD, "/usr/lib/python3.14/json/__init__.abi3.so", 0x7fff45c3eb80, 0) = -1 ENOENT (No such file or directory)
770076 newfstatat(AT_FDCWD, "/usr/lib/python3.14/json/__init__.abi3-x86_64-linux-gnu.so", 0x7fff45c3eb80, 0) = -1 ENOENT (No such file or directory)
770076 newfstatat(AT_FDCWD, "/usr/lib/python3.14/json/__init__.so", 0x7fff45c3eb80, 0) = -1 ENOENT (No such file or directory)
770076 newfstatat(AT_FDCWD, "/usr/lib/python3.14/json/__init__.py", {st_mode=S_IFREG|0644, st_size=14066, ...}, 0) = 0
770076 newfstatat(AT_FDCWD, "/usr/lib/python3.14/json/__init__.py", {st_mode=S_IFREG|0644, st_size=14066, ...}, 0) = 0
770076 openat(AT_FDCWD, "/usr/lib/python3.14/json/__pycache__/__init__.cpython-314.pyc", O_RDONLY|O_CLOEXEC) = 3
770076 newfstatat(AT_FDCWD, "/usr/lib/python3.14/json", {st_mode=S_IFDIR|0755, st_size=4096, ...}, 0) = 0
770076 newfstatat(AT_FDCWD, "/usr/lib/python3.14/json", {st_mode=S_IFDIR|0755, st_size=4096, ...}, 0) = 0
770076 newfstatat(AT_FDCWD, "/usr/lib/python3.14/json", {st_mode=S_IFDIR|0755, st_size=4096, ...}, 0) = 0
770076 openat(AT_FDCWD, "/usr/lib/python3.14/json", O_RDONLY|O_NONBLOCK|O_CLOEXEC|O_DIRECTORY) = 3
770076 newfstatat(AT_FDCWD, "/usr/lib/python3.14/json/decoder.py", {st_mode=S_IFREG|0644, st_size=12873, ...}, 0) = 0
770076 newfstatat(AT_FDCWD, "/usr/lib/python3.14/json/decoder.py", {st_mode=S_IFREG|0644, st_size=12873, ...}, 0) = 0
770076 openat(AT_FDCWD, "/usr/lib/python3.14/json/__pycache__/decoder.cpython-314.pyc", O_RDONLY|O_CLOEXEC) = 3
770076 newfstatat(AT_FDCWD, "/home/firstmate/.no-mistakes/worktrees/8352e211db7e/01M4F29HK4JCAKXEQ2F50R6HHX/bin", {st_mode=S_IFDIR|0775, st_size=12288, ...}, 0) = 0
770076 newfstatat(AT_FDCWD, "/usr/lib/python3.14", {st_mode=S_IFDIR|0755, st_size=20480, ...}, 0) = 0
770076 newfstatat(AT_FDCWD, "/usr/lib/python3.14/re/__init__.cpython-314-x86_64-linux-gnu.so", 0x7fff45c3d640, 0) = -1 ENOENT (No such file or directory)
770076 newfstatat(AT_FDCWD, "/usr/lib/python3.14/re/__init__.abi3.so", 0x7fff45c3d640, 0) = -1 ENOENT (No such file or directory)
770076 newfstatat(AT_FDCWD, "/usr/lib/python3.14/re/__init__.abi3-x86_64-linux-gnu.so", 0x7fff45c3d640, 0) = -1 ENOENT (No such file or directory)
770076 newfstatat(AT_FDCWD, "/usr/lib/python3.14/re/__init__.so", 0x7fff45c3d640, 0) = -1 ENOENT (No such file or directory)
770076 newfstatat(AT_FDCWD, "/usr/lib/python3.14/re/__init__.py", {st_mode=S_IFREG|0644, st_size=17876, ...}, 0) = 0
770076 newfstatat(AT_FDCWD, "/usr/lib/python3.14/re/__init__.py", {st_mode=S_IFREG|0644, st_size=17876, ...}, 0) = 0
770076 openat(AT_FDCWD, "/usr/lib/python3.14/re/__pycache__/__init__.cpython-314.pyc", O_RDONLY|O_CLOEXEC) = 3
770076 newfstatat(AT_FDCWD, "/usr/lib/python3.14/re", {st_mode=S_IFDIR|0755, st_size=4096, ...}, 0) = 0
770076 newfstatat(AT_FDCWD, "/usr/lib/python3.14/re", {st_mode=S_IFDIR|0755, st_size=4096, ...}, 0) = 0
770076 newfstatat(AT_FDCWD, "/usr/lib/python3.14/re", {st_mode=S_IFDIR|0755, st_size=4096, ...}, 0) = 0
770076 openat(AT_FDCWD, "/usr/lib/python3.14/re", O_RDONLY|O_NONBLOCK|O_CLOEXEC|O_DIRECTORY) = 3
770076 newfstatat(AT_FDCWD, "/usr/lib/python3.14/re/_compiler.py", {st_mode=S_IFREG|0644, st_size=26855, ...}, 0) = 0
770076 newfstatat(AT_FDCWD, "/usr/lib/python3.14/re/_compiler.py", {st_mode=S_IFREG|0644, st_size=26855, ...}, 0) = 0
770076 openat(AT_FDCWD, "/usr/lib/python3.14/re/__pycache__/_compiler.cpython-314.pyc", O_RDONLY|O_CLOEXEC) = 3
770076 newfstatat(AT_FDCWD, "/usr/lib/python3.14/re", {st_mode=S_IFDIR|0755, st_size=4096, ...}, 0) = 0
770076 newfstatat(AT_FDCWD, "/usr/lib/python3.14/re/_parser.py", {st_mode=S_IFREG|0644, st_size=40353, ...}, 0) = 0
770076 newfstatat(AT_FDCWD, "/usr/lib/python3.14/re/_parser.py", {st_mode=S_IFREG|0644, st_size=40353, ...}, 0) = 0
770076 openat(AT_FDCWD, "/usr/lib/python3.14/re/__pycache__/_parser.cpython-314.pyc", O_RDONLY|O_CLOEXEC) = 3
770076 newfstatat(AT_FDCWD, "/usr/lib/python3.14/re", {st_mode=S_IFDIR|0755, st_size=4096, ...}, 0) = 0
770076 newfstatat(AT_FDCWD, "/usr/lib/python3.14/re/_constants.py", {st_mode=S_IFREG|0644, st_size=6036, ...}, 0) = 0
770076 newfstatat(AT_FDCWD, "/usr/lib/python3.14/re/_constants.py", {st_mode=S_IFREG|0644, st_size=6036, ...}, 0) = 0
770076 openat(AT_FDCWD, "/usr/lib/python3.14/re/__pycache__/_constants.cpython-314.pyc", O_RDONLY|O_CLOEXEC) = 3
770076 newfstatat(AT_FDCWD, "/usr/lib/python3.14/re", {st_mode=S_IFDIR|0755, st_size=4096, ...}, 0) = 0
770076 newfstatat(AT_FDCWD, "/usr/lib/python3.14/re/_casefix.py", {st_mode=S_IFREG|0644, st_size=5444, ...}, 0) = 0
770076 newfstatat(AT_FDCWD, "/usr/lib/python3.14/re/_casefix.py", {st_mode=S_IFREG|0644, st_size=5444, ...}, 0) = 0
770076 openat(AT_FDCWD, "/usr/lib/python3.14/re/__pycache__/_casefix.cpython-314.pyc", O_RDONLY|O_CLOEXEC) = 3
770076 newfstatat(AT_FDCWD, "/home/firstmate/.no-mistakes/worktrees/8352e211db7e/01M4F29HK4JCAKXEQ2F50R6HHX/bin", {st_mode=S_IFDIR|0775, st_size=12288, ...}, 0) = 0
770076 newfstatat(AT_FDCWD, "/usr/lib/python3.14", {st_mode=S_IFDIR|0755, st_size=20480, ...}, 0) = 0
770076 newfstatat(AT_FDCWD, "/usr/lib/python3.14/copyreg.py", {st_mode=S_IFREG|0644, st_size=7716, ...}, 0) = 0
770076 newfstatat(AT_FDCWD, "/usr/lib/python3.14/copyreg.py", {st_mode=S_IFREG|0644, st_size=7716, ...}, 0) = 0
770076 openat(AT_FDCWD, "/usr/lib/python3.14/__pycache__/copyreg.cpython-314.pyc", O_RDONLY|O_CLOEXEC) = 3
770076 newfstatat(AT_FDCWD, "/usr/lib/python3.14/json", {st_mode=S_IFDIR|0755, st_size=4096, ...}, 0) = 0
770076 newfstatat(AT_FDCWD, "/usr/lib/python3.14/json/scanner.py", {st_mode=S_IFREG|0644, st_size=2434, ...}, 0) = 0
770076 newfstatat(AT_FDCWD, "/usr/lib/python3.14/json/scanner.py", {st_mode=S_IFREG|0644, st_size=2434, ...}, 0) = 0
770076 openat(AT_FDCWD, "/usr/lib/python3.14/json/__pycache__/scanner.cpython-314.pyc", O_RDONLY|O_CLOEXEC) = 3
770076 newfstatat(AT_FDCWD, "/usr/lib/python3.14/json", {st_mode=S_IFDIR|0755, st_size=4096, ...}, 0) = 0
770076 newfstatat(AT_FDCWD, "/usr/lib/python3.14/json/encoder.py", {st_mode=S_IFREG|0644, st_size=16990, ...}, 0) = 0
770076 newfstatat(AT_FDCWD, "/usr/lib/python3.14/json/encoder.py", {st_mode=S_IFREG|0644, st_size=16990, ...}, 0) = 0
770076 openat(AT_FDCWD, "/usr/lib/python3.14/json/__pycache__/encoder.cpython-314.pyc", O_RDONLY|O_CLOEXEC) = 3
770076 newfstatat(AT_FDCWD, "/home/firstmate/.no-mistakes/worktrees/8352e211db7e/01M4F29HK4JCAKXEQ2F50R6HHX/bin", {st_mode=S_IFDIR|0775, st_size=12288, ...}, 0) = 0
770076 newfstatat(AT_FDCWD, "/usr/lib/python3.14", {st_mode=S_IFDIR|0755, st_size=20480, ...}, 0) = 0
770076 newfstatat(AT_FDCWD, "/usr/lib/python3.14/pathlib/__init__.cpython-314-x86_64-linux-gnu.so", 0x7fff45c3eb80, 0) = -1 ENOENT (No such file or directory)
770076 newfstatat(AT_FDCWD, "/usr/lib/python3.14/pathlib/__init__.abi3.so", 0x7fff45c3eb80, 0) = -1 ENOENT (No such file or directory)
770076 newfstatat(AT_FDCWD, "/usr/lib/python3.14/pathlib/__init__.abi3-x86_64-linux-gnu.so", 0x7fff45c3eb80, 0) = -1 ENOENT (No such file or directory)
770076 newfstatat(AT_FDCWD, "/usr/lib/python3.14/pathlib/__init__.so", 0x7fff45c3eb80, 0) = -1 ENOENT (No such file or directory)
770076 newfstatat(AT_FDCWD, "/usr/lib/python3.14/pathlib/__init__.py", {st_mode=S_IFREG|0644, st_size=46833, ...}, 0) = 0
770076 newfstatat(AT_FDCWD, "/usr/lib/python3.14/pathlib/__init__.py", {st_mode=S_IFREG|0644, st_size=46833, ...}, 0) = 0
770076 openat(AT_FDCWD, "/usr/lib/python3.14/pathlib/__pycache__/__init__.cpython-314.pyc", O_RDONLY|O_CLOEXEC) = 3
770076 newfstatat(AT_FDCWD, "/home/firstmate/.no-mistakes/worktrees/8352e211db7e/01M4F29HK4JCAKXEQ2F50R6HHX/bin", {st_mode=S_IFDIR|0775, st_size=12288, ...}, 0) = 0
770076 newfstatat(AT_FDCWD, "/usr/lib/python3.14", {st_mode=S_IFDIR|0755, st_size=20480, ...}, 0) = 0
770076 newfstatat(AT_FDCWD, "/usr/lib/python3.14/glob.py", {st_mode=S_IFREG|0644, st_size=20768, ...}, 0) = 0
770076 newfstatat(AT_FDCWD, "/usr/lib/python3.14/glob.py", {st_mode=S_IFREG|0644, st_size=20768, ...}, 0) = 0
770076 openat(AT_FDCWD, "/usr/lib/python3.14/__pycache__/glob.cpython-314.pyc", O_RDONLY|O_CLOEXEC) = 3
770076 newfstatat(AT_FDCWD, "/home/firstmate/.no-mistakes/worktrees/8352e211db7e/01M4F29HK4JCAKXEQ2F50R6HHX/bin", {st_mode=S_IFDIR|0775, st_size=12288, ...}, 0) = 0
770076 newfstatat(AT_FDCWD, "/usr/lib/python3.14", {st_mode=S_IFDIR|0755, st_size=20480, ...}, 0) = 0
770076 newfstatat(AT_FDCWD, "/usr/lib/python3.14/contextlib.py", {st_mode=S_IFREG|0644, st_size=27801, ...}, 0) = 0
770076 newfstatat(AT_FDCWD, "/usr/lib/python3.14/contextlib.py", {st_mode=S_IFREG|0644, st_size=27801, ...}, 0) = 0
770076 openat(AT_FDCWD, "/usr/lib/python3.14/__pycache__/contextlib.cpython-314.pyc", O_RDONLY|O_CLOEXEC) = 3
770076 newfstatat(AT_FDCWD, "/home/firstmate/.no-mistakes/worktrees/8352e211db7e/01M4F29HK4JCAKXEQ2F50R6HHX/bin", {st_mode=S_IFDIR|0775, st_size=12288, ...}, 0) = 0
770076 newfstatat(AT_FDCWD, "/usr/lib/python3.14", {st_mode=S_IFDIR|0755, st_size=20480, ...}, 0) = 0
770076 newfstatat(AT_FDCWD, "/usr/lib/python3.14/fnmatch.py", {st_mode=S_IFREG|0644, st_size=6791, ...}, 0) = 0
770076 newfstatat(AT_FDCWD, "/usr/lib/python3.14/fnmatch.py", {st_mode=S_IFREG|0644, st_size=6791, ...}, 0) = 0
770076 openat(AT_FDCWD, "/usr/lib/python3.14/__pycache__/fnmatch.cpython-314.pyc", O_RDONLY|O_CLOEXEC) = 3
770076 newfstatat(AT_FDCWD, "/usr/lib/python3.14/pathlib", {st_mode=S_IFDIR|0755, st_size=4096, ...}, 0) = 0
770076 newfstatat(AT_FDCWD, "/usr/lib/python3.14/pathlib", {st_mode=S_IFDIR|0755, st_size=4096, ...}, 0) = 0
770076 newfstatat(AT_FDCWD, "/usr/lib/python3.14/pathlib", {st_mode=S_IFDIR|0755, st_size=4096, ...}, 0) = 0
770076 openat(AT_FDCWD, "/usr/lib/python3.14/pathlib", O_RDONLY|O_NONBLOCK|O_CLOEXEC|O_DIRECTORY) = 3
770076 newfstatat(AT_FDCWD, "/usr/lib/python3.14/pathlib/_os.py", {st_mode=S_IFREG|0644, st_size=18161, ...}, 0) = 0
770076 newfstatat(AT_FDCWD, "/usr/lib/python3.14/pathlib/_os.py", {st_mode=S_IFREG|0644, st_size=18161, ...}, 0) = 0
770076 openat(AT_FDCWD, "/usr/lib/python3.14/pathlib/__pycache__/_os.cpython-314.pyc", O_RDONLY|O_CLOEXEC) = 3
770076 newfstatat(AT_FDCWD, "/home/firstmate/.no-mistakes/worktrees/8352e211db7e/01M4F29HK4JCAKXEQ2F50R6HHX/bin", {st_mode=S_IFDIR|0775, st_size=12288, ...}, 0) = 0
770076 newfstatat(AT_FDCWD, "/usr/lib/python3.14", {st_mode=S_IFDIR|0755, st_size=20480, ...}, 0) = 0
770076 newfstatat(AT_FDCWD, "/usr/lib/python3.14/lib-dynload", {st_mode=S_IFDIR|0755, st_size=16384, ...}, 0) = 0
770076 newfstatat(AT_FDCWD, "/home/firstmate/.local/lib/python3.14/site-packages", {st_mode=S_IFDIR|0775, st_size=4096, ...}, 0) = 0
770076 newfstatat(AT_FDCWD, "/usr/local/lib/python3.14/dist-packages", {st_mode=S_IFDIR|0755, st_size=4096, ...}, 0) = 0
770076 newfstatat(AT_FDCWD, "/usr/lib/python3/dist-packages", {st_mode=S_IFDIR|0755, st_size=12288, ...}, 0) = 0
770076 newfstatat(AT_FDCWD, "/home/firstmate/.no-mistakes/worktrees/8352e211db7e/01M4F29HK4JCAKXEQ2F50R6HHX/bin", {st_mode=S_IFDIR|0775, st_size=12288, ...}, 0) = 0
770076 newfstatat(AT_FDCWD, "/usr/lib/python3.14", {st_mode=S_IFDIR|0755, st_size=20480, ...}, 0) = 0
770076 newfstatat(AT_FDCWD, "/usr/lib/python3.14/lib-dynload", {st_mode=S_IFDIR|0755, st_size=16384, ...}, 0) = 0
770076 newfstatat(AT_FDCWD, "/home/firstmate/.local/lib/python3.14/site-packages", {st_mode=S_IFDIR|0775, st_size=4096, ...}, 0) = 0
770076 newfstatat(AT_FDCWD, "/usr/local/lib/python3.14/dist-packages", {st_mode=S_IFDIR|0755, st_size=4096, ...}, 0) = 0
770076 newfstatat(AT_FDCWD, "/usr/lib/python3/dist-packages", {st_mode=S_IFDIR|0755, st_size=12288, ...}, 0) = 0
770076 newfstatat(AT_FDCWD, "/home/firstmate/.no-mistakes/worktrees/8352e211db7e/01M4F29HK4JCAKXEQ2F50R6HHX/bin", {st_mode=S_IFDIR|0775, st_size=12288, ...}, 0) = 0
770076 newfstatat(AT_FDCWD, "/usr/lib/python3.14", {st_mode=S_IFDIR|0755, st_size=20480, ...}, 0) = 0
770076 newfstatat(AT_FDCWD, "/usr/lib/python3.14/lib-dynload", {st_mode=S_IFDIR|0755, st_size=16384, ...}, 0) = 0
770076 newfstatat(AT_FDCWD, "/home/firstmate/.local/lib/python3.14/site-packages", {st_mode=S_IFDIR|0775, st_size=4096, ...}, 0) = 0
770076 newfstatat(AT_FDCWD, "/usr/local/lib/python3.14/dist-packages", {st_mode=S_IFDIR|0755, st_size=4096, ...}, 0) = 0
770076 newfstatat(AT_FDCWD, "/usr/lib/python3/dist-packages", {st_mode=S_IFDIR|0755, st_size=12288, ...}, 0) = 0
770076 newfstatat(AT_FDCWD, "/home/firstmate/.no-mistakes/worktrees/8352e211db7e/01M4F29HK4JCAKXEQ2F50R6HHX/bin", {st_mode=S_IFDIR|0775, st_size=12288, ...}, 0) = 0
770076 newfstatat(AT_FDCWD, "/usr/lib/python3.14", {st_mode=S_IFDIR|0755, st_size=20480, ...}, 0) = 0
770076 newfstatat(AT_FDCWD, "/usr/lib/python3.14/lib-dynload", {st_mode=S_IFDIR|0755, st_size=16384, ...}, 0) = 0
770076 newfstatat(AT_FDCWD, "/home/firstmate/.local/lib/python3.14/site-packages", {st_mode=S_IFDIR|0775, st_size=4096, ...}, 0) = 0
770076 newfstatat(AT_FDCWD, "/usr/local/lib/python3.14/dist-packages", {st_mode=S_IFDIR|0755, st_size=4096, ...}, 0) = 0
770076 newfstatat(AT_FDCWD, "/usr/lib/python3/dist-packages", {st_mode=S_IFDIR|0755, st_size=12288, ...}, 0) = 0
770076 newfstatat(AT_FDCWD, "/home/firstmate/.no-mistakes/worktrees/8352e211db7e/01M4F29HK4JCAKXEQ2F50R6HHX/bin", {st_mode=S_IFDIR|0775, st_size=12288, ...}, 0) = 0
770076 newfstatat(AT_FDCWD, "/usr/lib/python3.14", {st_mode=S_IFDIR|0755, st_size=20480, ...}, 0) = 0
770076 newfstatat(AT_FDCWD, "/usr/lib/python3.14/lib-dynload", {st_mode=S_IFDIR|0755, st_size=16384, ...}, 0) = 0
770076 newfstatat(AT_FDCWD, "/home/firstmate/.local/lib/python3.14/site-packages", {st_mode=S_IFDIR|0775, st_size=4096, ...}, 0) = 0
770076 newfstatat(AT_FDCWD, "/usr/local/lib/python3.14/dist-packages", {st_mode=S_IFDIR|0755, st_size=4096, ...}, 0) = 0
770076 newfstatat(AT_FDCWD, "/usr/lib/python3/dist-packages", {st_mode=S_IFDIR|0755, st_size=12288, ...}, 0) = 0
770076 newfstatat(AT_FDCWD, "/home/firstmate/.no-mistakes/worktrees/8352e211db7e/01M4F29HK4JCAKXEQ2F50R6HHX/bin", {st_mode=S_IFDIR|0775, st_size=12288, ...}, 0) = 0
770076 newfstatat(AT_FDCWD, "/usr/lib/python3.14", {st_mode=S_IFDIR|0755, st_size=20480, ...}, 0) = 0
770076 newfstatat(AT_FDCWD, "/usr/lib/python3.14/lib-dynload", {st_mode=S_IFDIR|0755, st_size=16384, ...}, 0) = 0
770076 newfstatat(AT_FDCWD, "/home/firstmate/.local/lib/python3.14/site-packages", {st_mode=S_IFDIR|0775, st_size=4096, ...}, 0) = 0
770076 newfstatat(AT_FDCWD, "/usr/local/lib/python3.14/dist-packages", {st_mode=S_IFDIR|0755, st_size=4096, ...}, 0) = 0
770076 newfstatat(AT_FDCWD, "/usr/lib/python3/dist-packages", {st_mode=S_IFDIR|0755, st_size=12288, ...}, 0) = 0
770076 newfstatat(AT_FDCWD, "/home/firstmate/.no-mistakes/worktrees/8352e211db7e/01M4F29HK4JCAKXEQ2F50R6HHX/bin", {st_mode=S_IFDIR|0775, st_size=12288, ...}, 0) = 0
770076 newfstatat(AT_FDCWD, "/usr/lib/python3.14", {st_mode=S_IFDIR|0755, st_size=20480, ...}, 0) = 0
770076 newfstatat(AT_FDCWD, "/usr/lib/python3.14/lib-dynload", {st_mode=S_IFDIR|0755, st_size=16384, ...}, 0) = 0
770076 newfstatat(AT_FDCWD, "/home/firstmate/.local/lib/python3.14/site-packages", {st_mode=S_IFDIR|0775, st_size=4096, ...}, 0) = 0
770076 newfstatat(AT_FDCWD, "/usr/local/lib/python3.14/dist-packages", {st_mode=S_IFDIR|0755, st_size=4096, ...}, 0) = 0
770076 newfstatat(AT_FDCWD, "/usr/lib/python3/dist-packages", {st_mode=S_IFDIR|0755, st_size=12288, ...}, 0) = 0
770076 newfstatat(AT_FDCWD, "/home/firstmate/.no-mistakes/worktrees/8352e211db7e/01M4F29HK4JCAKXEQ2F50R6HHX/bin", {st_mode=S_IFDIR|0775, st_size=12288, ...}, 0) = 0
770076 newfstatat(AT_FDCWD, "/usr/lib/python3.14", {st_mode=S_IFDIR|0755, st_size=20480, ...}, 0) = 0
770076 newfstatat(AT_FDCWD, "/usr/lib/python3.14/lib-dynload", {st_mode=S_IFDIR|0755, st_size=16384, ...}, 0) = 0
770076 newfstatat(AT_FDCWD, "/home/firstmate/.local/lib/python3.14/site-packages", {st_mode=S_IFDIR|0775, st_size=4096, ...}, 0) = 0
770076 newfstatat(AT_FDCWD, "/usr/local/lib/python3.14/dist-packages", {st_mode=S_IFDIR|0755, st_size=4096, ...}, 0) = 0
770076 newfstatat(AT_FDCWD, "/usr/lib/python3/dist-packages", {st_mode=S_IFDIR|0755, st_size=12288, ...}, 0) = 0
770076 newfstatat(AT_FDCWD, "/home/firstmate/.no-mistakes/worktrees/8352e211db7e/01M4F29HK4JCAKXEQ2F50R6HHX/bin", {st_mode=S_IFDIR|0775, st_size=12288, ...}, 0) = 0
770076 newfstatat(AT_FDCWD, "/usr/lib/python3.14", {st_mode=S_IFDIR|0755, st_size=20480, ...}, 0) = 0
770076 newfstatat(AT_FDCWD, "/usr/lib/python3.14/lib-dynload", {st_mode=S_IFDIR|0755, st_size=16384, ...}, 0) = 0
770076 newfstatat(AT_FDCWD, "/home/firstmate/.local/lib/python3.14/site-packages", {st_mode=S_IFDIR|0775, st_size=4096, ...}, 0) = 0
770076 newfstatat(AT_FDCWD, "/usr/local/lib/python3.14/dist-packages", {st_mode=S_IFDIR|0755, st_size=4096, ...}, 0) = 0
770076 newfstatat(AT_FDCWD, "/usr/lib/python3/dist-packages", {st_mode=S_IFDIR|0755, st_size=12288, ...}, 0) = 0
770076 newfstatat(AT_FDCWD, "/home/firstmate/.no-mistakes/worktrees/8352e211db7e/01M4F29HK4JCAKXEQ2F50R6HHX/bin", {st_mode=S_IFDIR|0775, st_size=12288, ...}, 0) = 0
770076 newfstatat(AT_FDCWD, "/usr/lib/python3.14", {st_mode=S_IFDIR|0755, st_size=20480, ...}, 0) = 0
770076 newfstatat(AT_FDCWD, "/usr/lib/python3.14/secrets.py", {st_mode=S_IFREG|0644, st_size=1984, ...}, 0) = 0
770076 newfstatat(AT_FDCWD, "/usr/lib/python3.14/secrets.py", {st_mode=S_IFREG|0644, st_size=1984, ...}, 0) = 0
770076 openat(AT_FDCWD, "/usr/lib/python3.14/__pycache__/secrets.cpython-314.pyc", O_RDONLY|O_CLOEXEC) = 3
770076 newfstatat(AT_FDCWD, "/home/firstmate/.no-mistakes/worktrees/8352e211db7e/01M4F29HK4JCAKXEQ2F50R6HHX/bin", {st_mode=S_IFDIR|0775, st_size=12288, ...}, 0) = 0
770076 newfstatat(AT_FDCWD, "/usr/lib/python3.14", {st_mode=S_IFDIR|0755, st_size=20480, ...}, 0) = 0
770076 newfstatat(AT_FDCWD, "/usr/lib/python3.14/base64.py", {st_mode=S_IFREG|0644, st_size=22029, ...}, 0) = 0
770076 newfstatat(AT_FDCWD, "/usr/lib/python3.14/base64.py", {st_mode=S_IFREG|0644, st_size=22029, ...}, 0) = 0
770076 openat(AT_FDCWD, "/usr/lib/python3.14/__pycache__/base64.cpython-314.pyc", O_RDONLY|O_CLOEXEC) = 3
770076 newfstatat(AT_FDCWD, "/home/firstmate/.no-mistakes/worktrees/8352e211db7e/01M4F29HK4JCAKXEQ2F50R6HHX/bin", {st_mode=S_IFDIR|0775, st_size=12288, ...}, 0) = 0
770076 newfstatat(AT_FDCWD, "/usr/lib/python3.14", {st_mode=S_IFDIR|0755, st_size=20480, ...}, 0) = 0
770076 newfstatat(AT_FDCWD, "/usr/lib/python3.14/struct.py", {st_mode=S_IFREG|0644, st_size=285, ...}, 0) = 0
770076 newfstatat(AT_FDCWD, "/usr/lib/python3.14/struct.py", {st_mode=S_IFREG|0644, st_size=285, ...}, 0) = 0
770076 openat(AT_FDCWD, "/usr/lib/python3.14/__pycache__/struct.cpython-314.pyc", O_RDONLY|O_CLOEXEC) = 3
770076 newfstatat(AT_FDCWD, "/home/firstmate/.no-mistakes/worktrees/8352e211db7e/01M4F29HK4JCAKXEQ2F50R6HHX/bin", {st_mode=S_IFDIR|0775, st_size=12288, ...}, 0) = 0
770076 newfstatat(AT_FDCWD, "/usr/lib/python3.14", {st_mode=S_IFDIR|0755, st_size=20480, ...}, 0) = 0
770076 newfstatat(AT_FDCWD, "/usr/lib/python3.14/hmac.py", {st_mode=S_IFREG|0644, st_size=9589, ...}, 0) = 0
770076 newfstatat(AT_FDCWD, "/usr/lib/python3.14/hmac.py", {st_mode=S_IFREG|0644, st_size=9589, ...}, 0) = 0
770076 openat(AT_FDCWD, "/usr/lib/python3.14/__pycache__/hmac.cpython-314.pyc", O_RDONLY|O_CLOEXEC) = 3
770076 newfstatat(AT_FDCWD, "/home/firstmate/.no-mistakes/worktrees/8352e211db7e/01M4F29HK4JCAKXEQ2F50R6HHX/bin", {st_mode=S_IFDIR|0775, st_size=12288, ...}, 0) = 0
770076 newfstatat(AT_FDCWD, "/usr/lib/python3.14", {st_mode=S_IFDIR|0755, st_size=20480, ...}, 0) = 0
770076 newfstatat(AT_FDCWD, "/usr/lib/python3.14/lib-dynload", {st_mode=S_IFDIR|0755, st_size=16384, ...}, 0) = 0
770076 newfstatat(AT_FDCWD, "/usr/lib/python3.14/lib-dynload/_hmac.cpython-314-x86_64-linux-gnu.so", {st_mode=S_IFREG|0644, st_size=151584, ...}, 0) = 0
770076 openat(AT_FDCWD, "/usr/lib/python3.14/lib-dynload/_hmac.cpython-314-x86_64-linux-gnu.so", O_RDONLY|O_CLOEXEC) = 3
770076 newfstatat(AT_FDCWD, "/home/firstmate/.no-mistakes/worktrees/8352e211db7e/01M4F29HK4JCAKXEQ2F50R6HHX/bin", {st_mode=S_IFDIR|0775, st_size=12288, ...}, 0) = 0
770076 newfstatat(AT_FDCWD, "/usr/lib/python3.14", {st_mode=S_IFDIR|0755, st_size=20480, ...}, 0) = 0
770076 newfstatat(AT_FDCWD, "/usr/lib/python3.14/random.py", {st_mode=S_IFREG|0644, st_size=37259, ...}, 0) = 0
770076 newfstatat(AT_FDCWD, "/usr/lib/python3.14/random.py", {st_mode=S_IFREG|0644, st_size=37259, ...}, 0) = 0
770076 openat(AT_FDCWD, "/usr/lib/python3.14/__pycache__/random.cpython-314.pyc", O_RDONLY|O_CLOEXEC) = 3
770076 newfstatat(AT_FDCWD, "/home/firstmate/.no-mistakes/worktrees/8352e211db7e/01M4F29HK4JCAKXEQ2F50R6HHX/bin", {st_mode=S_IFDIR|0775, st_size=12288, ...}, 0) = 0
770076 newfstatat(AT_FDCWD, "/usr/lib/python3.14", {st_mode=S_IFDIR|0755, st_size=20480, ...}, 0) = 0
770076 newfstatat(AT_FDCWD, "/usr/lib/python3.14/bisect.py", {st_mode=S_IFREG|0644, st_size=3423, ...}, 0) = 0
770076 newfstatat(AT_FDCWD, "/usr/lib/python3.14/bisect.py", {st_mode=S_IFREG|0644, st_size=3423, ...}, 0) = 0
770076 openat(AT_FDCWD, "/usr/lib/python3.14/__pycache__/bisect.cpython-314.pyc", O_RDONLY|O_CLOEXEC) = 3
770076 newfstatat(AT_FDCWD, "/home/firstmate/.no-mistakes/worktrees/8352e211db7e/01M4F29HK4JCAKXEQ2F50R6HHX/bin", {st_mode=S_IFDIR|0775, st_size=12288, ...}, 0) = 0
770076 newfstatat(AT_FDCWD, "/usr/lib/python3.14", {st_mode=S_IFDIR|0755, st_size=20480, ...}, 0) = 0
770076 newfstatat(AT_FDCWD, "/usr/lib/python3.14/subprocess.py", {st_mode=S_IFREG|0644, st_size=90732, ...}, 0) = 0
770076 newfstatat(AT_FDCWD, "/usr/lib/python3.14/subprocess.py", {st_mode=S_IFREG|0644, st_size=90732, ...}, 0) = 0
770076 openat(AT_FDCWD, "/usr/lib/python3.14/__pycache__/subprocess.cpython-314.pyc", O_RDONLY|O_CLOEXEC) = 3
770076 newfstatat(AT_FDCWD, "/home/firstmate/.no-mistakes/worktrees/8352e211db7e/01M4F29HK4JCAKXEQ2F50R6HHX/bin", {st_mode=S_IFDIR|0775, st_size=12288, ...}, 0) = 0
770076 newfstatat(AT_FDCWD, "/usr/lib/python3.14", {st_mode=S_IFDIR|0755, st_size=20480, ...}, 0) = 0
770076 newfstatat(AT_FDCWD, "/usr/lib/python3.14/signal.py", {st_mode=S_IFREG|0644, st_size=2495, ...}, 0) = 0
770076 newfstatat(AT_FDCWD, "/usr/lib/python3.14/signal.py", {st_mode=S_IFREG|0644, st_size=2495, ...}, 0) = 0
770076 openat(AT_FDCWD, "/usr/lib/python3.14/__pycache__/signal.cpython-314.pyc", O_RDONLY|O_CLOEXEC) = 3
770076 newfstatat(AT_FDCWD, "/home/firstmate/.no-mistakes/worktrees/8352e211db7e/01M4F29HK4JCAKXEQ2F50R6HHX/bin", {st_mode=S_IFDIR|0775, st_size=12288, ...}, 0) = 0
770076 newfstatat(AT_FDCWD, "/usr/lib/python3.14", {st_mode=S_IFDIR|0755, st_size=20480, ...}, 0) = 0
770076 newfstatat(AT_FDCWD, "/usr/lib/python3.14/threading.py", {st_mode=S_IFREG|0644, st_size=56923, ...}, 0) = 0
770076 newfstatat(AT_FDCWD, "/usr/lib/python3.14/threading.py", {st_mode=S_IFREG|0644, st_size=56923, ...}, 0) = 0
770076 openat(AT_FDCWD, "/usr/lib/python3.14/__pycache__/threading.cpython-314.pyc", O_RDONLY|O_CLOEXEC) = 3
770076 newfstatat(AT_FDCWD, "/home/firstmate/.no-mistakes/worktrees/8352e211db7e/01M4F29HK4JCAKXEQ2F50R6HHX/bin", {st_mode=S_IFDIR|0775, st_size=12288, ...}, 0) = 0
770076 newfstatat(AT_FDCWD, "/usr/lib/python3.14", {st_mode=S_IFDIR|0755, st_size=20480, ...}, 0) = 0
770076 newfstatat(AT_FDCWD, "/usr/lib/python3.14/_weakrefset.py", {st_mode=S_IFREG|0644, st_size=3962, ...}, 0) = 0
770076 newfstatat(AT_FDCWD, "/usr/lib/python3.14/_weakrefset.py", {st_mode=S_IFREG|0644, st_size=3962, ...}, 0) = 0
770076 openat(AT_FDCWD, "/usr/lib/python3.14/__pycache__/_weakrefset.cpython-314.pyc", O_RDONLY|O_CLOEXEC) = 3
770076 newfstatat(AT_FDCWD, "/home/firstmate/.no-mistakes/worktrees/8352e211db7e/01M4F29HK4JCAKXEQ2F50R6HHX/bin", {st_mode=S_IFDIR|0775, st_size=12288, ...}, 0) = 0
770076 newfstatat(AT_FDCWD, "/usr/lib/python3.14", {st_mode=S_IFDIR|0755, st_size=20480, ...}, 0) = 0
770076 newfstatat(AT_FDCWD, "/usr/lib/python3.14/warnings.py", {st_mode=S_IFREG|0644, st_size=1966, ...}, 0) = 0
770076 newfstatat(AT_FDCWD, "/usr/lib/python3.14/warnings.py", {st_mode=S_IFREG|0644, st_size=1966, ...}, 0) = 0
770076 openat(AT_FDCWD, "/usr/lib/python3.14/__pycache__/warnings.cpython-314.pyc", O_RDONLY|O_CLOEXEC) = 3
770076 newfstatat(AT_FDCWD, "/home/firstmate/.no-mistakes/worktrees/8352e211db7e/01M4F29HK4JCAKXEQ2F50R6HHX/bin", {st_mode=S_IFDIR|0775, st_size=12288, ...}, 0) = 0
770076 newfstatat(AT_FDCWD, "/usr/lib/python3.14", {st_mode=S_IFDIR|0755, st_size=20480, ...}, 0) = 0
770076 newfstatat(AT_FDCWD, "/usr/lib/python3.14/_py_warnings.py", {st_mode=S_IFREG|0644, st_size=30631, ...}, 0) = 0
770076 newfstatat(AT_FDCWD, "/usr/lib/python3.14/_py_warnings.py", {st_mode=S_IFREG|0644, st_size=30631, ...}, 0) = 0
770076 openat(AT_FDCWD, "/usr/lib/python3.14/__pycache__/_py_warnings.cpython-314.pyc", O_RDONLY|O_CLOEXEC) = 3
770076 newfstatat(AT_FDCWD, "/home/firstmate/.no-mistakes/worktrees/8352e211db7e/01M4F29HK4JCAKXEQ2F50R6HHX/bin", {st_mode=S_IFDIR|0775, st_size=12288, ...}, 0) = 0
770076 newfstatat(AT_FDCWD, "/usr/lib/python3.14", {st_mode=S_IFDIR|0755, st_size=20480, ...}, 0) = 0
770076 newfstatat(AT_FDCWD, "/usr/lib/python3.14/lib-dynload", {st_mode=S_IFDIR|0755, st_size=16384, ...}, 0) = 0
770076 newfstatat(AT_FDCWD, "/home/firstmate/.local/lib/python3.14/site-packages", {st_mode=S_IFDIR|0775, st_size=4096, ...}, 0) = 0
770076 newfstatat(AT_FDCWD, "/usr/local/lib/python3.14/dist-packages", {st_mode=S_IFDIR|0755, st_size=4096, ...}, 0) = 0
770076 newfstatat(AT_FDCWD, "/usr/lib/python3/dist-packages", {st_mode=S_IFDIR|0755, st_size=12288, ...}, 0) = 0
770076 newfstatat(AT_FDCWD, "/home/firstmate/.no-mistakes/worktrees/8352e211db7e/01M4F29HK4JCAKXEQ2F50R6HHX/bin", {st_mode=S_IFDIR|0775, st_size=12288, ...}, 0) = 0
770076 newfstatat(AT_FDCWD, "/usr/lib/python3.14", {st_mode=S_IFDIR|0755, st_size=20480, ...}, 0) = 0
770076 newfstatat(AT_FDCWD, "/usr/lib/python3.14/selectors.py", {st_mode=S_IFREG|0644, st_size=19457, ...}, 0) = 0
770076 newfstatat(AT_FDCWD, "/usr/lib/python3.14/selectors.py", {st_mode=S_IFREG|0644, st_size=19457, ...}, 0) = 0
770076 openat(AT_FDCWD, "/usr/lib/python3.14/__pycache__/selectors.cpython-314.pyc", O_RDONLY|O_CLOEXEC) = 3
770076 newfstatat(AT_FDCWD, "/home/firstmate/.no-mistakes/worktrees/8352e211db7e/01M4F29HK4JCAKXEQ2F50R6HHX/bin", {st_mode=S_IFDIR|0775, st_size=12288, ...}, 0) = 0
770076 newfstatat(AT_FDCWD, "/usr/lib/python3.14", {st_mode=S_IFDIR|0755, st_size=20480, ...}, 0) = 0
770076 newfstatat(AT_FDCWD, "/usr/lib/python3.14/tomllib/__init__.cpython-314-x86_64-linux-gnu.so", 0x7fff45c3eb80, 0) = -1 ENOENT (No such file or directory)
770076 newfstatat(AT_FDCWD, "/usr/lib/python3.14/tomllib/__init__.abi3.so", 0x7fff45c3eb80, 0) = -1 ENOENT (No such file or directory)
770076 newfstatat(AT_FDCWD, "/usr/lib/python3.14/tomllib/__init__.abi3-x86_64-linux-gnu.so", 0x7fff45c3eb80, 0) = -1 ENOENT (No such file or directory)
770076 newfstatat(AT_FDCWD, "/usr/lib/python3.14/tomllib/__init__.so", 0x7fff45c3eb80, 0) = -1 ENOENT (No such file or directory)
770076 newfstatat(AT_FDCWD, "/usr/lib/python3.14/tomllib/__init__.py", {st_mode=S_IFREG|0644, st_size=308, ...}, 0) = 0
770076 newfstatat(AT_FDCWD, "/usr/lib/python3.14/tomllib/__init__.py", {st_mode=S_IFREG|0644, st_size=308, ...}, 0) = 0
770076 openat(AT_FDCWD, "/usr/lib/python3.14/tomllib/__pycache__/__init__.cpython-314.pyc", O_RDONLY|O_CLOEXEC) = 3
770076 newfstatat(AT_FDCWD, "/usr/lib/python3.14/tomllib", {st_mode=S_IFDIR|0755, st_size=4096, ...}, 0) = 0
770076 newfstatat(AT_FDCWD, "/usr/lib/python3.14/tomllib", {st_mode=S_IFDIR|0755, st_size=4096, ...}, 0) = 0
770076 newfstatat(AT_FDCWD, "/usr/lib/python3.14/tomllib", {st_mode=S_IFDIR|0755, st_size=4096, ...}, 0) = 0
770076 openat(AT_FDCWD, "/usr/lib/python3.14/tomllib", O_RDONLY|O_NONBLOCK|O_CLOEXEC|O_DIRECTORY) = 3
770076 newfstatat(AT_FDCWD, "/usr/lib/python3.14/tomllib/_parser.py", {st_mode=S_IFREG|0644, st_size=24586, ...}, 0) = 0
770076 newfstatat(AT_FDCWD, "/usr/lib/python3.14/tomllib/_parser.py", {st_mode=S_IFREG|0644, st_size=24586, ...}, 0) = 0
770076 openat(AT_FDCWD, "/usr/lib/python3.14/tomllib/__pycache__/_parser.cpython-314.pyc", O_RDONLY|O_CLOEXEC) = 3
770076 newfstatat(AT_FDCWD, "/home/firstmate/.no-mistakes/worktrees/8352e211db7e/01M4F29HK4JCAKXEQ2F50R6HHX/bin", {st_mode=S_IFDIR|0775, st_size=12288, ...}, 0) = 0
770076 newfstatat(AT_FDCWD, "/usr/lib/python3.14", {st_mode=S_IFDIR|0755, st_size=20480, ...}, 0) = 0
770076 newfstatat(AT_FDCWD, "/usr/lib/python3.14/__future__.py", {st_mode=S_IFREG|0644, st_size=5218, ...}, 0) = 0
770076 newfstatat(AT_FDCWD, "/usr/lib/python3.14/__future__.py", {st_mode=S_IFREG|0644, st_size=5218, ...}, 0) = 0
770076 openat(AT_FDCWD, "/usr/lib/python3.14/__pycache__/__future__.cpython-314.pyc", O_RDONLY|O_CLOEXEC) = 3
770076 newfstatat(AT_FDCWD, "/usr/lib/python3.14/tomllib", {st_mode=S_IFDIR|0755, st_size=4096, ...}, 0) = 0
770076 newfstatat(AT_FDCWD, "/usr/lib/python3.14/tomllib/_re.py", {st_mode=S_IFREG|0644, st_size=3192, ...}, 0) = 0
770076 newfstatat(AT_FDCWD, "/usr/lib/python3.14/tomllib/_re.py", {st_mode=S_IFREG|0644, st_size=3192, ...}, 0) = 0
770076 openat(AT_FDCWD, "/usr/lib/python3.14/tomllib/__pycache__/_re.cpython-314.pyc", O_RDONLY|O_CLOEXEC) = 3
770076 newfstatat(AT_FDCWD, "/etc/nsswitch.conf", {st_mode=S_IFREG|0644, st_size=526, ...}, 0) = 0
770076 newfstatat(AT_FDCWD, "/", {st_mode=S_IFDIR|0755, st_size=4096, ...}, 0) = 0
770076 openat(AT_FDCWD, "/etc/nsswitch.conf", O_RDONLY|O_CLOEXEC) = 3
770076 openat(AT_FDCWD, "/etc/passwd", O_RDONLY|O_CLOEXEC) = 3
770076 newfstatat(AT_FDCWD, "/home", {st_mode=S_IFDIR|0755, st_size=4096, ...}, AT_SYMLINK_NOFOLLOW) = 0
770076 newfstatat(AT_FDCWD, "/home/firstmate", {st_mode=S_IFDIR|0750, st_size=16384, ...}, AT_SYMLINK_NOFOLLOW) = 0
770076 newfstatat(AT_FDCWD, "/home/firstmate/.no-mistakes", {st_mode=S_IFDIR|0755, st_size=4096, ...}, AT_SYMLINK_NOFOLLOW) = 0
770076 newfstatat(AT_FDCWD, "/home/firstmate/.no-mistakes/worktrees", {st_mode=S_IFDIR|0755, st_size=4096, ...}, AT_SYMLINK_NOFOLLOW) = 0
770076 newfstatat(AT_FDCWD, "/home/firstmate/.no-mistakes/worktrees/8352e211db7e", {st_mode=S_IFDIR|0775, st_size=4096, ...}, AT_SYMLINK_NOFOLLOW) = 0
770076 newfstatat(AT_FDCWD, "/home/firstmate/.no-mistakes/worktrees/8352e211db7e/01M4F29HK4JCAKXEQ2F50R6HHX", {st_mode=S_IFDIR|0775, st_size=4096, ...}, AT_SYMLINK_NOFOLLOW) = 0
770076 newfstatat(AT_FDCWD, "/home/firstmate/.no-mistakes/worktrees/8352e211db7e/01M4F29HK4JCAKXEQ2F50R6HHX/bin", {st_mode=S_IFDIR|0775, st_size=12288, ...}, AT_SYMLINK_NOFOLLOW) = 0
770076 newfstatat(AT_FDCWD, "/home/firstmate/.no-mistakes/worktrees/8352e211db7e/01M4F29HK4JCAKXEQ2F50R6HHX/bin/fm-courier-pickup.py", {st_mode=S_IFREG|0775, st_size=30953, ...}, AT_SYMLINK_NOFOLLOW) = 0
770076 openat(AT_FDCWD, "/home/firstmate/.no-mistakes/worktrees/8352e211db7e/01M4F29HK4JCAKXEQ2F50R6HHX/.test-tmp/boundary/home/state/imessage/binding.json", O_RDONLY|O_CLOEXEC) = 3
770076 mkdir("/home/firstmate/.no-mistakes/worktrees/8352e211db7e/01M4F29HK4JCAKXEQ2F50R6HHX/.test-tmp/boundary/home/state/courier-pickup", 0700) = -1 EEXIST (File exists)
770076 newfstatat(AT_FDCWD, "/home/firstmate/.no-mistakes/worktrees/8352e211db7e/01M4F29HK4JCAKXEQ2F50R6HHX/.test-tmp/boundary/home/state/courier-pickup", {st_mode=S_IFDIR|0700, st_size=4096, ...}, 0) = 0
770076 openat(AT_FDCWD, "/home/firstmate/.no-mistakes/worktrees/8352e211db7e/01M4F29HK4JCAKXEQ2F50R6HHX/.test-tmp/boundary/home/state/courier-pickup/lock", O_WRONLY|O_CREAT|O_NOFOLLOW|O_CLOEXEC, 0600) = 3
770076 newfstatat(AT_FDCWD, "/home/firstmate/.no-mistakes/worktrees/8352e211db7e/01M4F29HK4JCAKXEQ2F50R6HHX/.test-tmp/boundary/home/state/courier-pickup/state.json", {st_mode=S_IFREG|0600, st_size=457, ...}, 0) = 0
770076 openat(AT_FDCWD, "/home/firstmate/.no-mistakes/worktrees/8352e211db7e/01M4F29HK4JCAKXEQ2F50R6HHX/.test-tmp/boundary/home/state/courier-pickup/state.json", O_RDONLY|O_CLOEXEC) = 4
770076 openat(AT_FDCWD, "/home/firstmate/.no-mistakes/worktrees/8352e211db7e/01M4F29HK4JCAKXEQ2F50R6HHX/.test-tmp/boundary/courier/srv/courier/inbound", O_RDONLY|O_NOFOLLOW|O_CLOEXEC|O_DIRECTORY) = 4
770133 execve("/home/firstmate/.no-mistakes/worktrees/8352e211db7e/01M4F29HK4JCAKXEQ2F50R6HHX/bin/fm-inbox.sh", ["/home/firstmate/.no-mistakes/wor"..., "conversation", "poll"], 0x7418645f5530 /* 6 vars */) = 0
770133 access("/etc/ld.so.preload", R_OK) = -1 ENOENT (No such file or directory)
770133 openat(AT_FDCWD, "/etc/ld.so.cache", O_RDONLY|O_CLOEXEC) = 3
770133 openat(AT_FDCWD, "/usr/lib/x86_64-linux-gnu/libselinux.so.1", O_RDONLY|O_CLOEXEC) = 3
770133 openat(AT_FDCWD, "/usr/lib/x86_64-linux-gnu/libgcc_s.so.1", O_RDONLY|O_CLOEXEC) = 3
770133 openat(AT_FDCWD, "/usr/lib/x86_64-linux-gnu/libm.so.6", O_RDONLY|O_CLOEXEC) = 3
770133 openat(AT_FDCWD, "/usr/lib/x86_64-linux-gnu/libc.so.6", O_RDONLY|O_CLOEXEC) = 3
770133 openat(AT_FDCWD, "/usr/lib/x86_64-linux-gnu/libpcre2-8.so.0", O_RDONLY|O_CLOEXEC) = 3
770133 statfs("/sys/fs/selinux", 0x7ffc3b599e50) = -1 ENOENT (No such file or directory)
770133 statfs("/selinux", 0x7ffc3b599e50) = -1 ENOENT (No such file or directory)
770133 openat(AT_FDCWD, "/proc/filesystems", O_RDONLY|O_CLOEXEC) = 3
770133 access("/etc/selinux/config", F_OK) = -1 ENOENT (No such file or directory)
770133 openat(AT_FDCWD, "/proc/self/maps", O_RDONLY|O_CLOEXEC) = 3
770133 openat(AT_FDCWD, "/home/firstmate/.no-mistakes/worktrees/8352e211db7e/01M4F29HK4JCAKXEQ2F50R6HHX/bin/fm-inbox.sh", O_RDONLY|O_CLOEXEC) = 3
770133 statx(AT_FDCWD, "/usr/share/coreutils/locales/env", AT_STATX_SYNC_AS_STAT, STATX_ALL, {stx_mask=STATX_ALL|STATX_MNT_ID, stx_attributes=0, stx_mode=S_IFDIR|0755, stx_size=4096, ...}) = 0
770133 statx(AT_FDCWD, "/usr/share/coreutils/locales/uucore", AT_STATX_SYNC_AS_STAT, STATX_ALL, {stx_mask=STATX_ALL|STATX_MNT_ID, stx_attributes=0, stx_mode=S_IFDIR|0755, stx_size=4096, ...}) = 0
770133 openat(AT_FDCWD, "/usr/share/coreutils/locales/uucore/en-US.ftl", O_RDONLY|O_CLOEXEC) = 3
770133 statx(3, "", AT_STATX_SYNC_AS_STAT|AT_EMPTY_PATH, STATX_ALL, {stx_mask=STATX_ALL|STATX_MNT_ID, stx_attributes=0, stx_mode=S_IFREG|0644, stx_size=4080, ...}) = 0
770133 statx(AT_FDCWD, "/usr/share/coreutils/locales/env", AT_STATX_SYNC_AS_STAT, STATX_ALL, {stx_mask=STATX_ALL|STATX_MNT_ID, stx_attributes=0, stx_mode=S_IFDIR|0755, stx_size=4096, ...}) = 0
770133 openat(AT_FDCWD, "/usr/share/coreutils/locales/env/en-US.ftl", O_RDONLY|O_CLOEXEC) = -1 ENOENT (No such file or directory)
770133 execve("/home/firstmate/.local/codex-latest/lib/node_modules/@openai/codex/node_modules/@openai/codex-linux-x64/vendor/x86_64-unknown-linux-musl/codex-path/bash", ["bash", "/home/firstmate/.no-mistakes/wor"..., "conversation", "poll"], 0x7ffc3b59a028 /* 6 vars */) = -1 ENOENT (No such file or directory)
770133 execve("/home/firstmate/.codex-5/tmp/arg0/codex-arg065EgpK/bash", ["bash", "/home/firstmate/.no-mistakes/wor"..., "conversation", "poll"], 0x7ffc3b59a028 /* 6 vars */) = -1 ENOENT (No such file or directory)
770133 execve("/home/firstmate/.local/codex-latest/lib/node_modules/@openai/codex/node_modules/@openai/codex-linux-x64/vendor/x86_64-unknown-linux-musl/codex-path/bash", ["bash", "/home/firstmate/.no-mistakes/wor"..., "conversation", "poll"], 0x7ffc3b59a028 /* 6 vars */) = -1 ENOENT (No such file or directory)
770133 execve("/home/firstmate/.local/bin/bash", ["bash", "/home/firstmate/.no-mistakes/wor"..., "conversation", "poll"], 0x7ffc3b59a028 /* 6 vars */) = -1 ENOENT (No such file or directory)
770133 execve("/home/firstmate/go/bin/bash", ["bash", "/home/firstmate/.no-mistakes/wor"..., "conversation", "poll"], 0x7ffc3b59a028 /* 6 vars */) = -1 ENOENT (No such file or directory)
770133 execve("/home/firstmate/.cargo/bin/bash", ["bash", "/home/firstmate/.no-mistakes/wor"..., "conversation", "poll"], 0x7ffc3b59a028 /* 6 vars */) = -1 ENOENT (No such file or directory)
770133 execve("/home/firstmate/bin/bash", ["bash", "/home/firstmate/.no-mistakes/wor"..., "conversation", "poll"], 0x7ffc3b59a028 /* 6 vars */) = -1 ENOENT (No such file or directory)
770133 execve("/opt/homebrew/bin/bash", ["bash", "/home/firstmate/.no-mistakes/wor"..., "conversation", "poll"], 0x7ffc3b59a028 /* 6 vars */) = -1 ENOENT (No such file or directory)
770133 execve("/opt/homebrew/sbin/bash", ["bash", "/home/firstmate/.no-mistakes/wor"..., "conversation", "poll"], 0x7ffc3b59a028 /* 6 vars */) = -1 ENOENT (No such file or directory)
770133 execve("/usr/local/bin/bash", ["bash", "/home/firstmate/.no-mistakes/wor"..., "conversation", "poll"], 0x7ffc3b59a028 /* 6 vars */) = -1 ENOENT (No such file or directory)
770133 execve("/usr/local/sbin/bash", ["bash", "/home/firstmate/.no-mistakes/wor"..., "conversation", "poll"], 0x7ffc3b59a028 /* 6 vars */) = -1 ENOENT (No such file or directory)
770133 execve("/usr/bin/bash", ["bash", "/home/firstmate/.no-mistakes/wor"..., "conversation", "poll"], 0x7ffc3b59a028 /* 6 vars */) = 0
770133 access("/etc/ld.so.preload", R_OK) = -1 ENOENT (No such file or directory)
770133 openat(AT_FDCWD, "/etc/ld.so.cache", O_RDONLY|O_CLOEXEC) = 3
770133 openat(AT_FDCWD, "/usr/lib/x86_64-linux-gnu/libtinfo.so.6", O_RDONLY|O_CLOEXEC) = 3
770133 openat(AT_FDCWD, "/usr/lib/x86_64-linux-gnu/libc.so.6", O_RDONLY|O_CLOEXEC) = 3
770133 openat(AT_FDCWD, "/dev/tty", O_RDWR|O_NONBLOCK) = -1 ENXIO (No such device or address)
770133 openat(AT_FDCWD, "/usr/lib/locale/locale-archive", O_RDONLY|O_CLOEXEC) = 3
770133 openat(AT_FDCWD, "/usr/share/locale/locale.alias", O_RDONLY|O_CLOEXEC) = -1 ENOENT (No such file or directory)
770133 openat(AT_FDCWD, "/usr/lib/locale/C.UTF-8/LC_IDENTIFICATION", O_RDONLY|O_CLOEXEC) = -1 ENOENT (No such file or directory)
770133 openat(AT_FDCWD, "/usr/lib/locale/C.utf8/LC_IDENTIFICATION", O_RDONLY|O_CLOEXEC) = 3
770133 openat(AT_FDCWD, "/usr/lib/x86_64-linux-gnu/gconv/gconv-modules.cache", O_RDONLY|O_CLOEXEC) = 3
770133 openat(AT_FDCWD, "/usr/lib/locale/C.UTF-8/LC_MEASUREMENT", O_RDONLY|O_CLOEXEC) = -1 ENOENT (No such file or directory)
770133 openat(AT_FDCWD, "/usr/lib/locale/C.utf8/LC_MEASUREMENT", O_RDONLY|O_CLOEXEC) = 3
770133 openat(AT_FDCWD, "/usr/lib/locale/C.UTF-8/LC_TELEPHONE", O_RDONLY|O_CLOEXEC) = -1 ENOENT (No such file or directory)
770133 openat(AT_FDCWD, "/usr/lib/locale/C.utf8/LC_TELEPHONE", O_RDONLY|O_CLOEXEC) = 3
770133 openat(AT_FDCWD, "/usr/lib/locale/C.UTF-8/LC_ADDRESS", O_RDONLY|O_CLOEXEC) = -1 ENOENT (No such file or directory)
770133 openat(AT_FDCWD, "/usr/lib/locale/C.utf8/LC_ADDRESS", O_RDONLY|O_CLOEXEC) = 3
770133 openat(AT_FDCWD, "/usr/lib/locale/C.UTF-8/LC_NAME", O_RDONLY|O_CLOEXEC) = -1 ENOENT (No such file or directory)
770133 openat(AT_FDCWD, "/usr/lib/locale/C.utf8/LC_NAME", O_RDONLY|O_CLOEXEC) = 3
770133 openat(AT_FDCWD, "/usr/lib/locale/C.UTF-8/LC_PAPER", O_RDONLY|O_CLOEXEC) = -1 ENOENT (No such file or directory)
770133 openat(AT_FDCWD, "/usr/lib/locale/C.utf8/LC_PAPER", O_RDONLY|O_CLOEXEC) = 3
770133 openat(AT_FDCWD, "/usr/lib/locale/C.UTF-8/LC_MESSAGES", O_RDONLY|O_CLOEXEC) = -1 ENOENT (No such file or directory)
770133 openat(AT_FDCWD, "/usr/lib/locale/C.utf8/LC_MESSAGES", O_RDONLY|O_CLOEXEC) = 3
770133 openat(AT_FDCWD, "/usr/lib/locale/C.utf8/LC_MESSAGES/SYS_LC_MESSAGES", O_RDONLY|O_CLOEXEC) = 3
770133 openat(AT_FDCWD, "/usr/lib/locale/C.UTF-8/LC_MONETARY", O_RDONLY|O_CLOEXEC) = -1 ENOENT (No such file or directory)
770133 openat(AT_FDCWD, "/usr/lib/locale/C.utf8/LC_MONETARY", O_RDONLY|O_CLOEXEC) = 3
770133 openat(AT_FDCWD, "/usr/lib/locale/C.UTF-8/LC_COLLATE", O_RDONLY|O_CLOEXEC) = -1 ENOENT (No such file or directory)
770133 openat(AT_FDCWD, "/usr/lib/locale/C.utf8/LC_COLLATE", O_RDONLY|O_CLOEXEC) = 3
770133 openat(AT_FDCWD, "/usr/lib/locale/C.UTF-8/LC_TIME", O_RDONLY|O_CLOEXEC) = -1 ENOENT (No such file or directory)
770133 openat(AT_FDCWD, "/usr/lib/locale/C.utf8/LC_TIME", O_RDONLY|O_CLOEXEC) = 3
770133 openat(AT_FDCWD, "/usr/lib/locale/C.UTF-8/LC_NUMERIC", O_RDONLY|O_CLOEXEC) = -1 ENOENT (No such file or directory)
770133 openat(AT_FDCWD, "/usr/lib/locale/C.utf8/LC_NUMERIC", O_RDONLY|O_CLOEXEC) = 3
770133 openat(AT_FDCWD, "/usr/lib/locale/C.UTF-8/LC_CTYPE", O_RDONLY|O_CLOEXEC) = -1 ENOENT (No such file or directory)
770133 openat(AT_FDCWD, "/usr/lib/locale/C.utf8/LC_CTYPE", O_RDONLY|O_CLOEXEC) = 3
770133 getcwd("/home/firstmate/.no-mistakes/worktrees/8352e211db7e/01M4F29HK4JCAKXEQ2F50R6HHX", 4096) = 79
770133 newfstatat(AT_FDCWD, ".", {st_mode=S_IFDIR|0775, st_size=4096, ...}, 0) = 0
770133 newfstatat(AT_FDCWD, "/home/firstmate/.local/codex-latest/lib/node_modules/@openai/codex/node_modules/@openai/codex-linux-x64/vendor/x86_64-unknown-linux-musl/codex-path/bash", 0x7ffc37d53f40, 0) = -1 ENOENT (No such file or directory)
770133 newfstatat(AT_FDCWD, "/home/firstmate/.codex-5/tmp/arg0/codex-arg065EgpK/bash", 0x7ffc37d53f40, 0) = -1 ENOENT (No such file or directory)
770133 newfstatat(AT_FDCWD, "/home/firstmate/.local/codex-latest/lib/node_modules/@openai/codex/node_modules/@openai/codex-linux-x64/vendor/x86_64-unknown-linux-musl/codex-path/bash", 0x7ffc37d53f40, 0) = -1 ENOENT (No such file or directory)
770133 newfstatat(AT_FDCWD, "/home/firstmate/.local/bin/bash", 0x7ffc37d53f40, 0) = -1 ENOENT (No such file or directory)
770133 newfstatat(AT_FDCWD, "/home/firstmate/go/bin/bash", 0x7ffc37d53f40, 0) = -1 ENOENT (No such file or directory)
770133 newfstatat(AT_FDCWD, "/home/firstmate/.cargo/bin/bash", 0x7ffc37d53f40, 0) = -1 ENOENT (No such file or directory)
770133 newfstatat(AT_FDCWD, "/home/firstmate/bin/bash", 0x7ffc37d53f40, 0) = -1 ENOENT (No such file or directory)
770133 newfstatat(AT_FDCWD, "/opt/homebrew/bin/bash", 0x7ffc37d53f40, 0) = -1 ENOENT (No such file or directory)
770133 newfstatat(AT_FDCWD, "/opt/homebrew/sbin/bash", 0x7ffc37d53f40, 0) = -1 ENOENT (No such file or directory)
770133 newfstatat(AT_FDCWD, "/usr/local/bin/bash", 0x7ffc37d53f40, 0) = -1 ENOENT (No such file or directory)
770133 newfstatat(AT_FDCWD, "/usr/local/sbin/bash", 0x7ffc37d53f40, 0) = -1 ENOENT (No such file or directory)
770133 newfstatat(AT_FDCWD, "/usr/bin/bash", {st_mode=S_IFREG|0755, st_size=1540520, ...}, 0) = 0
770133 newfstatat(AT_FDCWD, "/usr/bin/bash", {st_mode=S_IFREG|0755, st_size=1540520, ...}, 0) = 0
770133 access("/usr/bin/bash", X_OK)    = 0
770133 newfstatat(AT_FDCWD, "/usr/bin/bash", {st_mode=S_IFREG|0755, st_size=1540520, ...}, 0) = 0
770133 access("/usr/bin/bash", R_OK)    = 0
770133 newfstatat(AT_FDCWD, "/etc/nsswitch.conf", {st_mode=S_IFREG|0644, st_size=526, ...}, 0) = 0
770133 newfstatat(AT_FDCWD, "/", {st_mode=S_IFDIR|0755, st_size=4096, ...}, 0) = 0
770133 openat(AT_FDCWD, "/etc/nsswitch.conf", O_RDONLY|O_CLOEXEC) = 3
770133 openat(AT_FDCWD, "/etc/passwd", O_RDONLY|O_CLOEXEC) = 3
770133 openat(AT_FDCWD, "/home/firstmate/.no-mistakes/worktrees/8352e211db7e/01M4F29HK4JCAKXEQ2F50R6HHX/bin/fm-inbox.sh", O_RDONLY) = 3
770133 newfstatat(AT_FDCWD, "/home/firstmate/.no-mistakes/worktrees/8352e211db7e/01M4F29HK4JCAKXEQ2F50R6HHX/bin/fm-inbox.sh", {st_mode=S_IFREG|0775, st_size=17467, ...}, 0) = 0
770133 newfstatat(AT_FDCWD, "/home/firstmate/.toolbox/bin", 0x7ffc37d53d40, 0) = -1 ENOENT (No such file or directory)
770148 newfstatat(AT_FDCWD, ".", {st_mode=S_IFDIR|0775, st_size=4096, ...}, 0) = 0
770148 newfstatat(AT_FDCWD, "/home/firstmate/.local/codex-latest/lib/node_modules/@openai/codex/node_modules/@openai/codex-linux-x64/vendor/x86_64-unknown-linux-musl/codex-path/dirname", 0x7ffc37d52b00, 0) = -1 ENOENT (No such file or directory)
770148 newfstatat(AT_FDCWD, "/home/firstmate/.codex-5/tmp/arg0/codex-arg065EgpK/dirname", 0x7ffc37d52b00, 0) = -1 ENOENT (No such file or directory)
770148 newfstatat(AT_FDCWD, "/home/firstmate/.local/codex-latest/lib/node_modules/@openai/codex/node_modules/@openai/codex-linux-x64/vendor/x86_64-unknown-linux-musl/codex-path/dirname", 0x7ffc37d52b00, 0) = -1 ENOENT (No such file or directory)
770148 newfstatat(AT_FDCWD, "/home/firstmate/.local/bin/dirname", 0x7ffc37d52b00, 0) = -1 ENOENT (No such file or directory)
770148 newfstatat(AT_FDCWD, "/home/firstmate/go/bin/dirname", 0x7ffc37d52b00, 0) = -1 ENOENT (No such file or directory)
770148 newfstatat(AT_FDCWD, "/home/firstmate/.cargo/bin/dirname", 0x7ffc37d52b00, 0) = -1 ENOENT (No such file or directory)
770148 newfstatat(AT_FDCWD, "/home/firstmate/bin/dirname", 0x7ffc37d52b00, 0) = -1 ENOENT (No such file or directory)
770148 newfstatat(AT_FDCWD, "/opt/homebrew/bin/dirname", 0x7ffc37d52b00, 0) = -1 ENOENT (No such file or directory)
770148 newfstatat(AT_FDCWD, "/opt/homebrew/sbin/dirname", 0x7ffc37d52b00, 0) = -1 ENOENT (No such file or directory)
770148 newfstatat(AT_FDCWD, "/usr/local/bin/dirname", 0x7ffc37d52b00, 0) = -1 ENOENT (No such file or directory)
770148 newfstatat(AT_FDCWD, "/usr/local/sbin/dirname", 0x7ffc37d52b00, 0) = -1 ENOENT (No such file or directory)
770148 newfstatat(AT_FDCWD, "/usr/bin/dirname", {st_mode=S_IFREG|0755, st_size=11352352, ...}, 0) = 0
770148 newfstatat(AT_FDCWD, "/usr/bin/dirname", {st_mode=S_IFREG|0755, st_size=11352352, ...}, 0) = 0
770148 access("/usr/bin/dirname", X_OK) = 0
770148 newfstatat(AT_FDCWD, "/usr/bin/dirname", {st_mode=S_IFREG|0755, st_size=11352352, ...}, 0) = 0
770148 access("/usr/bin/dirname", R_OK) = 0
770148 execve("/usr/bin/dirname", ["dirname", "/home/firstmate/.no-mistakes/wor"...], 0x63d979c83090 /* 9 vars */) = 0
770148 access("/etc/ld.so.preload", R_OK) = -1 ENOENT (No such file or directory)
770148 openat(AT_FDCWD, "/etc/ld.so.cache", O_RDONLY|O_CLOEXEC) = 3
770148 openat(AT_FDCWD, "/usr/lib/x86_64-linux-gnu/libselinux.so.1", O_RDONLY|O_CLOEXEC) = 3
770148 openat(AT_FDCWD, "/usr/lib/x86_64-linux-gnu/libgcc_s.so.1", O_RDONLY|O_CLOEXEC) = 3
770148 openat(AT_FDCWD, "/usr/lib/x86_64-linux-gnu/libm.so.6", O_RDONLY|O_CLOEXEC) = 3
770148 openat(AT_FDCWD, "/usr/lib/x86_64-linux-gnu/libc.so.6", O_RDONLY|O_CLOEXEC) = 3
770148 openat(AT_FDCWD, "/usr/lib/x86_64-linux-gnu/libpcre2-8.so.0", O_RDONLY|O_CLOEXEC) = 3
770148 statfs("/sys/fs/selinux", 0x7fff665ca630) = -1 ENOENT (No such file or directory)
770148 statfs("/selinux", 0x7fff665ca630) = -1 ENOENT (No such file or directory)
770148 openat(AT_FDCWD, "/proc/filesystems", O_RDONLY|O_CLOEXEC) = 3
770148 access("/etc/selinux/config", F_OK) = -1 ENOENT (No such file or directory)
770148 openat(AT_FDCWD, "/proc/self/maps", O_RDONLY|O_CLOEXEC) = 3
770148 statx(AT_FDCWD, "/usr/share/coreutils/locales/dirname", AT_STATX_SYNC_AS_STAT, STATX_ALL, {stx_mask=STATX_ALL|STATX_MNT_ID, stx_attributes=0, stx_mode=S_IFDIR|0755, stx_size=4096, ...}) = 0
770148 statx(AT_FDCWD, "/usr/share/coreutils/locales/uucore", AT_STATX_SYNC_AS_STAT, STATX_ALL, {stx_mask=STATX_ALL|STATX_MNT_ID, stx_attributes=0, stx_mode=S_IFDIR|0755, stx_size=4096, ...}) = 0
770148 openat(AT_FDCWD, "/usr/share/coreutils/locales/uucore/en-US.ftl", O_RDONLY|O_CLOEXEC) = 3
770148 statx(3, "", AT_STATX_SYNC_AS_STAT|AT_EMPTY_PATH, STATX_ALL, {stx_mask=STATX_ALL|STATX_MNT_ID, stx_attributes=0, stx_mode=S_IFREG|0644, stx_size=4080, ...}) = 0
770148 statx(AT_FDCWD, "/usr/share/coreutils/locales/dirname", AT_STATX_SYNC_AS_STAT, STATX_ALL, {stx_mask=STATX_ALL|STATX_MNT_ID, stx_attributes=0, stx_mode=S_IFDIR|0755, stx_size=4096, ...}) = 0
770148 openat(AT_FDCWD, "/usr/share/coreutils/locales/dirname/en-US.ftl", O_RDONLY|O_CLOEXEC) = -1 ENOENT (No such file or directory)
770148 +++ exited with 0 +++
770145 --- SIGCHLD {si_signo=SIGCHLD, si_code=CLD_EXITED, si_pid=770148, si_uid=0, si_status=0, si_utime=0, si_stime=0} ---
770145 newfstatat(AT_FDCWD, "/home", {st_mode=S_IFDIR|0755, st_size=4096, ...}, 0) = 0
770145 newfstatat(AT_FDCWD, "/home/firstmate", {st_mode=S_IFDIR|0750, st_size=16384, ...}, 0) = 0
770145 newfstatat(AT_FDCWD, "/home/firstmate/.no-mistakes", {st_mode=S_IFDIR|0755, st_size=4096, ...}, 0) = 0
770145 newfstatat(AT_FDCWD, "/home/firstmate/.no-mistakes/worktrees", {st_mode=S_IFDIR|0755, st_size=4096, ...}, 0) = 0
770145 newfstatat(AT_FDCWD, "/home/firstmate/.no-mistakes/worktrees/8352e211db7e", {st_mode=S_IFDIR|0775, st_size=4096, ...}, 0) = 0
770145 newfstatat(AT_FDCWD, "/home/firstmate/.no-mistakes/worktrees/8352e211db7e/01M4F29HK4JCAKXEQ2F50R6HHX", {st_mode=S_IFDIR|0775, st_size=4096, ...}, 0) = 0
770145 newfstatat(AT_FDCWD, "/home/firstmate/.no-mistakes/worktrees/8352e211db7e/01M4F29HK4JCAKXEQ2F50R6HHX/bin", {st_mode=S_IFDIR|0775, st_size=12288, ...}, 0) = 0
770145 chdir("/home/firstmate/.no-mistakes/worktrees/8352e211db7e/01M4F29HK4JCAKXEQ2F50R6HHX/bin") = 0
770145 +++ exited with 0 +++
770133 --- SIGCHLD {si_signo=SIGCHLD, si_code=CLD_EXITED, si_pid=770145, si_uid=0, si_status=0, si_utime=0, si_stime=0} ---
770162 newfstatat(AT_FDCWD, "/home", {st_mode=S_IFDIR|0755, st_size=4096, ...}, 0) = 0
770162 newfstatat(AT_FDCWD, "/home/firstmate", {st_mode=S_IFDIR|0750, st_size=16384, ...}, 0) = 0
770162 newfstatat(AT_FDCWD, "/home/firstmate/.no-mistakes", {st_mode=S_IFDIR|0755, st_size=4096, ...}, 0) = 0
770162 newfstatat(AT_FDCWD, "/home/firstmate/.no-mistakes/worktrees", {st_mode=S_IFDIR|0755, st_size=4096, ...}, 0) = 0
770162 newfstatat(AT_FDCWD, "/home/firstmate/.no-mistakes/worktrees/8352e211db7e", {st_mode=S_IFDIR|0775, st_size=4096, ...}, 0) = 0
770162 newfstatat(AT_FDCWD, "/home/firstmate/.no-mistakes/worktrees/8352e211db7e/01M4F29HK4JCAKXEQ2F50R6HHX", {st_mode=S_IFDIR|0775, st_size=4096, ...}, 0) = 0
770162 newfstatat(AT_FDCWD, "/home/firstmate/.no-mistakes/worktrees/8352e211db7e/01M4F29HK4JCAKXEQ2F50R6HHX/bin", {st_mode=S_IFDIR|0775, st_size=12288, ...}, 0) = 0
770162 newfstatat(AT_FDCWD, "/home/firstmate/.no-mistakes/worktrees/8352e211db7e/01M4F29HK4JCAKXEQ2F50R6HHX/bin", {st_mode=S_IFDIR|0775, st_size=12288, ...}, 0) = 0
770162 chdir("/home/firstmate/.no-mistakes/worktrees/8352e211db7e/01M4F29HK4JCAKXEQ2F50R6HHX") = 0
770162 +++ exited with 0 +++
770133 --- SIGCHLD {si_signo=SIGCHLD, si_code=CLD_EXITED, si_pid=770162, si_uid=0, si_status=0, si_utime=0, si_stime=0} ---
770171 faccessat2(AT_FDCWD, "/home/firstmate/.no-mistakes/worktrees/8352e211db7e/01M4F29HK4JCAKXEQ2F50R6HHX/.test-tmp/boundary/home/config/inbox-profile", R_OK, AT_EACCESS) = -1 ENOENT (No such file or directory)
770171 +++ exited with 0 +++
770133 --- SIGCHLD {si_signo=SIGCHLD, si_code=CLD_EXITED, si_pid=770171, si_uid=0, si_status=0, si_utime=0, si_stime=0} ---
770133 newfstatat(AT_FDCWD, "/home/firstmate/.no-mistakes/worktrees/8352e211db7e/01M4F29HK4JCAKXEQ2F50R6HHX/.test-tmp/boundary/home/.voice-conversation-lab", 0x7ffc37d53a50, 0) = -1 ENOENT (No such file or directory)
770133 openat(AT_FDCWD, "/home/firstmate/.no-mistakes/worktrees/8352e211db7e/01M4F29HK4JCAKXEQ2F50R6HHX/bin/fm-wake-lib.sh", O_RDONLY) = 3
770180 newfstatat(AT_FDCWD, ".", {st_mode=S_IFDIR|0775, st_size=4096, ...}, 0) = 0
770180 newfstatat(AT_FDCWD, "/home/firstmate/.local/codex-latest/lib/node_modules/@openai/codex/node_modules/@openai/codex-linux-x64/vendor/x86_64-unknown-linux-musl/codex-path/dirname", 0x7ffc37d51cf0, 0) = -1 ENOENT (No such file or directory)
770180 newfstatat(AT_FDCWD, "/home/firstmate/.codex-5/tmp/arg0/codex-arg065EgpK/dirname", 0x7ffc37d51cf0, 0) = -1 ENOENT (No such file or directory)
770180 newfstatat(AT_FDCWD, "/home/firstmate/.local/codex-latest/lib/node_modules/@openai/codex/node_modules/@openai/codex-linux-x64/vendor/x86_64-unknown-linux-musl/codex-path/dirname", 0x7ffc37d51cf0, 0) = -1 ENOENT (No such file or directory)
770180 newfstatat(AT_FDCWD, "/home/firstmate/.local/bin/dirname", 0x7ffc37d51cf0, 0) = -1 ENOENT (No such file or directory)
770180 newfstatat(AT_FDCWD, "/home/firstmate/go/bin/dirname", 0x7ffc37d51cf0, 0) = -1 ENOENT (No such file or directory)
770180 newfstatat(AT_FDCWD, "/home/firstmate/.cargo/bin/dirname", 0x7ffc37d51cf0, 0) = -1 ENOENT (No such file or directory)
770180 newfstatat(AT_FDCWD, "/home/firstmate/bin/dirname", 0x7ffc37d51cf0, 0) = -1 ENOENT (No such file or directory)
770180 newfstatat(AT_FDCWD, "/opt/homebrew/bin/dirname", 0x7ffc37d51cf0, 0) = -1 ENOENT (No such file or directory)
770180 newfstatat(AT_FDCWD, "/opt/homebrew/sbin/dirname", 0x7ffc37d51cf0, 0) = -1 ENOENT (No such file or directory)
770180 newfstatat(AT_FDCWD, "/usr/local/bin/dirname", 0x7ffc37d51cf0, 0) = -1 ENOENT (No such file or directory)
770180 newfstatat(AT_FDCWD, "/usr/local/sbin/dirname", 0x7ffc37d51cf0, 0) = -1 ENOENT (No such file or directory)
770180 newfstatat(AT_FDCWD, "/usr/bin/dirname", {st_mode=S_IFREG|0755, st_size=11352352, ...}, 0) = 0
770180 newfstatat(AT_FDCWD, "/usr/bin/dirname", {st_mode=S_IFREG|0755, st_size=11352352, ...}, 0) = 0
770180 access("/usr/bin/dirname", X_OK) = 0
770180 newfstatat(AT_FDCWD, "/usr/bin/dirname", {st_mode=S_IFREG|0755, st_size=11352352, ...}, 0) = 0
770180 access("/usr/bin/dirname", R_OK) = 0
770180 execve("/usr/bin/dirname", ["dirname", "/home/firstmate/.no-mistakes/wor"...], 0x63d979cbc640 /* 9 vars */) = 0
770180 access("/etc/ld.so.preload", R_OK) = -1 ENOENT (No such file or directory)
770180 openat(AT_FDCWD, "/etc/ld.so.cache", O_RDONLY|O_CLOEXEC) = 3
770180 openat(AT_FDCWD, "/usr/lib/x86_64-linux-gnu/libselinux.so.1", O_RDONLY|O_CLOEXEC) = 3
770180 openat(AT_FDCWD, "/usr/lib/x86_64-linux-gnu/libgcc_s.so.1", O_RDONLY|O_CLOEXEC) = 3
770180 openat(AT_FDCWD, "/usr/lib/x86_64-linux-gnu/libm.so.6", O_RDONLY|O_CLOEXEC) = 3
770180 openat(AT_FDCWD, "/usr/lib/x86_64-linux-gnu/libc.so.6", O_RDONLY|O_CLOEXEC) = 3
770180 openat(AT_FDCWD, "/usr/lib/x86_64-linux-gnu/libpcre2-8.so.0", O_RDONLY|O_CLOEXEC) = 3
770180 statfs("/sys/fs/selinux", 0x7ffd47ac1da0) = -1 ENOENT (No such file or directory)
770180 statfs("/selinux", 0x7ffd47ac1da0) = -1 ENOENT (No such file or directory)
770180 openat(AT_FDCWD, "/proc/filesystems", O_RDONLY|O_CLOEXEC) = 3
770180 access("/etc/selinux/config", F_OK) = -1 ENOENT (No such file or directory)
770180 openat(AT_FDCWD, "/proc/self/maps", O_RDONLY|O_CLOEXEC) = 3
770180 statx(AT_FDCWD, "/usr/share/coreutils/locales/dirname", AT_STATX_SYNC_AS_STAT, STATX_ALL, {stx_mask=STATX_ALL|STATX_MNT_ID, stx_attributes=0, stx_mode=S_IFDIR|0755, stx_size=4096, ...}) = 0
770180 statx(AT_FDCWD, "/usr/share/coreutils/locales/uucore", AT_STATX_SYNC_AS_STAT, STATX_ALL, {stx_mask=STATX_ALL|STATX_MNT_ID, stx_attributes=0, stx_mode=S_IFDIR|0755, stx_size=4096, ...}) = 0
770180 openat(AT_FDCWD, "/usr/share/coreutils/locales/uucore/en-US.ftl", O_RDONLY|O_CLOEXEC) = 3
770180 statx(3, "", AT_STATX_SYNC_AS_STAT|AT_EMPTY_PATH, STATX_ALL, {stx_mask=STATX_ALL|STATX_MNT_ID, stx_attributes=0, stx_mode=S_IFREG|0644, stx_size=4080, ...}) = 0
770180 statx(AT_FDCWD, "/usr/share/coreutils/locales/dirname", AT_STATX_SYNC_AS_STAT, STATX_ALL, {stx_mask=STATX_ALL|STATX_MNT_ID, stx_attributes=0, stx_mode=S_IFDIR|0755, stx_size=4096, ...}) = 0
770180 openat(AT_FDCWD, "/usr/share/coreutils/locales/dirname/en-US.ftl", O_RDONLY|O_CLOEXEC) = -1 ENOENT (No such file or directory)
770180 +++ exited with 0 +++
770176 --- SIGCHLD {si_signo=SIGCHLD, si_code=CLD_EXITED, si_pid=770180, si_uid=0, si_status=0, si_utime=0, si_stime=1 /* 0.01 s */} ---
770176 newfstatat(AT_FDCWD, "/home", {st_mode=S_IFDIR|0755, st_size=4096, ...}, 0) = 0
770176 newfstatat(AT_FDCWD, "/home/firstmate", {st_mode=S_IFDIR|0750, st_size=16384, ...}, 0) = 0
770176 newfstatat(AT_FDCWD, "/home/firstmate/.no-mistakes", {st_mode=S_IFDIR|0755, st_size=4096, ...}, 0) = 0
770176 newfstatat(AT_FDCWD, "/home/firstmate/.no-mistakes/worktrees", {st_mode=S_IFDIR|0755, st_size=4096, ...}, 0) = 0
770176 newfstatat(AT_FDCWD, "/home/firstmate/.no-mistakes/worktrees/8352e211db7e", {st_mode=S_IFDIR|0775, st_size=4096, ...}, 0) = 0
770176 newfstatat(AT_FDCWD, "/home/firstmate/.no-mistakes/worktrees/8352e211db7e/01M4F29HK4JCAKXEQ2F50R6HHX", {st_mode=S_IFDIR|0775, st_size=4096, ...}, 0) = 0
770176 newfstatat(AT_FDCWD, "/home/firstmate/.no-mistakes/worktrees/8352e211db7e/01M4F29HK4JCAKXEQ2F50R6HHX/bin", {st_mode=S_IFDIR|0775, st_size=12288, ...}, 0) = 0
770176 chdir("/home/firstmate/.no-mistakes/worktrees/8352e211db7e/01M4F29HK4JCAKXEQ2F50R6HHX/bin") = 0
770176 +++ exited with 0 +++
770133 --- SIGCHLD {si_signo=SIGCHLD, si_code=CLD_EXITED, si_pid=770176, si_uid=0, si_status=0, si_utime=0, si_stime=0} ---
770200 newfstatat(AT_FDCWD, "/home", {st_mode=S_IFDIR|0755, st_size=4096, ...}, 0) = 0
770200 newfstatat(AT_FDCWD, "/home/firstmate", {st_mode=S_IFDIR|0750, st_size=16384, ...}, 0) = 0
770200 newfstatat(AT_FDCWD, "/home/firstmate/.no-mistakes", {st_mode=S_IFDIR|0755, st_size=4096, ...}, 0) = 0
770200 newfstatat(AT_FDCWD, "/home/firstmate/.no-mistakes/worktrees", {st_mode=S_IFDIR|0755, st_size=4096, ...}, 0) = 0
770200 newfstatat(AT_FDCWD, "/home/firstmate/.no-mistakes/worktrees/8352e211db7e", {st_mode=S_IFDIR|0775, st_size=4096, ...}, 0) = 0
770200 newfstatat(AT_FDCWD, "/home/firstmate/.no-mistakes/worktrees/8352e211db7e/01M4F29HK4JCAKXEQ2F50R6HHX", {st_mode=S_IFDIR|0775, st_size=4096, ...}, 0) = 0
770200 newfstatat(AT_FDCWD, "/home/firstmate/.no-mistakes/worktrees/8352e211db7e/01M4F29HK4JCAKXEQ2F50R6HHX/bin", {st_mode=S_IFDIR|0775, st_size=12288, ...}, 0) = 0
770200 newfstatat(AT_FDCWD, "/home/firstmate/.no-mistakes/worktrees/8352e211db7e/01M4F29HK4JCAKXEQ2F50R6HHX/bin", {st_mode=S_IFDIR|0775, st_size=12288, ...}, 0) = 0
770200 chdir("/home/firstmate/.no-mistakes/worktrees/8352e211db7e/01M4F29HK4JCAKXEQ2F50R6HHX") = 0
770200 +++ exited with 0 +++
770133 --- SIGCHLD {si_signo=SIGCHLD, si_code=CLD_EXITED, si_pid=770200, si_uid=0, si_status=0, si_utime=0, si_stime=0} ---
770205 newfstatat(AT_FDCWD, ".", {st_mode=S_IFDIR|0775, st_size=4096, ...}, 0) = 0
770205 newfstatat(AT_FDCWD, "/home/firstmate/.local/codex-latest/lib/node_modules/@openai/codex/node_modules/@openai/codex-linux-x64/vendor/x86_64-unknown-linux-musl/codex-path/uname", 0x7ffc37d52700, 0) = -1 ENOENT (No such file or directory)
770205 newfstatat(AT_FDCWD, "/home/firstmate/.codex-5/tmp/arg0/codex-arg065EgpK/uname", 0x7ffc37d52700, 0) = -1 ENOENT (No such file or directory)
770205 newfstatat(AT_FDCWD, "/home/firstmate/.local/codex-latest/lib/node_modules/@openai/codex/node_modules/@openai/codex-linux-x64/vendor/x86_64-unknown-linux-musl/codex-path/uname", 0x7ffc37d52700, 0) = -1 ENOENT (No such file or directory)
770205 newfstatat(AT_FDCWD, "/home/firstmate/.local/bin/uname", 0x7ffc37d52700, 0) = -1 ENOENT (No such file or directory)
770205 newfstatat(AT_FDCWD, "/home/firstmate/go/bin/uname", 0x7ffc37d52700, 0) = -1 ENOENT (No such file or directory)
770205 newfstatat(AT_FDCWD, "/home/firstmate/.cargo/bin/uname", 0x7ffc37d52700, 0) = -1 ENOENT (No such file or directory)
770205 newfstatat(AT_FDCWD, "/home/firstmate/bin/uname", 0x7ffc37d52700, 0) = -1 ENOENT (No such file or directory)
770205 newfstatat(AT_FDCWD, "/opt/homebrew/bin/uname", 0x7ffc37d52700, 0) = -1 ENOENT (No such file or directory)
770205 newfstatat(AT_FDCWD, "/opt/homebrew/sbin/uname", 0x7ffc37d52700, 0) = -1 ENOENT (No such file or directory)
770205 newfstatat(AT_FDCWD, "/usr/local/bin/uname", 0x7ffc37d52700, 0) = -1 ENOENT (No such file or directory)
770205 newfstatat(AT_FDCWD, "/usr/local/sbin/uname", 0x7ffc37d52700, 0) = -1 ENOENT (No such file or directory)
770205 newfstatat(AT_FDCWD, "/usr/bin/uname", {st_mode=S_IFREG|0755, st_size=11352352, ...}, 0) = 0
770205 newfstatat(AT_FDCWD, "/usr/bin/uname", {st_mode=S_IFREG|0755, st_size=11352352, ...}, 0) = 0
770205 access("/usr/bin/uname", X_OK)   = 0
770205 newfstatat(AT_FDCWD, "/usr/bin/uname", {st_mode=S_IFREG|0755, st_size=11352352, ...}, 0) = 0
770205 access("/usr/bin/uname", R_OK)   = 0
770209 openat(AT_FDCWD, "/dev/null", O_WRONLY|O_CREAT|O_TRUNC, 0666) = 3
770209 execve("/usr/bin/uname", ["uname"], 0x63d979cbb570 /* 9 vars */) = 0
770209 access("/etc/ld.so.preload", R_OK) = -1 ENOENT (No such file or directory)
770209 openat(AT_FDCWD, "/etc/ld.so.cache", O_RDONLY|O_CLOEXEC) = 3
770209 openat(AT_FDCWD, "/usr/lib/x86_64-linux-gnu/libselinux.so.1", O_RDONLY|O_CLOEXEC) = 3
770209 openat(AT_FDCWD, "/usr/lib/x86_64-linux-gnu/libgcc_s.so.1", O_RDONLY|O_CLOEXEC) = 3
770209 openat(AT_FDCWD, "/usr/lib/x86_64-linux-gnu/libm.so.6", O_RDONLY|O_CLOEXEC) = 3
770209 openat(AT_FDCWD, "/usr/lib/x86_64-linux-gnu/libc.so.6", O_RDONLY|O_CLOEXEC) = 3
770209 openat(AT_FDCWD, "/usr/lib/x86_64-linux-gnu/libpcre2-8.so.0", O_RDONLY|O_CLOEXEC) = 3
770209 statfs("/sys/fs/selinux", 0x7ffefa4c9470) = -1 ENOENT (No such file or directory)
770209 statfs("/selinux", 0x7ffefa4c9470) = -1 ENOENT (No such file or directory)
770209 openat(AT_FDCWD, "/proc/filesystems", O_RDONLY|O_CLOEXEC) = 3
770209 access("/etc/selinux/config", F_OK) = -1 ENOENT (No such file or directory)
770209 openat(AT_FDCWD, "/proc/self/maps", O_RDONLY|O_CLOEXEC) = 3
770209 statx(AT_FDCWD, "/usr/share/coreutils/locales/uname", AT_STATX_SYNC_AS_STAT, STATX_ALL, {stx_mask=STATX_ALL|STATX_MNT_ID, stx_attributes=0, stx_mode=S_IFDIR|0755, stx_size=4096, ...}) = 0
770209 statx(AT_FDCWD, "/usr/share/coreutils/locales/uucore", AT_STATX_SYNC_AS_STAT, STATX_ALL, {stx_mask=STATX_ALL|STATX_MNT_ID, stx_attributes=0, stx_mode=S_IFDIR|0755, stx_size=4096, ...}) = 0
770209 openat(AT_FDCWD, "/usr/share/coreutils/locales/uucore/en-US.ftl", O_RDONLY|O_CLOEXEC) = 3
770209 statx(3, "", AT_STATX_SYNC_AS_STAT|AT_EMPTY_PATH, STATX_ALL, {stx_mask=STATX_ALL|STATX_MNT_ID, stx_attributes=0, stx_mode=S_IFREG|0644, stx_size=4080, ...}) = 0
770209 statx(AT_FDCWD, "/usr/share/coreutils/locales/uname", AT_STATX_SYNC_AS_STAT, STATX_ALL, {stx_mask=STATX_ALL|STATX_MNT_ID, stx_attributes=0, stx_mode=S_IFDIR|0755, stx_size=4096, ...}) = 0
770209 openat(AT_FDCWD, "/usr/share/coreutils/locales/uname/en-US.ftl", O_RDONLY|O_CLOEXEC) = -1 ENOENT (No such file or directory)
770209 +++ exited with 0 +++
770205 --- SIGCHLD {si_signo=SIGCHLD, si_code=CLD_EXITED, si_pid=770209, si_uid=0, si_status=0, si_utime=0, si_stime=0} ---
770205 +++ exited with 0 +++
770133 --- SIGCHLD {si_signo=SIGCHLD, si_code=CLD_EXITED, si_pid=770205, si_uid=0, si_status=0, si_utime=0, si_stime=0} ---
770133 newfstatat(AT_FDCWD, ".", {st_mode=S_IFDIR|0775, st_size=4096, ...}, 0) = 0
770133 newfstatat(AT_FDCWD, "/home/firstmate/.local/codex-latest/lib/node_modules/@openai/codex/node_modules/@openai/codex-linux-x64/vendor/x86_64-unknown-linux-musl/codex-path/mkdir", 0x7ffc37d53010, 0) = -1 ENOENT (No such file or directory)
770133 newfstatat(AT_FDCWD, "/home/firstmate/.codex-5/tmp/arg0/codex-arg065EgpK/mkdir", 0x7ffc37d53010, 0) = -1 ENOENT (No such file or directory)
770133 newfstatat(AT_FDCWD, "/home/firstmate/.local/codex-latest/lib/node_modules/@openai/codex/node_modules/@openai/codex-linux-x64/vendor/x86_64-unknown-linux-musl/codex-path/mkdir", 0x7ffc37d53010, 0) = -1 ENOENT (No such file or directory)
770133 newfstatat(AT_FDCWD, "/home/firstmate/.local/bin/mkdir", 0x7ffc37d53010, 0) = -1 ENOENT (No such file or directory)
770133 newfstatat(AT_FDCWD, "/home/firstmate/go/bin/mkdir", 0x7ffc37d53010, 0) = -1 ENOENT (No such file or directory)
770133 newfstatat(AT_FDCWD, "/home/firstmate/.cargo/bin/mkdir", 0x7ffc37d53010, 0) = -1 ENOENT (No such file or directory)
770133 newfstatat(AT_FDCWD, "/home/firstmate/bin/mkdir", 0x7ffc37d53010, 0) = -1 ENOENT (No such file or directory)
770133 newfstatat(AT_FDCWD, "/opt/homebrew/bin/mkdir", 0x7ffc37d53010, 0) = -1 ENOENT (No such file or directory)
770133 newfstatat(AT_FDCWD, "/opt/homebrew/sbin/mkdir", 0x7ffc37d53010, 0) = -1 ENOENT (No such file or directory)
770133 newfstatat(AT_FDCWD, "/usr/local/bin/mkdir", 0x7ffc37d53010, 0) = -1 ENOENT (No such file or directory)
770133 newfstatat(AT_FDCWD, "/usr/local/sbin/mkdir", 0x7ffc37d53010, 0) = -1 ENOENT (No such file or directory)
770133 newfstatat(AT_FDCWD, "/usr/bin/mkdir", {st_mode=S_IFREG|0755, st_size=11352352, ...}, 0) = 0
770133 newfstatat(AT_FDCWD, "/usr/bin/mkdir", {st_mode=S_IFREG|0755, st_size=11352352, ...}, 0) = 0
770133 access("/usr/bin/mkdir", X_OK)   = 0
770133 newfstatat(AT_FDCWD, "/usr/bin/mkdir", {st_mode=S_IFREG|0755, st_size=11352352, ...}, 0) = 0
770133 access("/usr/bin/mkdir", R_OK)   = 0
770217 execve("/usr/bin/mkdir", ["mkdir", "-p", "/home/firstmate/.no-mistakes/wor"...], 0x63d979cbb570 /* 9 vars */) = 0
770217 access("/etc/ld.so.preload", R_OK) = -1 ENOENT (No such file or directory)
770217 openat(AT_FDCWD, "/etc/ld.so.cache", O_RDONLY|O_CLOEXEC) = 3
770217 openat(AT_FDCWD, "/usr/lib/x86_64-linux-gnu/libselinux.so.1", O_RDONLY|O_CLOEXEC) = 3
770217 openat(AT_FDCWD, "/usr/lib/x86_64-linux-gnu/libgcc_s.so.1", O_RDONLY|O_CLOEXEC) = 3
770217 openat(AT_FDCWD, "/usr/lib/x86_64-linux-gnu/libm.so.6", O_RDONLY|O_CLOEXEC) = 3
770217 openat(AT_FDCWD, "/usr/lib/x86_64-linux-gnu/libc.so.6", O_RDONLY|O_CLOEXEC) = 3
770217 openat(AT_FDCWD, "/usr/lib/x86_64-linux-gnu/libpcre2-8.so.0", O_RDONLY|O_CLOEXEC) = 3
770217 statfs("/sys/fs/selinux", 0x7ffd31e29350) = -1 ENOENT (No such file or directory)
770217 statfs("/selinux", 0x7ffd31e29350) = -1 ENOENT (No such file or directory)
770217 openat(AT_FDCWD, "/proc/filesystems", O_RDONLY|O_CLOEXEC) = 3
770217 access("/etc/selinux/config", F_OK) = -1 ENOENT (No such file or directory)
770217 openat(AT_FDCWD, "/proc/self/maps", O_RDONLY|O_CLOEXEC) = 3
770217 statx(AT_FDCWD, "/usr/share/coreutils/locales/mkdir", AT_STATX_SYNC_AS_STAT, STATX_ALL, {stx_mask=STATX_ALL|STATX_MNT_ID, stx_attributes=0, stx_mode=S_IFDIR|0755, stx_size=4096, ...}) = 0
770217 statx(AT_FDCWD, "/usr/share/coreutils/locales/uucore", AT_STATX_SYNC_AS_STAT, STATX_ALL, {stx_mask=STATX_ALL|STATX_MNT_ID, stx_attributes=0, stx_mode=S_IFDIR|0755, stx_size=4096, ...}) = 0
770217 openat(AT_FDCWD, "/usr/share/coreutils/locales/uucore/en-US.ftl", O_RDONLY|O_CLOEXEC) = 3
770217 statx(3, "", AT_STATX_SYNC_AS_STAT|AT_EMPTY_PATH, STATX_ALL, {stx_mask=STATX_ALL|STATX_MNT_ID, stx_attributes=0, stx_mode=S_IFREG|0644, stx_size=4080, ...}) = 0
770217 statx(AT_FDCWD, "/usr/share/coreutils/locales/mkdir", AT_STATX_SYNC_AS_STAT, STATX_ALL, {stx_mask=STATX_ALL|STATX_MNT_ID, stx_attributes=0, stx_mode=S_IFDIR|0755, stx_size=4096, ...}) = 0
770217 openat(AT_FDCWD, "/usr/share/coreutils/locales/mkdir/en-US.ftl", O_RDONLY|O_CLOEXEC) = -1 ENOENT (No such file or directory)
770217 statx(AT_FDCWD, "/home/firstmate/.no-mistakes/worktrees/8352e211db7e/01M4F29HK4JCAKXEQ2F50R6HHX/.test-tmp/boundary/home/state", AT_STATX_SYNC_AS_STAT, STATX_ALL, {stx_mask=STATX_ALL|STATX_MNT_ID, stx_attributes=0, stx_mode=S_IFDIR|0700, stx_size=4096, ...}) = 0
770217 statx(AT_FDCWD, "/", AT_STATX_SYNC_AS_STAT, STATX_ALL, {stx_mask=STATX_ALL|STATX_MNT_ID, stx_attributes=STATX_ATTR_MOUNT_ROOT, stx_mode=S_IFDIR|0755, stx_size=4096, ...}) = 0
770217 statx(AT_FDCWD, "/home", AT_STATX_SYNC_AS_STAT, STATX_ALL, {stx_mask=STATX_ALL|STATX_MNT_ID, stx_attributes=0, stx_mode=S_IFDIR|0755, stx_size=4096, ...}) = 0
770217 statx(AT_FDCWD, "/home/firstmate", AT_STATX_SYNC_AS_STAT, STATX_ALL, {stx_mask=STATX_ALL|STATX_MNT_ID, stx_attributes=0, stx_mode=S_IFDIR|0750, stx_size=16384, ...}) = 0
770217 statx(AT_FDCWD, "/home/firstmate/.no-mistakes", AT_STATX_SYNC_AS_STAT, STATX_ALL, {stx_mask=STATX_ALL|STATX_MNT_ID, stx_attributes=0, stx_mode=S_IFDIR|0755, stx_size=4096, ...}) = 0
770217 statx(AT_FDCWD, "/home/firstmate/.no-mistakes/worktrees", AT_STATX_SYNC_AS_STAT, STATX_ALL, {stx_mask=STATX_ALL|STATX_MNT_ID, stx_attributes=0, stx_mode=S_IFDIR|0755, stx_size=4096, ...}) = 0
770217 statx(AT_FDCWD, "/home/firstmate/.no-mistakes/worktrees/8352e211db7e", AT_STATX_SYNC_AS_STAT, STATX_ALL, {stx_mask=STATX_ALL|STATX_MNT_ID, stx_attributes=0, stx_mode=S_IFDIR|0775, stx_size=4096, ...}) = 0
770217 statx(AT_FDCWD, "/home/firstmate/.no-mistakes/worktrees/8352e211db7e/01M4F29HK4JCAKXEQ2F50R6HHX", AT_STATX_SYNC_AS_STAT, STATX_ALL, {stx_mask=STATX_ALL|STATX_MNT_ID, stx_attributes=0, stx_mode=S_IFDIR|0775, stx_size=4096, ...}) = 0
770217 statx(AT_FDCWD, "/home/firstmate/.no-mistakes/worktrees/8352e211db7e/01M4F29HK4JCAKXEQ2F50R6HHX/.test-tmp", AT_STATX_SYNC_AS_STAT, STATX_ALL, {stx_mask=STATX_ALL|STATX_MNT_ID, stx_attributes=0, stx_mode=S_IFDIR|0775, stx_size=4096, ...}) = 0
770217 statx(AT_FDCWD, "/home/firstmate/.no-mistakes/worktrees/8352e211db7e/01M4F29HK4JCAKXEQ2F50R6HHX/.test-tmp/boundary", AT_STATX_SYNC_AS_STAT, STATX_ALL, {stx_mask=STATX_ALL|STATX_MNT_ID, stx_attributes=0, stx_mode=S_IFDIR|0700, stx_size=4096, ...}) = 0
770217 statx(AT_FDCWD, "/home/firstmate/.no-mistakes/worktrees/8352e211db7e/01M4F29HK4JCAKXEQ2F50R6HHX/.test-tmp/boundary/home", AT_STATX_SYNC_AS_STAT, STATX_ALL, {stx_mask=STATX_ALL|STATX_MNT_ID, stx_attributes=STATX_ATTR_MOUNT_ROOT, stx_mode=S_IFDIR|0700, stx_size=4096, ...}) = 0
770217 statx(AT_FDCWD, "/home/firstmate/.no-mistakes/worktrees/8352e211db7e/01M4F29HK4JCAKXEQ2F50R6HHX/.test-tmp/boundary/home/state", AT_STATX_SYNC_AS_STAT, STATX_ALL, {stx_mask=STATX_ALL|STATX_MNT_ID, stx_attributes=0, stx_mode=S_IFDIR|0700, stx_size=4096, ...}) = 0
770217 mkdir("/home/firstmate/.no-mistakes/worktrees/8352e211db7e/01M4F29HK4JCAKXEQ2F50R6HHX/.test-tmp/boundary/home/state", 0700) = -1 EEXIST (File exists)
770217 statx(AT_FDCWD, "/home/firstmate/.no-mistakes/worktrees/8352e211db7e/01M4F29HK4JCAKXEQ2F50R6HHX/.test-tmp/boundary/home/state", AT_STATX_SYNC_AS_STAT, STATX_ALL, {stx_mask=STATX_ALL|STATX_MNT_ID, stx_attributes=0, stx_mode=S_IFDIR|0700, stx_size=4096, ...}) = 0
770217 +++ exited with 0 +++
770133 --- SIGCHLD {si_signo=SIGCHLD, si_code=CLD_EXITED, si_pid=770217, si_uid=0, si_status=0, si_utime=0, si_stime=0} ---
770230 newfstatat(AT_FDCWD, ".", {st_mode=S_IFDIR|0775, st_size=4096, ...}, 0) = 0
770230 newfstatat(AT_FDCWD, "/home/firstmate/.local/codex-latest/lib/node_modules/@openai/codex/node_modules/@openai/codex-linux-x64/vendor/x86_64-unknown-linux-musl/codex-path/cat", 0x7ffc37d52d70, 0) = -1 ENOENT (No such file or directory)
770230 newfstatat(AT_FDCWD, "/home/firstmate/.codex-5/tmp/arg0/codex-arg065EgpK/cat", 0x7ffc37d52d70, 0) = -1 ENOENT (No such file or directory)
770230 newfstatat(AT_FDCWD, "/home/firstmate/.local/codex-latest/lib/node_modules/@openai/codex/node_modules/@openai/codex-linux-x64/vendor/x86_64-unknown-linux-musl/codex-path/cat", 0x7ffc37d52d70, 0) = -1 ENOENT (No such file or directory)
770230 newfstatat(AT_FDCWD, "/home/firstmate/.local/bin/cat", 0x7ffc37d52d70, 0) = -1 ENOENT (No such file or directory)
770230 newfstatat(AT_FDCWD, "/home/firstmate/go/bin/cat", 0x7ffc37d52d70, 0) = -1 ENOENT (No such file or directory)
770230 newfstatat(AT_FDCWD, "/home/firstmate/.cargo/bin/cat", 0x7ffc37d52d70, 0) = -1 ENOENT (No such file or directory)
770230 newfstatat(AT_FDCWD, "/home/firstmate/bin/cat", 0x7ffc37d52d70, 0) = -1 ENOENT (No such file or directory)
770230 newfstatat(AT_FDCWD, "/opt/homebrew/bin/cat", 0x7ffc37d52d70, 0) = -1 ENOENT (No such file or directory)
770230 newfstatat(AT_FDCWD, "/opt/homebrew/sbin/cat", 0x7ffc37d52d70, 0) = -1 ENOENT (No such file or directory)
770230 newfstatat(AT_FDCWD, "/usr/local/bin/cat", 0x7ffc37d52d70, 0) = -1 ENOENT (No such file or directory)
770230 newfstatat(AT_FDCWD, "/usr/local/sbin/cat", 0x7ffc37d52d70, 0) = -1 ENOENT (No such file or directory)
770230 newfstatat(AT_FDCWD, "/usr/bin/cat", {st_mode=S_IFREG|0755, st_size=11352352, ...}, 0) = 0
770230 newfstatat(AT_FDCWD, "/usr/bin/cat", {st_mode=S_IFREG|0755, st_size=11352352, ...}, 0) = 0
770230 access("/usr/bin/cat", X_OK)     = 0
770230 newfstatat(AT_FDCWD, "/usr/bin/cat", {st_mode=S_IFREG|0755, st_size=11352352, ...}, 0) = 0
770230 access("/usr/bin/cat", R_OK)     = 0
770232 openat(AT_FDCWD, "/dev/null", O_WRONLY|O_CREAT|O_TRUNC, 0666) = 3
770232 execve("/usr/bin/cat", ["cat", "/home/firstmate/.no-mistakes/wor"...], 0x63d979cbb570 /* 9 vars */) = 0
770232 access("/etc/ld.so.preload", R_OK) = -1 ENOENT (No such file or directory)
770232 openat(AT_FDCWD, "/etc/ld.so.cache", O_RDONLY|O_CLOEXEC) = 3
770232 openat(AT_FDCWD, "/usr/lib/x86_64-linux-gnu/libselinux.so.1", O_RDONLY|O_CLOEXEC) = 3
770232 openat(AT_FDCWD, "/usr/lib/x86_64-linux-gnu/libgcc_s.so.1", O_RDONLY|O_CLOEXEC) = 3
770232 openat(AT_FDCWD, "/usr/lib/x86_64-linux-gnu/libm.so.6", O_RDONLY|O_CLOEXEC) = 3
770232 openat(AT_FDCWD, "/usr/lib/x86_64-linux-gnu/libc.so.6", O_RDONLY|O_CLOEXEC) = 3
770232 openat(AT_FDCWD, "/usr/lib/x86_64-linux-gnu/libpcre2-8.so.0", O_RDONLY|O_CLOEXEC) = 3
770232 statfs("/sys/fs/selinux", 0x7ffd7e2003e0) = -1 ENOENT (No such file or directory)
770232 statfs("/selinux", 0x7ffd7e2003e0) = -1 ENOENT (No such file or directory)
770232 openat(AT_FDCWD, "/proc/filesystems", O_RDONLY|O_CLOEXEC) = 3
770232 access("/etc/selinux/config", F_OK) = -1 ENOENT (No such file or directory)
770232 openat(AT_FDCWD, "/proc/self/maps", O_RDONLY|O_CLOEXEC) = 3
770232 statx(AT_FDCWD, "/usr/share/coreutils/locales/cat", AT_STATX_SYNC_AS_STAT, STATX_ALL, {stx_mask=STATX_ALL|STATX_MNT_ID, stx_attributes=0, stx_mode=S_IFDIR|0755, stx_size=4096, ...}) = 0
770232 statx(AT_FDCWD, "/usr/share/coreutils/locales/uucore", AT_STATX_SYNC_AS_STAT, STATX_ALL, {stx_mask=STATX_ALL|STATX_MNT_ID, stx_attributes=0, stx_mode=S_IFDIR|0755, stx_size=4096, ...}) = 0
770232 openat(AT_FDCWD, "/usr/share/coreutils/locales/uucore/en-US.ftl", O_RDONLY|O_CLOEXEC) = 3
770232 statx(3, "", AT_STATX_SYNC_AS_STAT|AT_EMPTY_PATH, STATX_ALL, {stx_mask=STATX_ALL|STATX_MNT_ID, stx_attributes=0, stx_mode=S_IFREG|0644, stx_size=4080, ...}) = 0
770232 statx(AT_FDCWD, "/usr/share/coreutils/locales/cat", AT_STATX_SYNC_AS_STAT, STATX_ALL, {stx_mask=STATX_ALL|STATX_MNT_ID, stx_attributes=0, stx_mode=S_IFDIR|0755, stx_size=4096, ...}) = 0
770232 openat(AT_FDCWD, "/usr/share/coreutils/locales/cat/en-US.ftl", O_RDONLY|O_CLOEXEC) = -1 ENOENT (No such file or directory)
770232 statx(AT_FDCWD, "/home/firstmate/.no-mistakes/worktrees/8352e211db7e/01M4F29HK4JCAKXEQ2F50R6HHX/.test-tmp/boundary/home/state/.lock", AT_STATX_SYNC_AS_STAT, STATX_ALL, {stx_mask=STATX_ALL|STATX_MNT_ID, stx_attributes=0, stx_mode=S_IFREG|0600, stx_size=7, ...}) = 0
770232 openat(AT_FDCWD, "/home/firstmate/.no-mistakes/worktrees/8352e211db7e/01M4F29HK4JCAKXEQ2F50R6HHX/.test-tmp/boundary/home/state/.lock", O_RDONLY|O_CLOEXEC) = 3
770232 +++ exited with 0 +++
770230 --- SIGCHLD {si_signo=SIGCHLD, si_code=CLD_EXITED, si_pid=770232, si_uid=0, si_status=0, si_utime=0, si_stime=0} ---
770230 +++ exited with 0 +++
770133 --- SIGCHLD {si_signo=SIGCHLD, si_code=CLD_EXITED, si_pid=770230, si_uid=0, si_status=0, si_utime=0, si_stime=0} ---
770133 openat(AT_FDCWD, "/dev/null", O_WRONLY|O_CREAT|O_TRUNC, 0666) = 3
770133 faccessat2(AT_FDCWD, "/proc/760355/stat", R_OK, AT_EACCESS) = 0
770133 faccessat2(AT_FDCWD, "/proc/760355/cmdline", R_OK, AT_EACCESS) = 0
770245 newfstatat(AT_FDCWD, ".", {st_mode=S_IFDIR|0775, st_size=4096, ...}, 0) = 0
770245 newfstatat(AT_FDCWD, "/home/firstmate/.local/codex-latest/lib/node_modules/@openai/codex/node_modules/@openai/codex-linux-x64/vendor/x86_64-unknown-linux-musl/codex-path/cat", 0x7ffc37d51980, 0) = -1 ENOENT (No such file or directory)
770245 newfstatat(AT_FDCWD, "/home/firstmate/.codex-5/tmp/arg0/codex-arg065EgpK/cat", 0x7ffc37d51980, 0) = -1 ENOENT (No such file or directory)
770245 newfstatat(AT_FDCWD, "/home/firstmate/.local/codex-latest/lib/node_modules/@openai/codex/node_modules/@openai/codex-linux-x64/vendor/x86_64-unknown-linux-musl/codex-path/cat", 0x7ffc37d51980, 0) = -1 ENOENT (No such file or directory)
770245 newfstatat(AT_FDCWD, "/home/firstmate/.local/bin/cat", 0x7ffc37d51980, 0) = -1 ENOENT (No such file or directory)
770245 newfstatat(AT_FDCWD, "/home/firstmate/go/bin/cat", 0x7ffc37d51980, 0) = -1 ENOENT (No such file or directory)
770245 newfstatat(AT_FDCWD, "/home/firstmate/.cargo/bin/cat", 0x7ffc37d51980, 0) = -1 ENOENT (No such file or directory)
770245 newfstatat(AT_FDCWD, "/home/firstmate/bin/cat", 0x7ffc37d51980, 0) = -1 ENOENT (No such file or directory)
770245 newfstatat(AT_FDCWD, "/opt/homebrew/bin/cat", 0x7ffc37d51980, 0) = -1 ENOENT (No such file or directory)
770245 newfstatat(AT_FDCWD, "/opt/homebrew/sbin/cat", 0x7ffc37d51980, 0) = -1 ENOENT (No such file or directory)
770245 newfstatat(AT_FDCWD, "/usr/local/bin/cat", 0x7ffc37d51980, 0) = -1 ENOENT (No such file or directory)
770245 newfstatat(AT_FDCWD, "/usr/local/sbin/cat", 0x7ffc37d51980, 0) = -1 ENOENT (No such file or directory)
770245 newfstatat(AT_FDCWD, "/usr/bin/cat", {st_mode=S_IFREG|0755, st_size=11352352, ...}, 0) = 0
770245 newfstatat(AT_FDCWD, "/usr/bin/cat", {st_mode=S_IFREG|0755, st_size=11352352, ...}, 0) = 0
770245 access("/usr/bin/cat", X_OK)     = 0
770245 newfstatat(AT_FDCWD, "/usr/bin/cat", {st_mode=S_IFREG|0755, st_size=11352352, ...}, 0) = 0
770245 access("/usr/bin/cat", R_OK)     = 0
770247 openat(AT_FDCWD, "/dev/null", O_WRONLY|O_CREAT|O_TRUNC, 0666) = 3
770247 execve("/usr/bin/cat", ["cat", "/proc/760355/stat"], 0x63d979cbb570 /* 9 vars */) = 0
770247 access("/etc/ld.so.preload", R_OK) = -1 ENOENT (No such file or directory)
770247 openat(AT_FDCWD, "/etc/ld.so.cache", O_RDONLY|O_CLOEXEC) = 3
770247 openat(AT_FDCWD, "/usr/lib/x86_64-linux-gnu/libselinux.so.1", O_RDONLY|O_CLOEXEC) = 3
770247 openat(AT_FDCWD, "/usr/lib/x86_64-linux-gnu/libgcc_s.so.1", O_RDONLY|O_CLOEXEC) = 3
770247 openat(AT_FDCWD, "/usr/lib/x86_64-linux-gnu/libm.so.6", O_RDONLY|O_CLOEXEC) = 3
770247 openat(AT_FDCWD, "/usr/lib/x86_64-linux-gnu/libc.so.6", O_RDONLY|O_CLOEXEC) = 3
770247 openat(AT_FDCWD, "/usr/lib/x86_64-linux-gnu/libpcre2-8.so.0", O_RDONLY|O_CLOEXEC) = 3
770247 statfs("/sys/fs/selinux", 0x7ffd676b5470) = -1 ENOENT (No such file or directory)
770247 statfs("/selinux", 0x7ffd676b5470) = -1 ENOENT (No such file or directory)
770247 openat(AT_FDCWD, "/proc/filesystems", O_RDONLY|O_CLOEXEC) = 3
770247 access("/etc/selinux/config", F_OK) = -1 ENOENT (No such file or directory)
770247 openat(AT_FDCWD, "/proc/self/maps", O_RDONLY|O_CLOEXEC) = 3
770247 statx(AT_FDCWD, "/usr/share/coreutils/locales/cat", AT_STATX_SYNC_AS_STAT, STATX_ALL, {stx_mask=STATX_ALL|STATX_MNT_ID, stx_attributes=0, stx_mode=S_IFDIR|0755, stx_size=4096, ...}) = 0
770247 statx(AT_FDCWD, "/usr/share/coreutils/locales/uucore", AT_STATX_SYNC_AS_STAT, STATX_ALL, {stx_mask=STATX_ALL|STATX_MNT_ID, stx_attributes=0, stx_mode=S_IFDIR|0755, stx_size=4096, ...}) = 0
770247 openat(AT_FDCWD, "/usr/share/coreutils/locales/uucore/en-US.ftl", O_RDONLY|O_CLOEXEC) = 3
770247 statx(3, "", AT_STATX_SYNC_AS_STAT|AT_EMPTY_PATH, STATX_ALL, {stx_mask=STATX_ALL|STATX_MNT_ID, stx_attributes=0, stx_mode=S_IFREG|0644, stx_size=4080, ...}) = 0
770247 statx(AT_FDCWD, "/usr/share/coreutils/locales/cat", AT_STATX_SYNC_AS_STAT, STATX_ALL, {stx_mask=STATX_ALL|STATX_MNT_ID, stx_attributes=0, stx_mode=S_IFDIR|0755, stx_size=4096, ...}) = 0
770247 openat(AT_FDCWD, "/usr/share/coreutils/locales/cat/en-US.ftl", O_RDONLY|O_CLOEXEC) = -1 ENOENT (No such file or directory)
770247 statx(AT_FDCWD, "/proc/760355/stat", AT_STATX_SYNC_AS_STAT, STATX_ALL, {stx_mask=STATX_BASIC_STATS|STATX_MNT_ID, stx_attributes=0, stx_mode=S_IFREG|0444, stx_size=0, ...}) = 0
770247 openat(AT_FDCWD, "/proc/760355/stat", O_RDONLY|O_CLOEXEC) = 3
770247 +++ exited with 0 +++
770245 --- SIGCHLD {si_signo=SIGCHLD, si_code=CLD_EXITED, si_pid=770247, si_uid=0, si_status=0, si_utime=0, si_stime=0} ---
770245 +++ exited with 0 +++
770133 --- SIGCHLD {si_signo=SIGCHLD, si_code=CLD_EXITED, si_pid=770245, si_uid=0, si_status=0, si_utime=0, si_stime=0} ---
770269 newfstatat(AT_FDCWD, ".", {st_mode=S_IFDIR|0775, st_size=4096, ...}, 0) = 0
770269 newfstatat(AT_FDCWD, "/home/firstmate/.local/codex-latest/lib/node_modules/@openai/codex/node_modules/@openai/codex-linux-x64/vendor/x86_64-unknown-linux-musl/codex-path/od", 0x7ffc37d51b50, 0) = -1 ENOENT (No such file or directory)
770269 newfstatat(AT_FDCWD, "/home/firstmate/.codex-5/tmp/arg0/codex-arg065EgpK/od", 0x7ffc37d51b50, 0) = -1 ENOENT (No such file or directory)
770269 newfstatat(AT_FDCWD, "/home/firstmate/.local/codex-latest/lib/node_modules/@openai/codex/node_modules/@openai/codex-linux-x64/vendor/x86_64-unknown-linux-musl/codex-path/od", 0x7ffc37d51b50, 0) = -1 ENOENT (No such file or directory)
770269 newfstatat(AT_FDCWD, "/home/firstmate/.local/bin/od", 0x7ffc37d51b50, 0) = -1 ENOENT (No such file or directory)
770269 newfstatat(AT_FDCWD, "/home/firstmate/go/bin/od", 0x7ffc37d51b50, 0) = -1 ENOENT (No such file or directory)
770269 newfstatat(AT_FDCWD, "/home/firstmate/.cargo/bin/od", 0x7ffc37d51b50, 0) = -1 ENOENT (No such file or directory)
770269 newfstatat(AT_FDCWD, "/home/firstmate/bin/od", 0x7ffc37d51b50, 0) = -1 ENOENT (No such file or directory)
770269 newfstatat(AT_FDCWD, "/opt/homebrew/bin/od", 0x7ffc37d51b50, 0) = -1 ENOENT (No such file or directory)
770269 newfstatat(AT_FDCWD, "/opt/homebrew/sbin/od", 0x7ffc37d51b50, 0) = -1 ENOENT (No such file or directory)
770269 newfstatat(AT_FDCWD, "/usr/local/bin/od", 0x7ffc37d51b50, 0) = -1 ENOENT (No such file or directory)
770269 newfstatat(AT_FDCWD, "/usr/local/sbin/od", 0x7ffc37d51b50, 0) = -1 ENOENT (No such file or directory)
770269 newfstatat(AT_FDCWD, "/usr/bin/od", {st_mode=S_IFREG|0755, st_size=11352352, ...}, 0) = 0
770269 newfstatat(AT_FDCWD, "/usr/bin/od", {st_mode=S_IFREG|0755, st_size=11352352, ...}, 0) = 0
770269 access("/usr/bin/od", X_OK)      = 0
770269 newfstatat(AT_FDCWD, "/usr/bin/od", {st_mode=S_IFREG|0755, st_size=11352352, ...}, 0) = 0
770269 access("/usr/bin/od", R_OK)      = 0
770269 openat(AT_FDCWD, "/dev/null", O_WRONLY|O_CREAT|O_TRUNC, 0666) = 3
770269 execve("/usr/bin/od", ["od", "-An", "-v", "-tx1", "/proc/760355/cmdline"], 0x63d979cbb570 /* 9 vars */) = 0
770276 newfstatat(AT_FDCWD, ".", {st_mode=S_IFDIR|0775, st_size=4096, ...}, 0) = 0
770269 access("/etc/ld.so.preload", R_OK <unfinished ...>
770276 newfstatat(AT_FDCWD, "/home/firstmate/.local/codex-latest/lib/node_modules/@openai/codex/node_modules/@openai/codex-linux-x64/vendor/x86_64-unknown-linux-musl/codex-path/tr" <unfinished ...>
770269 <... access resumed>)            = -1 ENOENT (No such file or directory)
770276 <... newfstatat resumed>, 0x7ffc37d51b50, 0) = -1 ENOENT (No such file or directory)
770269 openat(AT_FDCWD, "/etc/ld.so.cache", O_RDONLY|O_CLOEXEC <unfinished ...>
770276 newfstatat(AT_FDCWD, "/home/firstmate/.codex-5/tmp/arg0/codex-arg065EgpK/tr", 0x7ffc37d51b50, 0) = -1 ENOENT (No such file or directory)
770269 <... openat resumed>)            = 3
770276 newfstatat(AT_FDCWD, "/home/firstmate/.local/codex-latest/lib/node_modules/@openai/codex/node_modules/@openai/codex-linux-x64/vendor/x86_64-unknown-linux-musl/codex-path/tr", 0x7ffc37d51b50, 0) = -1 ENOENT (No such file or directory)
770276 newfstatat(AT_FDCWD, "/home/firstmate/.local/bin/tr", 0x7ffc37d51b50, 0) = -1 ENOENT (No such file or directory)
770276 newfstatat(AT_FDCWD, "/home/firstmate/go/bin/tr", 0x7ffc37d51b50, 0) = -1 ENOENT (No such file or directory)
770276 newfstatat(AT_FDCWD, "/home/firstmate/.cargo/bin/tr", 0x7ffc37d51b50, 0) = -1 ENOENT (No such file or directory)
770276 newfstatat(AT_FDCWD, "/home/firstmate/bin/tr", 0x7ffc37d51b50, 0) = -1 ENOENT (No such file or directory)
770276 newfstatat(AT_FDCWD, "/opt/homebrew/bin/tr", 0x7ffc37d51b50, 0) = -1 ENOENT (No such file or directory)
770276 newfstatat(AT_FDCWD, "/opt/homebrew/sbin/tr", 0x7ffc37d51b50, 0) = -1 ENOENT (No such file or directory)
770276 newfstatat(AT_FDCWD, "/usr/local/bin/tr", 0x7ffc37d51b50, 0) = -1 ENOENT (No such file or directory)
770276 newfstatat(AT_FDCWD, "/usr/local/sbin/tr", 0x7ffc37d51b50, 0) = -1 ENOENT (No such file or directory)
770276 newfstatat(AT_FDCWD, "/usr/bin/tr", {st_mode=S_IFREG|0755, st_size=11352352, ...}, 0) = 0
770276 newfstatat(AT_FDCWD, "/usr/bin/tr", {st_mode=S_IFREG|0755, st_size=11352352, ...}, 0) = 0
770276 access("/usr/bin/tr", X_OK)      = 0
770276 newfstatat(AT_FDCWD, "/usr/bin/tr", {st_mode=S_IFREG|0755, st_size=11352352, ...}, 0) = 0
770276 access("/usr/bin/tr", R_OK)      = 0
770276 execve("/usr/bin/tr", ["tr", "-d", "[:space:]"], 0x63d979cbb570 /* 9 vars */) = 0
770276 access("/etc/ld.so.preload", R_OK) = -1 ENOENT (No such file or directory)
770276 openat(AT_FDCWD, "/etc/ld.so.cache", O_RDONLY|O_CLOEXEC) = 3
770276 openat(AT_FDCWD, "/usr/lib/x86_64-linux-gnu/libselinux.so.1", O_RDONLY|O_CLOEXEC <unfinished ...>
770269 openat(AT_FDCWD, "/usr/lib/x86_64-linux-gnu/libselinux.so.1", O_RDONLY|O_CLOEXEC <unfinished ...>
770276 <... openat resumed>)            = 3
770269 <... openat resumed>)            = 3
770276 openat(AT_FDCWD, "/usr/lib/x86_64-linux-gnu/libgcc_s.so.1", O_RDONLY|O_CLOEXEC) = 3
770269 openat(AT_FDCWD, "/usr/lib/x86_64-linux-gnu/libgcc_s.so.1", O_RDONLY|O_CLOEXEC) = 3
770276 openat(AT_FDCWD, "/usr/lib/x86_64-linux-gnu/libm.so.6", O_RDONLY|O_CLOEXEC) = 3
770269 openat(AT_FDCWD, "/usr/lib/x86_64-linux-gnu/libm.so.6", O_RDONLY|O_CLOEXEC) = 3
770276 openat(AT_FDCWD, "/usr/lib/x86_64-linux-gnu/libc.so.6", O_RDONLY|O_CLOEXEC) = 3
770269 openat(AT_FDCWD, "/usr/lib/x86_64-linux-gnu/libc.so.6", O_RDONLY|O_CLOEXEC <unfinished ...>
770276 openat(AT_FDCWD, "/usr/lib/x86_64-linux-gnu/libpcre2-8.so.0", O_RDONLY|O_CLOEXEC <unfinished ...>
770269 <... openat resumed>)            = 3
770276 <... openat resumed>)            = 3
770269 openat(AT_FDCWD, "/usr/lib/x86_64-linux-gnu/libpcre2-8.so.0", O_RDONLY|O_CLOEXEC) = 3
770276 statfs("/sys/fs/selinux", 0x7fffc06abac0) = -1 ENOENT (No such file or directory)
770276 statfs("/selinux", 0x7fffc06abac0) = -1 ENOENT (No such file or directory)
770276 openat(AT_FDCWD, "/proc/filesystems", O_RDONLY|O_CLOEXEC) = 3
770276 access("/etc/selinux/config", F_OK) = -1 ENOENT (No such file or directory)
770269 statfs("/sys/fs/selinux", 0x7ffd9a5767c0) = -1 ENOENT (No such file or directory)
770269 statfs("/selinux", 0x7ffd9a5767c0) = -1 ENOENT (No such file or directory)
770269 openat(AT_FDCWD, "/proc/filesystems", O_RDONLY|O_CLOEXEC) = 3
770276 openat(AT_FDCWD, "/proc/self/maps", O_RDONLY|O_CLOEXEC <unfinished ...>
770269 access("/etc/selinux/config", F_OK <unfinished ...>
770276 <... openat resumed>)            = 3
770269 <... access resumed>)            = -1 ENOENT (No such file or directory)
770269 openat(AT_FDCWD, "/proc/self/maps", O_RDONLY|O_CLOEXEC) = 3
770276 statx(AT_FDCWD, "/usr/share/coreutils/locales/tr", AT_STATX_SYNC_AS_STAT, STATX_ALL, {stx_mask=STATX_ALL|STATX_MNT_ID, stx_attributes=0, stx_mode=S_IFDIR|0755, stx_size=4096, ...}) = 0
770276 statx(AT_FDCWD, "/usr/share/coreutils/locales/uucore", AT_STATX_SYNC_AS_STAT, STATX_ALL, {stx_mask=STATX_ALL|STATX_MNT_ID, stx_attributes=0, stx_mode=S_IFDIR|0755, stx_size=4096, ...}) = 0
770276 openat(AT_FDCWD, "/usr/share/coreutils/locales/uucore/en-US.ftl", O_RDONLY|O_CLOEXEC) = 3
770276 statx(3, "", AT_STATX_SYNC_AS_STAT|AT_EMPTY_PATH, STATX_ALL, {stx_mask=STATX_ALL|STATX_MNT_ID, stx_attributes=0, stx_mode=S_IFREG|0644, stx_size=4080, ...}) = 0
770276 statx(AT_FDCWD, "/usr/share/coreutils/locales/tr", AT_STATX_SYNC_AS_STAT, STATX_ALL, {stx_mask=STATX_ALL|STATX_MNT_ID, stx_attributes=0, stx_mode=S_IFDIR|0755, stx_size=4096, ...}) = 0
770269 statx(AT_FDCWD, "/usr/share/coreutils/locales/od", AT_STATX_SYNC_AS_STAT, STATX_ALL <unfinished ...>
770276 openat(AT_FDCWD, "/usr/share/coreutils/locales/tr/en-US.ftl", O_RDONLY|O_CLOEXEC) = -1 ENOENT (No such file or directory)
770269 <... statx resumed>, {stx_mask=STATX_ALL|STATX_MNT_ID, stx_attributes=0, stx_mode=S_IFDIR|0755, stx_size=4096, ...}) = 0
770269 statx(AT_FDCWD, "/usr/share/coreutils/locales/uucore", AT_STATX_SYNC_AS_STAT, STATX_ALL, {stx_mask=STATX_ALL|STATX_MNT_ID, stx_attributes=0, stx_mode=S_IFDIR|0755, stx_size=4096, ...}) = 0
770269 openat(AT_FDCWD, "/usr/share/coreutils/locales/uucore/en-US.ftl", O_RDONLY|O_CLOEXEC) = 3
770269 statx(3, "", AT_STATX_SYNC_AS_STAT|AT_EMPTY_PATH, STATX_ALL, {stx_mask=STATX_ALL|STATX_MNT_ID, stx_attributes=0, stx_mode=S_IFREG|0644, stx_size=4080, ...}) = 0
770269 statx(AT_FDCWD, "/usr/share/coreutils/locales/od", AT_STATX_SYNC_AS_STAT, STATX_ALL, {stx_mask=STATX_ALL|STATX_MNT_ID, stx_attributes=0, stx_mode=S_IFDIR|0755, stx_size=4096, ...}) = 0
770269 openat(AT_FDCWD, "/usr/share/coreutils/locales/od/en-US.ftl", O_RDONLY|O_CLOEXEC) = -1 ENOENT (No such file or directory)
770269 openat(AT_FDCWD, "/proc/760355/cmdline", O_RDONLY|O_CLOEXEC) = 3
770269 +++ exited with 0 +++
770276 +++ exited with 0 +++
770265 --- SIGCHLD {si_signo=SIGCHLD, si_code=CLD_EXITED, si_pid=770269, si_uid=0, si_status=0, si_utime=0, si_stime=0} ---
770265 +++ exited with 0 +++
770133 --- SIGCHLD {si_signo=SIGCHLD, si_code=CLD_EXITED, si_pid=770265, si_uid=0, si_status=0, si_utime=0, si_stime=0} ---
770291 newfstatat(AT_FDCWD, ".", {st_mode=S_IFDIR|0775, st_size=4096, ...}, 0) = 0
770291 newfstatat(AT_FDCWD, "/home/firstmate/.local/codex-latest/lib/node_modules/@openai/codex/node_modules/@openai/codex-linux-x64/vendor/x86_64-unknown-linux-musl/codex-path/cat", 0x7ffc37d52e70, 0) = -1 ENOENT (No such file or directory)
770291 newfstatat(AT_FDCWD, "/home/firstmate/.codex-5/tmp/arg0/codex-arg065EgpK/cat", 0x7ffc37d52e70, 0) = -1 ENOENT (No such file or directory)
770291 newfstatat(AT_FDCWD, "/home/firstmate/.local/codex-latest/lib/node_modules/@openai/codex/node_modules/@openai/codex-linux-x64/vendor/x86_64-unknown-linux-musl/codex-path/cat", 0x7ffc37d52e70, 0) = -1 ENOENT (No such file or directory)
770291 newfstatat(AT_FDCWD, "/home/firstmate/.local/bin/cat", 0x7ffc37d52e70, 0) = -1 ENOENT (No such file or directory)
770291 newfstatat(AT_FDCWD, "/home/firstmate/go/bin/cat", 0x7ffc37d52e70, 0) = -1 ENOENT (No such file or directory)
770291 newfstatat(AT_FDCWD, "/home/firstmate/.cargo/bin/cat", 0x7ffc37d52e70, 0) = -1 ENOENT (No such file or directory)
770291 newfstatat(AT_FDCWD, "/home/firstmate/bin/cat", 0x7ffc37d52e70, 0) = -1 ENOENT (No such file or directory)
770291 newfstatat(AT_FDCWD, "/opt/homebrew/bin/cat", 0x7ffc37d52e70, 0) = -1 ENOENT (No such file or directory)
770291 newfstatat(AT_FDCWD, "/opt/homebrew/sbin/cat", 0x7ffc37d52e70, 0) = -1 ENOENT (No such file or directory)
770291 newfstatat(AT_FDCWD, "/usr/local/bin/cat", 0x7ffc37d52e70, 0) = -1 ENOENT (No such file or directory)
770291 newfstatat(AT_FDCWD, "/usr/local/sbin/cat", 0x7ffc37d52e70, 0) = -1 ENOENT (No such file or directory)
770291 newfstatat(AT_FDCWD, "/usr/bin/cat", {st_mode=S_IFREG|0755, st_size=11352352, ...}, 0) = 0
770291 newfstatat(AT_FDCWD, "/usr/bin/cat", {st_mode=S_IFREG|0755, st_size=11352352, ...}, 0) = 0
770291 access("/usr/bin/cat", X_OK)     = 0
770291 newfstatat(AT_FDCWD, "/usr/bin/cat", {st_mode=S_IFREG|0755, st_size=11352352, ...}, 0) = 0
770291 access("/usr/bin/cat", R_OK)     = 0
770291 execve("/usr/bin/cat", ["cat", "/home/firstmate/.no-mistakes/wor"...], 0x63d979ca4170 /* 9 vars */) = 0
770291 access("/etc/ld.so.preload", R_OK) = -1 ENOENT (No such file or directory)
770291 openat(AT_FDCWD, "/etc/ld.so.cache", O_RDONLY|O_CLOEXEC) = 3
770291 openat(AT_FDCWD, "/usr/lib/x86_64-linux-gnu/libselinux.so.1", O_RDONLY|O_CLOEXEC) = 3
770291 openat(AT_FDCWD, "/usr/lib/x86_64-linux-gnu/libgcc_s.so.1", O_RDONLY|O_CLOEXEC) = 3
770291 openat(AT_FDCWD, "/usr/lib/x86_64-linux-gnu/libm.so.6", O_RDONLY|O_CLOEXEC) = 3
770291 openat(AT_FDCWD, "/usr/lib/x86_64-linux-gnu/libc.so.6", O_RDONLY|O_CLOEXEC) = 3
770291 openat(AT_FDCWD, "/usr/lib/x86_64-linux-gnu/libpcre2-8.so.0", O_RDONLY|O_CLOEXEC) = 3
770291 statfs("/sys/fs/selinux", 0x7ffd93a179e0) = -1 ENOENT (No such file or directory)
770291 statfs("/selinux", 0x7ffd93a179e0) = -1 ENOENT (No such file or directory)
770291 openat(AT_FDCWD, "/proc/filesystems", O_RDONLY|O_CLOEXEC) = 3
770291 access("/etc/selinux/config", F_OK) = -1 ENOENT (No such file or directory)
770291 openat(AT_FDCWD, "/proc/self/maps", O_RDONLY|O_CLOEXEC) = 3
770291 statx(AT_FDCWD, "/usr/share/coreutils/locales/cat", AT_STATX_SYNC_AS_STAT, STATX_ALL, {stx_mask=STATX_ALL|STATX_MNT_ID, stx_attributes=0, stx_mode=S_IFDIR|0755, stx_size=4096, ...}) = 0
770291 statx(AT_FDCWD, "/usr/share/coreutils/locales/uucore", AT_STATX_SYNC_AS_STAT, STATX_ALL, {stx_mask=STATX_ALL|STATX_MNT_ID, stx_attributes=0, stx_mode=S_IFDIR|0755, stx_size=4096, ...}) = 0
770291 openat(AT_FDCWD, "/usr/share/coreutils/locales/uucore/en-US.ftl", O_RDONLY|O_CLOEXEC) = 3
770291 statx(3, "", AT_STATX_SYNC_AS_STAT|AT_EMPTY_PATH, STATX_ALL, {stx_mask=STATX_ALL|STATX_MNT_ID, stx_attributes=0, stx_mode=S_IFREG|0644, stx_size=4080, ...}) = 0
770291 statx(AT_FDCWD, "/usr/share/coreutils/locales/cat", AT_STATX_SYNC_AS_STAT, STATX_ALL, {stx_mask=STATX_ALL|STATX_MNT_ID, stx_attributes=0, stx_mode=S_IFDIR|0755, stx_size=4096, ...}) = 0
770291 openat(AT_FDCWD, "/usr/share/coreutils/locales/cat/en-US.ftl", O_RDONLY|O_CLOEXEC) = -1 ENOENT (No such file or directory)
770291 statx(AT_FDCWD, "/home/firstmate/.no-mistakes/worktrees/8352e211db7e/01M4F29HK4JCAKXEQ2F50R6HHX/.test-tmp/boundary/home/state/.lock", AT_STATX_SYNC_AS_STAT, STATX_ALL, {stx_mask=STATX_ALL|STATX_MNT_ID, stx_attributes=0, stx_mode=S_IFREG|0600, stx_size=7, ...}) = 0
770291 openat(AT_FDCWD, "/home/firstmate/.no-mistakes/worktrees/8352e211db7e/01M4F29HK4JCAKXEQ2F50R6HHX/.test-tmp/boundary/home/state/.lock", O_RDONLY|O_CLOEXEC) = 3
770291 +++ exited with 0 +++
770133 --- SIGCHLD {si_signo=SIGCHLD, si_code=CLD_EXITED, si_pid=770291, si_uid=0, si_status=0, si_utime=0, si_stime=0} ---
770133 newfstatat(AT_FDCWD, ".", {st_mode=S_IFDIR|0775, st_size=4096, ...}, 0) = 0
770133 newfstatat(AT_FDCWD, "/home/firstmate/.local/codex-latest/lib/node_modules/@openai/codex/node_modules/@openai/codex-linux-x64/vendor/x86_64-unknown-linux-musl/codex-path/python3", 0x7ffc37d53b60, 0) = -1 ENOENT (No such file or directory)
770133 newfstatat(AT_FDCWD, "/home/firstmate/.codex-5/tmp/arg0/codex-arg065EgpK/python3", 0x7ffc37d53b60, 0) = -1 ENOENT (No such file or directory)
770133 newfstatat(AT_FDCWD, "/home/firstmate/.local/codex-latest/lib/node_modules/@openai/codex/node_modules/@openai/codex-linux-x64/vendor/x86_64-unknown-linux-musl/codex-path/python3", 0x7ffc37d53b60, 0) = -1 ENOENT (No such file or directory)
770133 newfstatat(AT_FDCWD, "/home/firstmate/.local/bin/python3", 0x7ffc37d53b60, 0) = -1 ENOENT (No such file or directory)
770133 newfstatat(AT_FDCWD, "/home/firstmate/go/bin/python3", 0x7ffc37d53b60, 0) = -1 ENOENT (No such file or directory)
770133 newfstatat(AT_FDCWD, "/home/firstmate/.cargo/bin/python3", 0x7ffc37d53b60, 0) = -1 ENOENT (No such file or directory)
770133 newfstatat(AT_FDCWD, "/home/firstmate/bin/python3", 0x7ffc37d53b60, 0) = -1 ENOENT (No such file or directory)
770133 newfstatat(AT_FDCWD, "/opt/homebrew/bin/python3", 0x7ffc37d53b60, 0) = -1 ENOENT (No such file or directory)
770133 newfstatat(AT_FDCWD, "/opt/homebrew/sbin/python3", 0x7ffc37d53b60, 0) = -1 ENOENT (No such file or directory)
770133 newfstatat(AT_FDCWD, "/usr/local/bin/python3", 0x7ffc37d53b60, 0) = -1 ENOENT (No such file or directory)
770133 newfstatat(AT_FDCWD, "/usr/local/sbin/python3", 0x7ffc37d53b60, 0) = -1 ENOENT (No such file or directory)
770133 newfstatat(AT_FDCWD, "/usr/bin/python3", {st_mode=S_IFREG|0755, st_size=7477160, ...}, 0) = 0
770133 newfstatat(AT_FDCWD, "/usr/bin/python3", {st_mode=S_IFREG|0755, st_size=7477160, ...}, 0) = 0
770133 access("/usr/bin/python3", X_OK) = 0
770133 newfstatat(AT_FDCWD, "/usr/bin/python3", {st_mode=S_IFREG|0755, st_size=7477160, ...}, 0) = 0
770133 access("/usr/bin/python3", R_OK) = 0
770133 execve("/usr/bin/python3", ["python3", "/home/firstmate/.no-mistakes/wor"..., "poll"], 0x63d979ca4170 /* 8 vars */) = 0
770133 access("/etc/ld.so.preload", R_OK) = -1 ENOENT (No such file or directory)
770133 openat(AT_FDCWD, "/etc/ld.so.cache", O_RDONLY|O_CLOEXEC) = 3
770133 openat(AT_FDCWD, "/usr/lib/x86_64-linux-gnu/libm.so.6", O_RDONLY|O_CLOEXEC) = 3
770133 openat(AT_FDCWD, "/usr/lib/x86_64-linux-gnu/libz.so.1", O_RDONLY|O_CLOEXEC) = 3
770133 openat(AT_FDCWD, "/usr/lib/x86_64-linux-gnu/libexpat.so.1", O_RDONLY|O_CLOEXEC) = 3
770133 openat(AT_FDCWD, "/usr/lib/x86_64-linux-gnu/libc.so.6", O_RDONLY|O_CLOEXEC) = 3
770133 open("/proc/sys/vm/overcommit_memory", O_RDONLY) = 3
770133 openat(AT_FDCWD, "/usr/lib/locale/locale-archive", O_RDONLY|O_CLOEXEC) = 3
770133 openat(AT_FDCWD, "/usr/share/locale/locale.alias", O_RDONLY|O_CLOEXEC) = -1 ENOENT (No such file or directory)
770133 openat(AT_FDCWD, "/usr/lib/locale/C.UTF-8/LC_CTYPE", O_RDONLY|O_CLOEXEC) = -1 ENOENT (No such file or directory)
770133 openat(AT_FDCWD, "/usr/lib/locale/C.utf8/LC_CTYPE", O_RDONLY|O_CLOEXEC) = 3
770133 openat(AT_FDCWD, "/usr/lib/x86_64-linux-gnu/gconv/gconv-modules.cache", O_RDONLY|O_CLOEXEC) = 3
770133 openat(AT_FDCWD, "/proc/self/maps", O_RDONLY|O_CLOEXEC) = 3
770133 newfstatat(AT_FDCWD, "/home/firstmate/.local/codex-latest/lib/node_modules/@openai/codex/node_modules/@openai/codex-linux-x64/vendor/x86_64-unknown-linux-musl/codex-path/python3", 0x7ffdc7b29940, 0) = -1 ENOENT (No such file or directory)
770133 newfstatat(AT_FDCWD, "/home/firstmate/.codex-5/tmp/arg0/codex-arg065EgpK/python3", 0x7ffdc7b29940, 0) = -1 ENOENT (No such file or directory)
770133 newfstatat(AT_FDCWD, "/home/firstmate/.local/codex-latest/lib/node_modules/@openai/codex/node_modules/@openai/codex-linux-x64/vendor/x86_64-unknown-linux-musl/codex-path/python3", 0x7ffdc7b29940, 0) = -1 ENOENT (No such file or directory)
770133 newfstatat(AT_FDCWD, "/home/firstmate/.local/bin/python3", 0x7ffdc7b29940, 0) = -1 ENOENT (No such file or directory)
770133 newfstatat(AT_FDCWD, "/home/firstmate/go/bin/python3", 0x7ffdc7b29940, 0) = -1 ENOENT (No such file or directory)
770133 newfstatat(AT_FDCWD, "/home/firstmate/.cargo/bin/python3", 0x7ffdc7b29940, 0) = -1 ENOENT (No such file or directory)
770133 newfstatat(AT_FDCWD, "/home/firstmate/bin/python3", 0x7ffdc7b29940, 0) = -1 ENOENT (No such file or directory)
770133 newfstatat(AT_FDCWD, "/opt/homebrew/bin/python3", 0x7ffdc7b29940, 0) = -1 ENOENT (No such file or directory)
770133 newfstatat(AT_FDCWD, "/opt/homebrew/sbin/python3", 0x7ffdc7b29940, 0) = -1 ENOENT (No such file or directory)
770133 newfstatat(AT_FDCWD, "/usr/local/bin/python3", 0x7ffdc7b29940, 0) = -1 ENOENT (No such file or directory)
770133 newfstatat(AT_FDCWD, "/usr/local/sbin/python3", 0x7ffdc7b29940, 0) = -1 ENOENT (No such file or directory)
770133 newfstatat(AT_FDCWD, "/usr/bin/python3", {st_mode=S_IFREG|0755, st_size=7477160, ...}, 0) = 0
770133 openat(AT_FDCWD, "/usr/pyvenv.cfg", O_RDONLY) = -1 ENOENT (No such file or directory)
770133 openat(AT_FDCWD, "/usr/bin/pyvenv.cfg", O_RDONLY) = -1 ENOENT (No such file or directory)
770133 readlink("/usr/bin/python3", "python3.14", 4096) = 10
770133 readlink("/usr/bin/python3.14", 0x7ffdc7b24960, 4096) = -1 EINVAL (Invalid argument)
770133 openat(AT_FDCWD, "/usr/bin/python3._pth", O_RDONLY) = -1 ENOENT (No such file or directory)
770133 openat(AT_FDCWD, "/usr/bin/python3.14._pth", O_RDONLY) = -1 ENOENT (No such file or directory)
770133 openat(AT_FDCWD, "/usr/bin/pybuilddir.txt", O_RDONLY) = -1 ENOENT (No such file or directory)
770133 newfstatat(AT_FDCWD, "/usr/bin/Modules/Setup.local", 0x7ffdc7b29940, 0) = -1 ENOENT (No such file or directory)
770133 newfstatat(AT_FDCWD, "/usr/bin/lib/python314.zip", 0x7ffdc7b29620, 0) = -1 ENOENT (No such file or directory)
770133 newfstatat(AT_FDCWD, "/usr/lib/python314.zip", 0x7ffdc7b29940, 0) = -1 ENOENT (No such file or directory)
770133 newfstatat(AT_FDCWD, "/usr/bin/lib/python3.14/os.py", 0x7ffdc7b29940, 0) = -1 ENOENT (No such file or directory)
770133 newfstatat(AT_FDCWD, "/usr/bin/lib/python3.14/os.pyc", 0x7ffdc7b29940, 0) = -1 ENOENT (No such file or directory)
770133 newfstatat(AT_FDCWD, "/usr/lib/python3.14/os.py", {st_mode=S_IFREG|0644, st_size=41959, ...}, 0) = 0
770133 newfstatat(AT_FDCWD, "/usr/lib/python3.14/lib-dynload", {st_mode=S_IFDIR|0755, st_size=16384, ...}, 0) = 0
770133 newfstatat(AT_FDCWD, "/usr/lib/python3.14/lib-dynload", {st_mode=S_IFDIR|0755, st_size=16384, ...}, 0) = 0
770133 openat(AT_FDCWD, "/etc/localtime", O_RDONLY|O_CLOEXEC) = 3
770133 newfstatat(AT_FDCWD, "/usr/lib/python314.zip", 0x7ffdc7b29100, 0) = -1 ENOENT (No such file or directory)
770133 newfstatat(AT_FDCWD, "/usr/lib", {st_mode=S_IFDIR|0755, st_size=4096, ...}, 0) = 0
770133 newfstatat(AT_FDCWD, "/usr/lib/python314.zip", 0x7ffdc7b295e0, 0) = -1 ENOENT (No such file or directory)
770133 newfstatat(AT_FDCWD, "/usr/lib/python3.14", {st_mode=S_IFDIR|0755, st_size=20480, ...}, 0) = 0
770133 newfstatat(AT_FDCWD, "/usr/lib/python3.14", {st_mode=S_IFDIR|0755, st_size=20480, ...}, 0) = 0
770133 newfstatat(AT_FDCWD, "/usr/lib/python3.14", {st_mode=S_IFDIR|0755, st_size=20480, ...}, 0) = 0
770133 openat(AT_FDCWD, "/usr/lib/python3.14", O_RDONLY|O_NONBLOCK|O_CLOEXEC|O_DIRECTORY) = 3
770133 newfstatat(AT_FDCWD, "/usr/lib/python3.14/encodings/__init__.cpython-314-x86_64-linux-gnu.so", 0x7ffdc7b295e0, 0) = -1 ENOENT (No such file or directory)
770133 newfstatat(AT_FDCWD, "/usr/lib/python3.14/encodings/__init__.abi3.so", 0x7ffdc7b295e0, 0) = -1 ENOENT (No such file or directory)
770133 newfstatat(AT_FDCWD, "/usr/lib/python3.14/encodings/__init__.abi3-x86_64-linux-gnu.so", 0x7ffdc7b295e0, 0) = -1 ENOENT (No such file or directory)
770133 newfstatat(AT_FDCWD, "/usr/lib/python3.14/encodings/__init__.so", 0x7ffdc7b295e0, 0) = -1 ENOENT (No such file or directory)
770133 newfstatat(AT_FDCWD, "/usr/lib/python3.14/encodings/__init__.py", {st_mode=S_IFREG|0644, st_size=5945, ...}, 0) = 0
770133 newfstatat(AT_FDCWD, "/usr/lib/python3.14/encodings/__init__.py", {st_mode=S_IFREG|0644, st_size=5945, ...}, 0) = 0
770133 openat(AT_FDCWD, "/usr/lib/python3.14/encodings/__pycache__/__init__.cpython-314.pyc", O_RDONLY|O_CLOEXEC) = 3
770133 newfstatat(AT_FDCWD, "/usr/lib/python3.14/encodings", {st_mode=S_IFDIR|0755, st_size=20480, ...}, 0) = 0
770133 newfstatat(AT_FDCWD, "/usr/lib/python3.14/encodings", {st_mode=S_IFDIR|0755, st_size=20480, ...}, 0) = 0
770133 newfstatat(AT_FDCWD, "/usr/lib/python3.14/encodings", {st_mode=S_IFDIR|0755, st_size=20480, ...}, 0) = 0
770133 openat(AT_FDCWD, "/usr/lib/python3.14/encodings", O_RDONLY|O_NONBLOCK|O_CLOEXEC|O_DIRECTORY) = 3
770133 newfstatat(AT_FDCWD, "/usr/lib/python3.14/encodings/aliases.py", {st_mode=S_IFREG|0644, st_size=15957, ...}, 0) = 0
770133 newfstatat(AT_FDCWD, "/usr/lib/python3.14/encodings/aliases.py", {st_mode=S_IFREG|0644, st_size=15957, ...}, 0) = 0
770133 openat(AT_FDCWD, "/usr/lib/python3.14/encodings/__pycache__/aliases.cpython-314.pyc", O_RDONLY|O_CLOEXEC) = 3
770133 newfstatat(AT_FDCWD, "/usr/lib/python3.14/encodings", {st_mode=S_IFDIR|0755, st_size=20480, ...}, 0) = 0
770133 newfstatat(AT_FDCWD, "/usr/lib/python3.14/encodings/utf_8.py", {st_mode=S_IFREG|0644, st_size=1005, ...}, 0) = 0
770133 newfstatat(AT_FDCWD, "/usr/lib/python3.14/encodings/utf_8.py", {st_mode=S_IFREG|0644, st_size=1005, ...}, 0) = 0
770133 openat(AT_FDCWD, "/usr/lib/python3.14/encodings/__pycache__/utf_8.cpython-314.pyc", O_RDONLY|O_CLOEXEC) = 3
770133 newfstatat(AT_FDCWD, "/usr/bin/pyvenv.cfg", 0x7ffdc7b28e40, 0) = -1 ENOENT (No such file or directory)
770133 newfstatat(AT_FDCWD, "/usr/pyvenv.cfg", 0x7ffdc7b28e60, 0) = -1 ENOENT (No such file or directory)
770133 newfstatat(AT_FDCWD, "/home/firstmate/.local/lib/python3.14/site-packages", {st_mode=S_IFDIR|0775, st_size=4096, ...}, 0) = 0
770133 openat(AT_FDCWD, "/home/firstmate/.local/lib/python3.14/site-packages", O_RDONLY|O_NONBLOCK|O_CLOEXEC|O_DIRECTORY) = 3
770133 newfstatat(AT_FDCWD, "/usr/local/lib/python3.14/dist-packages", {st_mode=S_IFDIR|0755, st_size=4096, ...}, 0) = 0
770133 openat(AT_FDCWD, "/usr/local/lib/python3.14/dist-packages", O_RDONLY|O_NONBLOCK|O_CLOEXEC|O_DIRECTORY) = 3
770133 newfstatat(AT_FDCWD, "/usr/lib/python3/dist-packages", {st_mode=S_IFDIR|0755, st_size=12288, ...}, 0) = 0
770133 openat(AT_FDCWD, "/usr/lib/python3/dist-packages", O_RDONLY|O_NONBLOCK|O_CLOEXEC|O_DIRECTORY) = 3
770133 newfstatat(AT_FDCWD, "/usr/lib/python3/dist-packages/distutils-precedence.pth", {st_mode=S_IFREG|0644, st_size=151, ...}, AT_SYMLINK_NOFOLLOW) = 0
770133 openat(AT_FDCWD, "/usr/lib/python3/dist-packages/distutils-precedence.pth", O_RDONLY|O_CLOEXEC) = 3
770133 newfstatat(AT_FDCWD, "/usr/lib/python3.14/encodings", {st_mode=S_IFDIR|0755, st_size=20480, ...}, 0) = 0
770133 newfstatat(AT_FDCWD, "/usr/lib/python3.14/encodings/utf_8_sig.py", {st_mode=S_IFREG|0644, st_size=4133, ...}, 0) = 0
770133 newfstatat(AT_FDCWD, "/usr/lib/python3.14/encodings/utf_8_sig.py", {st_mode=S_IFREG|0644, st_size=4133, ...}, 0) = 0
770133 openat(AT_FDCWD, "/usr/lib/python3.14/encodings/__pycache__/utf_8_sig.cpython-314.pyc", O_RDONLY|O_CLOEXEC) = 3
770133 newfstatat(AT_FDCWD, "/usr/lib/python3.14", {st_mode=S_IFDIR|0755, st_size=20480, ...}, 0) = 0
770133 newfstatat(AT_FDCWD, "/usr/lib/python3.14/lib-dynload", {st_mode=S_IFDIR|0755, st_size=16384, ...}, 0) = 0
770133 newfstatat(AT_FDCWD, "/usr/lib/python3.14/lib-dynload", {st_mode=S_IFDIR|0755, st_size=16384, ...}, 0) = 0
770133 newfstatat(AT_FDCWD, "/usr/lib/python3.14/lib-dynload", {st_mode=S_IFDIR|0755, st_size=16384, ...}, 0) = 0
770133 openat(AT_FDCWD, "/usr/lib/python3.14/lib-dynload", O_RDONLY|O_NONBLOCK|O_CLOEXEC|O_DIRECTORY) = 3
770133 newfstatat(AT_FDCWD, "/home/firstmate/.local/lib/python3.14/site-packages", {st_mode=S_IFDIR|0775, st_size=4096, ...}, 0) = 0
770133 newfstatat(AT_FDCWD, "/home/firstmate/.local/lib/python3.14/site-packages", {st_mode=S_IFDIR|0775, st_size=4096, ...}, 0) = 0
770133 newfstatat(AT_FDCWD, "/home/firstmate/.local/lib/python3.14/site-packages", {st_mode=S_IFDIR|0775, st_size=4096, ...}, 0) = 0
770133 openat(AT_FDCWD, "/home/firstmate/.local/lib/python3.14/site-packages", O_RDONLY|O_NONBLOCK|O_CLOEXEC|O_DIRECTORY) = 3
770133 newfstatat(AT_FDCWD, "/usr/local/lib/python3.14/dist-packages", {st_mode=S_IFDIR|0755, st_size=4096, ...}, 0) = 0
770133 newfstatat(AT_FDCWD, "/usr/local/lib/python3.14/dist-packages", {st_mode=S_IFDIR|0755, st_size=4096, ...}, 0) = 0
770133 newfstatat(AT_FDCWD, "/usr/local/lib/python3.14/dist-packages", {st_mode=S_IFDIR|0755, st_size=4096, ...}, 0) = 0
770133 openat(AT_FDCWD, "/usr/local/lib/python3.14/dist-packages", O_RDONLY|O_NONBLOCK|O_CLOEXEC|O_DIRECTORY) = 3
770133 newfstatat(AT_FDCWD, "/usr/lib/python3/dist-packages", {st_mode=S_IFDIR|0755, st_size=12288, ...}, 0) = 0
770133 newfstatat(AT_FDCWD, "/usr/lib/python3/dist-packages", {st_mode=S_IFDIR|0755, st_size=12288, ...}, 0) = 0
770133 newfstatat(AT_FDCWD, "/usr/lib/python3/dist-packages", {st_mode=S_IFDIR|0755, st_size=12288, ...}, 0) = 0
770133 openat(AT_FDCWD, "/usr/lib/python3/dist-packages", O_RDONLY|O_NONBLOCK|O_CLOEXEC|O_DIRECTORY) = 3
770133 newfstatat(AT_FDCWD, "/usr/lib/python3/dist-packages/_distutils_hack/__init__.cpython-314-x86_64-linux-gnu.so", 0x7ffdc7b285f0, 0) = -1 ENOENT (No such file or directory)
770133 newfstatat(AT_FDCWD, "/usr/lib/python3/dist-packages/_distutils_hack/__init__.abi3.so", 0x7ffdc7b285f0, 0) = -1 ENOENT (No such file or directory)
770133 newfstatat(AT_FDCWD, "/usr/lib/python3/dist-packages/_distutils_hack/__init__.abi3-x86_64-linux-gnu.so", 0x7ffdc7b285f0, 0) = -1 ENOENT (No such file or directory)
770133 newfstatat(AT_FDCWD, "/usr/lib/python3/dist-packages/_distutils_hack/__init__.so", 0x7ffdc7b285f0, 0) = -1 ENOENT (No such file or directory)
770133 newfstatat(AT_FDCWD, "/usr/lib/python3/dist-packages/_distutils_hack/__init__.py", {st_mode=S_IFREG|0644, st_size=6755, ...}, 0) = 0
770133 newfstatat(AT_FDCWD, "/usr/lib/python3/dist-packages/_distutils_hack/__init__.py", {st_mode=S_IFREG|0644, st_size=6755, ...}, 0) = 0
770133 openat(AT_FDCWD, "/usr/lib/python3/dist-packages/_distutils_hack/__pycache__/__init__.cpython-314.pyc", O_RDONLY|O_CLOEXEC) = 3
770133 newfstatat(AT_FDCWD, "/usr/lib/python3.14/dist-packages", 0x7ffdc7b291b0, 0) = -1 ENOENT (No such file or directory)
770133 newfstatat(AT_FDCWD, "/usr/lib/python3.14", {st_mode=S_IFDIR|0755, st_size=20480, ...}, 0) = 0
770133 newfstatat(AT_FDCWD, "/usr/lib/python3.14/sitecustomize.py", {st_mode=S_IFREG|0644, st_size=155, ...}, 0) = 0
770133 newfstatat(AT_FDCWD, "/usr/lib/python3.14/sitecustomize.py", {st_mode=S_IFREG|0644, st_size=155, ...}, 0) = 0
770133 openat(AT_FDCWD, "/usr/lib/python3.14/__pycache__/sitecustomize.cpython-314.pyc", O_RDONLY|O_CLOEXEC) = 3
770133 newfstatat(AT_FDCWD, "/usr/lib/python3.14", {st_mode=S_IFDIR|0755, st_size=20480, ...}, 0) = 0
770133 newfstatat(AT_FDCWD, "/usr/lib/python3.14/lib-dynload", {st_mode=S_IFDIR|0755, st_size=16384, ...}, 0) = 0
770133 newfstatat(AT_FDCWD, "/home/firstmate/.local/lib/python3.14/site-packages", {st_mode=S_IFDIR|0775, st_size=4096, ...}, 0) = 0
770133 newfstatat(AT_FDCWD, "/usr/local/lib/python3.14/dist-packages", {st_mode=S_IFDIR|0755, st_size=4096, ...}, 0) = 0
770133 newfstatat(AT_FDCWD, "/usr/lib/python3/dist-packages", {st_mode=S_IFDIR|0755, st_size=12288, ...}, 0) = 0
770133 newfstatat(AT_FDCWD, "/usr/lib/python3/dist-packages/apport_python_hook.py", {st_mode=S_IFREG|0644, st_size=8896, ...}, 0) = 0
770133 newfstatat(AT_FDCWD, "/usr/lib/python3/dist-packages/apport_python_hook.py", {st_mode=S_IFREG|0644, st_size=8896, ...}, 0) = 0
770133 openat(AT_FDCWD, "/usr/lib/python3/dist-packages/__pycache__/apport_python_hook.cpython-314.pyc", O_RDONLY|O_CLOEXEC) = 3
770133 newfstatat(AT_FDCWD, "/usr/lib/python3.14", {st_mode=S_IFDIR|0755, st_size=20480, ...}, 0) = 0
770133 newfstatat(AT_FDCWD, "/usr/lib/python3.14/types.py", {st_mode=S_IFREG|0644, st_size=11459, ...}, 0) = 0
770133 newfstatat(AT_FDCWD, "/usr/lib/python3.14/types.py", {st_mode=S_IFREG|0644, st_size=11459, ...}, 0) = 0
770133 openat(AT_FDCWD, "/usr/lib/python3.14/__pycache__/types.cpython-314.pyc", O_RDONLY|O_CLOEXEC) = 3
770133 newfstatat(AT_FDCWD, "/usr/lib/python3.14", {st_mode=S_IFDIR|0755, st_size=20480, ...}, 0) = 0
770133 newfstatat(AT_FDCWD, "/usr/lib/python3.14/lib-dynload", {st_mode=S_IFDIR|0755, st_size=16384, ...}, 0) = 0
770133 newfstatat(AT_FDCWD, "/home/firstmate/.local/lib/python3.14/site-packages", {st_mode=S_IFDIR|0775, st_size=4096, ...}, 0) = 0
770133 newfstatat(AT_FDCWD, "/usr/local/lib/python3.14/dist-packages", {st_mode=S_IFDIR|0755, st_size=4096, ...}, 0) = 0
770133 newfstatat(AT_FDCWD, "/usr/lib/python3/dist-packages", {st_mode=S_IFDIR|0755, st_size=12288, ...}, 0) = 0
770133 newfstatat(AT_FDCWD, "/home/firstmate/.no-mistakes/worktrees/8352e211db7e/01M4F29HK4JCAKXEQ2F50R6HHX/bin/fm_inbox_conversation.py", {st_mode=S_IFREG|0664, st_size=33410, ...}, 0) = 0
770133 openat(AT_FDCWD, "/home/firstmate/.no-mistakes/worktrees/8352e211db7e/01M4F29HK4JCAKXEQ2F50R6HHX/bin/fm_inbox_conversation.py", O_RDONLY|O_CLOEXEC) = 3
770133 newfstatat(AT_FDCWD, "/home/firstmate/.no-mistakes/worktrees/8352e211db7e/01M4F29HK4JCAKXEQ2F50R6HHX/bin/fm_inbox_conversation.py", {st_mode=S_IFREG|0664, st_size=33410, ...}, 0) = 0
770133 readlink("/home/firstmate/.no-mistakes/worktrees/8352e211db7e/01M4F29HK4JCAKXEQ2F50R6HHX/bin/fm_inbox_conversation.py", 0x7ffdc7b181c0, 4096) = -1 EINVAL (Invalid argument)
770133 readlink("/home", 0x7ffdc7b18da0, 1023) = -1 EINVAL (Invalid argument)
770133 readlink("/home/firstmate", 0x7ffdc7b18da0, 1023) = -1 EINVAL (Invalid argument)
770133 readlink("/home/firstmate/.no-mistakes", 0x7ffdc7b18da0, 1023) = -1 EINVAL (Invalid argument)
770133 readlink("/home/firstmate/.no-mistakes/worktrees", 0x7ffdc7b18da0, 1023) = -1 EINVAL (Invalid argument)
770133 readlink("/home/firstmate/.no-mistakes/worktrees/8352e211db7e", 0x7ffdc7b18da0, 1023) = -1 EINVAL (Invalid argument)
770133 readlink("/home/firstmate/.no-mistakes/worktrees/8352e211db7e/01M4F29HK4JCAKXEQ2F50R6HHX", 0x7ffdc7b18da0, 1023) = -1 EINVAL (Invalid argument)
770133 readlink("/home/firstmate/.no-mistakes/worktrees/8352e211db7e/01M4F29HK4JCAKXEQ2F50R6HHX/bin", 0x7ffdc7b18da0, 1023) = -1 EINVAL (Invalid argument)
770133 readlink("/home/firstmate/.no-mistakes/worktrees/8352e211db7e/01M4F29HK4JCAKXEQ2F50R6HHX/bin/fm_inbox_conversation.py", 0x7ffdc7b18da0, 1023) = -1 EINVAL (Invalid argument)
770133 openat(AT_FDCWD, "/home/firstmate/.no-mistakes/worktrees/8352e211db7e/01M4F29HK4JCAKXEQ2F50R6HHX/bin/fm_inbox_conversation.py", O_RDONLY) = 3
770133 newfstatat(AT_FDCWD, "/home/firstmate/.no-mistakes/worktrees/8352e211db7e/01M4F29HK4JCAKXEQ2F50R6HHX/bin", {st_mode=S_IFDIR|0775, st_size=12288, ...}, 0) = 0
770133 newfstatat(AT_FDCWD, "/home/firstmate/.no-mistakes/worktrees/8352e211db7e/01M4F29HK4JCAKXEQ2F50R6HHX/bin", {st_mode=S_IFDIR|0775, st_size=12288, ...}, 0) = 0
770133 newfstatat(AT_FDCWD, "/home/firstmate/.no-mistakes/worktrees/8352e211db7e/01M4F29HK4JCAKXEQ2F50R6HHX/bin", {st_mode=S_IFDIR|0775, st_size=12288, ...}, 0) = 0
770133 openat(AT_FDCWD, "/home/firstmate/.no-mistakes/worktrees/8352e211db7e/01M4F29HK4JCAKXEQ2F50R6HHX/bin", O_RDONLY|O_NONBLOCK|O_CLOEXEC|O_DIRECTORY) = 3
770133 newfstatat(AT_FDCWD, "/usr/lib/python3.14", {st_mode=S_IFDIR|0755, st_size=20480, ...}, 0) = 0
770133 newfstatat(AT_FDCWD, "/usr/lib/python3.14/hashlib.py", {st_mode=S_IFREG|0644, st_size=9459, ...}, 0) = 0
770133 newfstatat(AT_FDCWD, "/usr/lib/python3.14/hashlib.py", {st_mode=S_IFREG|0644, st_size=9459, ...}, 0) = 0
770133 openat(AT_FDCWD, "/usr/lib/python3.14/__pycache__/hashlib.cpython-314.pyc", O_RDONLY|O_CLOEXEC) = 3
770133 newfstatat(AT_FDCWD, "/home/firstmate/.no-mistakes/worktrees/8352e211db7e/01M4F29HK4JCAKXEQ2F50R6HHX/bin", {st_mode=S_IFDIR|0775, st_size=12288, ...}, 0) = 0
770133 newfstatat(AT_FDCWD, "/usr/lib/python3.14", {st_mode=S_IFDIR|0755, st_size=20480, ...}, 0) = 0
770133 newfstatat(AT_FDCWD, "/usr/lib/python3.14/lib-dynload", {st_mode=S_IFDIR|0755, st_size=16384, ...}, 0) = 0
770133 newfstatat(AT_FDCWD, "/usr/lib/python3.14/lib-dynload/_hashlib.cpython-314-x86_64-linux-gnu.so", {st_mode=S_IFREG|0644, st_size=64448, ...}, 0) = 0
770133 openat(AT_FDCWD, "/usr/lib/python3.14/lib-dynload/_hashlib.cpython-314-x86_64-linux-gnu.so", O_RDONLY|O_CLOEXEC) = 3
770133 openat(AT_FDCWD, "/etc/ld.so.cache", O_RDONLY|O_CLOEXEC) = 3
770133 openat(AT_FDCWD, "/usr/lib/x86_64-linux-gnu/libcrypto.so.3", O_RDONLY|O_CLOEXEC) = 3
770133 openat(AT_FDCWD, "/usr/lib/x86_64-linux-gnu/libzstd.so.1", O_RDONLY|O_CLOEXEC) = 3
770133 openat(AT_FDCWD, "/proc/sys/crypto/fips_enabled", O_RDONLY) = -1 ENOENT (No such file or directory)
770133 openat(AT_FDCWD, "/etc/ubuntu-fips", O_RDONLY) = -1 ENOENT (No such file or directory)
770133 openat(AT_FDCWD, "/usr/lib/ssl/openssl.cnf", O_RDONLY) = 3
770133 newfstatat(AT_FDCWD, "/var/lib/crypto-config/profiles/current/openssl.conf.d", 0x7ffdc7b285a0, 0) = -1 ENOENT (No such file or directory)
770133 newfstatat(AT_FDCWD, "/etc/ssl/openssl.conf.d", 0x7ffdc7b285a0, 0) = -1 ENOENT (No such file or directory)
770133 newfstatat(AT_FDCWD, "/home/firstmate/.no-mistakes/worktrees/8352e211db7e/01M4F29HK4JCAKXEQ2F50R6HHX/bin", {st_mode=S_IFDIR|0775, st_size=12288, ...}, 0) = 0
770133 newfstatat(AT_FDCWD, "/usr/lib/python3.14", {st_mode=S_IFDIR|0755, st_size=20480, ...}, 0) = 0
770133 newfstatat(AT_FDCWD, "/usr/lib/python3.14/json/__init__.cpython-314-x86_64-linux-gnu.so", 0x7ffdc7b295d0, 0) = -1 ENOENT (No such file or directory)
770133 newfstatat(AT_FDCWD, "/usr/lib/python3.14/json/__init__.abi3.so", 0x7ffdc7b295d0, 0) = -1 ENOENT (No such file or directory)
770133 newfstatat(AT_FDCWD, "/usr/lib/python3.14/json/__init__.abi3-x86_64-linux-gnu.so", 0x7ffdc7b295d0, 0) = -1 ENOENT (No such file or directory)
770133 newfstatat(AT_FDCWD, "/usr/lib/python3.14/json/__init__.so", 0x7ffdc7b295d0, 0) = -1 ENOENT (No such file or directory)
770133 newfstatat(AT_FDCWD, "/usr/lib/python3.14/json/__init__.py", {st_mode=S_IFREG|0644, st_size=14066, ...}, 0) = 0
770133 newfstatat(AT_FDCWD, "/usr/lib/python3.14/json/__init__.py", {st_mode=S_IFREG|0644, st_size=14066, ...}, 0) = 0
770133 openat(AT_FDCWD, "/usr/lib/python3.14/json/__pycache__/__init__.cpython-314.pyc", O_RDONLY|O_CLOEXEC) = 3
770133 newfstatat(AT_FDCWD, "/usr/lib/python3.14/json", {st_mode=S_IFDIR|0755, st_size=4096, ...}, 0) = 0
770133 newfstatat(AT_FDCWD, "/usr/lib/python3.14/json", {st_mode=S_IFDIR|0755, st_size=4096, ...}, 0) = 0
770133 newfstatat(AT_FDCWD, "/usr/lib/python3.14/json", {st_mode=S_IFDIR|0755, st_size=4096, ...}, 0) = 0
770133 openat(AT_FDCWD, "/usr/lib/python3.14/json", O_RDONLY|O_NONBLOCK|O_CLOEXEC|O_DIRECTORY) = 3
770133 newfstatat(AT_FDCWD, "/usr/lib/python3.14/json/decoder.py", {st_mode=S_IFREG|0644, st_size=12873, ...}, 0) = 0
770133 newfstatat(AT_FDCWD, "/usr/lib/python3.14/json/decoder.py", {st_mode=S_IFREG|0644, st_size=12873, ...}, 0) = 0
770133 openat(AT_FDCWD, "/usr/lib/python3.14/json/__pycache__/decoder.cpython-314.pyc", O_RDONLY|O_CLOEXEC) = 3
770133 newfstatat(AT_FDCWD, "/home/firstmate/.no-mistakes/worktrees/8352e211db7e/01M4F29HK4JCAKXEQ2F50R6HHX/bin", {st_mode=S_IFDIR|0775, st_size=12288, ...}, 0) = 0
770133 newfstatat(AT_FDCWD, "/usr/lib/python3.14", {st_mode=S_IFDIR|0755, st_size=20480, ...}, 0) = 0
770133 newfstatat(AT_FDCWD, "/usr/lib/python3.14/re/__init__.cpython-314-x86_64-linux-gnu.so", 0x7ffdc7b28090, 0) = -1 ENOENT (No such file or directory)
770133 newfstatat(AT_FDCWD, "/usr/lib/python3.14/re/__init__.abi3.so", 0x7ffdc7b28090, 0) = -1 ENOENT (No such file or directory)
770133 newfstatat(AT_FDCWD, "/usr/lib/python3.14/re/__init__.abi3-x86_64-linux-gnu.so", 0x7ffdc7b28090, 0) = -1 ENOENT (No such file or directory)
770133 newfstatat(AT_FDCWD, "/usr/lib/python3.14/re/__init__.so", 0x7ffdc7b28090, 0) = -1 ENOENT (No such file or directory)
770133 newfstatat(AT_FDCWD, "/usr/lib/python3.14/re/__init__.py", {st_mode=S_IFREG|0644, st_size=17876, ...}, 0) = 0
770133 newfstatat(AT_FDCWD, "/usr/lib/python3.14/re/__init__.py", {st_mode=S_IFREG|0644, st_size=17876, ...}, 0) = 0
770133 openat(AT_FDCWD, "/usr/lib/python3.14/re/__pycache__/__init__.cpython-314.pyc", O_RDONLY|O_CLOEXEC) = 3
770133 newfstatat(AT_FDCWD, "/home/firstmate/.no-mistakes/worktrees/8352e211db7e/01M4F29HK4JCAKXEQ2F50R6HHX/bin", {st_mode=S_IFDIR|0775, st_size=12288, ...}, 0) = 0
770133 newfstatat(AT_FDCWD, "/usr/lib/python3.14", {st_mode=S_IFDIR|0755, st_size=20480, ...}, 0) = 0
770133 newfstatat(AT_FDCWD, "/usr/lib/python3.14/enum.py", {st_mode=S_IFREG|0644, st_size=85442, ...}, 0) = 0
770133 newfstatat(AT_FDCWD, "/usr/lib/python3.14/enum.py", {st_mode=S_IFREG|0644, st_size=85442, ...}, 0) = 0
770133 openat(AT_FDCWD, "/usr/lib/python3.14/__pycache__/enum.cpython-314.pyc", O_RDONLY|O_CLOEXEC) = 3
770133 newfstatat(AT_FDCWD, "/usr/lib/python3.14/re", {st_mode=S_IFDIR|0755, st_size=4096, ...}, 0) = 0
770133 newfstatat(AT_FDCWD, "/usr/lib/python3.14/re", {st_mode=S_IFDIR|0755, st_size=4096, ...}, 0) = 0
770133 newfstatat(AT_FDCWD, "/usr/lib/python3.14/re", {st_mode=S_IFDIR|0755, st_size=4096, ...}, 0) = 0
770133 openat(AT_FDCWD, "/usr/lib/python3.14/re", O_RDONLY|O_NONBLOCK|O_CLOEXEC|O_DIRECTORY) = 3
770133 newfstatat(AT_FDCWD, "/usr/lib/python3.14/re/_compiler.py", {st_mode=S_IFREG|0644, st_size=26855, ...}, 0) = 0
770133 newfstatat(AT_FDCWD, "/usr/lib/python3.14/re/_compiler.py", {st_mode=S_IFREG|0644, st_size=26855, ...}, 0) = 0
770133 openat(AT_FDCWD, "/usr/lib/python3.14/re/__pycache__/_compiler.cpython-314.pyc", O_RDONLY|O_CLOEXEC) = 3
770133 newfstatat(AT_FDCWD, "/usr/lib/python3.14/re", {st_mode=S_IFDIR|0755, st_size=4096, ...}, 0) = 0
770133 newfstatat(AT_FDCWD, "/usr/lib/python3.14/re/_parser.py", {st_mode=S_IFREG|0644, st_size=40353, ...}, 0) = 0
770133 newfstatat(AT_FDCWD, "/usr/lib/python3.14/re/_parser.py", {st_mode=S_IFREG|0644, st_size=40353, ...}, 0) = 0
770133 openat(AT_FDCWD, "/usr/lib/python3.14/re/__pycache__/_parser.cpython-314.pyc", O_RDONLY|O_CLOEXEC) = 3
770133 newfstatat(AT_FDCWD, "/usr/lib/python3.14/re", {st_mode=S_IFDIR|0755, st_size=4096, ...}, 0) = 0
770133 newfstatat(AT_FDCWD, "/usr/lib/python3.14/re/_constants.py", {st_mode=S_IFREG|0644, st_size=6036, ...}, 0) = 0
770133 newfstatat(AT_FDCWD, "/usr/lib/python3.14/re/_constants.py", {st_mode=S_IFREG|0644, st_size=6036, ...}, 0) = 0
770133 openat(AT_FDCWD, "/usr/lib/python3.14/re/__pycache__/_constants.cpython-314.pyc", O_RDONLY|O_CLOEXEC) = 3
770133 newfstatat(AT_FDCWD, "/usr/lib/python3.14/re", {st_mode=S_IFDIR|0755, st_size=4096, ...}, 0) = 0
770133 newfstatat(AT_FDCWD, "/usr/lib/python3.14/re/_casefix.py", {st_mode=S_IFREG|0644, st_size=5444, ...}, 0) = 0
770133 newfstatat(AT_FDCWD, "/usr/lib/python3.14/re/_casefix.py", {st_mode=S_IFREG|0644, st_size=5444, ...}, 0) = 0
770133 openat(AT_FDCWD, "/usr/lib/python3.14/re/__pycache__/_casefix.cpython-314.pyc", O_RDONLY|O_CLOEXEC) = 3
770133 newfstatat(AT_FDCWD, "/home/firstmate/.no-mistakes/worktrees/8352e211db7e/01M4F29HK4JCAKXEQ2F50R6HHX/bin", {st_mode=S_IFDIR|0775, st_size=12288, ...}, 0) = 0
770133 newfstatat(AT_FDCWD, "/usr/lib/python3.14", {st_mode=S_IFDIR|0755, st_size=20480, ...}, 0) = 0
770133 newfstatat(AT_FDCWD, "/usr/lib/python3.14/functools.py", {st_mode=S_IFREG|0644, st_size=43561, ...}, 0) = 0
770133 newfstatat(AT_FDCWD, "/usr/lib/python3.14/functools.py", {st_mode=S_IFREG|0644, st_size=43561, ...}, 0) = 0
770133 openat(AT_FDCWD, "/usr/lib/python3.14/__pycache__/functools.cpython-314.pyc", O_RDONLY|O_CLOEXEC) = 3
770133 newfstatat(AT_FDCWD, "/home/firstmate/.no-mistakes/worktrees/8352e211db7e/01M4F29HK4JCAKXEQ2F50R6HHX/bin", {st_mode=S_IFDIR|0775, st_size=12288, ...}, 0) = 0
770133 newfstatat(AT_FDCWD, "/usr/lib/python3.14", {st_mode=S_IFDIR|0755, st_size=20480, ...}, 0) = 0
770133 newfstatat(AT_FDCWD, "/usr/lib/python3.14/collections/__init__.cpython-314-x86_64-linux-gnu.so", 0x7ffdc7b26b50, 0) = -1 ENOENT (No such file or directory)
770133 newfstatat(AT_FDCWD, "/usr/lib/python3.14/collections/__init__.abi3.so", 0x7ffdc7b26b50, 0) = -1 ENOENT (No such file or directory)
770133 newfstatat(AT_FDCWD, "/usr/lib/python3.14/collections/__init__.abi3-x86_64-linux-gnu.so", 0x7ffdc7b26b50, 0) = -1 ENOENT (No such file or directory)
770133 newfstatat(AT_FDCWD, "/usr/lib/python3.14/collections/__init__.so", 0x7ffdc7b26b50, 0) = -1 ENOENT (No such file or directory)
770133 newfstatat(AT_FDCWD, "/usr/lib/python3.14/collections/__init__.py", {st_mode=S_IFREG|0644, st_size=52903, ...}, 0) = 0
770133 newfstatat(AT_FDCWD, "/usr/lib/python3.14/collections/__init__.py", {st_mode=S_IFREG|0644, st_size=52903, ...}, 0) = 0
770133 openat(AT_FDCWD, "/usr/lib/python3.14/collections/__pycache__/__init__.cpython-314.pyc", O_RDONLY|O_CLOEXEC) = 3
770133 newfstatat(AT_FDCWD, "/home/firstmate/.no-mistakes/worktrees/8352e211db7e/01M4F29HK4JCAKXEQ2F50R6HHX/bin", {st_mode=S_IFDIR|0775, st_size=12288, ...}, 0) = 0
770133 newfstatat(AT_FDCWD, "/usr/lib/python3.14", {st_mode=S_IFDIR|0755, st_size=20480, ...}, 0) = 0
770133 newfstatat(AT_FDCWD, "/usr/lib/python3.14/keyword.py", {st_mode=S_IFREG|0644, st_size=1073, ...}, 0) = 0
770133 newfstatat(AT_FDCWD, "/usr/lib/python3.14/keyword.py", {st_mode=S_IFREG|0644, st_size=1073, ...}, 0) = 0
770133 openat(AT_FDCWD, "/usr/lib/python3.14/__pycache__/keyword.cpython-314.pyc", O_RDONLY|O_CLOEXEC) = 3
770133 newfstatat(AT_FDCWD, "/home/firstmate/.no-mistakes/worktrees/8352e211db7e/01M4F29HK4JCAKXEQ2F50R6HHX/bin", {st_mode=S_IFDIR|0775, st_size=12288, ...}, 0) = 0
770133 newfstatat(AT_FDCWD, "/usr/lib/python3.14", {st_mode=S_IFDIR|0755, st_size=20480, ...}, 0) = 0
770133 newfstatat(AT_FDCWD, "/usr/lib/python3.14/operator.py", {st_mode=S_IFREG|0644, st_size=11158, ...}, 0) = 0
770133 newfstatat(AT_FDCWD, "/usr/lib/python3.14/operator.py", {st_mode=S_IFREG|0644, st_size=11158, ...}, 0) = 0
770133 openat(AT_FDCWD, "/usr/lib/python3.14/__pycache__/operator.cpython-314.pyc", O_RDONLY|O_CLOEXEC) = 3
770133 newfstatat(AT_FDCWD, "/home/firstmate/.no-mistakes/worktrees/8352e211db7e/01M4F29HK4JCAKXEQ2F50R6HHX/bin", {st_mode=S_IFDIR|0775, st_size=12288, ...}, 0) = 0
770133 newfstatat(AT_FDCWD, "/usr/lib/python3.14", {st_mode=S_IFDIR|0755, st_size=20480, ...}, 0) = 0
770133 newfstatat(AT_FDCWD, "/usr/lib/python3.14/reprlib.py", {st_mode=S_IFREG|0644, st_size=8064, ...}, 0) = 0
770133 newfstatat(AT_FDCWD, "/usr/lib/python3.14/reprlib.py", {st_mode=S_IFREG|0644, st_size=8064, ...}, 0) = 0
770133 openat(AT_FDCWD, "/usr/lib/python3.14/__pycache__/reprlib.cpython-314.pyc", O_RDONLY|O_CLOEXEC) = 3
770133 newfstatat(AT_FDCWD, "/home/firstmate/.no-mistakes/worktrees/8352e211db7e/01M4F29HK4JCAKXEQ2F50R6HHX/bin", {st_mode=S_IFDIR|0775, st_size=12288, ...}, 0) = 0
770133 newfstatat(AT_FDCWD, "/usr/lib/python3.14", {st_mode=S_IFDIR|0755, st_size=20480, ...}, 0) = 0
770133 newfstatat(AT_FDCWD, "/usr/lib/python3.14/copyreg.py", {st_mode=S_IFREG|0644, st_size=7716, ...}, 0) = 0
770133 newfstatat(AT_FDCWD, "/usr/lib/python3.14/copyreg.py", {st_mode=S_IFREG|0644, st_size=7716, ...}, 0) = 0
770133 openat(AT_FDCWD, "/usr/lib/python3.14/__pycache__/copyreg.cpython-314.pyc", O_RDONLY|O_CLOEXEC) = 3
770133 newfstatat(AT_FDCWD, "/usr/lib/python3.14/json", {st_mode=S_IFDIR|0755, st_size=4096, ...}, 0) = 0
770133 newfstatat(AT_FDCWD, "/usr/lib/python3.14/json/scanner.py", {st_mode=S_IFREG|0644, st_size=2434, ...}, 0) = 0
770133 newfstatat(AT_FDCWD, "/usr/lib/python3.14/json/scanner.py", {st_mode=S_IFREG|0644, st_size=2434, ...}, 0) = 0
770133 openat(AT_FDCWD, "/usr/lib/python3.14/json/__pycache__/scanner.cpython-314.pyc", O_RDONLY|O_CLOEXEC) = 3
770133 newfstatat(AT_FDCWD, "/usr/lib/python3.14/json", {st_mode=S_IFDIR|0755, st_size=4096, ...}, 0) = 0
770133 newfstatat(AT_FDCWD, "/usr/lib/python3.14/json/encoder.py", {st_mode=S_IFREG|0644, st_size=16990, ...}, 0) = 0
770133 newfstatat(AT_FDCWD, "/usr/lib/python3.14/json/encoder.py", {st_mode=S_IFREG|0644, st_size=16990, ...}, 0) = 0
770133 openat(AT_FDCWD, "/usr/lib/python3.14/json/__pycache__/encoder.cpython-314.pyc", O_RDONLY|O_CLOEXEC) = 3
770133 newfstatat(AT_FDCWD, "/home/firstmate/.no-mistakes/worktrees/8352e211db7e/01M4F29HK4JCAKXEQ2F50R6HHX/bin", {st_mode=S_IFDIR|0775, st_size=12288, ...}, 0) = 0
770133 newfstatat(AT_FDCWD, "/usr/lib/python3.14", {st_mode=S_IFDIR|0755, st_size=20480, ...}, 0) = 0
770133 newfstatat(AT_FDCWD, "/usr/lib/python3.14/pathlib/__init__.cpython-314-x86_64-linux-gnu.so", 0x7ffdc7b295d0, 0) = -1 ENOENT (No such file or directory)
770133 newfstatat(AT_FDCWD, "/usr/lib/python3.14/pathlib/__init__.abi3.so", 0x7ffdc7b295d0, 0) = -1 ENOENT (No such file or directory)
770133 newfstatat(AT_FDCWD, "/usr/lib/python3.14/pathlib/__init__.abi3-x86_64-linux-gnu.so", 0x7ffdc7b295d0, 0) = -1 ENOENT (No such file or directory)
770133 newfstatat(AT_FDCWD, "/usr/lib/python3.14/pathlib/__init__.so", 0x7ffdc7b295d0, 0) = -1 ENOENT (No such file or directory)
770133 newfstatat(AT_FDCWD, "/usr/lib/python3.14/pathlib/__init__.py", {st_mode=S_IFREG|0644, st_size=46833, ...}, 0) = 0
770133 newfstatat(AT_FDCWD, "/usr/lib/python3.14/pathlib/__init__.py", {st_mode=S_IFREG|0644, st_size=46833, ...}, 0) = 0
770133 openat(AT_FDCWD, "/usr/lib/python3.14/pathlib/__pycache__/__init__.cpython-314.pyc", O_RDONLY|O_CLOEXEC) = 3
770133 newfstatat(AT_FDCWD, "/home/firstmate/.no-mistakes/worktrees/8352e211db7e/01M4F29HK4JCAKXEQ2F50R6HHX/bin", {st_mode=S_IFDIR|0775, st_size=12288, ...}, 0) = 0
770133 newfstatat(AT_FDCWD, "/usr/lib/python3.14", {st_mode=S_IFDIR|0755, st_size=20480, ...}, 0) = 0
770133 newfstatat(AT_FDCWD, "/usr/lib/python3.14/glob.py", {st_mode=S_IFREG|0644, st_size=20768, ...}, 0) = 0
770133 newfstatat(AT_FDCWD, "/usr/lib/python3.14/glob.py", {st_mode=S_IFREG|0644, st_size=20768, ...}, 0) = 0
770133 openat(AT_FDCWD, "/usr/lib/python3.14/__pycache__/glob.cpython-314.pyc", O_RDONLY|O_CLOEXEC) = 3
770133 newfstatat(AT_FDCWD, "/home/firstmate/.no-mistakes/worktrees/8352e211db7e/01M4F29HK4JCAKXEQ2F50R6HHX/bin", {st_mode=S_IFDIR|0775, st_size=12288, ...}, 0) = 0
770133 newfstatat(AT_FDCWD, "/usr/lib/python3.14", {st_mode=S_IFDIR|0755, st_size=20480, ...}, 0) = 0
770133 newfstatat(AT_FDCWD, "/usr/lib/python3.14/contextlib.py", {st_mode=S_IFREG|0644, st_size=27801, ...}, 0) = 0
770133 newfstatat(AT_FDCWD, "/usr/lib/python3.14/contextlib.py", {st_mode=S_IFREG|0644, st_size=27801, ...}, 0) = 0
770133 openat(AT_FDCWD, "/usr/lib/python3.14/__pycache__/contextlib.cpython-314.pyc", O_RDONLY|O_CLOEXEC) = 3
770133 newfstatat(AT_FDCWD, "/home/firstmate/.no-mistakes/worktrees/8352e211db7e/01M4F29HK4JCAKXEQ2F50R6HHX/bin", {st_mode=S_IFDIR|0775, st_size=12288, ...}, 0) = 0
770133 newfstatat(AT_FDCWD, "/usr/lib/python3.14", {st_mode=S_IFDIR|0755, st_size=20480, ...}, 0) = 0
770133 newfstatat(AT_FDCWD, "/usr/lib/python3.14/fnmatch.py", {st_mode=S_IFREG|0644, st_size=6791, ...}, 0) = 0
770133 newfstatat(AT_FDCWD, "/usr/lib/python3.14/fnmatch.py", {st_mode=S_IFREG|0644, st_size=6791, ...}, 0) = 0
770133 openat(AT_FDCWD, "/usr/lib/python3.14/__pycache__/fnmatch.cpython-314.pyc", O_RDONLY|O_CLOEXEC) = 3
770133 newfstatat(AT_FDCWD, "/usr/lib/python3.14/pathlib", {st_mode=S_IFDIR|0755, st_size=4096, ...}, 0) = 0
770133 newfstatat(AT_FDCWD, "/usr/lib/python3.14/pathlib", {st_mode=S_IFDIR|0755, st_size=4096, ...}, 0) = 0
770133 newfstatat(AT_FDCWD, "/usr/lib/python3.14/pathlib", {st_mode=S_IFDIR|0755, st_size=4096, ...}, 0) = 0
770133 openat(AT_FDCWD, "/usr/lib/python3.14/pathlib", O_RDONLY|O_NONBLOCK|O_CLOEXEC|O_DIRECTORY) = 3
770133 newfstatat(AT_FDCWD, "/usr/lib/python3.14/pathlib/_os.py", {st_mode=S_IFREG|0644, st_size=18161, ...}, 0) = 0
770133 newfstatat(AT_FDCWD, "/usr/lib/python3.14/pathlib/_os.py", {st_mode=S_IFREG|0644, st_size=18161, ...}, 0) = 0
770133 openat(AT_FDCWD, "/usr/lib/python3.14/pathlib/__pycache__/_os.cpython-314.pyc", O_RDONLY|O_CLOEXEC) = 3
770133 newfstatat(AT_FDCWD, "/home/firstmate/.no-mistakes/worktrees/8352e211db7e/01M4F29HK4JCAKXEQ2F50R6HHX/bin", {st_mode=S_IFDIR|0775, st_size=12288, ...}, 0) = 0
770133 newfstatat(AT_FDCWD, "/usr/lib/python3.14", {st_mode=S_IFDIR|0755, st_size=20480, ...}, 0) = 0
770133 newfstatat(AT_FDCWD, "/usr/lib/python3.14/lib-dynload", {st_mode=S_IFDIR|0755, st_size=16384, ...}, 0) = 0
770133 newfstatat(AT_FDCWD, "/home/firstmate/.local/lib/python3.14/site-packages", {st_mode=S_IFDIR|0775, st_size=4096, ...}, 0) = 0
770133 newfstatat(AT_FDCWD, "/usr/local/lib/python3.14/dist-packages", {st_mode=S_IFDIR|0755, st_size=4096, ...}, 0) = 0
770133 newfstatat(AT_FDCWD, "/usr/lib/python3/dist-packages", {st_mode=S_IFDIR|0755, st_size=12288, ...}, 0) = 0
770133 newfstatat(AT_FDCWD, "/home/firstmate/.no-mistakes/worktrees/8352e211db7e/01M4F29HK4JCAKXEQ2F50R6HHX/bin", {st_mode=S_IFDIR|0775, st_size=12288, ...}, 0) = 0
770133 newfstatat(AT_FDCWD, "/usr/lib/python3.14", {st_mode=S_IFDIR|0755, st_size=20480, ...}, 0) = 0
770133 newfstatat(AT_FDCWD, "/usr/lib/python3.14/lib-dynload", {st_mode=S_IFDIR|0755, st_size=16384, ...}, 0) = 0
770133 newfstatat(AT_FDCWD, "/home/firstmate/.local/lib/python3.14/site-packages", {st_mode=S_IFDIR|0775, st_size=4096, ...}, 0) = 0
770133 newfstatat(AT_FDCWD, "/usr/local/lib/python3.14/dist-packages", {st_mode=S_IFDIR|0755, st_size=4096, ...}, 0) = 0
770133 newfstatat(AT_FDCWD, "/usr/lib/python3/dist-packages", {st_mode=S_IFDIR|0755, st_size=12288, ...}, 0) = 0
770133 newfstatat(AT_FDCWD, "/home/firstmate/.no-mistakes/worktrees/8352e211db7e/01M4F29HK4JCAKXEQ2F50R6HHX/bin", {st_mode=S_IFDIR|0775, st_size=12288, ...}, 0) = 0
770133 newfstatat(AT_FDCWD, "/usr/lib/python3.14", {st_mode=S_IFDIR|0755, st_size=20480, ...}, 0) = 0
770133 newfstatat(AT_FDCWD, "/usr/lib/python3.14/lib-dynload", {st_mode=S_IFDIR|0755, st_size=16384, ...}, 0) = 0
770133 newfstatat(AT_FDCWD, "/home/firstmate/.local/lib/python3.14/site-packages", {st_mode=S_IFDIR|0775, st_size=4096, ...}, 0) = 0
770133 newfstatat(AT_FDCWD, "/usr/local/lib/python3.14/dist-packages", {st_mode=S_IFDIR|0755, st_size=4096, ...}, 0) = 0
770133 newfstatat(AT_FDCWD, "/usr/lib/python3/dist-packages", {st_mode=S_IFDIR|0755, st_size=12288, ...}, 0) = 0
770133 newfstatat(AT_FDCWD, "/home/firstmate/.no-mistakes/worktrees/8352e211db7e/01M4F29HK4JCAKXEQ2F50R6HHX/bin", {st_mode=S_IFDIR|0775, st_size=12288, ...}, 0) = 0
770133 newfstatat(AT_FDCWD, "/usr/lib/python3.14", {st_mode=S_IFDIR|0755, st_size=20480, ...}, 0) = 0
770133 newfstatat(AT_FDCWD, "/usr/lib/python3.14/lib-dynload", {st_mode=S_IFDIR|0755, st_size=16384, ...}, 0) = 0
770133 newfstatat(AT_FDCWD, "/home/firstmate/.local/lib/python3.14/site-packages", {st_mode=S_IFDIR|0775, st_size=4096, ...}, 0) = 0
770133 newfstatat(AT_FDCWD, "/usr/local/lib/python3.14/dist-packages", {st_mode=S_IFDIR|0755, st_size=4096, ...}, 0) = 0
770133 newfstatat(AT_FDCWD, "/usr/lib/python3/dist-packages", {st_mode=S_IFDIR|0755, st_size=12288, ...}, 0) = 0
770133 newfstatat(AT_FDCWD, "/home/firstmate/.no-mistakes/worktrees/8352e211db7e/01M4F29HK4JCAKXEQ2F50R6HHX/bin", {st_mode=S_IFDIR|0775, st_size=12288, ...}, 0) = 0
770133 newfstatat(AT_FDCWD, "/usr/lib/python3.14", {st_mode=S_IFDIR|0755, st_size=20480, ...}, 0) = 0
770133 newfstatat(AT_FDCWD, "/usr/lib/python3.14/lib-dynload", {st_mode=S_IFDIR|0755, st_size=16384, ...}, 0) = 0
770133 newfstatat(AT_FDCWD, "/home/firstmate/.local/lib/python3.14/site-packages", {st_mode=S_IFDIR|0775, st_size=4096, ...}, 0) = 0
770133 newfstatat(AT_FDCWD, "/usr/local/lib/python3.14/dist-packages", {st_mode=S_IFDIR|0755, st_size=4096, ...}, 0) = 0
770133 newfstatat(AT_FDCWD, "/usr/lib/python3/dist-packages", {st_mode=S_IFDIR|0755, st_size=12288, ...}, 0) = 0
770133 newfstatat(AT_FDCWD, "/home/firstmate/.no-mistakes/worktrees/8352e211db7e/01M4F29HK4JCAKXEQ2F50R6HHX/bin", {st_mode=S_IFDIR|0775, st_size=12288, ...}, 0) = 0
770133 newfstatat(AT_FDCWD, "/usr/lib/python3.14", {st_mode=S_IFDIR|0755, st_size=20480, ...}, 0) = 0
770133 newfstatat(AT_FDCWD, "/usr/lib/python3.14/lib-dynload", {st_mode=S_IFDIR|0755, st_size=16384, ...}, 0) = 0
770133 newfstatat(AT_FDCWD, "/home/firstmate/.local/lib/python3.14/site-packages", {st_mode=S_IFDIR|0775, st_size=4096, ...}, 0) = 0
770133 newfstatat(AT_FDCWD, "/usr/local/lib/python3.14/dist-packages", {st_mode=S_IFDIR|0755, st_size=4096, ...}, 0) = 0
770133 newfstatat(AT_FDCWD, "/usr/lib/python3/dist-packages", {st_mode=S_IFDIR|0755, st_size=12288, ...}, 0) = 0
770133 newfstatat(AT_FDCWD, "/home/firstmate/.no-mistakes/worktrees/8352e211db7e/01M4F29HK4JCAKXEQ2F50R6HHX/bin", {st_mode=S_IFDIR|0775, st_size=12288, ...}, 0) = 0
770133 newfstatat(AT_FDCWD, "/usr/lib/python3.14", {st_mode=S_IFDIR|0755, st_size=20480, ...}, 0) = 0
770133 newfstatat(AT_FDCWD, "/usr/lib/python3.14/lib-dynload", {st_mode=S_IFDIR|0755, st_size=16384, ...}, 0) = 0
770133 newfstatat(AT_FDCWD, "/home/firstmate/.local/lib/python3.14/site-packages", {st_mode=S_IFDIR|0775, st_size=4096, ...}, 0) = 0
770133 newfstatat(AT_FDCWD, "/usr/local/lib/python3.14/dist-packages", {st_mode=S_IFDIR|0755, st_size=4096, ...}, 0) = 0
770133 newfstatat(AT_FDCWD, "/usr/lib/python3/dist-packages", {st_mode=S_IFDIR|0755, st_size=12288, ...}, 0) = 0
770133 newfstatat(AT_FDCWD, "/home/firstmate/.no-mistakes/worktrees/8352e211db7e/01M4F29HK4JCAKXEQ2F50R6HHX/bin", {st_mode=S_IFDIR|0775, st_size=12288, ...}, 0) = 0
770133 newfstatat(AT_FDCWD, "/usr/lib/python3.14", {st_mode=S_IFDIR|0755, st_size=20480, ...}, 0) = 0
770133 newfstatat(AT_FDCWD, "/usr/lib/python3.14/lib-dynload", {st_mode=S_IFDIR|0755, st_size=16384, ...}, 0) = 0
770133 newfstatat(AT_FDCWD, "/home/firstmate/.local/lib/python3.14/site-packages", {st_mode=S_IFDIR|0775, st_size=4096, ...}, 0) = 0
770133 newfstatat(AT_FDCWD, "/usr/local/lib/python3.14/dist-packages", {st_mode=S_IFDIR|0755, st_size=4096, ...}, 0) = 0
770133 newfstatat(AT_FDCWD, "/usr/lib/python3/dist-packages", {st_mode=S_IFDIR|0755, st_size=12288, ...}, 0) = 0
770133 newfstatat(AT_FDCWD, "/home/firstmate/.no-mistakes/worktrees/8352e211db7e/01M4F29HK4JCAKXEQ2F50R6HHX/bin", {st_mode=S_IFDIR|0775, st_size=12288, ...}, 0) = 0
770133 newfstatat(AT_FDCWD, "/usr/lib/python3.14", {st_mode=S_IFDIR|0755, st_size=20480, ...}, 0) = 0
770133 newfstatat(AT_FDCWD, "/usr/lib/python3.14/lib-dynload", {st_mode=S_IFDIR|0755, st_size=16384, ...}, 0) = 0
770133 newfstatat(AT_FDCWD, "/home/firstmate/.local/lib/python3.14/site-packages", {st_mode=S_IFDIR|0775, st_size=4096, ...}, 0) = 0
770133 newfstatat(AT_FDCWD, "/usr/local/lib/python3.14/dist-packages", {st_mode=S_IFDIR|0755, st_size=4096, ...}, 0) = 0
770133 newfstatat(AT_FDCWD, "/usr/lib/python3/dist-packages", {st_mode=S_IFDIR|0755, st_size=12288, ...}, 0) = 0
770133 newfstatat(AT_FDCWD, "/home/firstmate/.no-mistakes/worktrees/8352e211db7e/01M4F29HK4JCAKXEQ2F50R6HHX/bin", {st_mode=S_IFDIR|0775, st_size=12288, ...}, 0) = 0
770133 newfstatat(AT_FDCWD, "/usr/lib/python3.14", {st_mode=S_IFDIR|0755, st_size=20480, ...}, 0) = 0
770133 newfstatat(AT_FDCWD, "/usr/lib/python3.14/secrets.py", {st_mode=S_IFREG|0644, st_size=1984, ...}, 0) = 0
770133 newfstatat(AT_FDCWD, "/usr/lib/python3.14/secrets.py", {st_mode=S_IFREG|0644, st_size=1984, ...}, 0) = 0
770133 openat(AT_FDCWD, "/usr/lib/python3.14/__pycache__/secrets.cpython-314.pyc", O_RDONLY|O_CLOEXEC) = 3
770133 newfstatat(AT_FDCWD, "/home/firstmate/.no-mistakes/worktrees/8352e211db7e/01M4F29HK4JCAKXEQ2F50R6HHX/bin", {st_mode=S_IFDIR|0775, st_size=12288, ...}, 0) = 0
770133 newfstatat(AT_FDCWD, "/usr/lib/python3.14", {st_mode=S_IFDIR|0755, st_size=20480, ...}, 0) = 0
770133 newfstatat(AT_FDCWD, "/usr/lib/python3.14/base64.py", {st_mode=S_IFREG|0644, st_size=22029, ...}, 0) = 0
770133 newfstatat(AT_FDCWD, "/usr/lib/python3.14/base64.py", {st_mode=S_IFREG|0644, st_size=22029, ...}, 0) = 0
770133 openat(AT_FDCWD, "/usr/lib/python3.14/__pycache__/base64.cpython-314.pyc", O_RDONLY|O_CLOEXEC) = 3
770133 newfstatat(AT_FDCWD, "/home/firstmate/.no-mistakes/worktrees/8352e211db7e/01M4F29HK4JCAKXEQ2F50R6HHX/bin", {st_mode=S_IFDIR|0775, st_size=12288, ...}, 0) = 0
770133 newfstatat(AT_FDCWD, "/usr/lib/python3.14", {st_mode=S_IFDIR|0755, st_size=20480, ...}, 0) = 0
770133 newfstatat(AT_FDCWD, "/usr/lib/python3.14/struct.py", {st_mode=S_IFREG|0644, st_size=285, ...}, 0) = 0
770133 newfstatat(AT_FDCWD, "/usr/lib/python3.14/struct.py", {st_mode=S_IFREG|0644, st_size=285, ...}, 0) = 0
770133 openat(AT_FDCWD, "/usr/lib/python3.14/__pycache__/struct.cpython-314.pyc", O_RDONLY|O_CLOEXEC) = 3
770133 newfstatat(AT_FDCWD, "/home/firstmate/.no-mistakes/worktrees/8352e211db7e/01M4F29HK4JCAKXEQ2F50R6HHX/bin", {st_mode=S_IFDIR|0775, st_size=12288, ...}, 0) = 0
770133 newfstatat(AT_FDCWD, "/usr/lib/python3.14", {st_mode=S_IFDIR|0755, st_size=20480, ...}, 0) = 0
770133 newfstatat(AT_FDCWD, "/usr/lib/python3.14/hmac.py", {st_mode=S_IFREG|0644, st_size=9589, ...}, 0) = 0
770133 newfstatat(AT_FDCWD, "/usr/lib/python3.14/hmac.py", {st_mode=S_IFREG|0644, st_size=9589, ...}, 0) = 0
770133 openat(AT_FDCWD, "/usr/lib/python3.14/__pycache__/hmac.cpython-314.pyc", O_RDONLY|O_CLOEXEC) = 3
770133 newfstatat(AT_FDCWD, "/home/firstmate/.no-mistakes/worktrees/8352e211db7e/01M4F29HK4JCAKXEQ2F50R6HHX/bin", {st_mode=S_IFDIR|0775, st_size=12288, ...}, 0) = 0
770133 newfstatat(AT_FDCWD, "/usr/lib/python3.14", {st_mode=S_IFDIR|0755, st_size=20480, ...}, 0) = 0
770133 newfstatat(AT_FDCWD, "/usr/lib/python3.14/lib-dynload", {st_mode=S_IFDIR|0755, st_size=16384, ...}, 0) = 0
770133 newfstatat(AT_FDCWD, "/usr/lib/python3.14/lib-dynload/_hmac.cpython-314-x86_64-linux-gnu.so", {st_mode=S_IFREG|0644, st_size=151584, ...}, 0) = 0
770133 openat(AT_FDCWD, "/usr/lib/python3.14/lib-dynload/_hmac.cpython-314-x86_64-linux-gnu.so", O_RDONLY|O_CLOEXEC) = 3
770133 newfstatat(AT_FDCWD, "/home/firstmate/.no-mistakes/worktrees/8352e211db7e/01M4F29HK4JCAKXEQ2F50R6HHX/bin", {st_mode=S_IFDIR|0775, st_size=12288, ...}, 0) = 0
770133 newfstatat(AT_FDCWD, "/usr/lib/python3.14", {st_mode=S_IFDIR|0755, st_size=20480, ...}, 0) = 0
770133 newfstatat(AT_FDCWD, "/usr/lib/python3.14/random.py", {st_mode=S_IFREG|0644, st_size=37259, ...}, 0) = 0
770133 newfstatat(AT_FDCWD, "/usr/lib/python3.14/random.py", {st_mode=S_IFREG|0644, st_size=37259, ...}, 0) = 0
770133 openat(AT_FDCWD, "/usr/lib/python3.14/__pycache__/random.cpython-314.pyc", O_RDONLY|O_CLOEXEC) = 3
770133 newfstatat(AT_FDCWD, "/home/firstmate/.no-mistakes/worktrees/8352e211db7e/01M4F29HK4JCAKXEQ2F50R6HHX/bin", {st_mode=S_IFDIR|0775, st_size=12288, ...}, 0) = 0
770133 newfstatat(AT_FDCWD, "/usr/lib/python3.14", {st_mode=S_IFDIR|0755, st_size=20480, ...}, 0) = 0
770133 newfstatat(AT_FDCWD, "/usr/lib/python3.14/bisect.py", {st_mode=S_IFREG|0644, st_size=3423, ...}, 0) = 0
770133 newfstatat(AT_FDCWD, "/usr/lib/python3.14/bisect.py", {st_mode=S_IFREG|0644, st_size=3423, ...}, 0) = 0
770133 openat(AT_FDCWD, "/usr/lib/python3.14/__pycache__/bisect.cpython-314.pyc", O_RDONLY|O_CLOEXEC) = 3
770133 newfstatat(AT_FDCWD, "/home/firstmate/.no-mistakes/worktrees/8352e211db7e/01M4F29HK4JCAKXEQ2F50R6HHX/bin", {st_mode=S_IFDIR|0775, st_size=12288, ...}, 0) = 0
770133 newfstatat(AT_FDCWD, "/usr/lib/python3.14", {st_mode=S_IFDIR|0755, st_size=20480, ...}, 0) = 0
770133 newfstatat(AT_FDCWD, "/usr/lib/python3.14/subprocess.py", {st_mode=S_IFREG|0644, st_size=90732, ...}, 0) = 0
770133 newfstatat(AT_FDCWD, "/usr/lib/python3.14/subprocess.py", {st_mode=S_IFREG|0644, st_size=90732, ...}, 0) = 0
770133 openat(AT_FDCWD, "/usr/lib/python3.14/__pycache__/subprocess.cpython-314.pyc", O_RDONLY|O_CLOEXEC) = 3
770133 newfstatat(AT_FDCWD, "/home/firstmate/.no-mistakes/worktrees/8352e211db7e/01M4F29HK4JCAKXEQ2F50R6HHX/bin", {st_mode=S_IFDIR|0775, st_size=12288, ...}, 0) = 0
770133 newfstatat(AT_FDCWD, "/usr/lib/python3.14", {st_mode=S_IFDIR|0755, st_size=20480, ...}, 0) = 0
770133 newfstatat(AT_FDCWD, "/usr/lib/python3.14/locale.py", {st_mode=S_IFREG|0644, st_size=79129, ...}, 0) = 0
770133 newfstatat(AT_FDCWD, "/usr/lib/python3.14/locale.py", {st_mode=S_IFREG|0644, st_size=79129, ...}, 0) = 0
770133 openat(AT_FDCWD, "/usr/lib/python3.14/__pycache__/locale.cpython-314.pyc", O_RDONLY|O_CLOEXEC) = 3
770133 newfstatat(AT_FDCWD, "/home/firstmate/.no-mistakes/worktrees/8352e211db7e/01M4F29HK4JCAKXEQ2F50R6HHX/bin", {st_mode=S_IFDIR|0775, st_size=12288, ...}, 0) = 0
770133 newfstatat(AT_FDCWD, "/usr/lib/python3.14", {st_mode=S_IFDIR|0755, st_size=20480, ...}, 0) = 0
770133 newfstatat(AT_FDCWD, "/usr/lib/python3.14/signal.py", {st_mode=S_IFREG|0644, st_size=2495, ...}, 0) = 0
770133 newfstatat(AT_FDCWD, "/usr/lib/python3.14/signal.py", {st_mode=S_IFREG|0644, st_size=2495, ...}, 0) = 0
770133 openat(AT_FDCWD, "/usr/lib/python3.14/__pycache__/signal.cpython-314.pyc", O_RDONLY|O_CLOEXEC) = 3
770133 newfstatat(AT_FDCWD, "/home/firstmate/.no-mistakes/worktrees/8352e211db7e/01M4F29HK4JCAKXEQ2F50R6HHX/bin", {st_mode=S_IFDIR|0775, st_size=12288, ...}, 0) = 0
770133 newfstatat(AT_FDCWD, "/usr/lib/python3.14", {st_mode=S_IFDIR|0755, st_size=20480, ...}, 0) = 0
770133 newfstatat(AT_FDCWD, "/usr/lib/python3.14/threading.py", {st_mode=S_IFREG|0644, st_size=56923, ...}, 0) = 0
770133 newfstatat(AT_FDCWD, "/usr/lib/python3.14/threading.py", {st_mode=S_IFREG|0644, st_size=56923, ...}, 0) = 0
770133 openat(AT_FDCWD, "/usr/lib/python3.14/__pycache__/threading.cpython-314.pyc", O_RDONLY|O_CLOEXEC) = 3
770133 newfstatat(AT_FDCWD, "/home/firstmate/.no-mistakes/worktrees/8352e211db7e/01M4F29HK4JCAKXEQ2F50R6HHX/bin", {st_mode=S_IFDIR|0775, st_size=12288, ...}, 0) = 0
770133 newfstatat(AT_FDCWD, "/usr/lib/python3.14", {st_mode=S_IFDIR|0755, st_size=20480, ...}, 0) = 0
770133 newfstatat(AT_FDCWD, "/usr/lib/python3.14/_weakrefset.py", {st_mode=S_IFREG|0644, st_size=3962, ...}, 0) = 0
770133 newfstatat(AT_FDCWD, "/usr/lib/python3.14/_weakrefset.py", {st_mode=S_IFREG|0644, st_size=3962, ...}, 0) = 0
770133 openat(AT_FDCWD, "/usr/lib/python3.14/__pycache__/_weakrefset.cpython-314.pyc", O_RDONLY|O_CLOEXEC) = 3
770133 newfstatat(AT_FDCWD, "/home/firstmate/.no-mistakes/worktrees/8352e211db7e/01M4F29HK4JCAKXEQ2F50R6HHX/bin", {st_mode=S_IFDIR|0775, st_size=12288, ...}, 0) = 0
770133 newfstatat(AT_FDCWD, "/usr/lib/python3.14", {st_mode=S_IFDIR|0755, st_size=20480, ...}, 0) = 0
770133 newfstatat(AT_FDCWD, "/usr/lib/python3.14/warnings.py", {st_mode=S_IFREG|0644, st_size=1966, ...}, 0) = 0
770133 newfstatat(AT_FDCWD, "/usr/lib/python3.14/warnings.py", {st_mode=S_IFREG|0644, st_size=1966, ...}, 0) = 0
770133 openat(AT_FDCWD, "/usr/lib/python3.14/__pycache__/warnings.cpython-314.pyc", O_RDONLY|O_CLOEXEC) = 3
770133 newfstatat(AT_FDCWD, "/home/firstmate/.no-mistakes/worktrees/8352e211db7e/01M4F29HK4JCAKXEQ2F50R6HHX/bin", {st_mode=S_IFDIR|0775, st_size=12288, ...}, 0) = 0
770133 newfstatat(AT_FDCWD, "/usr/lib/python3.14", {st_mode=S_IFDIR|0755, st_size=20480, ...}, 0) = 0
770133 newfstatat(AT_FDCWD, "/usr/lib/python3.14/_py_warnings.py", {st_mode=S_IFREG|0644, st_size=30631, ...}, 0) = 0
770133 newfstatat(AT_FDCWD, "/usr/lib/python3.14/_py_warnings.py", {st_mode=S_IFREG|0644, st_size=30631, ...}, 0) = 0
770133 openat(AT_FDCWD, "/usr/lib/python3.14/__pycache__/_py_warnings.cpython-314.pyc", O_RDONLY|O_CLOEXEC) = 3
770133 newfstatat(AT_FDCWD, "/home/firstmate/.no-mistakes/worktrees/8352e211db7e/01M4F29HK4JCAKXEQ2F50R6HHX/bin", {st_mode=S_IFDIR|0775, st_size=12288, ...}, 0) = 0
770133 newfstatat(AT_FDCWD, "/usr/lib/python3.14", {st_mode=S_IFDIR|0755, st_size=20480, ...}, 0) = 0
770133 newfstatat(AT_FDCWD, "/usr/lib/python3.14/lib-dynload", {st_mode=S_IFDIR|0755, st_size=16384, ...}, 0) = 0
770133 newfstatat(AT_FDCWD, "/home/firstmate/.local/lib/python3.14/site-packages", {st_mode=S_IFDIR|0775, st_size=4096, ...}, 0) = 0
770133 newfstatat(AT_FDCWD, "/usr/local/lib/python3.14/dist-packages", {st_mode=S_IFDIR|0755, st_size=4096, ...}, 0) = 0
770133 newfstatat(AT_FDCWD, "/usr/lib/python3/dist-packages", {st_mode=S_IFDIR|0755, st_size=12288, ...}, 0) = 0
770133 newfstatat(AT_FDCWD, "/home/firstmate/.no-mistakes/worktrees/8352e211db7e/01M4F29HK4JCAKXEQ2F50R6HHX/bin", {st_mode=S_IFDIR|0775, st_size=12288, ...}, 0) = 0
770133 newfstatat(AT_FDCWD, "/usr/lib/python3.14", {st_mode=S_IFDIR|0755, st_size=20480, ...}, 0) = 0
770133 newfstatat(AT_FDCWD, "/usr/lib/python3.14/selectors.py", {st_mode=S_IFREG|0644, st_size=19457, ...}, 0) = 0
770133 newfstatat(AT_FDCWD, "/usr/lib/python3.14/selectors.py", {st_mode=S_IFREG|0644, st_size=19457, ...}, 0) = 0
770133 openat(AT_FDCWD, "/usr/lib/python3.14/__pycache__/selectors.cpython-314.pyc", O_RDONLY|O_CLOEXEC) = 3
770133 newfstatat(AT_FDCWD, "/home/firstmate/.no-mistakes/worktrees/8352e211db7e/01M4F29HK4JCAKXEQ2F50R6HHX/.test-tmp/boundary/home/.voice-conversation-lab", 0x7ffdc7b29760, 0) = -1 ENOENT (No such file or directory)
770133 openat(AT_FDCWD, "/home/firstmate/.no-mistakes/worktrees/8352e211db7e/01M4F29HK4JCAKXEQ2F50R6HHX/.test-tmp/boundary/home/state/voice-conversation/policy.json", O_RDONLY|O_CLOEXEC) = 3
770133 openat(AT_FDCWD, "/home/firstmate/.no-mistakes/worktrees/8352e211db7e/01M4F29HK4JCAKXEQ2F50R6HHX/.test-tmp/boundary/home/state/voice-conversation/lock", O_WRONLY|O_CREAT|O_NOFOLLOW|O_CLOEXEC, 0600) = 3
770133 newfstatat(AT_FDCWD, "/home/firstmate/.no-mistakes/worktrees/8352e211db7e/01M4F29HK4JCAKXEQ2F50R6HHX/.test-tmp/boundary/home/state/voice-conversation/journal.json", {st_mode=S_IFREG|0600, st_size=4591, ...}, 0) = 0
770133 openat(AT_FDCWD, "/home/firstmate/.no-mistakes/worktrees/8352e211db7e/01M4F29HK4JCAKXEQ2F50R6HHX/.test-tmp/boundary/home/state/voice-conversation/journal.json", O_RDONLY|O_CLOEXEC) = 4
770133 openat(AT_FDCWD, "/home/firstmate/.no-mistakes/worktrees/8352e211db7e/01M4F29HK4JCAKXEQ2F50R6HHX/.test-tmp/boundary/home/state/inbox/", O_RDONLY|O_NONBLOCK|O_CLOEXEC|O_DIRECTORY) = 4
770133 openat(AT_FDCWD, "/home/firstmate/.no-mistakes/worktrees/8352e211db7e/01M4F29HK4JCAKXEQ2F50R6HHX/.test-tmp/boundary/home/state/inbox/handled/", O_RDONLY|O_NONBLOCK|O_CLOEXEC|O_DIRECTORY) = 4
770133 openat(AT_FDCWD, "/home/firstmate/.no-mistakes/worktrees/8352e211db7e/01M4F29HK4JCAKXEQ2F50R6HHX/.test-tmp/boundary/home/state/inbox/handled/vc-72fcee7d40e2626eb6bcb0284ad62c4465312ee139309aa2a4c12c917b8650a2.note", O_RDONLY|O_CLOEXEC) = 4
770133 openat(AT_FDCWD, "/home/firstmate/.no-mistakes/worktrees/8352e211db7e/01M4F29HK4JCAKXEQ2F50R6HHX/.test-tmp/boundary/home/state/inbox/handled/vc-85b63a3369778e7c4339db9438ec0f532e7facc6fb3ce602eab0fc8983838dbd.note", O_RDONLY|O_CLOEXEC) = 4
770133 newfstatat(AT_FDCWD, "/home/firstmate/.no-mistakes/worktrees/8352e211db7e/01M4F29HK4JCAKXEQ2F50R6HHX/.test-tmp/boundary/home/state/inbox/vc-72fcee7d40e2626eb6bcb0284ad62c4465312ee139309aa2a4c12c917b8650a2.note", 0x7ffdc7b29780, 0) = -1 ENOENT (No such file or directory)
770133 newfstatat(AT_FDCWD, "/home/firstmate/.no-mistakes/worktrees/8352e211db7e/01M4F29HK4JCAKXEQ2F50R6HHX/.test-tmp/boundary/home/state/inbox/handled/vc-72fcee7d40e2626eb6bcb0284ad62c4465312ee139309aa2a4c12c917b8650a2.note", {st_mode=S_IFREG|0600, st_size=399, ...}, 0) = 0
770133 newfstatat(AT_FDCWD, "/home/firstmate/.no-mistakes/worktrees/8352e211db7e/01M4F29HK4JCAKXEQ2F50R6HHX/.test-tmp/boundary/home/state/inbox/vc-72fcee7d40e2626eb6bcb0284ad62c4465312ee139309aa2a4c12c917b8650a2.note", 0x7ffdc7b29780, 0) = -1 ENOENT (No such file or directory)
770133 newfstatat(AT_FDCWD, "/home/firstmate/.no-mistakes/worktrees/8352e211db7e/01M4F29HK4JCAKXEQ2F50R6HHX/.test-tmp/boundary/home/state/inbox/vc-85b63a3369778e7c4339db9438ec0f532e7facc6fb3ce602eab0fc8983838dbd.note", 0x7ffdc7b29780, 0) = -1 ENOENT (No such file or directory)
770133 newfstatat(AT_FDCWD, "/home/firstmate/.no-mistakes/worktrees/8352e211db7e/01M4F29HK4JCAKXEQ2F50R6HHX/.test-tmp/boundary/home/state/inbox/handled/vc-85b63a3369778e7c4339db9438ec0f532e7facc6fb3ce602eab0fc8983838dbd.note", {st_mode=S_IFREG|0600, st_size=419, ...}, 0) = 0
770133 newfstatat(AT_FDCWD, "/home/firstmate/.no-mistakes/worktrees/8352e211db7e/01M4F29HK4JCAKXEQ2F50R6HHX/.test-tmp/boundary/home/state/inbox/vc-85b63a3369778e7c4339db9438ec0f532e7facc6fb3ce602eab0fc8983838dbd.note", 0x7ffdc7b29780, 0) = -1 ENOENT (No such file or directory)
770133 newfstatat(AT_FDCWD, "/home/firstmate/.no-mistakes/worktrees/8352e211db7e/01M4F29HK4JCAKXEQ2F50R6HHX/.test-tmp/boundary/home/state/inbox/vc-72fcee7d40e2626eb6bcb0284ad62c4465312ee139309aa2a4c12c917b8650a2.note", 0x7ffdc7b29c40, 0) = -1 ENOENT (No such file or directory)
770133 openat(AT_FDCWD, "/home/firstmate/.no-mistakes/worktrees/8352e211db7e/01M4F29HK4JCAKXEQ2F50R6HHX/.test-tmp/boundary/home/state/inbox/handled/vc-72fcee7d40e2626eb6bcb0284ad62c4465312ee139309aa2a4c12c917b8650a2.note", O_RDONLY|O_CLOEXEC) = 4
770133 newfstatat(AT_FDCWD, "/home/firstmate/.no-mistakes/worktrees/8352e211db7e/01M4F29HK4JCAKXEQ2F50R6HHX/.test-tmp/boundary/home/state/inbox/vc-85b63a3369778e7c4339db9438ec0f532e7facc6fb3ce602eab0fc8983838dbd.note", 0x7ffdc7b29c40, 0) = -1 ENOENT (No such file or directory)
770133 openat(AT_FDCWD, "/home/firstmate/.no-mistakes/worktrees/8352e211db7e/01M4F29HK4JCAKXEQ2F50R6HHX/.test-tmp/boundary/home/state/inbox/handled/vc-85b63a3369778e7c4339db9438ec0f532e7facc6fb3ce602eab0fc8983838dbd.note", O_RDONLY|O_CLOEXEC) = 4
770133 +++ exited with 0 +++
770076 --- SIGCHLD {si_signo=SIGCHLD, si_code=CLD_EXITED, si_pid=770133, si_uid=0, si_status=0, si_utime=9 /* 0.09 s */, si_stime=6 /* 0.06 s */} ---
770366 execve("/home/firstmate/.no-mistakes/worktrees/8352e211db7e/01M4F29HK4JCAKXEQ2F50R6HHX/bin/fm-inbox.sh", ["/home/firstmate/.no-mistakes/wor"..., "conversation", "deliver"], 0x7418645f5c30 /* 6 vars */) = 0
770366 access("/etc/ld.so.preload", R_OK) = -1 ENOENT (No such file or directory)
770366 openat(AT_FDCWD, "/etc/ld.so.cache", O_RDONLY|O_CLOEXEC) = 3
770366 openat(AT_FDCWD, "/usr/lib/x86_64-linux-gnu/libselinux.so.1", O_RDONLY|O_CLOEXEC) = 3
770366 openat(AT_FDCWD, "/usr/lib/x86_64-linux-gnu/libgcc_s.so.1", O_RDONLY|O_CLOEXEC) = 3
770366 openat(AT_FDCWD, "/usr/lib/x86_64-linux-gnu/libm.so.6", O_RDONLY|O_CLOEXEC) = 3
770366 openat(AT_FDCWD, "/usr/lib/x86_64-linux-gnu/libc.so.6", O_RDONLY|O_CLOEXEC) = 3
770366 openat(AT_FDCWD, "/usr/lib/x86_64-linux-gnu/libpcre2-8.so.0", O_RDONLY|O_CLOEXEC) = 3
770366 statfs("/sys/fs/selinux", 0x7ffc02708640) = -1 ENOENT (No such file or directory)
770366 statfs("/selinux", 0x7ffc02708640) = -1 ENOENT (No such file or directory)
770366 openat(AT_FDCWD, "/proc/filesystems", O_RDONLY|O_CLOEXEC) = 3
770366 access("/etc/selinux/config", F_OK) = -1 ENOENT (No such file or directory)
770366 openat(AT_FDCWD, "/proc/self/maps", O_RDONLY|O_CLOEXEC) = 3
770366 openat(AT_FDCWD, "/home/firstmate/.no-mistakes/worktrees/8352e211db7e/01M4F29HK4JCAKXEQ2F50R6HHX/bin/fm-inbox.sh", O_RDONLY|O_CLOEXEC) = 3
770366 statx(AT_FDCWD, "/usr/share/coreutils/locales/env", AT_STATX_SYNC_AS_STAT, STATX_ALL, {stx_mask=STATX_ALL|STATX_MNT_ID, stx_attributes=0, stx_mode=S_IFDIR|0755, stx_size=4096, ...}) = 0
770366 statx(AT_FDCWD, "/usr/share/coreutils/locales/uucore", AT_STATX_SYNC_AS_STAT, STATX_ALL, {stx_mask=STATX_ALL|STATX_MNT_ID, stx_attributes=0, stx_mode=S_IFDIR|0755, stx_size=4096, ...}) = 0
770366 openat(AT_FDCWD, "/usr/share/coreutils/locales/uucore/en-US.ftl", O_RDONLY|O_CLOEXEC) = 3
770366 statx(3, "", AT_STATX_SYNC_AS_STAT|AT_EMPTY_PATH, STATX_ALL, {stx_mask=STATX_ALL|STATX_MNT_ID, stx_attributes=0, stx_mode=S_IFREG|0644, stx_size=4080, ...}) = 0
770366 statx(AT_FDCWD, "/usr/share/coreutils/locales/env", AT_STATX_SYNC_AS_STAT, STATX_ALL, {stx_mask=STATX_ALL|STATX_MNT_ID, stx_attributes=0, stx_mode=S_IFDIR|0755, stx_size=4096, ...}) = 0
770366 openat(AT_FDCWD, "/usr/share/coreutils/locales/env/en-US.ftl", O_RDONLY|O_CLOEXEC) = -1 ENOENT (No such file or directory)
770366 execve("/home/firstmate/.local/codex-latest/lib/node_modules/@openai/codex/node_modules/@openai/codex-linux-x64/vendor/x86_64-unknown-linux-musl/codex-path/bash", ["bash", "/home/firstmate/.no-mistakes/wor"..., "conversation", "deliver"], 0x7ffc02708818 /* 6 vars */) = -1 ENOENT (No such file or directory)
770366 execve("/home/firstmate/.codex-5/tmp/arg0/codex-arg065EgpK/bash", ["bash", "/home/firstmate/.no-mistakes/wor"..., "conversation", "deliver"], 0x7ffc02708818 /* 6 vars */) = -1 ENOENT (No such file or directory)
770366 execve("/home/firstmate/.local/codex-latest/lib/node_modules/@openai/codex/node_modules/@openai/codex-linux-x64/vendor/x86_64-unknown-linux-musl/codex-path/bash", ["bash", "/home/firstmate/.no-mistakes/wor"..., "conversation", "deliver"], 0x7ffc02708818 /* 6 vars */) = -1 ENOENT (No such file or directory)
770366 execve("/home/firstmate/.local/bin/bash", ["bash", "/home/firstmate/.no-mistakes/wor"..., "conversation", "deliver"], 0x7ffc02708818 /* 6 vars */) = -1 ENOENT (No such file or directory)
770366 execve("/home/firstmate/go/bin/bash", ["bash", "/home/firstmate/.no-mistakes/wor"..., "conversation", "deliver"], 0x7ffc02708818 /* 6 vars */) = -1 ENOENT (No such file or directory)
770366 execve("/home/firstmate/.cargo/bin/bash", ["bash", "/home/firstmate/.no-mistakes/wor"..., "conversation", "deliver"], 0x7ffc02708818 /* 6 vars */) = -1 ENOENT (No such file or directory)
770366 execve("/home/firstmate/bin/bash", ["bash", "/home/firstmate/.no-mistakes/wor"..., "conversation", "deliver"], 0x7ffc02708818 /* 6 vars */) = -1 ENOENT (No such file or directory)
770366 execve("/opt/homebrew/bin/bash", ["bash", "/home/firstmate/.no-mistakes/wor"..., "conversation", "deliver"], 0x7ffc02708818 /* 6 vars */) = -1 ENOENT (No such file or directory)
770366 execve("/opt/homebrew/sbin/bash", ["bash", "/home/firstmate/.no-mistakes/wor"..., "conversation", "deliver"], 0x7ffc02708818 /* 6 vars */) = -1 ENOENT (No such file or directory)
770366 execve("/usr/local/bin/bash", ["bash", "/home/firstmate/.no-mistakes/wor"..., "conversation", "deliver"], 0x7ffc02708818 /* 6 vars */) = -1 ENOENT (No such file or directory)
770366 execve("/usr/local/sbin/bash", ["bash", "/home/firstmate/.no-mistakes/wor"..., "conversation", "deliver"], 0x7ffc02708818 /* 6 vars */) = -1 ENOENT (No such file or directory)
770366 execve("/usr/bin/bash", ["bash", "/home/firstmate/.no-mistakes/wor"..., "conversation", "deliver"], 0x7ffc02708818 /* 6 vars */) = 0
770366 access("/etc/ld.so.preload", R_OK) = -1 ENOENT (No such file or directory)
770366 openat(AT_FDCWD, "/etc/ld.so.cache", O_RDONLY|O_CLOEXEC) = 3
770366 openat(AT_FDCWD, "/usr/lib/x86_64-linux-gnu/libtinfo.so.6", O_RDONLY|O_CLOEXEC) = 3
770366 openat(AT_FDCWD, "/usr/lib/x86_64-linux-gnu/libc.so.6", O_RDONLY|O_CLOEXEC) = 3
770366 openat(AT_FDCWD, "/dev/tty", O_RDWR|O_NONBLOCK) = -1 ENXIO (No such device or address)
770366 openat(AT_FDCWD, "/usr/lib/locale/locale-archive", O_RDONLY|O_CLOEXEC) = 3
770366 openat(AT_FDCWD, "/usr/share/locale/locale.alias", O_RDONLY|O_CLOEXEC) = -1 ENOENT (No such file or directory)
770366 openat(AT_FDCWD, "/usr/lib/locale/C.UTF-8/LC_IDENTIFICATION", O_RDONLY|O_CLOEXEC) = -1 ENOENT (No such file or directory)
770366 openat(AT_FDCWD, "/usr/lib/locale/C.utf8/LC_IDENTIFICATION", O_RDONLY|O_CLOEXEC) = 3
770366 openat(AT_FDCWD, "/usr/lib/x86_64-linux-gnu/gconv/gconv-modules.cache", O_RDONLY|O_CLOEXEC) = 3
770366 openat(AT_FDCWD, "/usr/lib/locale/C.UTF-8/LC_MEASUREMENT", O_RDONLY|O_CLOEXEC) = -1 ENOENT (No such file or directory)
770366 openat(AT_FDCWD, "/usr/lib/locale/C.utf8/LC_MEASUREMENT", O_RDONLY|O_CLOEXEC) = 3
770366 openat(AT_FDCWD, "/usr/lib/locale/C.UTF-8/LC_TELEPHONE", O_RDONLY|O_CLOEXEC) = -1 ENOENT (No such file or directory)
770366 openat(AT_FDCWD, "/usr/lib/locale/C.utf8/LC_TELEPHONE", O_RDONLY|O_CLOEXEC) = 3
770366 openat(AT_FDCWD, "/usr/lib/locale/C.UTF-8/LC_ADDRESS", O_RDONLY|O_CLOEXEC) = -1 ENOENT (No such file or directory)
770366 openat(AT_FDCWD, "/usr/lib/locale/C.utf8/LC_ADDRESS", O_RDONLY|O_CLOEXEC) = 3
770366 openat(AT_FDCWD, "/usr/lib/locale/C.UTF-8/LC_NAME", O_RDONLY|O_CLOEXEC) = -1 ENOENT (No such file or directory)
770366 openat(AT_FDCWD, "/usr/lib/locale/C.utf8/LC_NAME", O_RDONLY|O_CLOEXEC) = 3
770366 openat(AT_FDCWD, "/usr/lib/locale/C.UTF-8/LC_PAPER", O_RDONLY|O_CLOEXEC) = -1 ENOENT (No such file or directory)
770366 openat(AT_FDCWD, "/usr/lib/locale/C.utf8/LC_PAPER", O_RDONLY|O_CLOEXEC) = 3
770366 openat(AT_FDCWD, "/usr/lib/locale/C.UTF-8/LC_MESSAGES", O_RDONLY|O_CLOEXEC) = -1 ENOENT (No such file or directory)
770366 openat(AT_FDCWD, "/usr/lib/locale/C.utf8/LC_MESSAGES", O_RDONLY|O_CLOEXEC) = 3
770366 openat(AT_FDCWD, "/usr/lib/locale/C.utf8/LC_MESSAGES/SYS_LC_MESSAGES", O_RDONLY|O_CLOEXEC) = 3
770366 openat(AT_FDCWD, "/usr/lib/locale/C.UTF-8/LC_MONETARY", O_RDONLY|O_CLOEXEC) = -1 ENOENT (No such file or directory)
770366 openat(AT_FDCWD, "/usr/lib/locale/C.utf8/LC_MONETARY", O_RDONLY|O_CLOEXEC) = 3
770366 openat(AT_FDCWD, "/usr/lib/locale/C.UTF-8/LC_COLLATE", O_RDONLY|O_CLOEXEC) = -1 ENOENT (No such file or directory)
770366 openat(AT_FDCWD, "/usr/lib/locale/C.utf8/LC_COLLATE", O_RDONLY|O_CLOEXEC) = 3
770366 openat(AT_FDCWD, "/usr/lib/locale/C.UTF-8/LC_TIME", O_RDONLY|O_CLOEXEC) = -1 ENOENT (No such file or directory)
770366 openat(AT_FDCWD, "/usr/lib/locale/C.utf8/LC_TIME", O_RDONLY|O_CLOEXEC) = 3
770366 openat(AT_FDCWD, "/usr/lib/locale/C.UTF-8/LC_NUMERIC", O_RDONLY|O_CLOEXEC) = -1 ENOENT (No such file or directory)
770366 openat(AT_FDCWD, "/usr/lib/locale/C.utf8/LC_NUMERIC", O_RDONLY|O_CLOEXEC) = 3
770366 openat(AT_FDCWD, "/usr/lib/locale/C.UTF-8/LC_CTYPE", O_RDONLY|O_CLOEXEC) = -1 ENOENT (No such file or directory)
770366 openat(AT_FDCWD, "/usr/lib/locale/C.utf8/LC_CTYPE", O_RDONLY|O_CLOEXEC) = 3
770366 getcwd("/home/firstmate/.no-mistakes/worktrees/8352e211db7e/01M4F29HK4JCAKXEQ2F50R6HHX", 4096) = 79
770366 newfstatat(AT_FDCWD, ".", {st_mode=S_IFDIR|0775, st_size=4096, ...}, 0) = 0
770366 newfstatat(AT_FDCWD, "/home/firstmate/.local/codex-latest/lib/node_modules/@openai/codex/node_modules/@openai/codex-linux-x64/vendor/x86_64-unknown-linux-musl/codex-path/bash", 0x7ffedb90de00, 0) = -1 ENOENT (No such file or directory)
770366 newfstatat(AT_FDCWD, "/home/firstmate/.codex-5/tmp/arg0/codex-arg065EgpK/bash", 0x7ffedb90de00, 0) = -1 ENOENT (No such file or directory)
770366 newfstatat(AT_FDCWD, "/home/firstmate/.local/codex-latest/lib/node_modules/@openai/codex/node_modules/@openai/codex-linux-x64/vendor/x86_64-unknown-linux-musl/codex-path/bash", 0x7ffedb90de00, 0) = -1 ENOENT (No such file or directory)
770366 newfstatat(AT_FDCWD, "/home/firstmate/.local/bin/bash", 0x7ffedb90de00, 0) = -1 ENOENT (No such file or directory)
770366 newfstatat(AT_FDCWD, "/home/firstmate/go/bin/bash", 0x7ffedb90de00, 0) = -1 ENOENT (No such file or directory)
770366 newfstatat(AT_FDCWD, "/home/firstmate/.cargo/bin/bash", 0x7ffedb90de00, 0) = -1 ENOENT (No such file or directory)
770366 newfstatat(AT_FDCWD, "/home/firstmate/bin/bash", 0x7ffedb90de00, 0) = -1 ENOENT (No such file or directory)
770366 newfstatat(AT_FDCWD, "/opt/homebrew/bin/bash", 0x7ffedb90de00, 0) = -1 ENOENT (No such file or directory)
770366 newfstatat(AT_FDCWD, "/opt/homebrew/sbin/bash", 0x7ffedb90de00, 0) = -1 ENOENT (No such file or directory)
770366 newfstatat(AT_FDCWD, "/usr/local/bin/bash", 0x7ffedb90de00, 0) = -1 ENOENT (No such file or directory)
770366 newfstatat(AT_FDCWD, "/usr/local/sbin/bash", 0x7ffedb90de00, 0) = -1 ENOENT (No such file or directory)
770366 newfstatat(AT_FDCWD, "/usr/bin/bash", {st_mode=S_IFREG|0755, st_size=1540520, ...}, 0) = 0
770366 newfstatat(AT_FDCWD, "/usr/bin/bash", {st_mode=S_IFREG|0755, st_size=1540520, ...}, 0) = 0
770366 access("/usr/bin/bash", X_OK)    = 0
770366 newfstatat(AT_FDCWD, "/usr/bin/bash", {st_mode=S_IFREG|0755, st_size=1540520, ...}, 0) = 0
770366 access("/usr/bin/bash", R_OK)    = 0
770366 newfstatat(AT_FDCWD, "/etc/nsswitch.conf", {st_mode=S_IFREG|0644, st_size=526, ...}, 0) = 0
770366 newfstatat(AT_FDCWD, "/", {st_mode=S_IFDIR|0755, st_size=4096, ...}, 0) = 0
770366 openat(AT_FDCWD, "/etc/nsswitch.conf", O_RDONLY|O_CLOEXEC) = 3
770366 openat(AT_FDCWD, "/etc/passwd", O_RDONLY|O_CLOEXEC) = 3
770366 openat(AT_FDCWD, "/home/firstmate/.no-mistakes/worktrees/8352e211db7e/01M4F29HK4JCAKXEQ2F50R6HHX/bin/fm-inbox.sh", O_RDONLY) = 3
770366 newfstatat(AT_FDCWD, "/home/firstmate/.no-mistakes/worktrees/8352e211db7e/01M4F29HK4JCAKXEQ2F50R6HHX/bin/fm-inbox.sh", {st_mode=S_IFREG|0775, st_size=17467, ...}, 0) = 0
770366 newfstatat(AT_FDCWD, "/home/firstmate/.toolbox/bin", 0x7ffedb90dc00, 0) = -1 ENOENT (No such file or directory)
770381 newfstatat(AT_FDCWD, ".", {st_mode=S_IFDIR|0775, st_size=4096, ...}, 0) = 0
770381 newfstatat(AT_FDCWD, "/home/firstmate/.local/codex-latest/lib/node_modules/@openai/codex/node_modules/@openai/codex-linux-x64/vendor/x86_64-unknown-linux-musl/codex-path/dirname", 0x7ffedb90c9c0, 0) = -1 ENOENT (No such file or directory)
770381 newfstatat(AT_FDCWD, "/home/firstmate/.codex-5/tmp/arg0/codex-arg065EgpK/dirname", 0x7ffedb90c9c0, 0) = -1 ENOENT (No such file or directory)
770381 newfstatat(AT_FDCWD, "/home/firstmate/.local/codex-latest/lib/node_modules/@openai/codex/node_modules/@openai/codex-linux-x64/vendor/x86_64-unknown-linux-musl/codex-path/dirname", 0x7ffedb90c9c0, 0) = -1 ENOENT (No such file or directory)
770381 newfstatat(AT_FDCWD, "/home/firstmate/.local/bin/dirname", 0x7ffedb90c9c0, 0) = -1 ENOENT (No such file or directory)
770381 newfstatat(AT_FDCWD, "/home/firstmate/go/bin/dirname", 0x7ffedb90c9c0, 0) = -1 ENOENT (No such file or directory)
770381 newfstatat(AT_FDCWD, "/home/firstmate/.cargo/bin/dirname", 0x7ffedb90c9c0, 0) = -1 ENOENT (No such file or directory)
770381 newfstatat(AT_FDCWD, "/home/firstmate/bin/dirname", 0x7ffedb90c9c0, 0) = -1 ENOENT (No such file or directory)
770381 newfstatat(AT_FDCWD, "/opt/homebrew/bin/dirname", 0x7ffedb90c9c0, 0) = -1 ENOENT (No such file or directory)
770381 newfstatat(AT_FDCWD, "/opt/homebrew/sbin/dirname", 0x7ffedb90c9c0, 0) = -1 ENOENT (No such file or directory)
770381 newfstatat(AT_FDCWD, "/usr/local/bin/dirname", 0x7ffedb90c9c0, 0) = -1 ENOENT (No such file or directory)
770381 newfstatat(AT_FDCWD, "/usr/local/sbin/dirname", 0x7ffedb90c9c0, 0) = -1 ENOENT (No such file or directory)
770381 newfstatat(AT_FDCWD, "/usr/bin/dirname", {st_mode=S_IFREG|0755, st_size=11352352, ...}, 0) = 0
770381 newfstatat(AT_FDCWD, "/usr/bin/dirname", {st_mode=S_IFREG|0755, st_size=11352352, ...}, 0) = 0
770381 access("/usr/bin/dirname", X_OK) = 0
770381 newfstatat(AT_FDCWD, "/usr/bin/dirname", {st_mode=S_IFREG|0755, st_size=11352352, ...}, 0) = 0
770381 access("/usr/bin/dirname", R_OK) = 0
770381 execve("/usr/bin/dirname", ["dirname", "/home/firstmate/.no-mistakes/wor"...], 0x5c3d7e5fc090 /* 9 vars */) = 0
770381 access("/etc/ld.so.preload", R_OK) = -1 ENOENT (No such file or directory)
770381 openat(AT_FDCWD, "/etc/ld.so.cache", O_RDONLY|O_CLOEXEC) = 3
770381 openat(AT_FDCWD, "/usr/lib/x86_64-linux-gnu/libselinux.so.1", O_RDONLY|O_CLOEXEC) = 3
770381 openat(AT_FDCWD, "/usr/lib/x86_64-linux-gnu/libgcc_s.so.1", O_RDONLY|O_CLOEXEC) = 3
770381 openat(AT_FDCWD, "/usr/lib/x86_64-linux-gnu/libm.so.6", O_RDONLY|O_CLOEXEC) = 3
770381 openat(AT_FDCWD, "/usr/lib/x86_64-linux-gnu/libc.so.6", O_RDONLY|O_CLOEXEC) = 3
770381 openat(AT_FDCWD, "/usr/lib/x86_64-linux-gnu/libpcre2-8.so.0", O_RDONLY|O_CLOEXEC) = 3
770381 statfs("/sys/fs/selinux", 0x7ffce4b2add0) = -1 ENOENT (No such file or directory)
770381 statfs("/selinux", 0x7ffce4b2add0) = -1 ENOENT (No such file or directory)
770381 openat(AT_FDCWD, "/proc/filesystems", O_RDONLY|O_CLOEXEC) = 3
770381 access("/etc/selinux/config", F_OK) = -1 ENOENT (No such file or directory)
770381 openat(AT_FDCWD, "/proc/self/maps", O_RDONLY|O_CLOEXEC) = 3
770381 statx(AT_FDCWD, "/usr/share/coreutils/locales/dirname", AT_STATX_SYNC_AS_STAT, STATX_ALL, {stx_mask=STATX_ALL|STATX_MNT_ID, stx_attributes=0, stx_mode=S_IFDIR|0755, stx_size=4096, ...}) = 0
770381 statx(AT_FDCWD, "/usr/share/coreutils/locales/uucore", AT_STATX_SYNC_AS_STAT, STATX_ALL, {stx_mask=STATX_ALL|STATX_MNT_ID, stx_attributes=0, stx_mode=S_IFDIR|0755, stx_size=4096, ...}) = 0
770381 openat(AT_FDCWD, "/usr/share/coreutils/locales/uucore/en-US.ftl", O_RDONLY|O_CLOEXEC) = 3
770381 statx(3, "", AT_STATX_SYNC_AS_STAT|AT_EMPTY_PATH, STATX_ALL, {stx_mask=STATX_ALL|STATX_MNT_ID, stx_attributes=0, stx_mode=S_IFREG|0644, stx_size=4080, ...}) = 0
770381 statx(AT_FDCWD, "/usr/share/coreutils/locales/dirname", AT_STATX_SYNC_AS_STAT, STATX_ALL, {stx_mask=STATX_ALL|STATX_MNT_ID, stx_attributes=0, stx_mode=S_IFDIR|0755, stx_size=4096, ...}) = 0
770381 openat(AT_FDCWD, "/usr/share/coreutils/locales/dirname/en-US.ftl", O_RDONLY|O_CLOEXEC) = -1 ENOENT (No such file or directory)
770381 +++ exited with 0 +++
770372 --- SIGCHLD {si_signo=SIGCHLD, si_code=CLD_EXITED, si_pid=770381, si_uid=0, si_status=0, si_utime=0, si_stime=1 /* 0.01 s */} ---
770372 newfstatat(AT_FDCWD, "/home", {st_mode=S_IFDIR|0755, st_size=4096, ...}, 0) = 0
770372 newfstatat(AT_FDCWD, "/home/firstmate", {st_mode=S_IFDIR|0750, st_size=16384, ...}, 0) = 0
770372 newfstatat(AT_FDCWD, "/home/firstmate/.no-mistakes", {st_mode=S_IFDIR|0755, st_size=4096, ...}, 0) = 0
770372 newfstatat(AT_FDCWD, "/home/firstmate/.no-mistakes/worktrees", {st_mode=S_IFDIR|0755, st_size=4096, ...}, 0) = 0
770372 newfstatat(AT_FDCWD, "/home/firstmate/.no-mistakes/worktrees/8352e211db7e", {st_mode=S_IFDIR|0775, st_size=4096, ...}, 0) = 0
770372 newfstatat(AT_FDCWD, "/home/firstmate/.no-mistakes/worktrees/8352e211db7e/01M4F29HK4JCAKXEQ2F50R6HHX", {st_mode=S_IFDIR|0775, st_size=4096, ...}, 0) = 0
770372 newfstatat(AT_FDCWD, "/home/firstmate/.no-mistakes/worktrees/8352e211db7e/01M4F29HK4JCAKXEQ2F50R6HHX/bin", {st_mode=S_IFDIR|0775, st_size=12288, ...}, 0) = 0
770372 chdir("/home/firstmate/.no-mistakes/worktrees/8352e211db7e/01M4F29HK4JCAKXEQ2F50R6HHX/bin") = 0
770372 +++ exited with 0 +++
770366 --- SIGCHLD {si_signo=SIGCHLD, si_code=CLD_EXITED, si_pid=770372, si_uid=0, si_status=0, si_utime=0, si_stime=0} ---
770403 newfstatat(AT_FDCWD, "/home", {st_mode=S_IFDIR|0755, st_size=4096, ...}, 0) = 0
770403 newfstatat(AT_FDCWD, "/home/firstmate", {st_mode=S_IFDIR|0750, st_size=16384, ...}, 0) = 0
770403 newfstatat(AT_FDCWD, "/home/firstmate/.no-mistakes", {st_mode=S_IFDIR|0755, st_size=4096, ...}, 0) = 0
770403 newfstatat(AT_FDCWD, "/home/firstmate/.no-mistakes/worktrees", {st_mode=S_IFDIR|0755, st_size=4096, ...}, 0) = 0
770403 newfstatat(AT_FDCWD, "/home/firstmate/.no-mistakes/worktrees/8352e211db7e", {st_mode=S_IFDIR|0775, st_size=4096, ...}, 0) = 0
770403 newfstatat(AT_FDCWD, "/home/firstmate/.no-mistakes/worktrees/8352e211db7e/01M4F29HK4JCAKXEQ2F50R6HHX", {st_mode=S_IFDIR|0775, st_size=4096, ...}, 0) = 0
770403 newfstatat(AT_FDCWD, "/home/firstmate/.no-mistakes/worktrees/8352e211db7e/01M4F29HK4JCAKXEQ2F50R6HHX/bin", {st_mode=S_IFDIR|0775, st_size=12288, ...}, 0) = 0
770403 newfstatat(AT_FDCWD, "/home/firstmate/.no-mistakes/worktrees/8352e211db7e/01M4F29HK4JCAKXEQ2F50R6HHX/bin", {st_mode=S_IFDIR|0775, st_size=12288, ...}, 0) = 0
770403 chdir("/home/firstmate/.no-mistakes/worktrees/8352e211db7e/01M4F29HK4JCAKXEQ2F50R6HHX") = 0
770403 +++ exited with 0 +++
770366 --- SIGCHLD {si_signo=SIGCHLD, si_code=CLD_EXITED, si_pid=770403, si_uid=0, si_status=0, si_utime=0, si_stime=0} ---
770412 faccessat2(AT_FDCWD, "/home/firstmate/.no-mistakes/worktrees/8352e211db7e/01M4F29HK4JCAKXEQ2F50R6HHX/.test-tmp/boundary/home/config/inbox-profile", R_OK, AT_EACCESS) = -1 ENOENT (No such file or directory)
770412 +++ exited with 0 +++
770366 --- SIGCHLD {si_signo=SIGCHLD, si_code=CLD_EXITED, si_pid=770412, si_uid=0, si_status=0, si_utime=0, si_stime=0} ---
770366 newfstatat(AT_FDCWD, "/home/firstmate/.no-mistakes/worktrees/8352e211db7e/01M4F29HK4JCAKXEQ2F50R6HHX/.test-tmp/boundary/home/.voice-conversation-lab", 0x7ffedb90d910, 0) = -1 ENOENT (No such file or directory)
770366 openat(AT_FDCWD, "/home/firstmate/.no-mistakes/worktrees/8352e211db7e/01M4F29HK4JCAKXEQ2F50R6HHX/bin/fm-wake-lib.sh", O_RDONLY) = 3
770425 newfstatat(AT_FDCWD, ".", {st_mode=S_IFDIR|0775, st_size=4096, ...}, 0) = 0
770425 newfstatat(AT_FDCWD, "/home/firstmate/.local/codex-latest/lib/node_modules/@openai/codex/node_modules/@openai/codex-linux-x64/vendor/x86_64-unknown-linux-musl/codex-path/dirname", 0x7ffedb90bbb0, 0) = -1 ENOENT (No such file or directory)
770425 newfstatat(AT_FDCWD, "/home/firstmate/.codex-5/tmp/arg0/codex-arg065EgpK/dirname", 0x7ffedb90bbb0, 0) = -1 ENOENT (No such file or directory)
770425 newfstatat(AT_FDCWD, "/home/firstmate/.local/codex-latest/lib/node_modules/@openai/codex/node_modules/@openai/codex-linux-x64/vendor/x86_64-unknown-linux-musl/codex-path/dirname", 0x7ffedb90bbb0, 0) = -1 ENOENT (No such file or directory)
770425 newfstatat(AT_FDCWD, "/home/firstmate/.local/bin/dirname", 0x7ffedb90bbb0, 0) = -1 ENOENT (No such file or directory)
770425 newfstatat(AT_FDCWD, "/home/firstmate/go/bin/dirname", 0x7ffedb90bbb0, 0) = -1 ENOENT (No such file or directory)
770425 newfstatat(AT_FDCWD, "/home/firstmate/.cargo/bin/dirname", 0x7ffedb90bbb0, 0) = -1 ENOENT (No such file or directory)
770425 newfstatat(AT_FDCWD, "/home/firstmate/bin/dirname", 0x7ffedb90bbb0, 0) = -1 ENOENT (No such file or directory)
770425 newfstatat(AT_FDCWD, "/opt/homebrew/bin/dirname", 0x7ffedb90bbb0, 0) = -1 ENOENT (No such file or directory)
770425 newfstatat(AT_FDCWD, "/opt/homebrew/sbin/dirname", 0x7ffedb90bbb0, 0) = -1 ENOENT (No such file or directory)
770425 newfstatat(AT_FDCWD, "/usr/local/bin/dirname", 0x7ffedb90bbb0, 0) = -1 ENOENT (No such file or directory)
770425 newfstatat(AT_FDCWD, "/usr/local/sbin/dirname", 0x7ffedb90bbb0, 0) = -1 ENOENT (No such file or directory)
770425 newfstatat(AT_FDCWD, "/usr/bin/dirname", {st_mode=S_IFREG|0755, st_size=11352352, ...}, 0) = 0
770425 newfstatat(AT_FDCWD, "/usr/bin/dirname", {st_mode=S_IFREG|0755, st_size=11352352, ...}, 0) = 0
770425 access("/usr/bin/dirname", X_OK) = 0
770425 newfstatat(AT_FDCWD, "/usr/bin/dirname", {st_mode=S_IFREG|0755, st_size=11352352, ...}, 0) = 0
770425 access("/usr/bin/dirname", R_OK) = 0
770425 execve("/usr/bin/dirname", ["dirname", "/home/firstmate/.no-mistakes/wor"...], 0x5c3d7e635640 /* 9 vars */) = 0
770425 access("/etc/ld.so.preload", R_OK) = -1 ENOENT (No such file or directory)
770425 openat(AT_FDCWD, "/etc/ld.so.cache", O_RDONLY|O_CLOEXEC) = 3
770425 openat(AT_FDCWD, "/usr/lib/x86_64-linux-gnu/libselinux.so.1", O_RDONLY|O_CLOEXEC) = 3
770425 openat(AT_FDCWD, "/usr/lib/x86_64-linux-gnu/libgcc_s.so.1", O_RDONLY|O_CLOEXEC) = 3
770425 openat(AT_FDCWD, "/usr/lib/x86_64-linux-gnu/libm.so.6", O_RDONLY|O_CLOEXEC) = 3
770425 openat(AT_FDCWD, "/usr/lib/x86_64-linux-gnu/libc.so.6", O_RDONLY|O_CLOEXEC) = 3
770425 openat(AT_FDCWD, "/usr/lib/x86_64-linux-gnu/libpcre2-8.so.0", O_RDONLY|O_CLOEXEC) = 3
770425 statfs("/sys/fs/selinux", 0x7ffc87ca47c0) = -1 ENOENT (No such file or directory)
770425 statfs("/selinux", 0x7ffc87ca47c0) = -1 ENOENT (No such file or directory)
770425 openat(AT_FDCWD, "/proc/filesystems", O_RDONLY|O_CLOEXEC) = 3
770425 access("/etc/selinux/config", F_OK) = -1 ENOENT (No such file or directory)
770425 openat(AT_FDCWD, "/proc/self/maps", O_RDONLY|O_CLOEXEC) = 3
770425 statx(AT_FDCWD, "/usr/share/coreutils/locales/dirname", AT_STATX_SYNC_AS_STAT, STATX_ALL, {stx_mask=STATX_ALL|STATX_MNT_ID, stx_attributes=0, stx_mode=S_IFDIR|0755, stx_size=4096, ...}) = 0
770425 statx(AT_FDCWD, "/usr/share/coreutils/locales/uucore", AT_STATX_SYNC_AS_STAT, STATX_ALL, {stx_mask=STATX_ALL|STATX_MNT_ID, stx_attributes=0, stx_mode=S_IFDIR|0755, stx_size=4096, ...}) = 0
770425 openat(AT_FDCWD, "/usr/share/coreutils/locales/uucore/en-US.ftl", O_RDONLY|O_CLOEXEC) = 3
770425 statx(3, "", AT_STATX_SYNC_AS_STAT|AT_EMPTY_PATH, STATX_ALL, {stx_mask=STATX_ALL|STATX_MNT_ID, stx_attributes=0, stx_mode=S_IFREG|0644, stx_size=4080, ...}) = 0
770425 statx(AT_FDCWD, "/usr/share/coreutils/locales/dirname", AT_STATX_SYNC_AS_STAT, STATX_ALL, {stx_mask=STATX_ALL|STATX_MNT_ID, stx_attributes=0, stx_mode=S_IFDIR|0755, stx_size=4096, ...}) = 0
770425 openat(AT_FDCWD, "/usr/share/coreutils/locales/dirname/en-US.ftl", O_RDONLY|O_CLOEXEC) = -1 ENOENT (No such file or directory)
770425 +++ exited with 0 +++
770420 --- SIGCHLD {si_signo=SIGCHLD, si_code=CLD_EXITED, si_pid=770425, si_uid=0, si_status=0, si_utime=0, si_stime=1 /* 0.01 s */} ---
770420 newfstatat(AT_FDCWD, "/home", {st_mode=S_IFDIR|0755, st_size=4096, ...}, 0) = 0
770420 newfstatat(AT_FDCWD, "/home/firstmate", {st_mode=S_IFDIR|0750, st_size=16384, ...}, 0) = 0
770420 newfstatat(AT_FDCWD, "/home/firstmate/.no-mistakes", {st_mode=S_IFDIR|0755, st_size=4096, ...}, 0) = 0
770420 newfstatat(AT_FDCWD, "/home/firstmate/.no-mistakes/worktrees", {st_mode=S_IFDIR|0755, st_size=4096, ...}, 0) = 0
770420 newfstatat(AT_FDCWD, "/home/firstmate/.no-mistakes/worktrees/8352e211db7e", {st_mode=S_IFDIR|0775, st_size=4096, ...}, 0) = 0
770420 newfstatat(AT_FDCWD, "/home/firstmate/.no-mistakes/worktrees/8352e211db7e/01M4F29HK4JCAKXEQ2F50R6HHX", {st_mode=S_IFDIR|0775, st_size=4096, ...}, 0) = 0
770420 newfstatat(AT_FDCWD, "/home/firstmate/.no-mistakes/worktrees/8352e211db7e/01M4F29HK4JCAKXEQ2F50R6HHX/bin", {st_mode=S_IFDIR|0775, st_size=12288, ...}, 0) = 0
770420 chdir("/home/firstmate/.no-mistakes/worktrees/8352e211db7e/01M4F29HK4JCAKXEQ2F50R6HHX/bin") = 0
770420 +++ exited with 0 +++
770366 --- SIGCHLD {si_signo=SIGCHLD, si_code=CLD_EXITED, si_pid=770420, si_uid=0, si_status=0, si_utime=0, si_stime=0} ---
770456 newfstatat(AT_FDCWD, "/home", {st_mode=S_IFDIR|0755, st_size=4096, ...}, 0) = 0
770456 newfstatat(AT_FDCWD, "/home/firstmate", {st_mode=S_IFDIR|0750, st_size=16384, ...}, 0) = 0
770456 newfstatat(AT_FDCWD, "/home/firstmate/.no-mistakes", {st_mode=S_IFDIR|0755, st_size=4096, ...}, 0) = 0
770456 newfstatat(AT_FDCWD, "/home/firstmate/.no-mistakes/worktrees", {st_mode=S_IFDIR|0755, st_size=4096, ...}, 0) = 0
770456 newfstatat(AT_FDCWD, "/home/firstmate/.no-mistakes/worktrees/8352e211db7e", {st_mode=S_IFDIR|0775, st_size=4096, ...}, 0) = 0
770456 newfstatat(AT_FDCWD, "/home/firstmate/.no-mistakes/worktrees/8352e211db7e/01M4F29HK4JCAKXEQ2F50R6HHX", {st_mode=S_IFDIR|0775, st_size=4096, ...}, 0) = 0
770456 newfstatat(AT_FDCWD, "/home/firstmate/.no-mistakes/worktrees/8352e211db7e/01M4F29HK4JCAKXEQ2F50R6HHX/bin", {st_mode=S_IFDIR|0775, st_size=12288, ...}, 0) = 0
770456 newfstatat(AT_FDCWD, "/home/firstmate/.no-mistakes/worktrees/8352e211db7e/01M4F29HK4JCAKXEQ2F50R6HHX/bin", {st_mode=S_IFDIR|0775, st_size=12288, ...}, 0) = 0
770456 chdir("/home/firstmate/.no-mistakes/worktrees/8352e211db7e/01M4F29HK4JCAKXEQ2F50R6HHX") = 0
770456 +++ exited with 0 +++
770366 --- SIGCHLD {si_signo=SIGCHLD, si_code=CLD_EXITED, si_pid=770456, si_uid=0, si_status=0, si_utime=0, si_stime=0} ---
770463 newfstatat(AT_FDCWD, ".", {st_mode=S_IFDIR|0775, st_size=4096, ...}, 0) = 0
770463 newfstatat(AT_FDCWD, "/home/firstmate/.local/codex-latest/lib/node_modules/@openai/codex/node_modules/@openai/codex-linux-x64/vendor/x86_64-unknown-linux-musl/codex-path/uname", 0x7ffedb90c5c0, 0) = -1 ENOENT (No such file or directory)
770463 newfstatat(AT_FDCWD, "/home/firstmate/.codex-5/tmp/arg0/codex-arg065EgpK/uname", 0x7ffedb90c5c0, 0) = -1 ENOENT (No such file or directory)
770463 newfstatat(AT_FDCWD, "/home/firstmate/.local/codex-latest/lib/node_modules/@openai/codex/node_modules/@openai/codex-linux-x64/vendor/x86_64-unknown-linux-musl/codex-path/uname", 0x7ffedb90c5c0, 0) = -1 ENOENT (No such file or directory)
770463 newfstatat(AT_FDCWD, "/home/firstmate/.local/bin/uname", 0x7ffedb90c5c0, 0) = -1 ENOENT (No such file or directory)
770463 newfstatat(AT_FDCWD, "/home/firstmate/go/bin/uname", 0x7ffedb90c5c0, 0) = -1 ENOENT (No such file or directory)
770463 newfstatat(AT_FDCWD, "/home/firstmate/.cargo/bin/uname", 0x7ffedb90c5c0, 0) = -1 ENOENT (No such file or directory)
770463 newfstatat(AT_FDCWD, "/home/firstmate/bin/uname", 0x7ffedb90c5c0, 0) = -1 ENOENT (No such file or directory)
770463 newfstatat(AT_FDCWD, "/opt/homebrew/bin/uname", 0x7ffedb90c5c0, 0) = -1 ENOENT (No such file or directory)
770463 newfstatat(AT_FDCWD, "/opt/homebrew/sbin/uname", 0x7ffedb90c5c0, 0) = -1 ENOENT (No such file or directory)
770463 newfstatat(AT_FDCWD, "/usr/local/bin/uname", 0x7ffedb90c5c0, 0) = -1 ENOENT (No such file or directory)
770463 newfstatat(AT_FDCWD, "/usr/local/sbin/uname", 0x7ffedb90c5c0, 0) = -1 ENOENT (No such file or directory)
770463 newfstatat(AT_FDCWD, "/usr/bin/uname", {st_mode=S_IFREG|0755, st_size=11352352, ...}, 0) = 0
770463 newfstatat(AT_FDCWD, "/usr/bin/uname", {st_mode=S_IFREG|0755, st_size=11352352, ...}, 0) = 0
770463 access("/usr/bin/uname", X_OK)   = 0
770463 newfstatat(AT_FDCWD, "/usr/bin/uname", {st_mode=S_IFREG|0755, st_size=11352352, ...}, 0) = 0
770463 access("/usr/bin/uname", R_OK)   = 0
770465 openat(AT_FDCWD, "/dev/null", O_WRONLY|O_CREAT|O_TRUNC, 0666) = 3
770465 execve("/usr/bin/uname", ["uname"], 0x5c3d7e634570 /* 9 vars */) = 0
770465 access("/etc/ld.so.preload", R_OK) = -1 ENOENT (No such file or directory)
770465 openat(AT_FDCWD, "/etc/ld.so.cache", O_RDONLY|O_CLOEXEC) = 3
770465 openat(AT_FDCWD, "/usr/lib/x86_64-linux-gnu/libselinux.so.1", O_RDONLY|O_CLOEXEC) = 3
770465 openat(AT_FDCWD, "/usr/lib/x86_64-linux-gnu/libgcc_s.so.1", O_RDONLY|O_CLOEXEC) = 3
770465 openat(AT_FDCWD, "/usr/lib/x86_64-linux-gnu/libm.so.6", O_RDONLY|O_CLOEXEC) = 3
770465 openat(AT_FDCWD, "/usr/lib/x86_64-linux-gnu/libc.so.6", O_RDONLY|O_CLOEXEC) = 3
770465 openat(AT_FDCWD, "/usr/lib/x86_64-linux-gnu/libpcre2-8.so.0", O_RDONLY|O_CLOEXEC) = 3
770465 statfs("/sys/fs/selinux", 0x7ffe657e2b10) = -1 ENOENT (No such file or directory)
770465 statfs("/selinux", 0x7ffe657e2b10) = -1 ENOENT (No such file or directory)
770465 openat(AT_FDCWD, "/proc/filesystems", O_RDONLY|O_CLOEXEC) = 3
770465 access("/etc/selinux/config", F_OK) = -1 ENOENT (No such file or directory)
770465 openat(AT_FDCWD, "/proc/self/maps", O_RDONLY|O_CLOEXEC) = 3
770465 statx(AT_FDCWD, "/usr/share/coreutils/locales/uname", AT_STATX_SYNC_AS_STAT, STATX_ALL, {stx_mask=STATX_ALL|STATX_MNT_ID, stx_attributes=0, stx_mode=S_IFDIR|0755, stx_size=4096, ...}) = 0
770465 statx(AT_FDCWD, "/usr/share/coreutils/locales/uucore", AT_STATX_SYNC_AS_STAT, STATX_ALL, {stx_mask=STATX_ALL|STATX_MNT_ID, stx_attributes=0, stx_mode=S_IFDIR|0755, stx_size=4096, ...}) = 0
770465 openat(AT_FDCWD, "/usr/share/coreutils/locales/uucore/en-US.ftl", O_RDONLY|O_CLOEXEC) = 3
770465 statx(3, "", AT_STATX_SYNC_AS_STAT|AT_EMPTY_PATH, STATX_ALL, {stx_mask=STATX_ALL|STATX_MNT_ID, stx_attributes=0, stx_mode=S_IFREG|0644, stx_size=4080, ...}) = 0
770465 statx(AT_FDCWD, "/usr/share/coreutils/locales/uname", AT_STATX_SYNC_AS_STAT, STATX_ALL, {stx_mask=STATX_ALL|STATX_MNT_ID, stx_attributes=0, stx_mode=S_IFDIR|0755, stx_size=4096, ...}) = 0
770465 openat(AT_FDCWD, "/usr/share/coreutils/locales/uname/en-US.ftl", O_RDONLY|O_CLOEXEC) = -1 ENOENT (No such file or directory)
770465 +++ exited with 0 +++
770463 --- SIGCHLD {si_signo=SIGCHLD, si_code=CLD_EXITED, si_pid=770465, si_uid=0, si_status=0, si_utime=0, si_stime=0} ---
770463 +++ exited with 0 +++
770366 --- SIGCHLD {si_signo=SIGCHLD, si_code=CLD_EXITED, si_pid=770463, si_uid=0, si_status=0, si_utime=0, si_stime=0} ---
770366 newfstatat(AT_FDCWD, ".", {st_mode=S_IFDIR|0775, st_size=4096, ...}, 0) = 0
770366 newfstatat(AT_FDCWD, "/home/firstmate/.local/codex-latest/lib/node_modules/@openai/codex/node_modules/@openai/codex-linux-x64/vendor/x86_64-unknown-linux-musl/codex-path/mkdir", 0x7ffedb90ced0, 0) = -1 ENOENT (No such file or directory)
770366 newfstatat(AT_FDCWD, "/home/firstmate/.codex-5/tmp/arg0/codex-arg065EgpK/mkdir", 0x7ffedb90ced0, 0) = -1 ENOENT (No such file or directory)
770366 newfstatat(AT_FDCWD, "/home/firstmate/.local/codex-latest/lib/node_modules/@openai/codex/node_modules/@openai/codex-linux-x64/vendor/x86_64-unknown-linux-musl/codex-path/mkdir", 0x7ffedb90ced0, 0) = -1 ENOENT (No such file or directory)
770366 newfstatat(AT_FDCWD, "/home/firstmate/.local/bin/mkdir", 0x7ffedb90ced0, 0) = -1 ENOENT (No such file or directory)
770366 newfstatat(AT_FDCWD, "/home/firstmate/go/bin/mkdir", 0x7ffedb90ced0, 0) = -1 ENOENT (No such file or directory)
770366 newfstatat(AT_FDCWD, "/home/firstmate/.cargo/bin/mkdir", 0x7ffedb90ced0, 0) = -1 ENOENT (No such file or directory)
770366 newfstatat(AT_FDCWD, "/home/firstmate/bin/mkdir", 0x7ffedb90ced0, 0) = -1 ENOENT (No such file or directory)
770366 newfstatat(AT_FDCWD, "/opt/homebrew/bin/mkdir", 0x7ffedb90ced0, 0) = -1 ENOENT (No such file or directory)
770366 newfstatat(AT_FDCWD, "/opt/homebrew/sbin/mkdir", 0x7ffedb90ced0, 0) = -1 ENOENT (No such file or directory)
770366 newfstatat(AT_FDCWD, "/usr/local/bin/mkdir", 0x7ffedb90ced0, 0) = -1 ENOENT (No such file or directory)
770366 newfstatat(AT_FDCWD, "/usr/local/sbin/mkdir", 0x7ffedb90ced0, 0) = -1 ENOENT (No such file or directory)
770366 newfstatat(AT_FDCWD, "/usr/bin/mkdir", {st_mode=S_IFREG|0755, st_size=11352352, ...}, 0) = 0
770366 newfstatat(AT_FDCWD, "/usr/bin/mkdir", {st_mode=S_IFREG|0755, st_size=11352352, ...}, 0) = 0
770366 access("/usr/bin/mkdir", X_OK)   = 0
770366 newfstatat(AT_FDCWD, "/usr/bin/mkdir", {st_mode=S_IFREG|0755, st_size=11352352, ...}, 0) = 0
770366 access("/usr/bin/mkdir", R_OK)   = 0
770488 execve("/usr/bin/mkdir", ["mkdir", "-p", "/home/firstmate/.no-mistakes/wor"...], 0x5c3d7e634570 /* 9 vars */) = 0
770488 access("/etc/ld.so.preload", R_OK) = -1 ENOENT (No such file or directory)
770488 openat(AT_FDCWD, "/etc/ld.so.cache", O_RDONLY|O_CLOEXEC) = 3
770488 openat(AT_FDCWD, "/usr/lib/x86_64-linux-gnu/libselinux.so.1", O_RDONLY|O_CLOEXEC) = 3
770488 openat(AT_FDCWD, "/usr/lib/x86_64-linux-gnu/libgcc_s.so.1", O_RDONLY|O_CLOEXEC) = 3
770488 openat(AT_FDCWD, "/usr/lib/x86_64-linux-gnu/libm.so.6", O_RDONLY|O_CLOEXEC) = 3
770488 openat(AT_FDCWD, "/usr/lib/x86_64-linux-gnu/libc.so.6", O_RDONLY|O_CLOEXEC) = 3
770488 openat(AT_FDCWD, "/usr/lib/x86_64-linux-gnu/libpcre2-8.so.0", O_RDONLY|O_CLOEXEC) = 3
770488 statfs("/sys/fs/selinux", 0x7ffcc9ae2610) = -1 ENOENT (No such file or directory)
770488 statfs("/selinux", 0x7ffcc9ae2610) = -1 ENOENT (No such file or directory)
770488 openat(AT_FDCWD, "/proc/filesystems", O_RDONLY|O_CLOEXEC) = 3
770488 access("/etc/selinux/config", F_OK) = -1 ENOENT (No such file or directory)
770488 openat(AT_FDCWD, "/proc/self/maps", O_RDONLY|O_CLOEXEC) = 3
770488 statx(AT_FDCWD, "/usr/share/coreutils/locales/mkdir", AT_STATX_SYNC_AS_STAT, STATX_ALL, {stx_mask=STATX_ALL|STATX_MNT_ID, stx_attributes=0, stx_mode=S_IFDIR|0755, stx_size=4096, ...}) = 0
770488 statx(AT_FDCWD, "/usr/share/coreutils/locales/uucore", AT_STATX_SYNC_AS_STAT, STATX_ALL, {stx_mask=STATX_ALL|STATX_MNT_ID, stx_attributes=0, stx_mode=S_IFDIR|0755, stx_size=4096, ...}) = 0
770488 openat(AT_FDCWD, "/usr/share/coreutils/locales/uucore/en-US.ftl", O_RDONLY|O_CLOEXEC) = 3
770488 statx(3, "", AT_STATX_SYNC_AS_STAT|AT_EMPTY_PATH, STATX_ALL, {stx_mask=STATX_ALL|STATX_MNT_ID, stx_attributes=0, stx_mode=S_IFREG|0644, stx_size=4080, ...}) = 0
770488 statx(AT_FDCWD, "/usr/share/coreutils/locales/mkdir", AT_STATX_SYNC_AS_STAT, STATX_ALL, {stx_mask=STATX_ALL|STATX_MNT_ID, stx_attributes=0, stx_mode=S_IFDIR|0755, stx_size=4096, ...}) = 0
770488 openat(AT_FDCWD, "/usr/share/coreutils/locales/mkdir/en-US.ftl", O_RDONLY|O_CLOEXEC) = -1 ENOENT (No such file or directory)
770488 statx(AT_FDCWD, "/home/firstmate/.no-mistakes/worktrees/8352e211db7e/01M4F29HK4JCAKXEQ2F50R6HHX/.test-tmp/boundary/home/state", AT_STATX_SYNC_AS_STAT, STATX_ALL, {stx_mask=STATX_ALL|STATX_MNT_ID, stx_attributes=0, stx_mode=S_IFDIR|0700, stx_size=4096, ...}) = 0
770488 statx(AT_FDCWD, "/", AT_STATX_SYNC_AS_STAT, STATX_ALL, {stx_mask=STATX_ALL|STATX_MNT_ID, stx_attributes=STATX_ATTR_MOUNT_ROOT, stx_mode=S_IFDIR|0755, stx_size=4096, ...}) = 0
770488 statx(AT_FDCWD, "/home", AT_STATX_SYNC_AS_STAT, STATX_ALL, {stx_mask=STATX_ALL|STATX_MNT_ID, stx_attributes=0, stx_mode=S_IFDIR|0755, stx_size=4096, ...}) = 0
770488 statx(AT_FDCWD, "/home/firstmate", AT_STATX_SYNC_AS_STAT, STATX_ALL, {stx_mask=STATX_ALL|STATX_MNT_ID, stx_attributes=0, stx_mode=S_IFDIR|0750, stx_size=16384, ...}) = 0
770488 statx(AT_FDCWD, "/home/firstmate/.no-mistakes", AT_STATX_SYNC_AS_STAT, STATX_ALL, {stx_mask=STATX_ALL|STATX_MNT_ID, stx_attributes=0, stx_mode=S_IFDIR|0755, stx_size=4096, ...}) = 0
770488 statx(AT_FDCWD, "/home/firstmate/.no-mistakes/worktrees", AT_STATX_SYNC_AS_STAT, STATX_ALL, {stx_mask=STATX_ALL|STATX_MNT_ID, stx_attributes=0, stx_mode=S_IFDIR|0755, stx_size=4096, ...}) = 0
770488 statx(AT_FDCWD, "/home/firstmate/.no-mistakes/worktrees/8352e211db7e", AT_STATX_SYNC_AS_STAT, STATX_ALL, {stx_mask=STATX_ALL|STATX_MNT_ID, stx_attributes=0, stx_mode=S_IFDIR|0775, stx_size=4096, ...}) = 0
770488 statx(AT_FDCWD, "/home/firstmate/.no-mistakes/worktrees/8352e211db7e/01M4F29HK4JCAKXEQ2F50R6HHX", AT_STATX_SYNC_AS_STAT, STATX_ALL, {stx_mask=STATX_ALL|STATX_MNT_ID, stx_attributes=0, stx_mode=S_IFDIR|0775, stx_size=4096, ...}) = 0
770488 statx(AT_FDCWD, "/home/firstmate/.no-mistakes/worktrees/8352e211db7e/01M4F29HK4JCAKXEQ2F50R6HHX/.test-tmp", AT_STATX_SYNC_AS_STAT, STATX_ALL, {stx_mask=STATX_ALL|STATX_MNT_ID, stx_attributes=0, stx_mode=S_IFDIR|0775, stx_size=4096, ...}) = 0
770488 statx(AT_FDCWD, "/home/firstmate/.no-mistakes/worktrees/8352e211db7e/01M4F29HK4JCAKXEQ2F50R6HHX/.test-tmp/boundary", AT_STATX_SYNC_AS_STAT, STATX_ALL, {stx_mask=STATX_ALL|STATX_MNT_ID, stx_attributes=0, stx_mode=S_IFDIR|0700, stx_size=4096, ...}) = 0
770488 statx(AT_FDCWD, "/home/firstmate/.no-mistakes/worktrees/8352e211db7e/01M4F29HK4JCAKXEQ2F50R6HHX/.test-tmp/boundary/home", AT_STATX_SYNC_AS_STAT, STATX_ALL, {stx_mask=STATX_ALL|STATX_MNT_ID, stx_attributes=STATX_ATTR_MOUNT_ROOT, stx_mode=S_IFDIR|0700, stx_size=4096, ...}) = 0
770488 statx(AT_FDCWD, "/home/firstmate/.no-mistakes/worktrees/8352e211db7e/01M4F29HK4JCAKXEQ2F50R6HHX/.test-tmp/boundary/home/state", AT_STATX_SYNC_AS_STAT, STATX_ALL, {stx_mask=STATX_ALL|STATX_MNT_ID, stx_attributes=0, stx_mode=S_IFDIR|0700, stx_size=4096, ...}) = 0
770488 mkdir("/home/firstmate/.no-mistakes/worktrees/8352e211db7e/01M4F29HK4JCAKXEQ2F50R6HHX/.test-tmp/boundary/home/state", 0700) = -1 EEXIST (File exists)
770488 statx(AT_FDCWD, "/home/firstmate/.no-mistakes/worktrees/8352e211db7e/01M4F29HK4JCAKXEQ2F50R6HHX/.test-tmp/boundary/home/state", AT_STATX_SYNC_AS_STAT, STATX_ALL, {stx_mask=STATX_ALL|STATX_MNT_ID, stx_attributes=0, stx_mode=S_IFDIR|0700, stx_size=4096, ...}) = 0
770488 +++ exited with 0 +++
770366 --- SIGCHLD {si_signo=SIGCHLD, si_code=CLD_EXITED, si_pid=770488, si_uid=0, si_status=0, si_utime=0, si_stime=0} ---
770520 newfstatat(AT_FDCWD, ".", {st_mode=S_IFDIR|0775, st_size=4096, ...}, 0) = 0
770520 newfstatat(AT_FDCWD, "/home/firstmate/.local/codex-latest/lib/node_modules/@openai/codex/node_modules/@openai/codex-linux-x64/vendor/x86_64-unknown-linux-musl/codex-path/cat", 0x7ffedb90cc30, 0) = -1 ENOENT (No such file or directory)
770520 newfstatat(AT_FDCWD, "/home/firstmate/.codex-5/tmp/arg0/codex-arg065EgpK/cat", 0x7ffedb90cc30, 0) = -1 ENOENT (No such file or directory)
770520 newfstatat(AT_FDCWD, "/home/firstmate/.local/codex-latest/lib/node_modules/@openai/codex/node_modules/@openai/codex-linux-x64/vendor/x86_64-unknown-linux-musl/codex-path/cat", 0x7ffedb90cc30, 0) = -1 ENOENT (No such file or directory)
770520 newfstatat(AT_FDCWD, "/home/firstmate/.local/bin/cat", 0x7ffedb90cc30, 0) = -1 ENOENT (No such file or directory)
770520 newfstatat(AT_FDCWD, "/home/firstmate/go/bin/cat", 0x7ffedb90cc30, 0) = -1 ENOENT (No such file or directory)
770520 newfstatat(AT_FDCWD, "/home/firstmate/.cargo/bin/cat", 0x7ffedb90cc30, 0) = -1 ENOENT (No such file or directory)
770520 newfstatat(AT_FDCWD, "/home/firstmate/bin/cat", 0x7ffedb90cc30, 0) = -1 ENOENT (No such file or directory)
770520 newfstatat(AT_FDCWD, "/opt/homebrew/bin/cat", 0x7ffedb90cc30, 0) = -1 ENOENT (No such file or directory)
770520 newfstatat(AT_FDCWD, "/opt/homebrew/sbin/cat", 0x7ffedb90cc30, 0) = -1 ENOENT (No such file or directory)
770520 newfstatat(AT_FDCWD, "/usr/local/bin/cat", 0x7ffedb90cc30, 0) = -1 ENOENT (No such file or directory)
770520 newfstatat(AT_FDCWD, "/usr/local/sbin/cat", 0x7ffedb90cc30, 0) = -1 ENOENT (No such file or directory)
770520 newfstatat(AT_FDCWD, "/usr/bin/cat", {st_mode=S_IFREG|0755, st_size=11352352, ...}, 0) = 0
770520 newfstatat(AT_FDCWD, "/usr/bin/cat", {st_mode=S_IFREG|0755, st_size=11352352, ...}, 0) = 0
770520 access("/usr/bin/cat", X_OK)     = 0
770520 newfstatat(AT_FDCWD, "/usr/bin/cat", {st_mode=S_IFREG|0755, st_size=11352352, ...}, 0) = 0
770520 access("/usr/bin/cat", R_OK)     = 0
770526 openat(AT_FDCWD, "/dev/null", O_WRONLY|O_CREAT|O_TRUNC, 0666) = 3
770526 execve("/usr/bin/cat", ["cat", "/home/firstmate/.no-mistakes/wor"...], 0x5c3d7e634570 /* 9 vars */) = 0
770526 access("/etc/ld.so.preload", R_OK) = -1 ENOENT (No such file or directory)
770526 openat(AT_FDCWD, "/etc/ld.so.cache", O_RDONLY|O_CLOEXEC) = 3
770526 openat(AT_FDCWD, "/usr/lib/x86_64-linux-gnu/libselinux.so.1", O_RDONLY|O_CLOEXEC) = 3
770526 openat(AT_FDCWD, "/usr/lib/x86_64-linux-gnu/libgcc_s.so.1", O_RDONLY|O_CLOEXEC) = 3
770526 openat(AT_FDCWD, "/usr/lib/x86_64-linux-gnu/libm.so.6", O_RDONLY|O_CLOEXEC) = 3
770526 openat(AT_FDCWD, "/usr/lib/x86_64-linux-gnu/libc.so.6", O_RDONLY|O_CLOEXEC) = 3
770526 openat(AT_FDCWD, "/usr/lib/x86_64-linux-gnu/libpcre2-8.so.0", O_RDONLY|O_CLOEXEC) = 3
770526 statfs("/sys/fs/selinux", 0x7ffdb5f21c60) = -1 ENOENT (No such file or directory)
770526 statfs("/selinux", 0x7ffdb5f21c60) = -1 ENOENT (No such file or directory)
770526 openat(AT_FDCWD, "/proc/filesystems", O_RDONLY|O_CLOEXEC) = 3
770526 access("/etc/selinux/config", F_OK) = -1 ENOENT (No such file or directory)
770526 openat(AT_FDCWD, "/proc/self/maps", O_RDONLY|O_CLOEXEC) = 3
770526 statx(AT_FDCWD, "/usr/share/coreutils/locales/cat", AT_STATX_SYNC_AS_STAT, STATX_ALL, {stx_mask=STATX_ALL|STATX_MNT_ID, stx_attributes=0, stx_mode=S_IFDIR|0755, stx_size=4096, ...}) = 0
770526 statx(AT_FDCWD, "/usr/share/coreutils/locales/uucore", AT_STATX_SYNC_AS_STAT, STATX_ALL, {stx_mask=STATX_ALL|STATX_MNT_ID, stx_attributes=0, stx_mode=S_IFDIR|0755, stx_size=4096, ...}) = 0
770526 openat(AT_FDCWD, "/usr/share/coreutils/locales/uucore/en-US.ftl", O_RDONLY|O_CLOEXEC) = 3
770526 statx(3, "", AT_STATX_SYNC_AS_STAT|AT_EMPTY_PATH, STATX_ALL, {stx_mask=STATX_ALL|STATX_MNT_ID, stx_attributes=0, stx_mode=S_IFREG|0644, stx_size=4080, ...}) = 0
770526 statx(AT_FDCWD, "/usr/share/coreutils/locales/cat", AT_STATX_SYNC_AS_STAT, STATX_ALL, {stx_mask=STATX_ALL|STATX_MNT_ID, stx_attributes=0, stx_mode=S_IFDIR|0755, stx_size=4096, ...}) = 0
770526 openat(AT_FDCWD, "/usr/share/coreutils/locales/cat/en-US.ftl", O_RDONLY|O_CLOEXEC) = -1 ENOENT (No such file or directory)
770526 statx(AT_FDCWD, "/home/firstmate/.no-mistakes/worktrees/8352e211db7e/01M4F29HK4JCAKXEQ2F50R6HHX/.test-tmp/boundary/home/state/.lock", AT_STATX_SYNC_AS_STAT, STATX_ALL, {stx_mask=STATX_ALL|STATX_MNT_ID, stx_attributes=0, stx_mode=S_IFREG|0600, stx_size=7, ...}) = 0
770526 openat(AT_FDCWD, "/home/firstmate/.no-mistakes/worktrees/8352e211db7e/01M4F29HK4JCAKXEQ2F50R6HHX/.test-tmp/boundary/home/state/.lock", O_RDONLY|O_CLOEXEC) = 3
770526 +++ exited with 0 +++
770520 --- SIGCHLD {si_signo=SIGCHLD, si_code=CLD_EXITED, si_pid=770526, si_uid=0, si_status=0, si_utime=0, si_stime=1 /* 0.01 s */} ---
770520 +++ exited with 0 +++
770366 --- SIGCHLD {si_signo=SIGCHLD, si_code=CLD_EXITED, si_pid=770520, si_uid=0, si_status=0, si_utime=0, si_stime=0} ---
770366 openat(AT_FDCWD, "/dev/null", O_WRONLY|O_CREAT|O_TRUNC, 0666) = 3
770366 faccessat2(AT_FDCWD, "/proc/760355/stat", R_OK, AT_EACCESS) = 0
770366 faccessat2(AT_FDCWD, "/proc/760355/cmdline", R_OK, AT_EACCESS) = 0
770539 newfstatat(AT_FDCWD, ".", {st_mode=S_IFDIR|0775, st_size=4096, ...}, 0) = 0
770539 newfstatat(AT_FDCWD, "/home/firstmate/.local/codex-latest/lib/node_modules/@openai/codex/node_modules/@openai/codex-linux-x64/vendor/x86_64-unknown-linux-musl/codex-path/cat", 0x7ffedb90b840, 0) = -1 ENOENT (No such file or directory)
770539 newfstatat(AT_FDCWD, "/home/firstmate/.codex-5/tmp/arg0/codex-arg065EgpK/cat", 0x7ffedb90b840, 0) = -1 ENOENT (No such file or directory)
770539 newfstatat(AT_FDCWD, "/home/firstmate/.local/codex-latest/lib/node_modules/@openai/codex/node_modules/@openai/codex-linux-x64/vendor/x86_64-unknown-linux-musl/codex-path/cat", 0x7ffedb90b840, 0) = -1 ENOENT (No such file or directory)
770539 newfstatat(AT_FDCWD, "/home/firstmate/.local/bin/cat", 0x7ffedb90b840, 0) = -1 ENOENT (No such file or directory)
770539 newfstatat(AT_FDCWD, "/home/firstmate/go/bin/cat", 0x7ffedb90b840, 0) = -1 ENOENT (No such file or directory)
770539 newfstatat(AT_FDCWD, "/home/firstmate/.cargo/bin/cat", 0x7ffedb90b840, 0) = -1 ENOENT (No such file or directory)
770539 newfstatat(AT_FDCWD, "/home/firstmate/bin/cat", 0x7ffedb90b840, 0) = -1 ENOENT (No such file or directory)
770539 newfstatat(AT_FDCWD, "/opt/homebrew/bin/cat", 0x7ffedb90b840, 0) = -1 ENOENT (No such file or directory)
770539 newfstatat(AT_FDCWD, "/opt/homebrew/sbin/cat", 0x7ffedb90b840, 0) = -1 ENOENT (No such file or directory)
770539 newfstatat(AT_FDCWD, "/usr/local/bin/cat", 0x7ffedb90b840, 0) = -1 ENOENT (No such file or directory)
770539 newfstatat(AT_FDCWD, "/usr/local/sbin/cat", 0x7ffedb90b840, 0) = -1 ENOENT (No such file or directory)
770539 newfstatat(AT_FDCWD, "/usr/bin/cat", {st_mode=S_IFREG|0755, st_size=11352352, ...}, 0) = 0
770539 newfstatat(AT_FDCWD, "/usr/bin/cat", {st_mode=S_IFREG|0755, st_size=11352352, ...}, 0) = 0
770539 access("/usr/bin/cat", X_OK)     = 0
770539 newfstatat(AT_FDCWD, "/usr/bin/cat", {st_mode=S_IFREG|0755, st_size=11352352, ...}, 0) = 0
770539 access("/usr/bin/cat", R_OK)     = 0
770542 openat(AT_FDCWD, "/dev/null", O_WRONLY|O_CREAT|O_TRUNC, 0666) = 3
770542 execve("/usr/bin/cat", ["cat", "/proc/760355/stat"], 0x5c3d7e634570 /* 9 vars */) = 0
770542 access("/etc/ld.so.preload", R_OK) = -1 ENOENT (No such file or directory)
770542 openat(AT_FDCWD, "/etc/ld.so.cache", O_RDONLY|O_CLOEXEC) = 3
770542 openat(AT_FDCWD, "/usr/lib/x86_64-linux-gnu/libselinux.so.1", O_RDONLY|O_CLOEXEC) = 3
770542 openat(AT_FDCWD, "/usr/lib/x86_64-linux-gnu/libgcc_s.so.1", O_RDONLY|O_CLOEXEC) = 3
770542 openat(AT_FDCWD, "/usr/lib/x86_64-linux-gnu/libm.so.6", O_RDONLY|O_CLOEXEC) = 3
770542 openat(AT_FDCWD, "/usr/lib/x86_64-linux-gnu/libc.so.6", O_RDONLY|O_CLOEXEC) = 3
770542 openat(AT_FDCWD, "/usr/lib/x86_64-linux-gnu/libpcre2-8.so.0", O_RDONLY|O_CLOEXEC) = 3
770542 statfs("/sys/fs/selinux", 0x7fff80c4c130) = -1 ENOENT (No such file or directory)
770542 statfs("/selinux", 0x7fff80c4c130) = -1 ENOENT (No such file or directory)
770542 openat(AT_FDCWD, "/proc/filesystems", O_RDONLY|O_CLOEXEC) = 3
770542 access("/etc/selinux/config", F_OK) = -1 ENOENT (No such file or directory)
770542 openat(AT_FDCWD, "/proc/self/maps", O_RDONLY|O_CLOEXEC) = 3
770542 statx(AT_FDCWD, "/usr/share/coreutils/locales/cat", AT_STATX_SYNC_AS_STAT, STATX_ALL, {stx_mask=STATX_ALL|STATX_MNT_ID, stx_attributes=0, stx_mode=S_IFDIR|0755, stx_size=4096, ...}) = 0
770542 statx(AT_FDCWD, "/usr/share/coreutils/locales/uucore", AT_STATX_SYNC_AS_STAT, STATX_ALL, {stx_mask=STATX_ALL|STATX_MNT_ID, stx_attributes=0, stx_mode=S_IFDIR|0755, stx_size=4096, ...}) = 0
770542 openat(AT_FDCWD, "/usr/share/coreutils/locales/uucore/en-US.ftl", O_RDONLY|O_CLOEXEC) = 3
770542 statx(3, "", AT_STATX_SYNC_AS_STAT|AT_EMPTY_PATH, STATX_ALL, {stx_mask=STATX_ALL|STATX_MNT_ID, stx_attributes=0, stx_mode=S_IFREG|0644, stx_size=4080, ...}) = 0
770542 statx(AT_FDCWD, "/usr/share/coreutils/locales/cat", AT_STATX_SYNC_AS_STAT, STATX_ALL, {stx_mask=STATX_ALL|STATX_MNT_ID, stx_attributes=0, stx_mode=S_IFDIR|0755, stx_size=4096, ...}) = 0
770542 openat(AT_FDCWD, "/usr/share/coreutils/locales/cat/en-US.ftl", O_RDONLY|O_CLOEXEC) = -1 ENOENT (No such file or directory)
770542 statx(AT_FDCWD, "/proc/760355/stat", AT_STATX_SYNC_AS_STAT, STATX_ALL, {stx_mask=STATX_BASIC_STATS|STATX_MNT_ID, stx_attributes=0, stx_mode=S_IFREG|0444, stx_size=0, ...}) = 0
770542 openat(AT_FDCWD, "/proc/760355/stat", O_RDONLY|O_CLOEXEC) = 3
770542 +++ exited with 0 +++
770539 --- SIGCHLD {si_signo=SIGCHLD, si_code=CLD_EXITED, si_pid=770542, si_uid=0, si_status=0, si_utime=0, si_stime=0} ---
770539 +++ exited with 0 +++
770366 --- SIGCHLD {si_signo=SIGCHLD, si_code=CLD_EXITED, si_pid=770539, si_uid=0, si_status=0, si_utime=0, si_stime=0} ---
770560 newfstatat(AT_FDCWD, ".", {st_mode=S_IFDIR|0775, st_size=4096, ...}, 0) = 0
770560 newfstatat(AT_FDCWD, "/home/firstmate/.local/codex-latest/lib/node_modules/@openai/codex/node_modules/@openai/codex-linux-x64/vendor/x86_64-unknown-linux-musl/codex-path/od", 0x7ffedb90ba10, 0) = -1 ENOENT (No such file or directory)
770560 newfstatat(AT_FDCWD, "/home/firstmate/.codex-5/tmp/arg0/codex-arg065EgpK/od", 0x7ffedb90ba10, 0) = -1 ENOENT (No such file or directory)
770560 newfstatat(AT_FDCWD, "/home/firstmate/.local/codex-latest/lib/node_modules/@openai/codex/node_modules/@openai/codex-linux-x64/vendor/x86_64-unknown-linux-musl/codex-path/od", 0x7ffedb90ba10, 0) = -1 ENOENT (No such file or directory)
770560 newfstatat(AT_FDCWD, "/home/firstmate/.local/bin/od", 0x7ffedb90ba10, 0) = -1 ENOENT (No such file or directory)
770560 newfstatat(AT_FDCWD, "/home/firstmate/go/bin/od", 0x7ffedb90ba10, 0) = -1 ENOENT (No such file or directory)
770560 newfstatat(AT_FDCWD, "/home/firstmate/.cargo/bin/od", 0x7ffedb90ba10, 0) = -1 ENOENT (No such file or directory)
770560 newfstatat(AT_FDCWD, "/home/firstmate/bin/od", 0x7ffedb90ba10, 0) = -1 ENOENT (No such file or directory)
770560 newfstatat(AT_FDCWD, "/opt/homebrew/bin/od" <unfinished ...>
770561 newfstatat(AT_FDCWD, "." <unfinished ...>
770560 <... newfstatat resumed>, 0x7ffedb90ba10, 0) = -1 ENOENT (No such file or directory)
770561 <... newfstatat resumed>, {st_mode=S_IFDIR|0775, st_size=4096, ...}, 0) = 0
770560 newfstatat(AT_FDCWD, "/opt/homebrew/sbin/od" <unfinished ...>
770561 newfstatat(AT_FDCWD, "/home/firstmate/.local/codex-latest/lib/node_modules/@openai/codex/node_modules/@openai/codex-linux-x64/vendor/x86_64-unknown-linux-musl/codex-path/tr" <unfinished ...>
770560 <... newfstatat resumed>, 0x7ffedb90ba10, 0) = -1 ENOENT (No such file or directory)
770561 <... newfstatat resumed>, 0x7ffedb90ba10, 0) = -1 ENOENT (No such file or directory)
770560 newfstatat(AT_FDCWD, "/usr/local/bin/od" <unfinished ...>
770561 newfstatat(AT_FDCWD, "/home/firstmate/.codex-5/tmp/arg0/codex-arg065EgpK/tr" <unfinished ...>
770560 <... newfstatat resumed>, 0x7ffedb90ba10, 0) = -1 ENOENT (No such file or directory)
770561 <... newfstatat resumed>, 0x7ffedb90ba10, 0) = -1 ENOENT (No such file or directory)
770560 newfstatat(AT_FDCWD, "/usr/local/sbin/od" <unfinished ...>
770561 newfstatat(AT_FDCWD, "/home/firstmate/.local/codex-latest/lib/node_modules/@openai/codex/node_modules/@openai/codex-linux-x64/vendor/x86_64-unknown-linux-musl/codex-path/tr" <unfinished ...>
770560 <... newfstatat resumed>, 0x7ffedb90ba10, 0) = -1 ENOENT (No such file or directory)
770561 <... newfstatat resumed>, 0x7ffedb90ba10, 0) = -1 ENOENT (No such file or directory)
770561 newfstatat(AT_FDCWD, "/home/firstmate/.local/bin/tr", 0x7ffedb90ba10, 0) = -1 ENOENT (No such file or directory)
770560 newfstatat(AT_FDCWD, "/usr/bin/od" <unfinished ...>
770561 newfstatat(AT_FDCWD, "/home/firstmate/go/bin/tr", 0x7ffedb90ba10, 0) = -1 ENOENT (No such file or directory)
770560 <... newfstatat resumed>, {st_mode=S_IFREG|0755, st_size=11352352, ...}, 0) = 0
770561 newfstatat(AT_FDCWD, "/home/firstmate/.cargo/bin/tr" <unfinished ...>
770560 newfstatat(AT_FDCWD, "/usr/bin/od" <unfinished ...>
770561 <... newfstatat resumed>, 0x7ffedb90ba10, 0) = -1 ENOENT (No such file or directory)
770560 <... newfstatat resumed>, {st_mode=S_IFREG|0755, st_size=11352352, ...}, 0) = 0
770561 newfstatat(AT_FDCWD, "/home/firstmate/bin/tr", 0x7ffedb90ba10, 0) = -1 ENOENT (No such file or directory)
770561 newfstatat(AT_FDCWD, "/opt/homebrew/bin/tr", 0x7ffedb90ba10, 0) = -1 ENOENT (No such file or directory)
770561 newfstatat(AT_FDCWD, "/opt/homebrew/sbin/tr", 0x7ffedb90ba10, 0) = -1 ENOENT (No such file or directory)
770561 newfstatat(AT_FDCWD, "/usr/local/bin/tr", 0x7ffedb90ba10, 0) = -1 ENOENT (No such file or directory)
770561 newfstatat(AT_FDCWD, "/usr/local/sbin/tr" <unfinished ...>
770560 access("/usr/bin/od", X_OK <unfinished ...>
770561 <... newfstatat resumed>, 0x7ffedb90ba10, 0) = -1 ENOENT (No such file or directory)
770561 newfstatat(AT_FDCWD, "/usr/bin/tr" <unfinished ...>
770560 <... access resumed>)            = 0
770561 <... newfstatat resumed>, {st_mode=S_IFREG|0755, st_size=11352352, ...}, 0) = 0
770560 newfstatat(AT_FDCWD, "/usr/bin/od" <unfinished ...>
770561 newfstatat(AT_FDCWD, "/usr/bin/tr" <unfinished ...>
770560 <... newfstatat resumed>, {st_mode=S_IFREG|0755, st_size=11352352, ...}, 0) = 0
770561 <... newfstatat resumed>, {st_mode=S_IFREG|0755, st_size=11352352, ...}, 0) = 0
770561 access("/usr/bin/tr", X_OK <unfinished ...>
770560 access("/usr/bin/od", R_OK <unfinished ...>
770561 <... access resumed>)            = 0
770560 <... access resumed>)            = 0
770561 newfstatat(AT_FDCWD, "/usr/bin/tr", {st_mode=S_IFREG|0755, st_size=11352352, ...}, 0) = 0
770560 openat(AT_FDCWD, "/dev/null", O_WRONLY|O_CREAT|O_TRUNC, 0666 <unfinished ...>
770561 access("/usr/bin/tr", R_OK <unfinished ...>
770560 <... openat resumed>)            = 3
770561 <... access resumed>)            = 0
770560 execve("/usr/bin/od", ["od", "-An", "-v", "-tx1", "/proc/760355/cmdline"], 0x5c3d7e634570 /* 9 vars */ <unfinished ...>
770561 execve("/usr/bin/tr", ["tr", "-d", "[:space:]"], 0x5c3d7e634570 /* 9 vars */ <unfinished ...>
770560 <... execve resumed>)            = 0
770561 <... execve resumed>)            = 0
770560 access("/etc/ld.so.preload", R_OK) = -1 ENOENT (No such file or directory)
770561 access("/etc/ld.so.preload", R_OK) = -1 ENOENT (No such file or directory)
770560 openat(AT_FDCWD, "/etc/ld.so.cache", O_RDONLY|O_CLOEXEC <unfinished ...>
770561 openat(AT_FDCWD, "/etc/ld.so.cache", O_RDONLY|O_CLOEXEC) = 3
770560 <... openat resumed>)            = 3
770561 openat(AT_FDCWD, "/usr/lib/x86_64-linux-gnu/libselinux.so.1", O_RDONLY|O_CLOEXEC <unfinished ...>
770560 openat(AT_FDCWD, "/usr/lib/x86_64-linux-gnu/libselinux.so.1", O_RDONLY|O_CLOEXEC <unfinished ...>
770561 <... openat resumed>)            = 3
770560 <... openat resumed>)            = 3
770561 openat(AT_FDCWD, "/usr/lib/x86_64-linux-gnu/libgcc_s.so.1", O_RDONLY|O_CLOEXEC) = 3
770560 openat(AT_FDCWD, "/usr/lib/x86_64-linux-gnu/libgcc_s.so.1", O_RDONLY|O_CLOEXEC) = 3
770561 openat(AT_FDCWD, "/usr/lib/x86_64-linux-gnu/libm.so.6", O_RDONLY|O_CLOEXEC) = 3
770560 openat(AT_FDCWD, "/usr/lib/x86_64-linux-gnu/libm.so.6", O_RDONLY|O_CLOEXEC) = 3
770561 openat(AT_FDCWD, "/usr/lib/x86_64-linux-gnu/libc.so.6", O_RDONLY|O_CLOEXEC) = 3
770560 openat(AT_FDCWD, "/usr/lib/x86_64-linux-gnu/libc.so.6", O_RDONLY|O_CLOEXEC) = 3
770561 openat(AT_FDCWD, "/usr/lib/x86_64-linux-gnu/libpcre2-8.so.0", O_RDONLY|O_CLOEXEC) = 3
770560 openat(AT_FDCWD, "/usr/lib/x86_64-linux-gnu/libpcre2-8.so.0", O_RDONLY|O_CLOEXEC) = 3
770561 statfs("/sys/fs/selinux", 0x7ffe38141c20) = -1 ENOENT (No such file or directory)
770561 statfs("/selinux", 0x7ffe38141c20) = -1 ENOENT (No such file or directory)
770561 openat(AT_FDCWD, "/proc/filesystems", O_RDONLY|O_CLOEXEC) = 3
770560 statfs("/sys/fs/selinux", 0x7ffcdb764f40) = -1 ENOENT (No such file or directory)
770561 access("/etc/selinux/config", F_OK <unfinished ...>
770560 statfs("/selinux" <unfinished ...>
770561 <... access resumed>)            = -1 ENOENT (No such file or directory)
770560 <... statfs resumed>, 0x7ffcdb764f40) = -1 ENOENT (No such file or directory)
770560 openat(AT_FDCWD, "/proc/filesystems", O_RDONLY|O_CLOEXEC) = 3
770561 openat(AT_FDCWD, "/proc/self/maps", O_RDONLY|O_CLOEXEC) = 3
770560 access("/etc/selinux/config", F_OK) = -1 ENOENT (No such file or directory)
770560 openat(AT_FDCWD, "/proc/self/maps", O_RDONLY|O_CLOEXEC) = 3
770561 statx(AT_FDCWD, "/usr/share/coreutils/locales/tr", AT_STATX_SYNC_AS_STAT, STATX_ALL, {stx_mask=STATX_ALL|STATX_MNT_ID, stx_attributes=0, stx_mode=S_IFDIR|0755, stx_size=4096, ...}) = 0
770561 statx(AT_FDCWD, "/usr/share/coreutils/locales/uucore", AT_STATX_SYNC_AS_STAT, STATX_ALL, {stx_mask=STATX_ALL|STATX_MNT_ID, stx_attributes=0, stx_mode=S_IFDIR|0755, stx_size=4096, ...}) = 0
770561 openat(AT_FDCWD, "/usr/share/coreutils/locales/uucore/en-US.ftl", O_RDONLY|O_CLOEXEC) = 3
770561 statx(3, "", AT_STATX_SYNC_AS_STAT|AT_EMPTY_PATH, STATX_ALL, {stx_mask=STATX_ALL|STATX_MNT_ID, stx_attributes=0, stx_mode=S_IFREG|0644, stx_size=4080, ...}) = 0
770561 statx(AT_FDCWD, "/usr/share/coreutils/locales/tr", AT_STATX_SYNC_AS_STAT, STATX_ALL, {stx_mask=STATX_ALL|STATX_MNT_ID, stx_attributes=0, stx_mode=S_IFDIR|0755, stx_size=4096, ...}) = 0
770561 openat(AT_FDCWD, "/usr/share/coreutils/locales/tr/en-US.ftl", O_RDONLY|O_CLOEXEC) = -1 ENOENT (No such file or directory)
770560 statx(AT_FDCWD, "/usr/share/coreutils/locales/od", AT_STATX_SYNC_AS_STAT, STATX_ALL, {stx_mask=STATX_ALL|STATX_MNT_ID, stx_attributes=0, stx_mode=S_IFDIR|0755, stx_size=4096, ...}) = 0
770560 statx(AT_FDCWD, "/usr/share/coreutils/locales/uucore", AT_STATX_SYNC_AS_STAT, STATX_ALL, {stx_mask=STATX_ALL|STATX_MNT_ID, stx_attributes=0, stx_mode=S_IFDIR|0755, stx_size=4096, ...}) = 0
770560 openat(AT_FDCWD, "/usr/share/coreutils/locales/uucore/en-US.ftl", O_RDONLY|O_CLOEXEC) = 3
770560 statx(3, "", AT_STATX_SYNC_AS_STAT|AT_EMPTY_PATH, STATX_ALL, {stx_mask=STATX_ALL|STATX_MNT_ID, stx_attributes=0, stx_mode=S_IFREG|0644, stx_size=4080, ...}) = 0
770560 statx(AT_FDCWD, "/usr/share/coreutils/locales/od", AT_STATX_SYNC_AS_STAT, STATX_ALL, {stx_mask=STATX_ALL|STATX_MNT_ID, stx_attributes=0, stx_mode=S_IFDIR|0755, stx_size=4096, ...}) = 0
770560 openat(AT_FDCWD, "/usr/share/coreutils/locales/od/en-US.ftl", O_RDONLY|O_CLOEXEC) = -1 ENOENT (No such file or directory)
770560 openat(AT_FDCWD, "/proc/760355/cmdline", O_RDONLY|O_CLOEXEC) = 3
770560 +++ exited with 0 +++
770561 +++ exited with 0 +++
770557 --- SIGCHLD {si_signo=SIGCHLD, si_code=CLD_EXITED, si_pid=770560, si_uid=0, si_status=0, si_utime=0, si_stime=0} ---
770557 +++ exited with 0 +++
770366 --- SIGCHLD {si_signo=SIGCHLD, si_code=CLD_EXITED, si_pid=770557, si_uid=0, si_status=0, si_utime=0, si_stime=0} ---
770580 newfstatat(AT_FDCWD, ".", {st_mode=S_IFDIR|0775, st_size=4096, ...}, 0) = 0
770580 newfstatat(AT_FDCWD, "/home/firstmate/.local/codex-latest/lib/node_modules/@openai/codex/node_modules/@openai/codex-linux-x64/vendor/x86_64-unknown-linux-musl/codex-path/cat", 0x7ffedb90cd30, 0) = -1 ENOENT (No such file or directory)
770580 newfstatat(AT_FDCWD, "/home/firstmate/.codex-5/tmp/arg0/codex-arg065EgpK/cat", 0x7ffedb90cd30, 0) = -1 ENOENT (No such file or directory)
770580 newfstatat(AT_FDCWD, "/home/firstmate/.local/codex-latest/lib/node_modules/@openai/codex/node_modules/@openai/codex-linux-x64/vendor/x86_64-unknown-linux-musl/codex-path/cat", 0x7ffedb90cd30, 0) = -1 ENOENT (No such file or directory)
770580 newfstatat(AT_FDCWD, "/home/firstmate/.local/bin/cat", 0x7ffedb90cd30, 0) = -1 ENOENT (No such file or directory)
770580 newfstatat(AT_FDCWD, "/home/firstmate/go/bin/cat", 0x7ffedb90cd30, 0) = -1 ENOENT (No such file or directory)
770580 newfstatat(AT_FDCWD, "/home/firstmate/.cargo/bin/cat", 0x7ffedb90cd30, 0) = -1 ENOENT (No such file or directory)
770580 newfstatat(AT_FDCWD, "/home/firstmate/bin/cat", 0x7ffedb90cd30, 0) = -1 ENOENT (No such file or directory)
770580 newfstatat(AT_FDCWD, "/opt/homebrew/bin/cat", 0x7ffedb90cd30, 0) = -1 ENOENT (No such file or directory)
770580 newfstatat(AT_FDCWD, "/opt/homebrew/sbin/cat", 0x7ffedb90cd30, 0) = -1 ENOENT (No such file or directory)
770580 newfstatat(AT_FDCWD, "/usr/local/bin/cat", 0x7ffedb90cd30, 0) = -1 ENOENT (No such file or directory)
770580 newfstatat(AT_FDCWD, "/usr/local/sbin/cat", 0x7ffedb90cd30, 0) = -1 ENOENT (No such file or directory)
770580 newfstatat(AT_FDCWD, "/usr/bin/cat", {st_mode=S_IFREG|0755, st_size=11352352, ...}, 0) = 0
770580 newfstatat(AT_FDCWD, "/usr/bin/cat", {st_mode=S_IFREG|0755, st_size=11352352, ...}, 0) = 0
770580 access("/usr/bin/cat", X_OK)     = 0
770580 newfstatat(AT_FDCWD, "/usr/bin/cat", {st_mode=S_IFREG|0755, st_size=11352352, ...}, 0) = 0
770580 access("/usr/bin/cat", R_OK)     = 0
770580 execve("/usr/bin/cat", ["cat", "/home/firstmate/.no-mistakes/wor"...], 0x5c3d7e61d170 /* 9 vars */) = 0
770580 access("/etc/ld.so.preload", R_OK) = -1 ENOENT (No such file or directory)
770580 openat(AT_FDCWD, "/etc/ld.so.cache", O_RDONLY|O_CLOEXEC) = 3
770580 openat(AT_FDCWD, "/usr/lib/x86_64-linux-gnu/libselinux.so.1", O_RDONLY|O_CLOEXEC) = 3
770580 openat(AT_FDCWD, "/usr/lib/x86_64-linux-gnu/libgcc_s.so.1", O_RDONLY|O_CLOEXEC) = 3
770580 openat(AT_FDCWD, "/usr/lib/x86_64-linux-gnu/libm.so.6", O_RDONLY|O_CLOEXEC) = 3
770580 openat(AT_FDCWD, "/usr/lib/x86_64-linux-gnu/libc.so.6", O_RDONLY|O_CLOEXEC) = 3
770580 openat(AT_FDCWD, "/usr/lib/x86_64-linux-gnu/libpcre2-8.so.0", O_RDONLY|O_CLOEXEC) = 3
770580 statfs("/sys/fs/selinux", 0x7ffe1ed330b0) = -1 ENOENT (No such file or directory)
770580 statfs("/selinux", 0x7ffe1ed330b0) = -1 ENOENT (No such file or directory)
770580 openat(AT_FDCWD, "/proc/filesystems", O_RDONLY|O_CLOEXEC) = 3
770580 access("/etc/selinux/config", F_OK) = -1 ENOENT (No such file or directory)
770580 openat(AT_FDCWD, "/proc/self/maps", O_RDONLY|O_CLOEXEC) = 3
770580 statx(AT_FDCWD, "/usr/share/coreutils/locales/cat", AT_STATX_SYNC_AS_STAT, STATX_ALL, {stx_mask=STATX_ALL|STATX_MNT_ID, stx_attributes=0, stx_mode=S_IFDIR|0755, stx_size=4096, ...}) = 0
770580 statx(AT_FDCWD, "/usr/share/coreutils/locales/uucore", AT_STATX_SYNC_AS_STAT, STATX_ALL, {stx_mask=STATX_ALL|STATX_MNT_ID, stx_attributes=0, stx_mode=S_IFDIR|0755, stx_size=4096, ...}) = 0
770580 openat(AT_FDCWD, "/usr/share/coreutils/locales/uucore/en-US.ftl", O_RDONLY|O_CLOEXEC) = 3
770580 statx(3, "", AT_STATX_SYNC_AS_STAT|AT_EMPTY_PATH, STATX_ALL, {stx_mask=STATX_ALL|STATX_MNT_ID, stx_attributes=0, stx_mode=S_IFREG|0644, stx_size=4080, ...}) = 0
770580 statx(AT_FDCWD, "/usr/share/coreutils/locales/cat", AT_STATX_SYNC_AS_STAT, STATX_ALL, {stx_mask=STATX_ALL|STATX_MNT_ID, stx_attributes=0, stx_mode=S_IFDIR|0755, stx_size=4096, ...}) = 0
770580 openat(AT_FDCWD, "/usr/share/coreutils/locales/cat/en-US.ftl", O_RDONLY|O_CLOEXEC) = -1 ENOENT (No such file or directory)
770580 statx(AT_FDCWD, "/home/firstmate/.no-mistakes/worktrees/8352e211db7e/01M4F29HK4JCAKXEQ2F50R6HHX/.test-tmp/boundary/home/state/.lock", AT_STATX_SYNC_AS_STAT, STATX_ALL, {stx_mask=STATX_ALL|STATX_MNT_ID, stx_attributes=0, stx_mode=S_IFREG|0600, stx_size=7, ...}) = 0
770580 openat(AT_FDCWD, "/home/firstmate/.no-mistakes/worktrees/8352e211db7e/01M4F29HK4JCAKXEQ2F50R6HHX/.test-tmp/boundary/home/state/.lock", O_RDONLY|O_CLOEXEC) = 3
770580 +++ exited with 0 +++
770366 --- SIGCHLD {si_signo=SIGCHLD, si_code=CLD_EXITED, si_pid=770580, si_uid=0, si_status=0, si_utime=0, si_stime=0} ---
770366 newfstatat(AT_FDCWD, ".", {st_mode=S_IFDIR|0775, st_size=4096, ...}, 0) = 0
770366 newfstatat(AT_FDCWD, "/home/firstmate/.local/codex-latest/lib/node_modules/@openai/codex/node_modules/@openai/codex-linux-x64/vendor/x86_64-unknown-linux-musl/codex-path/python3", 0x7ffedb90da20, 0) = -1 ENOENT (No such file or directory)
770366 newfstatat(AT_FDCWD, "/home/firstmate/.codex-5/tmp/arg0/codex-arg065EgpK/python3", 0x7ffedb90da20, 0) = -1 ENOENT (No such file or directory)
770366 newfstatat(AT_FDCWD, "/home/firstmate/.local/codex-latest/lib/node_modules/@openai/codex/node_modules/@openai/codex-linux-x64/vendor/x86_64-unknown-linux-musl/codex-path/python3", 0x7ffedb90da20, 0) = -1 ENOENT (No such file or directory)
770366 newfstatat(AT_FDCWD, "/home/firstmate/.local/bin/python3", 0x7ffedb90da20, 0) = -1 ENOENT (No such file or directory)
770366 newfstatat(AT_FDCWD, "/home/firstmate/go/bin/python3", 0x7ffedb90da20, 0) = -1 ENOENT (No such file or directory)
770366 newfstatat(AT_FDCWD, "/home/firstmate/.cargo/bin/python3", 0x7ffedb90da20, 0) = -1 ENOENT (No such file or directory)
770366 newfstatat(AT_FDCWD, "/home/firstmate/bin/python3", 0x7ffedb90da20, 0) = -1 ENOENT (No such file or directory)
770366 newfstatat(AT_FDCWD, "/opt/homebrew/bin/python3", 0x7ffedb90da20, 0) = -1 ENOENT (No such file or directory)
770366 newfstatat(AT_FDCWD, "/opt/homebrew/sbin/python3", 0x7ffedb90da20, 0) = -1 ENOENT (No such file or directory)
770366 newfstatat(AT_FDCWD, "/usr/local/bin/python3", 0x7ffedb90da20, 0) = -1 ENOENT (No such file or directory)
770366 newfstatat(AT_FDCWD, "/usr/local/sbin/python3", 0x7ffedb90da20, 0) = -1 ENOENT (No such file or directory)
770366 newfstatat(AT_FDCWD, "/usr/bin/python3", {st_mode=S_IFREG|0755, st_size=7477160, ...}, 0) = 0
770366 newfstatat(AT_FDCWD, "/usr/bin/python3", {st_mode=S_IFREG|0755, st_size=7477160, ...}, 0) = 0
770366 access("/usr/bin/python3", X_OK) = 0
770366 newfstatat(AT_FDCWD, "/usr/bin/python3", {st_mode=S_IFREG|0755, st_size=7477160, ...}, 0) = 0
770366 access("/usr/bin/python3", R_OK) = 0
770366 execve("/usr/bin/python3", ["python3", "/home/firstmate/.no-mistakes/wor"..., "deliver"], 0x5c3d7e61d170 /* 8 vars */) = 0
770366 access("/etc/ld.so.preload", R_OK) = -1 ENOENT (No such file or directory)
770366 openat(AT_FDCWD, "/etc/ld.so.cache", O_RDONLY|O_CLOEXEC) = 3
770366 openat(AT_FDCWD, "/usr/lib/x86_64-linux-gnu/libm.so.6", O_RDONLY|O_CLOEXEC) = 3
770366 openat(AT_FDCWD, "/usr/lib/x86_64-linux-gnu/libz.so.1", O_RDONLY|O_CLOEXEC) = 3
770366 openat(AT_FDCWD, "/usr/lib/x86_64-linux-gnu/libexpat.so.1", O_RDONLY|O_CLOEXEC) = 3
770366 openat(AT_FDCWD, "/usr/lib/x86_64-linux-gnu/libc.so.6", O_RDONLY|O_CLOEXEC) = 3
770366 open("/proc/sys/vm/overcommit_memory", O_RDONLY) = 3
770366 openat(AT_FDCWD, "/usr/lib/locale/locale-archive", O_RDONLY|O_CLOEXEC) = 3
770366 openat(AT_FDCWD, "/usr/share/locale/locale.alias", O_RDONLY|O_CLOEXEC) = -1 ENOENT (No such file or directory)
770366 openat(AT_FDCWD, "/usr/lib/locale/C.UTF-8/LC_CTYPE", O_RDONLY|O_CLOEXEC) = -1 ENOENT (No such file or directory)
770366 openat(AT_FDCWD, "/usr/lib/locale/C.utf8/LC_CTYPE", O_RDONLY|O_CLOEXEC) = 3
770366 openat(AT_FDCWD, "/usr/lib/x86_64-linux-gnu/gconv/gconv-modules.cache", O_RDONLY|O_CLOEXEC) = 3
770366 openat(AT_FDCWD, "/proc/self/maps", O_RDONLY|O_CLOEXEC) = 3
770366 newfstatat(AT_FDCWD, "/home/firstmate/.local/codex-latest/lib/node_modules/@openai/codex/node_modules/@openai/codex-linux-x64/vendor/x86_64-unknown-linux-musl/codex-path/python3", 0x7ffe873895f0, 0) = -1 ENOENT (No such file or directory)
770366 newfstatat(AT_FDCWD, "/home/firstmate/.codex-5/tmp/arg0/codex-arg065EgpK/python3", 0x7ffe873895f0, 0) = -1 ENOENT (No such file or directory)
770366 newfstatat(AT_FDCWD, "/home/firstmate/.local/codex-latest/lib/node_modules/@openai/codex/node_modules/@openai/codex-linux-x64/vendor/x86_64-unknown-linux-musl/codex-path/python3", 0x7ffe873895f0, 0) = -1 ENOENT (No such file or directory)
770366 newfstatat(AT_FDCWD, "/home/firstmate/.local/bin/python3", 0x7ffe873895f0, 0) = -1 ENOENT (No such file or directory)
770366 newfstatat(AT_FDCWD, "/home/firstmate/go/bin/python3", 0x7ffe873895f0, 0) = -1 ENOENT (No such file or directory)
770366 newfstatat(AT_FDCWD, "/home/firstmate/.cargo/bin/python3", 0x7ffe873895f0, 0) = -1 ENOENT (No such file or directory)
770366 newfstatat(AT_FDCWD, "/home/firstmate/bin/python3", 0x7ffe873895f0, 0) = -1 ENOENT (No such file or directory)
770366 newfstatat(AT_FDCWD, "/opt/homebrew/bin/python3", 0x7ffe873895f0, 0) = -1 ENOENT (No such file or directory)
770366 newfstatat(AT_FDCWD, "/opt/homebrew/sbin/python3", 0x7ffe873895f0, 0) = -1 ENOENT (No such file or directory)
770366 newfstatat(AT_FDCWD, "/usr/local/bin/python3", 0x7ffe873895f0, 0) = -1 ENOENT (No such file or directory)
770366 newfstatat(AT_FDCWD, "/usr/local/sbin/python3", 0x7ffe873895f0, 0) = -1 ENOENT (No such file or directory)
770366 newfstatat(AT_FDCWD, "/usr/bin/python3", {st_mode=S_IFREG|0755, st_size=7477160, ...}, 0) = 0
770366 openat(AT_FDCWD, "/usr/pyvenv.cfg", O_RDONLY) = -1 ENOENT (No such file or directory)
770366 openat(AT_FDCWD, "/usr/bin/pyvenv.cfg", O_RDONLY) = -1 ENOENT (No such file or directory)
770366 readlink("/usr/bin/python3", "python3.14", 4096) = 10
770366 readlink("/usr/bin/python3.14", 0x7ffe87384610, 4096) = -1 EINVAL (Invalid argument)
770366 openat(AT_FDCWD, "/usr/bin/python3._pth", O_RDONLY) = -1 ENOENT (No such file or directory)
770366 openat(AT_FDCWD, "/usr/bin/python3.14._pth", O_RDONLY) = -1 ENOENT (No such file or directory)
770366 openat(AT_FDCWD, "/usr/bin/pybuilddir.txt", O_RDONLY) = -1 ENOENT (No such file or directory)
770366 newfstatat(AT_FDCWD, "/usr/bin/Modules/Setup.local", 0x7ffe873895f0, 0) = -1 ENOENT (No such file or directory)
770366 newfstatat(AT_FDCWD, "/usr/bin/lib/python314.zip", 0x7ffe873892d0, 0) = -1 ENOENT (No such file or directory)
770366 newfstatat(AT_FDCWD, "/usr/lib/python314.zip", 0x7ffe873895f0, 0) = -1 ENOENT (No such file or directory)
770366 newfstatat(AT_FDCWD, "/usr/bin/lib/python3.14/os.py", 0x7ffe873895f0, 0) = -1 ENOENT (No such file or directory)
770366 newfstatat(AT_FDCWD, "/usr/bin/lib/python3.14/os.pyc", 0x7ffe873895f0, 0) = -1 ENOENT (No such file or directory)
770366 newfstatat(AT_FDCWD, "/usr/lib/python3.14/os.py", {st_mode=S_IFREG|0644, st_size=41959, ...}, 0) = 0
770366 newfstatat(AT_FDCWD, "/usr/lib/python3.14/lib-dynload", {st_mode=S_IFDIR|0755, st_size=16384, ...}, 0) = 0
770366 newfstatat(AT_FDCWD, "/usr/lib/python3.14/lib-dynload", {st_mode=S_IFDIR|0755, st_size=16384, ...}, 0) = 0
770366 openat(AT_FDCWD, "/etc/localtime", O_RDONLY|O_CLOEXEC) = 3
770366 newfstatat(AT_FDCWD, "/usr/lib/python314.zip", 0x7ffe87388db0, 0) = -1 ENOENT (No such file or directory)
770366 newfstatat(AT_FDCWD, "/usr/lib", {st_mode=S_IFDIR|0755, st_size=4096, ...}, 0) = 0
770366 newfstatat(AT_FDCWD, "/usr/lib/python314.zip", 0x7ffe87389290, 0) = -1 ENOENT (No such file or directory)
770366 newfstatat(AT_FDCWD, "/usr/lib/python3.14", {st_mode=S_IFDIR|0755, st_size=20480, ...}, 0) = 0
770366 newfstatat(AT_FDCWD, "/usr/lib/python3.14", {st_mode=S_IFDIR|0755, st_size=20480, ...}, 0) = 0
770366 newfstatat(AT_FDCWD, "/usr/lib/python3.14", {st_mode=S_IFDIR|0755, st_size=20480, ...}, 0) = 0
770366 openat(AT_FDCWD, "/usr/lib/python3.14", O_RDONLY|O_NONBLOCK|O_CLOEXEC|O_DIRECTORY) = 3
770366 newfstatat(AT_FDCWD, "/usr/lib/python3.14/encodings/__init__.cpython-314-x86_64-linux-gnu.so", 0x7ffe87389290, 0) = -1 ENOENT (No such file or directory)
770366 newfstatat(AT_FDCWD, "/usr/lib/python3.14/encodings/__init__.abi3.so", 0x7ffe87389290, 0) = -1 ENOENT (No such file or directory)
770366 newfstatat(AT_FDCWD, "/usr/lib/python3.14/encodings/__init__.abi3-x86_64-linux-gnu.so", 0x7ffe87389290, 0) = -1 ENOENT (No such file or directory)
770366 newfstatat(AT_FDCWD, "/usr/lib/python3.14/encodings/__init__.so", 0x7ffe87389290, 0) = -1 ENOENT (No such file or directory)
770366 newfstatat(AT_FDCWD, "/usr/lib/python3.14/encodings/__init__.py", {st_mode=S_IFREG|0644, st_size=5945, ...}, 0) = 0
770366 newfstatat(AT_FDCWD, "/usr/lib/python3.14/encodings/__init__.py", {st_mode=S_IFREG|0644, st_size=5945, ...}, 0) = 0
770366 openat(AT_FDCWD, "/usr/lib/python3.14/encodings/__pycache__/__init__.cpython-314.pyc", O_RDONLY|O_CLOEXEC) = 3
770366 newfstatat(AT_FDCWD, "/usr/lib/python3.14/encodings", {st_mode=S_IFDIR|0755, st_size=20480, ...}, 0) = 0
770366 newfstatat(AT_FDCWD, "/usr/lib/python3.14/encodings", {st_mode=S_IFDIR|0755, st_size=20480, ...}, 0) = 0
770366 newfstatat(AT_FDCWD, "/usr/lib/python3.14/encodings", {st_mode=S_IFDIR|0755, st_size=20480, ...}, 0) = 0
770366 openat(AT_FDCWD, "/usr/lib/python3.14/encodings", O_RDONLY|O_NONBLOCK|O_CLOEXEC|O_DIRECTORY) = 3
770366 newfstatat(AT_FDCWD, "/usr/lib/python3.14/encodings/aliases.py", {st_mode=S_IFREG|0644, st_size=15957, ...}, 0) = 0
770366 newfstatat(AT_FDCWD, "/usr/lib/python3.14/encodings/aliases.py", {st_mode=S_IFREG|0644, st_size=15957, ...}, 0) = 0
770366 openat(AT_FDCWD, "/usr/lib/python3.14/encodings/__pycache__/aliases.cpython-314.pyc", O_RDONLY|O_CLOEXEC) = 3
770366 newfstatat(AT_FDCWD, "/usr/lib/python3.14/encodings", {st_mode=S_IFDIR|0755, st_size=20480, ...}, 0) = 0
770366 newfstatat(AT_FDCWD, "/usr/lib/python3.14/encodings/utf_8.py", {st_mode=S_IFREG|0644, st_size=1005, ...}, 0) = 0
770366 newfstatat(AT_FDCWD, "/usr/lib/python3.14/encodings/utf_8.py", {st_mode=S_IFREG|0644, st_size=1005, ...}, 0) = 0
770366 openat(AT_FDCWD, "/usr/lib/python3.14/encodings/__pycache__/utf_8.cpython-314.pyc", O_RDONLY|O_CLOEXEC) = 3
770366 newfstatat(AT_FDCWD, "/usr/bin/pyvenv.cfg", 0x7ffe87388af0, 0) = -1 ENOENT (No such file or directory)
770366 newfstatat(AT_FDCWD, "/usr/pyvenv.cfg", 0x7ffe87388b10, 0) = -1 ENOENT (No such file or directory)
770366 newfstatat(AT_FDCWD, "/home/firstmate/.local/lib/python3.14/site-packages", {st_mode=S_IFDIR|0775, st_size=4096, ...}, 0) = 0
770366 openat(AT_FDCWD, "/home/firstmate/.local/lib/python3.14/site-packages", O_RDONLY|O_NONBLOCK|O_CLOEXEC|O_DIRECTORY) = 3
770366 newfstatat(AT_FDCWD, "/usr/local/lib/python3.14/dist-packages", {st_mode=S_IFDIR|0755, st_size=4096, ...}, 0) = 0
770366 openat(AT_FDCWD, "/usr/local/lib/python3.14/dist-packages", O_RDONLY|O_NONBLOCK|O_CLOEXEC|O_DIRECTORY) = 3
770366 newfstatat(AT_FDCWD, "/usr/lib/python3/dist-packages", {st_mode=S_IFDIR|0755, st_size=12288, ...}, 0) = 0
770366 openat(AT_FDCWD, "/usr/lib/python3/dist-packages", O_RDONLY|O_NONBLOCK|O_CLOEXEC|O_DIRECTORY) = 3
770366 newfstatat(AT_FDCWD, "/usr/lib/python3/dist-packages/distutils-precedence.pth", {st_mode=S_IFREG|0644, st_size=151, ...}, AT_SYMLINK_NOFOLLOW) = 0
770366 openat(AT_FDCWD, "/usr/lib/python3/dist-packages/distutils-precedence.pth", O_RDONLY|O_CLOEXEC) = 3
770366 newfstatat(AT_FDCWD, "/usr/lib/python3.14/encodings", {st_mode=S_IFDIR|0755, st_size=20480, ...}, 0) = 0
770366 newfstatat(AT_FDCWD, "/usr/lib/python3.14/encodings/utf_8_sig.py", {st_mode=S_IFREG|0644, st_size=4133, ...}, 0) = 0
770366 newfstatat(AT_FDCWD, "/usr/lib/python3.14/encodings/utf_8_sig.py", {st_mode=S_IFREG|0644, st_size=4133, ...}, 0) = 0
770366 openat(AT_FDCWD, "/usr/lib/python3.14/encodings/__pycache__/utf_8_sig.cpython-314.pyc", O_RDONLY|O_CLOEXEC) = 3
770366 newfstatat(AT_FDCWD, "/usr/lib/python3.14", {st_mode=S_IFDIR|0755, st_size=20480, ...}, 0) = 0
770366 newfstatat(AT_FDCWD, "/usr/lib/python3.14/lib-dynload", {st_mode=S_IFDIR|0755, st_size=16384, ...}, 0) = 0
770366 newfstatat(AT_FDCWD, "/usr/lib/python3.14/lib-dynload", {st_mode=S_IFDIR|0755, st_size=16384, ...}, 0) = 0
770366 newfstatat(AT_FDCWD, "/usr/lib/python3.14/lib-dynload", {st_mode=S_IFDIR|0755, st_size=16384, ...}, 0) = 0
770366 openat(AT_FDCWD, "/usr/lib/python3.14/lib-dynload", O_RDONLY|O_NONBLOCK|O_CLOEXEC|O_DIRECTORY) = 3
770366 newfstatat(AT_FDCWD, "/home/firstmate/.local/lib/python3.14/site-packages", {st_mode=S_IFDIR|0775, st_size=4096, ...}, 0) = 0
770366 newfstatat(AT_FDCWD, "/home/firstmate/.local/lib/python3.14/site-packages", {st_mode=S_IFDIR|0775, st_size=4096, ...}, 0) = 0
770366 newfstatat(AT_FDCWD, "/home/firstmate/.local/lib/python3.14/site-packages", {st_mode=S_IFDIR|0775, st_size=4096, ...}, 0) = 0
770366 openat(AT_FDCWD, "/home/firstmate/.local/lib/python3.14/site-packages", O_RDONLY|O_NONBLOCK|O_CLOEXEC|O_DIRECTORY) = 3
770366 newfstatat(AT_FDCWD, "/usr/local/lib/python3.14/dist-packages", {st_mode=S_IFDIR|0755, st_size=4096, ...}, 0) = 0
770366 newfstatat(AT_FDCWD, "/usr/local/lib/python3.14/dist-packages", {st_mode=S_IFDIR|0755, st_size=4096, ...}, 0) = 0
770366 newfstatat(AT_FDCWD, "/usr/local/lib/python3.14/dist-packages", {st_mode=S_IFDIR|0755, st_size=4096, ...}, 0) = 0
770366 openat(AT_FDCWD, "/usr/local/lib/python3.14/dist-packages", O_RDONLY|O_NONBLOCK|O_CLOEXEC|O_DIRECTORY) = 3
770366 newfstatat(AT_FDCWD, "/usr/lib/python3/dist-packages", {st_mode=S_IFDIR|0755, st_size=12288, ...}, 0) = 0
770366 newfstatat(AT_FDCWD, "/usr/lib/python3/dist-packages", {st_mode=S_IFDIR|0755, st_size=12288, ...}, 0) = 0
770366 newfstatat(AT_FDCWD, "/usr/lib/python3/dist-packages", {st_mode=S_IFDIR|0755, st_size=12288, ...}, 0) = 0
770366 openat(AT_FDCWD, "/usr/lib/python3/dist-packages", O_RDONLY|O_NONBLOCK|O_CLOEXEC|O_DIRECTORY) = 3
770366 newfstatat(AT_FDCWD, "/usr/lib/python3/dist-packages/_distutils_hack/__init__.cpython-314-x86_64-linux-gnu.so", 0x7ffe873882a0, 0) = -1 ENOENT (No such file or directory)
770366 newfstatat(AT_FDCWD, "/usr/lib/python3/dist-packages/_distutils_hack/__init__.abi3.so", 0x7ffe873882a0, 0) = -1 ENOENT (No such file or directory)
770366 newfstatat(AT_FDCWD, "/usr/lib/python3/dist-packages/_distutils_hack/__init__.abi3-x86_64-linux-gnu.so", 0x7ffe873882a0, 0) = -1 ENOENT (No such file or directory)
770366 newfstatat(AT_FDCWD, "/usr/lib/python3/dist-packages/_distutils_hack/__init__.so", 0x7ffe873882a0, 0) = -1 ENOENT (No such file or directory)
770366 newfstatat(AT_FDCWD, "/usr/lib/python3/dist-packages/_distutils_hack/__init__.py", {st_mode=S_IFREG|0644, st_size=6755, ...}, 0) = 0
770366 newfstatat(AT_FDCWD, "/usr/lib/python3/dist-packages/_distutils_hack/__init__.py", {st_mode=S_IFREG|0644, st_size=6755, ...}, 0) = 0
770366 openat(AT_FDCWD, "/usr/lib/python3/dist-packages/_distutils_hack/__pycache__/__init__.cpython-314.pyc", O_RDONLY|O_CLOEXEC) = 3
770366 newfstatat(AT_FDCWD, "/usr/lib/python3.14/dist-packages", 0x7ffe87388e60, 0) = -1 ENOENT (No such file or directory)
770366 newfstatat(AT_FDCWD, "/usr/lib/python3.14", {st_mode=S_IFDIR|0755, st_size=20480, ...}, 0) = 0
770366 newfstatat(AT_FDCWD, "/usr/lib/python3.14/sitecustomize.py", {st_mode=S_IFREG|0644, st_size=155, ...}, 0) = 0
770366 newfstatat(AT_FDCWD, "/usr/lib/python3.14/sitecustomize.py", {st_mode=S_IFREG|0644, st_size=155, ...}, 0) = 0
770366 openat(AT_FDCWD, "/usr/lib/python3.14/__pycache__/sitecustomize.cpython-314.pyc", O_RDONLY|O_CLOEXEC) = 3
770366 newfstatat(AT_FDCWD, "/usr/lib/python3.14", {st_mode=S_IFDIR|0755, st_size=20480, ...}, 0) = 0
770366 newfstatat(AT_FDCWD, "/usr/lib/python3.14/lib-dynload", {st_mode=S_IFDIR|0755, st_size=16384, ...}, 0) = 0
770366 newfstatat(AT_FDCWD, "/home/firstmate/.local/lib/python3.14/site-packages", {st_mode=S_IFDIR|0775, st_size=4096, ...}, 0) = 0
770366 newfstatat(AT_FDCWD, "/usr/local/lib/python3.14/dist-packages", {st_mode=S_IFDIR|0755, st_size=4096, ...}, 0) = 0
770366 newfstatat(AT_FDCWD, "/usr/lib/python3/dist-packages", {st_mode=S_IFDIR|0755, st_size=12288, ...}, 0) = 0
770366 newfstatat(AT_FDCWD, "/usr/lib/python3/dist-packages/apport_python_hook.py", {st_mode=S_IFREG|0644, st_size=8896, ...}, 0) = 0
770366 newfstatat(AT_FDCWD, "/usr/lib/python3/dist-packages/apport_python_hook.py", {st_mode=S_IFREG|0644, st_size=8896, ...}, 0) = 0
770366 openat(AT_FDCWD, "/usr/lib/python3/dist-packages/__pycache__/apport_python_hook.cpython-314.pyc", O_RDONLY|O_CLOEXEC) = 3
770366 newfstatat(AT_FDCWD, "/usr/lib/python3.14", {st_mode=S_IFDIR|0755, st_size=20480, ...}, 0) = 0
770366 newfstatat(AT_FDCWD, "/usr/lib/python3.14/types.py", {st_mode=S_IFREG|0644, st_size=11459, ...}, 0) = 0
770366 newfstatat(AT_FDCWD, "/usr/lib/python3.14/types.py", {st_mode=S_IFREG|0644, st_size=11459, ...}, 0) = 0
770366 openat(AT_FDCWD, "/usr/lib/python3.14/__pycache__/types.cpython-314.pyc", O_RDONLY|O_CLOEXEC) = 3
770366 newfstatat(AT_FDCWD, "/usr/lib/python3.14", {st_mode=S_IFDIR|0755, st_size=20480, ...}, 0) = 0
770366 newfstatat(AT_FDCWD, "/usr/lib/python3.14/lib-dynload", {st_mode=S_IFDIR|0755, st_size=16384, ...}, 0) = 0
770366 newfstatat(AT_FDCWD, "/home/firstmate/.local/lib/python3.14/site-packages", {st_mode=S_IFDIR|0775, st_size=4096, ...}, 0) = 0
770366 newfstatat(AT_FDCWD, "/usr/local/lib/python3.14/dist-packages", {st_mode=S_IFDIR|0755, st_size=4096, ...}, 0) = 0
770366 newfstatat(AT_FDCWD, "/usr/lib/python3/dist-packages", {st_mode=S_IFDIR|0755, st_size=12288, ...}, 0) = 0
770366 newfstatat(AT_FDCWD, "/home/firstmate/.no-mistakes/worktrees/8352e211db7e/01M4F29HK4JCAKXEQ2F50R6HHX/bin/fm_inbox_conversation.py", {st_mode=S_IFREG|0664, st_size=33410, ...}, 0) = 0
770366 openat(AT_FDCWD, "/home/firstmate/.no-mistakes/worktrees/8352e211db7e/01M4F29HK4JCAKXEQ2F50R6HHX/bin/fm_inbox_conversation.py", O_RDONLY|O_CLOEXEC) = 3
770366 newfstatat(AT_FDCWD, "/home/firstmate/.no-mistakes/worktrees/8352e211db7e/01M4F29HK4JCAKXEQ2F50R6HHX/bin/fm_inbox_conversation.py", {st_mode=S_IFREG|0664, st_size=33410, ...}, 0) = 0
770366 readlink("/home/firstmate/.no-mistakes/worktrees/8352e211db7e/01M4F29HK4JCAKXEQ2F50R6HHX/bin/fm_inbox_conversation.py", 0x7ffe87377e70, 4096) = -1 EINVAL (Invalid argument)
770366 readlink("/home", 0x7ffe87378a50, 1023) = -1 EINVAL (Invalid argument)
770366 readlink("/home/firstmate", 0x7ffe87378a50, 1023) = -1 EINVAL (Invalid argument)
770366 readlink("/home/firstmate/.no-mistakes", 0x7ffe87378a50, 1023) = -1 EINVAL (Invalid argument)
770366 readlink("/home/firstmate/.no-mistakes/worktrees", 0x7ffe87378a50, 1023) = -1 EINVAL (Invalid argument)
770366 readlink("/home/firstmate/.no-mistakes/worktrees/8352e211db7e", 0x7ffe87378a50, 1023) = -1 EINVAL (Invalid argument)
770366 readlink("/home/firstmate/.no-mistakes/worktrees/8352e211db7e/01M4F29HK4JCAKXEQ2F50R6HHX", 0x7ffe87378a50, 1023) = -1 EINVAL (Invalid argument)
770366 readlink("/home/firstmate/.no-mistakes/worktrees/8352e211db7e/01M4F29HK4JCAKXEQ2F50R6HHX/bin", 0x7ffe87378a50, 1023) = -1 EINVAL (Invalid argument)
770366 readlink("/home/firstmate/.no-mistakes/worktrees/8352e211db7e/01M4F29HK4JCAKXEQ2F50R6HHX/bin/fm_inbox_conversation.py", 0x7ffe87378a50, 1023) = -1 EINVAL (Invalid argument)
770366 openat(AT_FDCWD, "/home/firstmate/.no-mistakes/worktrees/8352e211db7e/01M4F29HK4JCAKXEQ2F50R6HHX/bin/fm_inbox_conversation.py", O_RDONLY) = 3
770366 newfstatat(AT_FDCWD, "/home/firstmate/.no-mistakes/worktrees/8352e211db7e/01M4F29HK4JCAKXEQ2F50R6HHX/bin", {st_mode=S_IFDIR|0775, st_size=12288, ...}, 0) = 0
770366 newfstatat(AT_FDCWD, "/home/firstmate/.no-mistakes/worktrees/8352e211db7e/01M4F29HK4JCAKXEQ2F50R6HHX/bin", {st_mode=S_IFDIR|0775, st_size=12288, ...}, 0) = 0
770366 newfstatat(AT_FDCWD, "/home/firstmate/.no-mistakes/worktrees/8352e211db7e/01M4F29HK4JCAKXEQ2F50R6HHX/bin", {st_mode=S_IFDIR|0775, st_size=12288, ...}, 0) = 0
770366 openat(AT_FDCWD, "/home/firstmate/.no-mistakes/worktrees/8352e211db7e/01M4F29HK4JCAKXEQ2F50R6HHX/bin", O_RDONLY|O_NONBLOCK|O_CLOEXEC|O_DIRECTORY) = 3
770366 newfstatat(AT_FDCWD, "/usr/lib/python3.14", {st_mode=S_IFDIR|0755, st_size=20480, ...}, 0) = 0
770366 newfstatat(AT_FDCWD, "/usr/lib/python3.14/hashlib.py", {st_mode=S_IFREG|0644, st_size=9459, ...}, 0) = 0
770366 newfstatat(AT_FDCWD, "/usr/lib/python3.14/hashlib.py", {st_mode=S_IFREG|0644, st_size=9459, ...}, 0) = 0
770366 openat(AT_FDCWD, "/usr/lib/python3.14/__pycache__/hashlib.cpython-314.pyc", O_RDONLY|O_CLOEXEC) = 3
770366 newfstatat(AT_FDCWD, "/home/firstmate/.no-mistakes/worktrees/8352e211db7e/01M4F29HK4JCAKXEQ2F50R6HHX/bin", {st_mode=S_IFDIR|0775, st_size=12288, ...}, 0) = 0
770366 newfstatat(AT_FDCWD, "/usr/lib/python3.14", {st_mode=S_IFDIR|0755, st_size=20480, ...}, 0) = 0
770366 newfstatat(AT_FDCWD, "/usr/lib/python3.14/lib-dynload", {st_mode=S_IFDIR|0755, st_size=16384, ...}, 0) = 0
770366 newfstatat(AT_FDCWD, "/usr/lib/python3.14/lib-dynload/_hashlib.cpython-314-x86_64-linux-gnu.so", {st_mode=S_IFREG|0644, st_size=64448, ...}, 0) = 0
770366 openat(AT_FDCWD, "/usr/lib/python3.14/lib-dynload/_hashlib.cpython-314-x86_64-linux-gnu.so", O_RDONLY|O_CLOEXEC) = 3
770366 openat(AT_FDCWD, "/etc/ld.so.cache", O_RDONLY|O_CLOEXEC) = 3
770366 openat(AT_FDCWD, "/usr/lib/x86_64-linux-gnu/libcrypto.so.3", O_RDONLY|O_CLOEXEC) = 3
770366 openat(AT_FDCWD, "/usr/lib/x86_64-linux-gnu/libzstd.so.1", O_RDONLY|O_CLOEXEC) = 3
770366 openat(AT_FDCWD, "/proc/sys/crypto/fips_enabled", O_RDONLY) = -1 ENOENT (No such file or directory)
770366 openat(AT_FDCWD, "/etc/ubuntu-fips", O_RDONLY) = -1 ENOENT (No such file or directory)
770366 openat(AT_FDCWD, "/usr/lib/ssl/openssl.cnf", O_RDONLY) = 3
770366 newfstatat(AT_FDCWD, "/var/lib/crypto-config/profiles/current/openssl.conf.d", 0x7ffe87388250, 0) = -1 ENOENT (No such file or directory)
770366 newfstatat(AT_FDCWD, "/etc/ssl/openssl.conf.d", 0x7ffe87388250, 0) = -1 ENOENT (No such file or directory)
770366 newfstatat(AT_FDCWD, "/home/firstmate/.no-mistakes/worktrees/8352e211db7e/01M4F29HK4JCAKXEQ2F50R6HHX/bin", {st_mode=S_IFDIR|0775, st_size=12288, ...}, 0) = 0
770366 newfstatat(AT_FDCWD, "/usr/lib/python3.14", {st_mode=S_IFDIR|0755, st_size=20480, ...}, 0) = 0
770366 newfstatat(AT_FDCWD, "/usr/lib/python3.14/json/__init__.cpython-314-x86_64-linux-gnu.so", 0x7ffe87389280, 0) = -1 ENOENT (No such file or directory)
770366 newfstatat(AT_FDCWD, "/usr/lib/python3.14/json/__init__.abi3.so", 0x7ffe87389280, 0) = -1 ENOENT (No such file or directory)
770366 newfstatat(AT_FDCWD, "/usr/lib/python3.14/json/__init__.abi3-x86_64-linux-gnu.so", 0x7ffe87389280, 0) = -1 ENOENT (No such file or directory)
770366 newfstatat(AT_FDCWD, "/usr/lib/python3.14/json/__init__.so", 0x7ffe87389280, 0) = -1 ENOENT (No such file or directory)
770366 newfstatat(AT_FDCWD, "/usr/lib/python3.14/json/__init__.py", {st_mode=S_IFREG|0644, st_size=14066, ...}, 0) = 0
770366 newfstatat(AT_FDCWD, "/usr/lib/python3.14/json/__init__.py", {st_mode=S_IFREG|0644, st_size=14066, ...}, 0) = 0
770366 openat(AT_FDCWD, "/usr/lib/python3.14/json/__pycache__/__init__.cpython-314.pyc", O_RDONLY|O_CLOEXEC) = 3
770366 newfstatat(AT_FDCWD, "/usr/lib/python3.14/json", {st_mode=S_IFDIR|0755, st_size=4096, ...}, 0) = 0
770366 newfstatat(AT_FDCWD, "/usr/lib/python3.14/json", {st_mode=S_IFDIR|0755, st_size=4096, ...}, 0) = 0
770366 newfstatat(AT_FDCWD, "/usr/lib/python3.14/json", {st_mode=S_IFDIR|0755, st_size=4096, ...}, 0) = 0
770366 openat(AT_FDCWD, "/usr/lib/python3.14/json", O_RDONLY|O_NONBLOCK|O_CLOEXEC|O_DIRECTORY) = 3
770366 newfstatat(AT_FDCWD, "/usr/lib/python3.14/json/decoder.py", {st_mode=S_IFREG|0644, st_size=12873, ...}, 0) = 0
770366 newfstatat(AT_FDCWD, "/usr/lib/python3.14/json/decoder.py", {st_mode=S_IFREG|0644, st_size=12873, ...}, 0) = 0
770366 openat(AT_FDCWD, "/usr/lib/python3.14/json/__pycache__/decoder.cpython-314.pyc", O_RDONLY|O_CLOEXEC) = 3
770366 newfstatat(AT_FDCWD, "/home/firstmate/.no-mistakes/worktrees/8352e211db7e/01M4F29HK4JCAKXEQ2F50R6HHX/bin", {st_mode=S_IFDIR|0775, st_size=12288, ...}, 0) = 0
770366 newfstatat(AT_FDCWD, "/usr/lib/python3.14", {st_mode=S_IFDIR|0755, st_size=20480, ...}, 0) = 0
770366 newfstatat(AT_FDCWD, "/usr/lib/python3.14/re/__init__.cpython-314-x86_64-linux-gnu.so", 0x7ffe87387d40, 0) = -1 ENOENT (No such file or directory)
770366 newfstatat(AT_FDCWD, "/usr/lib/python3.14/re/__init__.abi3.so", 0x7ffe87387d40, 0) = -1 ENOENT (No such file or directory)
770366 newfstatat(AT_FDCWD, "/usr/lib/python3.14/re/__init__.abi3-x86_64-linux-gnu.so", 0x7ffe87387d40, 0) = -1 ENOENT (No such file or directory)
770366 newfstatat(AT_FDCWD, "/usr/lib/python3.14/re/__init__.so", 0x7ffe87387d40, 0) = -1 ENOENT (No such file or directory)
770366 newfstatat(AT_FDCWD, "/usr/lib/python3.14/re/__init__.py", {st_mode=S_IFREG|0644, st_size=17876, ...}, 0) = 0
770366 newfstatat(AT_FDCWD, "/usr/lib/python3.14/re/__init__.py", {st_mode=S_IFREG|0644, st_size=17876, ...}, 0) = 0
770366 openat(AT_FDCWD, "/usr/lib/python3.14/re/__pycache__/__init__.cpython-314.pyc", O_RDONLY|O_CLOEXEC) = 3
770366 newfstatat(AT_FDCWD, "/home/firstmate/.no-mistakes/worktrees/8352e211db7e/01M4F29HK4JCAKXEQ2F50R6HHX/bin", {st_mode=S_IFDIR|0775, st_size=12288, ...}, 0) = 0
770366 newfstatat(AT_FDCWD, "/usr/lib/python3.14", {st_mode=S_IFDIR|0755, st_size=20480, ...}, 0) = 0
770366 newfstatat(AT_FDCWD, "/usr/lib/python3.14/enum.py", {st_mode=S_IFREG|0644, st_size=85442, ...}, 0) = 0
770366 newfstatat(AT_FDCWD, "/usr/lib/python3.14/enum.py", {st_mode=S_IFREG|0644, st_size=85442, ...}, 0) = 0
770366 openat(AT_FDCWD, "/usr/lib/python3.14/__pycache__/enum.cpython-314.pyc", O_RDONLY|O_CLOEXEC) = 3
770366 newfstatat(AT_FDCWD, "/usr/lib/python3.14/re", {st_mode=S_IFDIR|0755, st_size=4096, ...}, 0) = 0
770366 newfstatat(AT_FDCWD, "/usr/lib/python3.14/re", {st_mode=S_IFDIR|0755, st_size=4096, ...}, 0) = 0
770366 newfstatat(AT_FDCWD, "/usr/lib/python3.14/re", {st_mode=S_IFDIR|0755, st_size=4096, ...}, 0) = 0
770366 openat(AT_FDCWD, "/usr/lib/python3.14/re", O_RDONLY|O_NONBLOCK|O_CLOEXEC|O_DIRECTORY) = 3
770366 newfstatat(AT_FDCWD, "/usr/lib/python3.14/re/_compiler.py", {st_mode=S_IFREG|0644, st_size=26855, ...}, 0) = 0
770366 newfstatat(AT_FDCWD, "/usr/lib/python3.14/re/_compiler.py", {st_mode=S_IFREG|0644, st_size=26855, ...}, 0) = 0
770366 openat(AT_FDCWD, "/usr/lib/python3.14/re/__pycache__/_compiler.cpython-314.pyc", O_RDONLY|O_CLOEXEC) = 3
770366 newfstatat(AT_FDCWD, "/usr/lib/python3.14/re", {st_mode=S_IFDIR|0755, st_size=4096, ...}, 0) = 0
770366 newfstatat(AT_FDCWD, "/usr/lib/python3.14/re/_parser.py", {st_mode=S_IFREG|0644, st_size=40353, ...}, 0) = 0
770366 newfstatat(AT_FDCWD, "/usr/lib/python3.14/re/_parser.py", {st_mode=S_IFREG|0644, st_size=40353, ...}, 0) = 0
770366 openat(AT_FDCWD, "/usr/lib/python3.14/re/__pycache__/_parser.cpython-314.pyc", O_RDONLY|O_CLOEXEC) = 3
770366 newfstatat(AT_FDCWD, "/usr/lib/python3.14/re", {st_mode=S_IFDIR|0755, st_size=4096, ...}, 0) = 0
770366 newfstatat(AT_FDCWD, "/usr/lib/python3.14/re/_constants.py", {st_mode=S_IFREG|0644, st_size=6036, ...}, 0) = 0
770366 newfstatat(AT_FDCWD, "/usr/lib/python3.14/re/_constants.py", {st_mode=S_IFREG|0644, st_size=6036, ...}, 0) = 0
770366 openat(AT_FDCWD, "/usr/lib/python3.14/re/__pycache__/_constants.cpython-314.pyc", O_RDONLY|O_CLOEXEC) = 3
770366 newfstatat(AT_FDCWD, "/usr/lib/python3.14/re", {st_mode=S_IFDIR|0755, st_size=4096, ...}, 0) = 0
770366 newfstatat(AT_FDCWD, "/usr/lib/python3.14/re/_casefix.py", {st_mode=S_IFREG|0644, st_size=5444, ...}, 0) = 0
770366 newfstatat(AT_FDCWD, "/usr/lib/python3.14/re/_casefix.py", {st_mode=S_IFREG|0644, st_size=5444, ...}, 0) = 0
770366 openat(AT_FDCWD, "/usr/lib/python3.14/re/__pycache__/_casefix.cpython-314.pyc", O_RDONLY|O_CLOEXEC) = 3
770366 newfstatat(AT_FDCWD, "/home/firstmate/.no-mistakes/worktrees/8352e211db7e/01M4F29HK4JCAKXEQ2F50R6HHX/bin", {st_mode=S_IFDIR|0775, st_size=12288, ...}, 0) = 0
770366 newfstatat(AT_FDCWD, "/usr/lib/python3.14", {st_mode=S_IFDIR|0755, st_size=20480, ...}, 0) = 0
770366 newfstatat(AT_FDCWD, "/usr/lib/python3.14/functools.py", {st_mode=S_IFREG|0644, st_size=43561, ...}, 0) = 0
770366 newfstatat(AT_FDCWD, "/usr/lib/python3.14/functools.py", {st_mode=S_IFREG|0644, st_size=43561, ...}, 0) = 0
770366 openat(AT_FDCWD, "/usr/lib/python3.14/__pycache__/functools.cpython-314.pyc", O_RDONLY|O_CLOEXEC) = 3
770366 newfstatat(AT_FDCWD, "/home/firstmate/.no-mistakes/worktrees/8352e211db7e/01M4F29HK4JCAKXEQ2F50R6HHX/bin", {st_mode=S_IFDIR|0775, st_size=12288, ...}, 0) = 0
770366 newfstatat(AT_FDCWD, "/usr/lib/python3.14", {st_mode=S_IFDIR|0755, st_size=20480, ...}, 0) = 0
770366 newfstatat(AT_FDCWD, "/usr/lib/python3.14/collections/__init__.cpython-314-x86_64-linux-gnu.so", 0x7ffe87386800, 0) = -1 ENOENT (No such file or directory)
770366 newfstatat(AT_FDCWD, "/usr/lib/python3.14/collections/__init__.abi3.so", 0x7ffe87386800, 0) = -1 ENOENT (No such file or directory)
770366 newfstatat(AT_FDCWD, "/usr/lib/python3.14/collections/__init__.abi3-x86_64-linux-gnu.so", 0x7ffe87386800, 0) = -1 ENOENT (No such file or directory)
770366 newfstatat(AT_FDCWD, "/usr/lib/python3.14/collections/__init__.so", 0x7ffe87386800, 0) = -1 ENOENT (No such file or directory)
770366 newfstatat(AT_FDCWD, "/usr/lib/python3.14/collections/__init__.py", {st_mode=S_IFREG|0644, st_size=52903, ...}, 0) = 0
770366 newfstatat(AT_FDCWD, "/usr/lib/python3.14/collections/__init__.py", {st_mode=S_IFREG|0644, st_size=52903, ...}, 0) = 0
770366 openat(AT_FDCWD, "/usr/lib/python3.14/collections/__pycache__/__init__.cpython-314.pyc", O_RDONLY|O_CLOEXEC) = 3
770366 newfstatat(AT_FDCWD, "/home/firstmate/.no-mistakes/worktrees/8352e211db7e/01M4F29HK4JCAKXEQ2F50R6HHX/bin", {st_mode=S_IFDIR|0775, st_size=12288, ...}, 0) = 0
770366 newfstatat(AT_FDCWD, "/usr/lib/python3.14", {st_mode=S_IFDIR|0755, st_size=20480, ...}, 0) = 0
770366 newfstatat(AT_FDCWD, "/usr/lib/python3.14/keyword.py", {st_mode=S_IFREG|0644, st_size=1073, ...}, 0) = 0
770366 newfstatat(AT_FDCWD, "/usr/lib/python3.14/keyword.py", {st_mode=S_IFREG|0644, st_size=1073, ...}, 0) = 0
770366 openat(AT_FDCWD, "/usr/lib/python3.14/__pycache__/keyword.cpython-314.pyc", O_RDONLY|O_CLOEXEC) = 3
770366 newfstatat(AT_FDCWD, "/home/firstmate/.no-mistakes/worktrees/8352e211db7e/01M4F29HK4JCAKXEQ2F50R6HHX/bin", {st_mode=S_IFDIR|0775, st_size=12288, ...}, 0) = 0
770366 newfstatat(AT_FDCWD, "/usr/lib/python3.14", {st_mode=S_IFDIR|0755, st_size=20480, ...}, 0) = 0
770366 newfstatat(AT_FDCWD, "/usr/lib/python3.14/operator.py", {st_mode=S_IFREG|0644, st_size=11158, ...}, 0) = 0
770366 newfstatat(AT_FDCWD, "/usr/lib/python3.14/operator.py", {st_mode=S_IFREG|0644, st_size=11158, ...}, 0) = 0
770366 openat(AT_FDCWD, "/usr/lib/python3.14/__pycache__/operator.cpython-314.pyc", O_RDONLY|O_CLOEXEC) = 3
770366 newfstatat(AT_FDCWD, "/home/firstmate/.no-mistakes/worktrees/8352e211db7e/01M4F29HK4JCAKXEQ2F50R6HHX/bin", {st_mode=S_IFDIR|0775, st_size=12288, ...}, 0) = 0
770366 newfstatat(AT_FDCWD, "/usr/lib/python3.14", {st_mode=S_IFDIR|0755, st_size=20480, ...}, 0) = 0
770366 newfstatat(AT_FDCWD, "/usr/lib/python3.14/reprlib.py", {st_mode=S_IFREG|0644, st_size=8064, ...}, 0) = 0
770366 newfstatat(AT_FDCWD, "/usr/lib/python3.14/reprlib.py", {st_mode=S_IFREG|0644, st_size=8064, ...}, 0) = 0
770366 openat(AT_FDCWD, "/usr/lib/python3.14/__pycache__/reprlib.cpython-314.pyc", O_RDONLY|O_CLOEXEC) = 3
770366 newfstatat(AT_FDCWD, "/home/firstmate/.no-mistakes/worktrees/8352e211db7e/01M4F29HK4JCAKXEQ2F50R6HHX/bin", {st_mode=S_IFDIR|0775, st_size=12288, ...}, 0) = 0
770366 newfstatat(AT_FDCWD, "/usr/lib/python3.14", {st_mode=S_IFDIR|0755, st_size=20480, ...}, 0) = 0
770366 newfstatat(AT_FDCWD, "/usr/lib/python3.14/copyreg.py", {st_mode=S_IFREG|0644, st_size=7716, ...}, 0) = 0
770366 newfstatat(AT_FDCWD, "/usr/lib/python3.14/copyreg.py", {st_mode=S_IFREG|0644, st_size=7716, ...}, 0) = 0
770366 openat(AT_FDCWD, "/usr/lib/python3.14/__pycache__/copyreg.cpython-314.pyc", O_RDONLY|O_CLOEXEC) = 3
770366 newfstatat(AT_FDCWD, "/usr/lib/python3.14/json", {st_mode=S_IFDIR|0755, st_size=4096, ...}, 0) = 0
770366 newfstatat(AT_FDCWD, "/usr/lib/python3.14/json/scanner.py", {st_mode=S_IFREG|0644, st_size=2434, ...}, 0) = 0
770366 newfstatat(AT_FDCWD, "/usr/lib/python3.14/json/scanner.py", {st_mode=S_IFREG|0644, st_size=2434, ...}, 0) = 0
770366 openat(AT_FDCWD, "/usr/lib/python3.14/json/__pycache__/scanner.cpython-314.pyc", O_RDONLY|O_CLOEXEC) = 3
770366 newfstatat(AT_FDCWD, "/usr/lib/python3.14/json", {st_mode=S_IFDIR|0755, st_size=4096, ...}, 0) = 0
770366 newfstatat(AT_FDCWD, "/usr/lib/python3.14/json/encoder.py", {st_mode=S_IFREG|0644, st_size=16990, ...}, 0) = 0
770366 newfstatat(AT_FDCWD, "/usr/lib/python3.14/json/encoder.py", {st_mode=S_IFREG|0644, st_size=16990, ...}, 0) = 0
770366 openat(AT_FDCWD, "/usr/lib/python3.14/json/__pycache__/encoder.cpython-314.pyc", O_RDONLY|O_CLOEXEC) = 3
770366 newfstatat(AT_FDCWD, "/home/firstmate/.no-mistakes/worktrees/8352e211db7e/01M4F29HK4JCAKXEQ2F50R6HHX/bin", {st_mode=S_IFDIR|0775, st_size=12288, ...}, 0) = 0
770366 newfstatat(AT_FDCWD, "/usr/lib/python3.14", {st_mode=S_IFDIR|0755, st_size=20480, ...}, 0) = 0
770366 newfstatat(AT_FDCWD, "/usr/lib/python3.14/pathlib/__init__.cpython-314-x86_64-linux-gnu.so", 0x7ffe87389280, 0) = -1 ENOENT (No such file or directory)
770366 newfstatat(AT_FDCWD, "/usr/lib/python3.14/pathlib/__init__.abi3.so", 0x7ffe87389280, 0) = -1 ENOENT (No such file or directory)
770366 newfstatat(AT_FDCWD, "/usr/lib/python3.14/pathlib/__init__.abi3-x86_64-linux-gnu.so", 0x7ffe87389280, 0) = -1 ENOENT (No such file or directory)
770366 newfstatat(AT_FDCWD, "/usr/lib/python3.14/pathlib/__init__.so", 0x7ffe87389280, 0) = -1 ENOENT (No such file or directory)
770366 newfstatat(AT_FDCWD, "/usr/lib/python3.14/pathlib/__init__.py", {st_mode=S_IFREG|0644, st_size=46833, ...}, 0) = 0
770366 newfstatat(AT_FDCWD, "/usr/lib/python3.14/pathlib/__init__.py", {st_mode=S_IFREG|0644, st_size=46833, ...}, 0) = 0
770366 openat(AT_FDCWD, "/usr/lib/python3.14/pathlib/__pycache__/__init__.cpython-314.pyc", O_RDONLY|O_CLOEXEC) = 3
770366 newfstatat(AT_FDCWD, "/home/firstmate/.no-mistakes/worktrees/8352e211db7e/01M4F29HK4JCAKXEQ2F50R6HHX/bin", {st_mode=S_IFDIR|0775, st_size=12288, ...}, 0) = 0
770366 newfstatat(AT_FDCWD, "/usr/lib/python3.14", {st_mode=S_IFDIR|0755, st_size=20480, ...}, 0) = 0
770366 newfstatat(AT_FDCWD, "/usr/lib/python3.14/glob.py", {st_mode=S_IFREG|0644, st_size=20768, ...}, 0) = 0
770366 newfstatat(AT_FDCWD, "/usr/lib/python3.14/glob.py", {st_mode=S_IFREG|0644, st_size=20768, ...}, 0) = 0
770366 openat(AT_FDCWD, "/usr/lib/python3.14/__pycache__/glob.cpython-314.pyc", O_RDONLY|O_CLOEXEC) = 3
770366 newfstatat(AT_FDCWD, "/home/firstmate/.no-mistakes/worktrees/8352e211db7e/01M4F29HK4JCAKXEQ2F50R6HHX/bin", {st_mode=S_IFDIR|0775, st_size=12288, ...}, 0) = 0
770366 newfstatat(AT_FDCWD, "/usr/lib/python3.14", {st_mode=S_IFDIR|0755, st_size=20480, ...}, 0) = 0
770366 newfstatat(AT_FDCWD, "/usr/lib/python3.14/contextlib.py", {st_mode=S_IFREG|0644, st_size=27801, ...}, 0) = 0
770366 newfstatat(AT_FDCWD, "/usr/lib/python3.14/contextlib.py", {st_mode=S_IFREG|0644, st_size=27801, ...}, 0) = 0
770366 openat(AT_FDCWD, "/usr/lib/python3.14/__pycache__/contextlib.cpython-314.pyc", O_RDONLY|O_CLOEXEC) = 3
770366 newfstatat(AT_FDCWD, "/home/firstmate/.no-mistakes/worktrees/8352e211db7e/01M4F29HK4JCAKXEQ2F50R6HHX/bin", {st_mode=S_IFDIR|0775, st_size=12288, ...}, 0) = 0
770366 newfstatat(AT_FDCWD, "/usr/lib/python3.14", {st_mode=S_IFDIR|0755, st_size=20480, ...}, 0) = 0
770366 newfstatat(AT_FDCWD, "/usr/lib/python3.14/fnmatch.py", {st_mode=S_IFREG|0644, st_size=6791, ...}, 0) = 0
770366 newfstatat(AT_FDCWD, "/usr/lib/python3.14/fnmatch.py", {st_mode=S_IFREG|0644, st_size=6791, ...}, 0) = 0
770366 openat(AT_FDCWD, "/usr/lib/python3.14/__pycache__/fnmatch.cpython-314.pyc", O_RDONLY|O_CLOEXEC) = 3
770366 newfstatat(AT_FDCWD, "/usr/lib/python3.14/pathlib", {st_mode=S_IFDIR|0755, st_size=4096, ...}, 0) = 0
770366 newfstatat(AT_FDCWD, "/usr/lib/python3.14/pathlib", {st_mode=S_IFDIR|0755, st_size=4096, ...}, 0) = 0
770366 newfstatat(AT_FDCWD, "/usr/lib/python3.14/pathlib", {st_mode=S_IFDIR|0755, st_size=4096, ...}, 0) = 0
770366 openat(AT_FDCWD, "/usr/lib/python3.14/pathlib", O_RDONLY|O_NONBLOCK|O_CLOEXEC|O_DIRECTORY) = 3
770366 newfstatat(AT_FDCWD, "/usr/lib/python3.14/pathlib/_os.py", {st_mode=S_IFREG|0644, st_size=18161, ...}, 0) = 0
770366 newfstatat(AT_FDCWD, "/usr/lib/python3.14/pathlib/_os.py", {st_mode=S_IFREG|0644, st_size=18161, ...}, 0) = 0
770366 openat(AT_FDCWD, "/usr/lib/python3.14/pathlib/__pycache__/_os.cpython-314.pyc", O_RDONLY|O_CLOEXEC) = 3
770366 newfstatat(AT_FDCWD, "/home/firstmate/.no-mistakes/worktrees/8352e211db7e/01M4F29HK4JCAKXEQ2F50R6HHX/bin", {st_mode=S_IFDIR|0775, st_size=12288, ...}, 0) = 0
770366 newfstatat(AT_FDCWD, "/usr/lib/python3.14", {st_mode=S_IFDIR|0755, st_size=20480, ...}, 0) = 0
770366 newfstatat(AT_FDCWD, "/usr/lib/python3.14/lib-dynload", {st_mode=S_IFDIR|0755, st_size=16384, ...}, 0) = 0
770366 newfstatat(AT_FDCWD, "/home/firstmate/.local/lib/python3.14/site-packages", {st_mode=S_IFDIR|0775, st_size=4096, ...}, 0) = 0
770366 newfstatat(AT_FDCWD, "/usr/local/lib/python3.14/dist-packages", {st_mode=S_IFDIR|0755, st_size=4096, ...}, 0) = 0
770366 newfstatat(AT_FDCWD, "/usr/lib/python3/dist-packages", {st_mode=S_IFDIR|0755, st_size=12288, ...}, 0) = 0
770366 newfstatat(AT_FDCWD, "/home/firstmate/.no-mistakes/worktrees/8352e211db7e/01M4F29HK4JCAKXEQ2F50R6HHX/bin", {st_mode=S_IFDIR|0775, st_size=12288, ...}, 0) = 0
770366 newfstatat(AT_FDCWD, "/usr/lib/python3.14", {st_mode=S_IFDIR|0755, st_size=20480, ...}, 0) = 0
770366 newfstatat(AT_FDCWD, "/usr/lib/python3.14/lib-dynload", {st_mode=S_IFDIR|0755, st_size=16384, ...}, 0) = 0
770366 newfstatat(AT_FDCWD, "/home/firstmate/.local/lib/python3.14/site-packages", {st_mode=S_IFDIR|0775, st_size=4096, ...}, 0) = 0
770366 newfstatat(AT_FDCWD, "/usr/local/lib/python3.14/dist-packages", {st_mode=S_IFDIR|0755, st_size=4096, ...}, 0) = 0
770366 newfstatat(AT_FDCWD, "/usr/lib/python3/dist-packages", {st_mode=S_IFDIR|0755, st_size=12288, ...}, 0) = 0
770366 newfstatat(AT_FDCWD, "/home/firstmate/.no-mistakes/worktrees/8352e211db7e/01M4F29HK4JCAKXEQ2F50R6HHX/bin", {st_mode=S_IFDIR|0775, st_size=12288, ...}, 0) = 0
770366 newfstatat(AT_FDCWD, "/usr/lib/python3.14", {st_mode=S_IFDIR|0755, st_size=20480, ...}, 0) = 0
770366 newfstatat(AT_FDCWD, "/usr/lib/python3.14/lib-dynload", {st_mode=S_IFDIR|0755, st_size=16384, ...}, 0) = 0
770366 newfstatat(AT_FDCWD, "/home/firstmate/.local/lib/python3.14/site-packages", {st_mode=S_IFDIR|0775, st_size=4096, ...}, 0) = 0
770366 newfstatat(AT_FDCWD, "/usr/local/lib/python3.14/dist-packages", {st_mode=S_IFDIR|0755, st_size=4096, ...}, 0) = 0
770366 newfstatat(AT_FDCWD, "/usr/lib/python3/dist-packages", {st_mode=S_IFDIR|0755, st_size=12288, ...}, 0) = 0
770366 newfstatat(AT_FDCWD, "/home/firstmate/.no-mistakes/worktrees/8352e211db7e/01M4F29HK4JCAKXEQ2F50R6HHX/bin", {st_mode=S_IFDIR|0775, st_size=12288, ...}, 0) = 0
770366 newfstatat(AT_FDCWD, "/usr/lib/python3.14", {st_mode=S_IFDIR|0755, st_size=20480, ...}, 0) = 0
770366 newfstatat(AT_FDCWD, "/usr/lib/python3.14/lib-dynload", {st_mode=S_IFDIR|0755, st_size=16384, ...}, 0) = 0
770366 newfstatat(AT_FDCWD, "/home/firstmate/.local/lib/python3.14/site-packages", {st_mode=S_IFDIR|0775, st_size=4096, ...}, 0) = 0
770366 newfstatat(AT_FDCWD, "/usr/local/lib/python3.14/dist-packages", {st_mode=S_IFDIR|0755, st_size=4096, ...}, 0) = 0
770366 newfstatat(AT_FDCWD, "/usr/lib/python3/dist-packages", {st_mode=S_IFDIR|0755, st_size=12288, ...}, 0) = 0
770366 newfstatat(AT_FDCWD, "/home/firstmate/.no-mistakes/worktrees/8352e211db7e/01M4F29HK4JCAKXEQ2F50R6HHX/bin", {st_mode=S_IFDIR|0775, st_size=12288, ...}, 0) = 0
770366 newfstatat(AT_FDCWD, "/usr/lib/python3.14", {st_mode=S_IFDIR|0755, st_size=20480, ...}, 0) = 0
770366 newfstatat(AT_FDCWD, "/usr/lib/python3.14/lib-dynload", {st_mode=S_IFDIR|0755, st_size=16384, ...}, 0) = 0
770366 newfstatat(AT_FDCWD, "/home/firstmate/.local/lib/python3.14/site-packages", {st_mode=S_IFDIR|0775, st_size=4096, ...}, 0) = 0
770366 newfstatat(AT_FDCWD, "/usr/local/lib/python3.14/dist-packages", {st_mode=S_IFDIR|0755, st_size=4096, ...}, 0) = 0
770366 newfstatat(AT_FDCWD, "/usr/lib/python3/dist-packages", {st_mode=S_IFDIR|0755, st_size=12288, ...}, 0) = 0
770366 newfstatat(AT_FDCWD, "/home/firstmate/.no-mistakes/worktrees/8352e211db7e/01M4F29HK4JCAKXEQ2F50R6HHX/bin", {st_mode=S_IFDIR|0775, st_size=12288, ...}, 0) = 0
770366 newfstatat(AT_FDCWD, "/usr/lib/python3.14", {st_mode=S_IFDIR|0755, st_size=20480, ...}, 0) = 0
770366 newfstatat(AT_FDCWD, "/usr/lib/python3.14/lib-dynload", {st_mode=S_IFDIR|0755, st_size=16384, ...}, 0) = 0
770366 newfstatat(AT_FDCWD, "/home/firstmate/.local/lib/python3.14/site-packages", {st_mode=S_IFDIR|0775, st_size=4096, ...}, 0) = 0
770366 newfstatat(AT_FDCWD, "/usr/local/lib/python3.14/dist-packages", {st_mode=S_IFDIR|0755, st_size=4096, ...}, 0) = 0
770366 newfstatat(AT_FDCWD, "/usr/lib/python3/dist-packages", {st_mode=S_IFDIR|0755, st_size=12288, ...}, 0) = 0
770366 newfstatat(AT_FDCWD, "/home/firstmate/.no-mistakes/worktrees/8352e211db7e/01M4F29HK4JCAKXEQ2F50R6HHX/bin", {st_mode=S_IFDIR|0775, st_size=12288, ...}, 0) = 0
770366 newfstatat(AT_FDCWD, "/usr/lib/python3.14", {st_mode=S_IFDIR|0755, st_size=20480, ...}, 0) = 0
770366 newfstatat(AT_FDCWD, "/usr/lib/python3.14/lib-dynload", {st_mode=S_IFDIR|0755, st_size=16384, ...}, 0) = 0
770366 newfstatat(AT_FDCWD, "/home/firstmate/.local/lib/python3.14/site-packages", {st_mode=S_IFDIR|0775, st_size=4096, ...}, 0) = 0
770366 newfstatat(AT_FDCWD, "/usr/local/lib/python3.14/dist-packages", {st_mode=S_IFDIR|0755, st_size=4096, ...}, 0) = 0
770366 newfstatat(AT_FDCWD, "/usr/lib/python3/dist-packages", {st_mode=S_IFDIR|0755, st_size=12288, ...}, 0) = 0
770366 newfstatat(AT_FDCWD, "/home/firstmate/.no-mistakes/worktrees/8352e211db7e/01M4F29HK4JCAKXEQ2F50R6HHX/bin", {st_mode=S_IFDIR|0775, st_size=12288, ...}, 0) = 0
770366 newfstatat(AT_FDCWD, "/usr/lib/python3.14", {st_mode=S_IFDIR|0755, st_size=20480, ...}, 0) = 0
770366 newfstatat(AT_FDCWD, "/usr/lib/python3.14/lib-dynload", {st_mode=S_IFDIR|0755, st_size=16384, ...}, 0) = 0
770366 newfstatat(AT_FDCWD, "/home/firstmate/.local/lib/python3.14/site-packages", {st_mode=S_IFDIR|0775, st_size=4096, ...}, 0) = 0
770366 newfstatat(AT_FDCWD, "/usr/local/lib/python3.14/dist-packages", {st_mode=S_IFDIR|0755, st_size=4096, ...}, 0) = 0
770366 newfstatat(AT_FDCWD, "/usr/lib/python3/dist-packages", {st_mode=S_IFDIR|0755, st_size=12288, ...}, 0) = 0
770366 newfstatat(AT_FDCWD, "/home/firstmate/.no-mistakes/worktrees/8352e211db7e/01M4F29HK4JCAKXEQ2F50R6HHX/bin", {st_mode=S_IFDIR|0775, st_size=12288, ...}, 0) = 0
770366 newfstatat(AT_FDCWD, "/usr/lib/python3.14", {st_mode=S_IFDIR|0755, st_size=20480, ...}, 0) = 0
770366 newfstatat(AT_FDCWD, "/usr/lib/python3.14/lib-dynload", {st_mode=S_IFDIR|0755, st_size=16384, ...}, 0) = 0
770366 newfstatat(AT_FDCWD, "/home/firstmate/.local/lib/python3.14/site-packages", {st_mode=S_IFDIR|0775, st_size=4096, ...}, 0) = 0
770366 newfstatat(AT_FDCWD, "/usr/local/lib/python3.14/dist-packages", {st_mode=S_IFDIR|0755, st_size=4096, ...}, 0) = 0
770366 newfstatat(AT_FDCWD, "/usr/lib/python3/dist-packages", {st_mode=S_IFDIR|0755, st_size=12288, ...}, 0) = 0
770366 newfstatat(AT_FDCWD, "/home/firstmate/.no-mistakes/worktrees/8352e211db7e/01M4F29HK4JCAKXEQ2F50R6HHX/bin", {st_mode=S_IFDIR|0775, st_size=12288, ...}, 0) = 0
770366 newfstatat(AT_FDCWD, "/usr/lib/python3.14", {st_mode=S_IFDIR|0755, st_size=20480, ...}, 0) = 0
770366 newfstatat(AT_FDCWD, "/usr/lib/python3.14/secrets.py", {st_mode=S_IFREG|0644, st_size=1984, ...}, 0) = 0
770366 newfstatat(AT_FDCWD, "/usr/lib/python3.14/secrets.py", {st_mode=S_IFREG|0644, st_size=1984, ...}, 0) = 0
770366 openat(AT_FDCWD, "/usr/lib/python3.14/__pycache__/secrets.cpython-314.pyc", O_RDONLY|O_CLOEXEC) = 3
770366 newfstatat(AT_FDCWD, "/home/firstmate/.no-mistakes/worktrees/8352e211db7e/01M4F29HK4JCAKXEQ2F50R6HHX/bin", {st_mode=S_IFDIR|0775, st_size=12288, ...}, 0) = 0
770366 newfstatat(AT_FDCWD, "/usr/lib/python3.14", {st_mode=S_IFDIR|0755, st_size=20480, ...}, 0) = 0
770366 newfstatat(AT_FDCWD, "/usr/lib/python3.14/base64.py", {st_mode=S_IFREG|0644, st_size=22029, ...}, 0) = 0
770366 newfstatat(AT_FDCWD, "/usr/lib/python3.14/base64.py", {st_mode=S_IFREG|0644, st_size=22029, ...}, 0) = 0
770366 openat(AT_FDCWD, "/usr/lib/python3.14/__pycache__/base64.cpython-314.pyc", O_RDONLY|O_CLOEXEC) = 3
770366 newfstatat(AT_FDCWD, "/home/firstmate/.no-mistakes/worktrees/8352e211db7e/01M4F29HK4JCAKXEQ2F50R6HHX/bin", {st_mode=S_IFDIR|0775, st_size=12288, ...}, 0) = 0
770366 newfstatat(AT_FDCWD, "/usr/lib/python3.14", {st_mode=S_IFDIR|0755, st_size=20480, ...}, 0) = 0
770366 newfstatat(AT_FDCWD, "/usr/lib/python3.14/struct.py", {st_mode=S_IFREG|0644, st_size=285, ...}, 0) = 0
770366 newfstatat(AT_FDCWD, "/usr/lib/python3.14/struct.py", {st_mode=S_IFREG|0644, st_size=285, ...}, 0) = 0
770366 openat(AT_FDCWD, "/usr/lib/python3.14/__pycache__/struct.cpython-314.pyc", O_RDONLY|O_CLOEXEC) = 3
770366 newfstatat(AT_FDCWD, "/home/firstmate/.no-mistakes/worktrees/8352e211db7e/01M4F29HK4JCAKXEQ2F50R6HHX/bin", {st_mode=S_IFDIR|0775, st_size=12288, ...}, 0) = 0
770366 newfstatat(AT_FDCWD, "/usr/lib/python3.14", {st_mode=S_IFDIR|0755, st_size=20480, ...}, 0) = 0
770366 newfstatat(AT_FDCWD, "/usr/lib/python3.14/hmac.py", {st_mode=S_IFREG|0644, st_size=9589, ...}, 0) = 0
770366 newfstatat(AT_FDCWD, "/usr/lib/python3.14/hmac.py", {st_mode=S_IFREG|0644, st_size=9589, ...}, 0) = 0
770366 openat(AT_FDCWD, "/usr/lib/python3.14/__pycache__/hmac.cpython-314.pyc", O_RDONLY|O_CLOEXEC) = 3
770366 newfstatat(AT_FDCWD, "/home/firstmate/.no-mistakes/worktrees/8352e211db7e/01M4F29HK4JCAKXEQ2F50R6HHX/bin", {st_mode=S_IFDIR|0775, st_size=12288, ...}, 0) = 0
770366 newfstatat(AT_FDCWD, "/usr/lib/python3.14", {st_mode=S_IFDIR|0755, st_size=20480, ...}, 0) = 0
770366 newfstatat(AT_FDCWD, "/usr/lib/python3.14/lib-dynload", {st_mode=S_IFDIR|0755, st_size=16384, ...}, 0) = 0
770366 newfstatat(AT_FDCWD, "/usr/lib/python3.14/lib-dynload/_hmac.cpython-314-x86_64-linux-gnu.so", {st_mode=S_IFREG|0644, st_size=151584, ...}, 0) = 0
770366 openat(AT_FDCWD, "/usr/lib/python3.14/lib-dynload/_hmac.cpython-314-x86_64-linux-gnu.so", O_RDONLY|O_CLOEXEC) = 3
770366 newfstatat(AT_FDCWD, "/home/firstmate/.no-mistakes/worktrees/8352e211db7e/01M4F29HK4JCAKXEQ2F50R6HHX/bin", {st_mode=S_IFDIR|0775, st_size=12288, ...}, 0) = 0
770366 newfstatat(AT_FDCWD, "/usr/lib/python3.14", {st_mode=S_IFDIR|0755, st_size=20480, ...}, 0) = 0
770366 newfstatat(AT_FDCWD, "/usr/lib/python3.14/random.py", {st_mode=S_IFREG|0644, st_size=37259, ...}, 0) = 0
770366 newfstatat(AT_FDCWD, "/usr/lib/python3.14/random.py", {st_mode=S_IFREG|0644, st_size=37259, ...}, 0) = 0
770366 openat(AT_FDCWD, "/usr/lib/python3.14/__pycache__/random.cpython-314.pyc", O_RDONLY|O_CLOEXEC) = 3
770366 newfstatat(AT_FDCWD, "/home/firstmate/.no-mistakes/worktrees/8352e211db7e/01M4F29HK4JCAKXEQ2F50R6HHX/bin", {st_mode=S_IFDIR|0775, st_size=12288, ...}, 0) = 0
770366 newfstatat(AT_FDCWD, "/usr/lib/python3.14", {st_mode=S_IFDIR|0755, st_size=20480, ...}, 0) = 0
770366 newfstatat(AT_FDCWD, "/usr/lib/python3.14/bisect.py", {st_mode=S_IFREG|0644, st_size=3423, ...}, 0) = 0
770366 newfstatat(AT_FDCWD, "/usr/lib/python3.14/bisect.py", {st_mode=S_IFREG|0644, st_size=3423, ...}, 0) = 0
770366 openat(AT_FDCWD, "/usr/lib/python3.14/__pycache__/bisect.cpython-314.pyc", O_RDONLY|O_CLOEXEC) = 3
770366 newfstatat(AT_FDCWD, "/home/firstmate/.no-mistakes/worktrees/8352e211db7e/01M4F29HK4JCAKXEQ2F50R6HHX/bin", {st_mode=S_IFDIR|0775, st_size=12288, ...}, 0) = 0
770366 newfstatat(AT_FDCWD, "/usr/lib/python3.14", {st_mode=S_IFDIR|0755, st_size=20480, ...}, 0) = 0
770366 newfstatat(AT_FDCWD, "/usr/lib/python3.14/subprocess.py", {st_mode=S_IFREG|0644, st_size=90732, ...}, 0) = 0
770366 newfstatat(AT_FDCWD, "/usr/lib/python3.14/subprocess.py", {st_mode=S_IFREG|0644, st_size=90732, ...}, 0) = 0
770366 openat(AT_FDCWD, "/usr/lib/python3.14/__pycache__/subprocess.cpython-314.pyc", O_RDONLY|O_CLOEXEC) = 3
770366 newfstatat(AT_FDCWD, "/home/firstmate/.no-mistakes/worktrees/8352e211db7e/01M4F29HK4JCAKXEQ2F50R6HHX/bin", {st_mode=S_IFDIR|0775, st_size=12288, ...}, 0) = 0
770366 newfstatat(AT_FDCWD, "/usr/lib/python3.14", {st_mode=S_IFDIR|0755, st_size=20480, ...}, 0) = 0
770366 newfstatat(AT_FDCWD, "/usr/lib/python3.14/locale.py", {st_mode=S_IFREG|0644, st_size=79129, ...}, 0) = 0
770366 newfstatat(AT_FDCWD, "/usr/lib/python3.14/locale.py", {st_mode=S_IFREG|0644, st_size=79129, ...}, 0) = 0
770366 openat(AT_FDCWD, "/usr/lib/python3.14/__pycache__/locale.cpython-314.pyc", O_RDONLY|O_CLOEXEC) = 3
770366 newfstatat(AT_FDCWD, "/home/firstmate/.no-mistakes/worktrees/8352e211db7e/01M4F29HK4JCAKXEQ2F50R6HHX/bin", {st_mode=S_IFDIR|0775, st_size=12288, ...}, 0) = 0
770366 newfstatat(AT_FDCWD, "/usr/lib/python3.14", {st_mode=S_IFDIR|0755, st_size=20480, ...}, 0) = 0
770366 newfstatat(AT_FDCWD, "/usr/lib/python3.14/signal.py", {st_mode=S_IFREG|0644, st_size=2495, ...}, 0) = 0
770366 newfstatat(AT_FDCWD, "/usr/lib/python3.14/signal.py", {st_mode=S_IFREG|0644, st_size=2495, ...}, 0) = 0
770366 openat(AT_FDCWD, "/usr/lib/python3.14/__pycache__/signal.cpython-314.pyc", O_RDONLY|O_CLOEXEC) = 3
770366 newfstatat(AT_FDCWD, "/home/firstmate/.no-mistakes/worktrees/8352e211db7e/01M4F29HK4JCAKXEQ2F50R6HHX/bin", {st_mode=S_IFDIR|0775, st_size=12288, ...}, 0) = 0
770366 newfstatat(AT_FDCWD, "/usr/lib/python3.14", {st_mode=S_IFDIR|0755, st_size=20480, ...}, 0) = 0
770366 newfstatat(AT_FDCWD, "/usr/lib/python3.14/threading.py", {st_mode=S_IFREG|0644, st_size=56923, ...}, 0) = 0
770366 newfstatat(AT_FDCWD, "/usr/lib/python3.14/threading.py", {st_mode=S_IFREG|0644, st_size=56923, ...}, 0) = 0
770366 openat(AT_FDCWD, "/usr/lib/python3.14/__pycache__/threading.cpython-314.pyc", O_RDONLY|O_CLOEXEC) = 3
770366 newfstatat(AT_FDCWD, "/home/firstmate/.no-mistakes/worktrees/8352e211db7e/01M4F29HK4JCAKXEQ2F50R6HHX/bin", {st_mode=S_IFDIR|0775, st_size=12288, ...}, 0) = 0
770366 newfstatat(AT_FDCWD, "/usr/lib/python3.14", {st_mode=S_IFDIR|0755, st_size=20480, ...}, 0) = 0
770366 newfstatat(AT_FDCWD, "/usr/lib/python3.14/_weakrefset.py", {st_mode=S_IFREG|0644, st_size=3962, ...}, 0) = 0
770366 newfstatat(AT_FDCWD, "/usr/lib/python3.14/_weakrefset.py", {st_mode=S_IFREG|0644, st_size=3962, ...}, 0) = 0
770366 openat(AT_FDCWD, "/usr/lib/python3.14/__pycache__/_weakrefset.cpython-314.pyc", O_RDONLY|O_CLOEXEC) = 3
770366 newfstatat(AT_FDCWD, "/home/firstmate/.no-mistakes/worktrees/8352e211db7e/01M4F29HK4JCAKXEQ2F50R6HHX/bin", {st_mode=S_IFDIR|0775, st_size=12288, ...}, 0) = 0
770366 newfstatat(AT_FDCWD, "/usr/lib/python3.14", {st_mode=S_IFDIR|0755, st_size=20480, ...}, 0) = 0
770366 newfstatat(AT_FDCWD, "/usr/lib/python3.14/warnings.py", {st_mode=S_IFREG|0644, st_size=1966, ...}, 0) = 0
770366 newfstatat(AT_FDCWD, "/usr/lib/python3.14/warnings.py", {st_mode=S_IFREG|0644, st_size=1966, ...}, 0) = 0
770366 openat(AT_FDCWD, "/usr/lib/python3.14/__pycache__/warnings.cpython-314.pyc", O_RDONLY|O_CLOEXEC) = 3
770366 newfstatat(AT_FDCWD, "/home/firstmate/.no-mistakes/worktrees/8352e211db7e/01M4F29HK4JCAKXEQ2F50R6HHX/bin", {st_mode=S_IFDIR|0775, st_size=12288, ...}, 0) = 0
770366 newfstatat(AT_FDCWD, "/usr/lib/python3.14", {st_mode=S_IFDIR|0755, st_size=20480, ...}, 0) = 0
770366 newfstatat(AT_FDCWD, "/usr/lib/python3.14/_py_warnings.py", {st_mode=S_IFREG|0644, st_size=30631, ...}, 0) = 0
770366 newfstatat(AT_FDCWD, "/usr/lib/python3.14/_py_warnings.py", {st_mode=S_IFREG|0644, st_size=30631, ...}, 0) = 0
770366 openat(AT_FDCWD, "/usr/lib/python3.14/__pycache__/_py_warnings.cpython-314.pyc", O_RDONLY|O_CLOEXEC) = 3
770366 newfstatat(AT_FDCWD, "/home/firstmate/.no-mistakes/worktrees/8352e211db7e/01M4F29HK4JCAKXEQ2F50R6HHX/bin", {st_mode=S_IFDIR|0775, st_size=12288, ...}, 0) = 0
770366 newfstatat(AT_FDCWD, "/usr/lib/python3.14", {st_mode=S_IFDIR|0755, st_size=20480, ...}, 0) = 0
770366 newfstatat(AT_FDCWD, "/usr/lib/python3.14/lib-dynload", {st_mode=S_IFDIR|0755, st_size=16384, ...}, 0) = 0
770366 newfstatat(AT_FDCWD, "/home/firstmate/.local/lib/python3.14/site-packages", {st_mode=S_IFDIR|0775, st_size=4096, ...}, 0) = 0
770366 newfstatat(AT_FDCWD, "/usr/local/lib/python3.14/dist-packages", {st_mode=S_IFDIR|0755, st_size=4096, ...}, 0) = 0
770366 newfstatat(AT_FDCWD, "/usr/lib/python3/dist-packages", {st_mode=S_IFDIR|0755, st_size=12288, ...}, 0) = 0
770366 newfstatat(AT_FDCWD, "/home/firstmate/.no-mistakes/worktrees/8352e211db7e/01M4F29HK4JCAKXEQ2F50R6HHX/bin", {st_mode=S_IFDIR|0775, st_size=12288, ...}, 0) = 0
770366 newfstatat(AT_FDCWD, "/usr/lib/python3.14", {st_mode=S_IFDIR|0755, st_size=20480, ...}, 0) = 0
770366 newfstatat(AT_FDCWD, "/usr/lib/python3.14/selectors.py", {st_mode=S_IFREG|0644, st_size=19457, ...}, 0) = 0
770366 newfstatat(AT_FDCWD, "/usr/lib/python3.14/selectors.py", {st_mode=S_IFREG|0644, st_size=19457, ...}, 0) = 0
770366 openat(AT_FDCWD, "/usr/lib/python3.14/__pycache__/selectors.cpython-314.pyc", O_RDONLY|O_CLOEXEC) = 3
770366 newfstatat(AT_FDCWD, "/home/firstmate/.no-mistakes/worktrees/8352e211db7e/01M4F29HK4JCAKXEQ2F50R6HHX/.test-tmp/boundary/home/.voice-conversation-lab", 0x7ffe87389410, 0) = -1 ENOENT (No such file or directory)
770366 openat(AT_FDCWD, "/home/firstmate/.no-mistakes/worktrees/8352e211db7e/01M4F29HK4JCAKXEQ2F50R6HHX/.test-tmp/boundary/home/state/voice-conversation/policy.json", O_RDONLY|O_CLOEXEC) = 3
770366 openat(AT_FDCWD, "/home/firstmate/.no-mistakes/worktrees/8352e211db7e/01M4F29HK4JCAKXEQ2F50R6HHX/.test-tmp/boundary/home/state/voice-conversation/lock", O_WRONLY|O_CREAT|O_NOFOLLOW|O_CLOEXEC, 0600) = 3
770366 newfstatat(AT_FDCWD, "/home/firstmate/.no-mistakes/worktrees/8352e211db7e/01M4F29HK4JCAKXEQ2F50R6HHX/.test-tmp/boundary/home/state/voice-conversation/journal.json", {st_mode=S_IFREG|0600, st_size=4591, ...}, 0) = 0
770366 openat(AT_FDCWD, "/home/firstmate/.no-mistakes/worktrees/8352e211db7e/01M4F29HK4JCAKXEQ2F50R6HHX/.test-tmp/boundary/home/state/voice-conversation/journal.json", O_RDONLY|O_CLOEXEC) = 4
770366 openat(AT_FDCWD, "/home/firstmate/.no-mistakes/worktrees/8352e211db7e/01M4F29HK4JCAKXEQ2F50R6HHX/.test-tmp/boundary/home/state/inbox/", O_RDONLY|O_NONBLOCK|O_CLOEXEC|O_DIRECTORY) = 4
770366 openat(AT_FDCWD, "/home/firstmate/.no-mistakes/worktrees/8352e211db7e/01M4F29HK4JCAKXEQ2F50R6HHX/.test-tmp/boundary/home/state/inbox/handled/", O_RDONLY|O_NONBLOCK|O_CLOEXEC|O_DIRECTORY) = 4
770366 openat(AT_FDCWD, "/home/firstmate/.no-mistakes/worktrees/8352e211db7e/01M4F29HK4JCAKXEQ2F50R6HHX/.test-tmp/boundary/home/state/inbox/handled/vc-72fcee7d40e2626eb6bcb0284ad62c4465312ee139309aa2a4c12c917b8650a2.note", O_RDONLY|O_CLOEXEC) = 4
770366 openat(AT_FDCWD, "/home/firstmate/.no-mistakes/worktrees/8352e211db7e/01M4F29HK4JCAKXEQ2F50R6HHX/.test-tmp/boundary/home/state/inbox/handled/vc-85b63a3369778e7c4339db9438ec0f532e7facc6fb3ce602eab0fc8983838dbd.note", O_RDONLY|O_CLOEXEC) = 4
770366 newfstatat(AT_FDCWD, "/home/firstmate/.no-mistakes/worktrees/8352e211db7e/01M4F29HK4JCAKXEQ2F50R6HHX/.test-tmp/boundary/home/state/inbox/vc-72fcee7d40e2626eb6bcb0284ad62c4465312ee139309aa2a4c12c917b8650a2.note", 0x7ffe87389430, 0) = -1 ENOENT (No such file or directory)
770366 newfstatat(AT_FDCWD, "/home/firstmate/.no-mistakes/worktrees/8352e211db7e/01M4F29HK4JCAKXEQ2F50R6HHX/.test-tmp/boundary/home/state/inbox/handled/vc-72fcee7d40e2626eb6bcb0284ad62c4465312ee139309aa2a4c12c917b8650a2.note", {st_mode=S_IFREG|0600, st_size=399, ...}, 0) = 0
770366 newfstatat(AT_FDCWD, "/home/firstmate/.no-mistakes/worktrees/8352e211db7e/01M4F29HK4JCAKXEQ2F50R6HHX/.test-tmp/boundary/home/state/inbox/vc-72fcee7d40e2626eb6bcb0284ad62c4465312ee139309aa2a4c12c917b8650a2.note", 0x7ffe87389430, 0) = -1 ENOENT (No such file or directory)
770366 newfstatat(AT_FDCWD, "/home/firstmate/.no-mistakes/worktrees/8352e211db7e/01M4F29HK4JCAKXEQ2F50R6HHX/.test-tmp/boundary/home/state/inbox/vc-85b63a3369778e7c4339db9438ec0f532e7facc6fb3ce602eab0fc8983838dbd.note", 0x7ffe87389430, 0) = -1 ENOENT (No such file or directory)
770366 newfstatat(AT_FDCWD, "/home/firstmate/.no-mistakes/worktrees/8352e211db7e/01M4F29HK4JCAKXEQ2F50R6HHX/.test-tmp/boundary/home/state/inbox/handled/vc-85b63a3369778e7c4339db9438ec0f532e7facc6fb3ce602eab0fc8983838dbd.note", {st_mode=S_IFREG|0600, st_size=419, ...}, 0) = 0
770366 newfstatat(AT_FDCWD, "/home/firstmate/.no-mistakes/worktrees/8352e211db7e/01M4F29HK4JCAKXEQ2F50R6HHX/.test-tmp/boundary/home/state/inbox/vc-85b63a3369778e7c4339db9438ec0f532e7facc6fb3ce602eab0fc8983838dbd.note", 0x7ffe87389430, 0) = -1 ENOENT (No such file or directory)
770366 openat(AT_FDCWD, "/home/firstmate/.no-mistakes/worktrees/8352e211db7e/01M4F29HK4JCAKXEQ2F50R6HHX/.test-tmp/boundary/home/state/voice-conversation/.journal.json.df99bd161496cb24", O_WRONLY|O_CREAT|O_EXCL|O_CLOEXEC, 0666) = 4
770366 rename("/home/firstmate/.no-mistakes/worktrees/8352e211db7e/01M4F29HK4JCAKXEQ2F50R6HHX/.test-tmp/boundary/home/state/voice-conversation/.journal.json.df99bd161496cb24", "/home/firstmate/.no-mistakes/worktrees/8352e211db7e/01M4F29HK4JCAKXEQ2F50R6HHX/.test-tmp/boundary/home/state/voice-conversation/journal.json") = 0
770366 openat(AT_FDCWD, "/home/firstmate/.no-mistakes/worktrees/8352e211db7e/01M4F29HK4JCAKXEQ2F50R6HHX/.test-tmp/boundary/home/state/voice-conversation", O_RDONLY|O_CLOEXEC) = 4
770366 unlink("/home/firstmate/.no-mistakes/worktrees/8352e211db7e/01M4F29HK4JCAKXEQ2F50R6HHX/.test-tmp/boundary/home/state/voice-conversation/.journal.json.df99bd161496cb24") = -1 ENOENT (No such file or directory)
770366 +++ exited with 0 +++
770076 --- SIGCHLD {si_signo=SIGCHLD, si_code=CLD_EXITED, si_pid=770366, si_uid=0, si_status=0, si_utime=15 /* 0.15 s */, si_stime=7 /* 0.07 s */} ---
770076 openat(AT_FDCWD, "/home/firstmate/.no-mistakes/worktrees/8352e211db7e/01M4F29HK4JCAKXEQ2F50R6HHX/.test-tmp/boundary/home/state/courier-pickup/.state.ad395eeff9ce70d1", O_WRONLY|O_CREAT|O_EXCL|O_CLOEXEC, 0666) = 4
770076 rename("/home/firstmate/.no-mistakes/worktrees/8352e211db7e/01M4F29HK4JCAKXEQ2F50R6HHX/.test-tmp/boundary/home/state/courier-pickup/.state.ad395eeff9ce70d1", "/home/firstmate/.no-mistakes/worktrees/8352e211db7e/01M4F29HK4JCAKXEQ2F50R6HHX/.test-tmp/boundary/home/state/courier-pickup/state.json") = 0
770076 openat(AT_FDCWD, "/home/firstmate/.no-mistakes/worktrees/8352e211db7e/01M4F29HK4JCAKXEQ2F50R6HHX/.test-tmp/boundary/home/state/courier-pickup", O_RDONLY|O_NOFOLLOW|O_CLOEXEC|O_DIRECTORY) = 4
770076 openat(AT_FDCWD, "/home/firstmate/.no-mistakes/worktrees/8352e211db7e/01M4F29HK4JCAKXEQ2F50R6HHX/.test-tmp/boundary/home/state/courier-pickup/.state.66c0a3e6a556e6d0", O_WRONLY|O_CREAT|O_EXCL|O_CLOEXEC, 0666) = 4
770076 rename("/home/firstmate/.no-mistakes/worktrees/8352e211db7e/01M4F29HK4JCAKXEQ2F50R6HHX/.test-tmp/boundary/home/state/courier-pickup/.state.66c0a3e6a556e6d0", "/home/firstmate/.no-mistakes/worktrees/8352e211db7e/01M4F29HK4JCAKXEQ2F50R6HHX/.test-tmp/boundary/home/state/courier-pickup/state.json") = 0
770076 openat(AT_FDCWD, "/home/firstmate/.no-mistakes/worktrees/8352e211db7e/01M4F29HK4JCAKXEQ2F50R6HHX/.test-tmp/boundary/home/state/courier-pickup", O_RDONLY|O_NOFOLLOW|O_CLOEXEC|O_DIRECTORY) = 4
770076 newfstatat(AT_FDCWD, "/home/firstmate/.no-mistakes/worktrees/8352e211db7e/01M4F29HK4JCAKXEQ2F50R6HHX/.test-tmp/boundary/courier/etc/courier/policy.toml", {st_mode=S_IFREG|0600, st_size=53, ...}, AT_SYMLINK_NOFOLLOW) = 0
770076 openat(AT_FDCWD, "/home/firstmate/.no-mistakes/worktrees/8352e211db7e/01M4F29HK4JCAKXEQ2F50R6HHX/.test-tmp/boundary/courier/etc/courier/policy.toml", O_RDONLY|O_CLOEXEC) = 4
770076 openat(AT_FDCWD, "/home/firstmate/.no-mistakes/worktrees/8352e211db7e/01M4F29HK4JCAKXEQ2F50R6HHX/.test-tmp/boundary/courier/srv/courier/outbox", O_RDONLY|O_NOFOLLOW|O_CLOEXEC|O_DIRECTORY) = 4
770076 openat(4, ".fm-pickup-011f0196f276878df30fd930e73ac97e.tmp", O_WRONLY|O_CREAT|O_EXCL|O_NOFOLLOW|O_CLOEXEC, 0640) = 5
770076 renameat(4, ".fm-pickup-011f0196f276878df30fd930e73ac97e.tmp", 4, "fm-2c30037f1637716b291c8a2ad632bc2fa53a48956a8fde39.json") = 0
770076 unlinkat(4, ".fm-pickup-011f0196f276878df30fd930e73ac97e.tmp", 0) = -1 ENOENT (No such file or directory)
770076 openat(AT_FDCWD, "/home/firstmate/.no-mistakes/worktrees/8352e211db7e/01M4F29HK4JCAKXEQ2F50R6HHX/.test-tmp/boundary/home/state/courier-pickup/.state.3bcdce16bc24300d", O_WRONLY|O_CREAT|O_EXCL|O_CLOEXEC, 0666) = 4
770076 rename("/home/firstmate/.no-mistakes/worktrees/8352e211db7e/01M4F29HK4JCAKXEQ2F50R6HHX/.test-tmp/boundary/home/state/courier-pickup/.state.3bcdce16bc24300d", "/home/firstmate/.no-mistakes/worktrees/8352e211db7e/01M4F29HK4JCAKXEQ2F50R6HHX/.test-tmp/boundary/home/state/courier-pickup/state.json") = 0
770076 openat(AT_FDCWD, "/home/firstmate/.no-mistakes/worktrees/8352e211db7e/01M4F29HK4JCAKXEQ2F50R6HHX/.test-tmp/boundary/home/state/courier-pickup", O_RDONLY|O_NOFOLLOW|O_CLOEXEC|O_DIRECTORY) = 4
770076 openat(AT_FDCWD, "/home/firstmate/.no-mistakes/worktrees/8352e211db7e/01M4F29HK4JCAKXEQ2F50R6HHX/.test-tmp/boundary/courier/srv/courier/inbox", O_RDONLY|O_NOFOLLOW|O_CLOEXEC|O_DIRECTORY) = 4
770076 +++ exited with 0 +++
