771400 execve("/usr/bin/python3", ["/usr/bin/python3", "/home/firstmate/.no-mistakes/wor"..., "once"], 0x7ffd71892368 /* 50 vars */) = 0
771400 access("/etc/ld.so.preload", R_OK) = -1 ENOENT (No such file or directory)
771400 openat(AT_FDCWD, "/etc/ld.so.cache", O_RDONLY|O_CLOEXEC) = 3
771400 openat(AT_FDCWD, "/usr/lib/x86_64-linux-gnu/libm.so.6", O_RDONLY|O_CLOEXEC) = 3
771400 openat(AT_FDCWD, "/usr/lib/x86_64-linux-gnu/libz.so.1", O_RDONLY|O_CLOEXEC) = 3
771400 openat(AT_FDCWD, "/usr/lib/x86_64-linux-gnu/libexpat.so.1", O_RDONLY|O_CLOEXEC) = 3
771400 openat(AT_FDCWD, "/usr/lib/x86_64-linux-gnu/libc.so.6", O_RDONLY|O_CLOEXEC) = 3
771400 open("/proc/sys/vm/overcommit_memory", O_RDONLY) = 3
771400 openat(AT_FDCWD, "/usr/lib/locale/locale-archive", O_RDONLY|O_CLOEXEC) = 3
771400 openat(AT_FDCWD, "/usr/share/locale/locale.alias", O_RDONLY|O_CLOEXEC) = -1 ENOENT (No such file or directory)
771400 openat(AT_FDCWD, "/usr/lib/locale/C.UTF-8/LC_CTYPE", O_RDONLY|O_CLOEXEC) = -1 ENOENT (No such file or directory)
771400 openat(AT_FDCWD, "/usr/lib/locale/C.utf8/LC_CTYPE", O_RDONLY|O_CLOEXEC) = 3
771400 openat(AT_FDCWD, "/usr/lib/x86_64-linux-gnu/gconv/gconv-modules.cache", O_RDONLY|O_CLOEXEC) = 3
771400 openat(AT_FDCWD, "/proc/self/maps", O_RDONLY|O_CLOEXEC) = 3
771400 openat(AT_FDCWD, "/usr/pyvenv.cfg", O_RDONLY) = -1 ENOENT (No such file or directory)
771400 openat(AT_FDCWD, "/usr/bin/pyvenv.cfg", O_RDONLY) = -1 ENOENT (No such file or directory)
771400 readlink("/usr/bin/python3", "python3.14", 4096) = 10
771400 readlink("/usr/bin/python3.14", 0x7ffdd09152e0, 4096) = -1 EINVAL (Invalid argument)
771400 openat(AT_FDCWD, "/usr/bin/python3._pth", O_RDONLY) = -1 ENOENT (No such file or directory)
771400 openat(AT_FDCWD, "/usr/bin/python3.14._pth", O_RDONLY) = -1 ENOENT (No such file or directory)
771400 openat(AT_FDCWD, "/usr/bin/pybuilddir.txt", O_RDONLY) = -1 ENOENT (No such file or directory)
771400 newfstatat(AT_FDCWD, "/usr/bin/Modules/Setup.local", 0x7ffdd091a2c0, 0) = -1 ENOENT (No such file or directory)
771400 newfstatat(AT_FDCWD, "/usr/bin/lib/python314.zip", 0x7ffdd0919fa0, 0) = -1 ENOENT (No such file or directory)
771400 newfstatat(AT_FDCWD, "/usr/lib/python314.zip", 0x7ffdd091a2c0, 0) = -1 ENOENT (No such file or directory)
771400 newfstatat(AT_FDCWD, "/usr/bin/lib/python3.14/os.py", 0x7ffdd091a2c0, 0) = -1 ENOENT (No such file or directory)
771400 newfstatat(AT_FDCWD, "/usr/bin/lib/python3.14/os.pyc", 0x7ffdd091a2c0, 0) = -1 ENOENT (No such file or directory)
771400 newfstatat(AT_FDCWD, "/usr/lib/python3.14/os.py", {st_mode=S_IFREG|0644, st_size=41959, ...}, 0) = 0
771400 newfstatat(AT_FDCWD, "/usr/lib/python3.14/lib-dynload", {st_mode=S_IFDIR|0755, st_size=16384, ...}, 0) = 0
771400 newfstatat(AT_FDCWD, "/usr/lib/python3.14/lib-dynload", {st_mode=S_IFDIR|0755, st_size=16384, ...}, 0) = 0
771400 openat(AT_FDCWD, "/etc/localtime", O_RDONLY|O_CLOEXEC) = 3
771400 newfstatat(AT_FDCWD, "/usr/lib/python314.zip", 0x7ffdd0919a80, 0) = -1 ENOENT (No such file or directory)
771400 newfstatat(AT_FDCWD, "/usr/lib", {st_mode=S_IFDIR|0755, st_size=4096, ...}, 0) = 0
771400 newfstatat(AT_FDCWD, "/usr/lib/python314.zip", 0x7ffdd0919f60, 0) = -1 ENOENT (No such file or directory)
771400 newfstatat(AT_FDCWD, "/usr/lib/python3.14", {st_mode=S_IFDIR|0755, st_size=20480, ...}, 0) = 0
771400 newfstatat(AT_FDCWD, "/usr/lib/python3.14", {st_mode=S_IFDIR|0755, st_size=20480, ...}, 0) = 0
771400 newfstatat(AT_FDCWD, "/usr/lib/python3.14", {st_mode=S_IFDIR|0755, st_size=20480, ...}, 0) = 0
771400 openat(AT_FDCWD, "/usr/lib/python3.14", O_RDONLY|O_NONBLOCK|O_CLOEXEC|O_DIRECTORY) = 3
771400 newfstatat(AT_FDCWD, "/usr/lib/python3.14/encodings/__init__.cpython-314-x86_64-linux-gnu.so", 0x7ffdd0919f60, 0) = -1 ENOENT (No such file or directory)
771400 newfstatat(AT_FDCWD, "/usr/lib/python3.14/encodings/__init__.abi3.so", 0x7ffdd0919f60, 0) = -1 ENOENT (No such file or directory)
771400 newfstatat(AT_FDCWD, "/usr/lib/python3.14/encodings/__init__.abi3-x86_64-linux-gnu.so", 0x7ffdd0919f60, 0) = -1 ENOENT (No such file or directory)
771400 newfstatat(AT_FDCWD, "/usr/lib/python3.14/encodings/__init__.so", 0x7ffdd0919f60, 0) = -1 ENOENT (No such file or directory)
771400 newfstatat(AT_FDCWD, "/usr/lib/python3.14/encodings/__init__.py", {st_mode=S_IFREG|0644, st_size=5945, ...}, 0) = 0
771400 newfstatat(AT_FDCWD, "/usr/lib/python3.14/encodings/__init__.py", {st_mode=S_IFREG|0644, st_size=5945, ...}, 0) = 0
771400 openat(AT_FDCWD, "/usr/lib/python3.14/encodings/__pycache__/__init__.cpython-314.pyc", O_RDONLY|O_CLOEXEC) = 3
771400 newfstatat(AT_FDCWD, "/usr/lib/python3.14/encodings", {st_mode=S_IFDIR|0755, st_size=20480, ...}, 0) = 0
771400 newfstatat(AT_FDCWD, "/usr/lib/python3.14/encodings", {st_mode=S_IFDIR|0755, st_size=20480, ...}, 0) = 0
771400 newfstatat(AT_FDCWD, "/usr/lib/python3.14/encodings", {st_mode=S_IFDIR|0755, st_size=20480, ...}, 0) = 0
771400 openat(AT_FDCWD, "/usr/lib/python3.14/encodings", O_RDONLY|O_NONBLOCK|O_CLOEXEC|O_DIRECTORY) = 3
771400 newfstatat(AT_FDCWD, "/usr/lib/python3.14/encodings/aliases.py", {st_mode=S_IFREG|0644, st_size=15957, ...}, 0) = 0
771400 newfstatat(AT_FDCWD, "/usr/lib/python3.14/encodings/aliases.py", {st_mode=S_IFREG|0644, st_size=15957, ...}, 0) = 0
771400 openat(AT_FDCWD, "/usr/lib/python3.14/encodings/__pycache__/aliases.cpython-314.pyc", O_RDONLY|O_CLOEXEC) = 3
771400 newfstatat(AT_FDCWD, "/usr/lib/python3.14/encodings", {st_mode=S_IFDIR|0755, st_size=20480, ...}, 0) = 0
771400 newfstatat(AT_FDCWD, "/usr/lib/python3.14/encodings/utf_8.py", {st_mode=S_IFREG|0644, st_size=1005, ...}, 0) = 0
771400 newfstatat(AT_FDCWD, "/usr/lib/python3.14/encodings/utf_8.py", {st_mode=S_IFREG|0644, st_size=1005, ...}, 0) = 0
771400 openat(AT_FDCWD, "/usr/lib/python3.14/encodings/__pycache__/utf_8.cpython-314.pyc", O_RDONLY|O_CLOEXEC) = 3
771400 newfstatat(AT_FDCWD, "/usr/bin/pyvenv.cfg", 0x7ffdd09197c0, 0) = -1 ENOENT (No such file or directory)
771400 newfstatat(AT_FDCWD, "/usr/pyvenv.cfg", 0x7ffdd09197e0, 0) = -1 ENOENT (No such file or directory)
771400 newfstatat(AT_FDCWD, "/home/firstmate/.local/lib/python3.14/site-packages", {st_mode=S_IFDIR|0775, st_size=4096, ...}, 0) = 0
771400 openat(AT_FDCWD, "/home/firstmate/.local/lib/python3.14/site-packages", O_RDONLY|O_NONBLOCK|O_CLOEXEC|O_DIRECTORY) = 3
771400 newfstatat(AT_FDCWD, "/usr/local/lib/python3.14/dist-packages", {st_mode=S_IFDIR|0755, st_size=4096, ...}, 0) = 0
771400 openat(AT_FDCWD, "/usr/local/lib/python3.14/dist-packages", O_RDONLY|O_NONBLOCK|O_CLOEXEC|O_DIRECTORY) = 3
771400 newfstatat(AT_FDCWD, "/usr/lib/python3/dist-packages", {st_mode=S_IFDIR|0755, st_size=12288, ...}, 0) = 0
771400 openat(AT_FDCWD, "/usr/lib/python3/dist-packages", O_RDONLY|O_NONBLOCK|O_CLOEXEC|O_DIRECTORY) = 3
771400 newfstatat(AT_FDCWD, "/usr/lib/python3/dist-packages/distutils-precedence.pth", {st_mode=S_IFREG|0644, st_size=151, ...}, AT_SYMLINK_NOFOLLOW) = 0
771400 openat(AT_FDCWD, "/usr/lib/python3/dist-packages/distutils-precedence.pth", O_RDONLY|O_CLOEXEC) = 3
771400 newfstatat(AT_FDCWD, "/usr/lib/python3.14/encodings", {st_mode=S_IFDIR|0755, st_size=20480, ...}, 0) = 0
771400 newfstatat(AT_FDCWD, "/usr/lib/python3.14/encodings/utf_8_sig.py", {st_mode=S_IFREG|0644, st_size=4133, ...}, 0) = 0
771400 newfstatat(AT_FDCWD, "/usr/lib/python3.14/encodings/utf_8_sig.py", {st_mode=S_IFREG|0644, st_size=4133, ...}, 0) = 0
771400 openat(AT_FDCWD, "/usr/lib/python3.14/encodings/__pycache__/utf_8_sig.cpython-314.pyc", O_RDONLY|O_CLOEXEC) = 3
771400 newfstatat(AT_FDCWD, "/usr/lib/python3.14", {st_mode=S_IFDIR|0755, st_size=20480, ...}, 0) = 0
771400 newfstatat(AT_FDCWD, "/usr/lib/python3.14/lib-dynload", {st_mode=S_IFDIR|0755, st_size=16384, ...}, 0) = 0
771400 newfstatat(AT_FDCWD, "/usr/lib/python3.14/lib-dynload", {st_mode=S_IFDIR|0755, st_size=16384, ...}, 0) = 0
771400 newfstatat(AT_FDCWD, "/usr/lib/python3.14/lib-dynload", {st_mode=S_IFDIR|0755, st_size=16384, ...}, 0) = 0
771400 openat(AT_FDCWD, "/usr/lib/python3.14/lib-dynload", O_RDONLY|O_NONBLOCK|O_CLOEXEC|O_DIRECTORY) = 3
771400 newfstatat(AT_FDCWD, "/home/firstmate/.local/lib/python3.14/site-packages", {st_mode=S_IFDIR|0775, st_size=4096, ...}, 0) = 0
771400 newfstatat(AT_FDCWD, "/home/firstmate/.local/lib/python3.14/site-packages", {st_mode=S_IFDIR|0775, st_size=4096, ...}, 0) = 0
771400 newfstatat(AT_FDCWD, "/home/firstmate/.local/lib/python3.14/site-packages", {st_mode=S_IFDIR|0775, st_size=4096, ...}, 0) = 0
771400 openat(AT_FDCWD, "/home/firstmate/.local/lib/python3.14/site-packages", O_RDONLY|O_NONBLOCK|O_CLOEXEC|O_DIRECTORY) = 3
771400 newfstatat(AT_FDCWD, "/usr/local/lib/python3.14/dist-packages", {st_mode=S_IFDIR|0755, st_size=4096, ...}, 0) = 0
771400 newfstatat(AT_FDCWD, "/usr/local/lib/python3.14/dist-packages", {st_mode=S_IFDIR|0755, st_size=4096, ...}, 0) = 0
771400 newfstatat(AT_FDCWD, "/usr/local/lib/python3.14/dist-packages", {st_mode=S_IFDIR|0755, st_size=4096, ...}, 0) = 0
771400 openat(AT_FDCWD, "/usr/local/lib/python3.14/dist-packages", O_RDONLY|O_NONBLOCK|O_CLOEXEC|O_DIRECTORY) = 3
771400 newfstatat(AT_FDCWD, "/usr/lib/python3/dist-packages", {st_mode=S_IFDIR|0755, st_size=12288, ...}, 0) = 0
771400 newfstatat(AT_FDCWD, "/usr/lib/python3/dist-packages", {st_mode=S_IFDIR|0755, st_size=12288, ...}, 0) = 0
771400 newfstatat(AT_FDCWD, "/usr/lib/python3/dist-packages", {st_mode=S_IFDIR|0755, st_size=12288, ...}, 0) = 0
771400 openat(AT_FDCWD, "/usr/lib/python3/dist-packages", O_RDONLY|O_NONBLOCK|O_CLOEXEC|O_DIRECTORY) = 3
771400 newfstatat(AT_FDCWD, "/usr/lib/python3/dist-packages/_distutils_hack/__init__.cpython-314-x86_64-linux-gnu.so", 0x7ffdd0918f70, 0) = -1 ENOENT (No such file or directory)
771400 newfstatat(AT_FDCWD, "/usr/lib/python3/dist-packages/_distutils_hack/__init__.abi3.so", 0x7ffdd0918f70, 0) = -1 ENOENT (No such file or directory)
771400 newfstatat(AT_FDCWD, "/usr/lib/python3/dist-packages/_distutils_hack/__init__.abi3-x86_64-linux-gnu.so", 0x7ffdd0918f70, 0) = -1 ENOENT (No such file or directory)
771400 newfstatat(AT_FDCWD, "/usr/lib/python3/dist-packages/_distutils_hack/__init__.so", 0x7ffdd0918f70, 0) = -1 ENOENT (No such file or directory)
771400 newfstatat(AT_FDCWD, "/usr/lib/python3/dist-packages/_distutils_hack/__init__.py", {st_mode=S_IFREG|0644, st_size=6755, ...}, 0) = 0
771400 newfstatat(AT_FDCWD, "/usr/lib/python3/dist-packages/_distutils_hack/__init__.py", {st_mode=S_IFREG|0644, st_size=6755, ...}, 0) = 0
771400 openat(AT_FDCWD, "/usr/lib/python3/dist-packages/_distutils_hack/__pycache__/__init__.cpython-314.pyc", O_RDONLY|O_CLOEXEC) = 3
771400 newfstatat(AT_FDCWD, "/usr/lib/python3.14/dist-packages", 0x7ffdd0919b30, 0) = -1 ENOENT (No such file or directory)
771400 newfstatat(AT_FDCWD, "/usr/lib/python3.14", {st_mode=S_IFDIR|0755, st_size=20480, ...}, 0) = 0
771400 newfstatat(AT_FDCWD, "/usr/lib/python3.14/sitecustomize.py", {st_mode=S_IFREG|0644, st_size=155, ...}, 0) = 0
771400 newfstatat(AT_FDCWD, "/usr/lib/python3.14/sitecustomize.py", {st_mode=S_IFREG|0644, st_size=155, ...}, 0) = 0
771400 openat(AT_FDCWD, "/usr/lib/python3.14/__pycache__/sitecustomize.cpython-314.pyc", O_RDONLY|O_CLOEXEC) = 3
771400 newfstatat(AT_FDCWD, "/usr/lib/python3.14", {st_mode=S_IFDIR|0755, st_size=20480, ...}, 0) = 0
771400 newfstatat(AT_FDCWD, "/usr/lib/python3.14/lib-dynload", {st_mode=S_IFDIR|0755, st_size=16384, ...}, 0) = 0
771400 newfstatat(AT_FDCWD, "/home/firstmate/.local/lib/python3.14/site-packages", {st_mode=S_IFDIR|0775, st_size=4096, ...}, 0) = 0
771400 newfstatat(AT_FDCWD, "/usr/local/lib/python3.14/dist-packages", {st_mode=S_IFDIR|0755, st_size=4096, ...}, 0) = 0
771400 newfstatat(AT_FDCWD, "/usr/lib/python3/dist-packages", {st_mode=S_IFDIR|0755, st_size=12288, ...}, 0) = 0
771400 newfstatat(AT_FDCWD, "/usr/lib/python3/dist-packages/apport_python_hook.py", {st_mode=S_IFREG|0644, st_size=8896, ...}, 0) = 0
771400 newfstatat(AT_FDCWD, "/usr/lib/python3/dist-packages/apport_python_hook.py", {st_mode=S_IFREG|0644, st_size=8896, ...}, 0) = 0
771400 openat(AT_FDCWD, "/usr/lib/python3/dist-packages/__pycache__/apport_python_hook.cpython-314.pyc", O_RDONLY|O_CLOEXEC) = 3
771400 newfstatat(AT_FDCWD, "/usr/lib/python3.14", {st_mode=S_IFDIR|0755, st_size=20480, ...}, 0) = 0
771400 newfstatat(AT_FDCWD, "/usr/lib/python3.14/types.py", {st_mode=S_IFREG|0644, st_size=11459, ...}, 0) = 0
771400 newfstatat(AT_FDCWD, "/usr/lib/python3.14/types.py", {st_mode=S_IFREG|0644, st_size=11459, ...}, 0) = 0
771400 openat(AT_FDCWD, "/usr/lib/python3.14/__pycache__/types.cpython-314.pyc", O_RDONLY|O_CLOEXEC) = 3
771400 newfstatat(AT_FDCWD, "/usr/lib/python3.14", {st_mode=S_IFDIR|0755, st_size=20480, ...}, 0) = 0
771400 newfstatat(AT_FDCWD, "/usr/lib/python3.14/lib-dynload", {st_mode=S_IFDIR|0755, st_size=16384, ...}, 0) = 0
771400 newfstatat(AT_FDCWD, "/home/firstmate/.local/lib/python3.14/site-packages", {st_mode=S_IFDIR|0775, st_size=4096, ...}, 0) = 0
771400 newfstatat(AT_FDCWD, "/usr/local/lib/python3.14/dist-packages", {st_mode=S_IFDIR|0755, st_size=4096, ...}, 0) = 0
771400 newfstatat(AT_FDCWD, "/usr/lib/python3/dist-packages", {st_mode=S_IFDIR|0755, st_size=12288, ...}, 0) = 0
771400 newfstatat(AT_FDCWD, "/home/firstmate/.no-mistakes/worktrees/8352e211db7e/01M4F29HK4JCAKXEQ2F50R6HHX/bin/fm-courier-pickup.py", {st_mode=S_IFREG|0775, st_size=30953, ...}, 0) = 0
771400 openat(AT_FDCWD, "/home/firstmate/.no-mistakes/worktrees/8352e211db7e/01M4F29HK4JCAKXEQ2F50R6HHX/bin/fm-courier-pickup.py", O_RDONLY|O_CLOEXEC) = 3
771400 newfstatat(AT_FDCWD, "/home/firstmate/.no-mistakes/worktrees/8352e211db7e/01M4F29HK4JCAKXEQ2F50R6HHX/bin/fm-courier-pickup.py", {st_mode=S_IFREG|0775, st_size=30953, ...}, 0) = 0
771400 readlink("/home/firstmate/.no-mistakes/worktrees/8352e211db7e/01M4F29HK4JCAKXEQ2F50R6HHX/bin/fm-courier-pickup.py", 0x7ffdd0908b40, 4096) = -1 EINVAL (Invalid argument)
771400 readlink("/home", 0x7ffdd0909720, 1023) = -1 EINVAL (Invalid argument)
771400 readlink("/home/firstmate", 0x7ffdd0909720, 1023) = -1 EINVAL (Invalid argument)
771400 readlink("/home/firstmate/.no-mistakes", 0x7ffdd0909720, 1023) = -1 EINVAL (Invalid argument)
771400 readlink("/home/firstmate/.no-mistakes/worktrees", 0x7ffdd0909720, 1023) = -1 EINVAL (Invalid argument)
771400 readlink("/home/firstmate/.no-mistakes/worktrees/8352e211db7e", 0x7ffdd0909720, 1023) = -1 EINVAL (Invalid argument)
771400 readlink("/home/firstmate/.no-mistakes/worktrees/8352e211db7e/01M4F29HK4JCAKXEQ2F50R6HHX", 0x7ffdd0909720, 1023) = -1 EINVAL (Invalid argument)
771400 readlink("/home/firstmate/.no-mistakes/worktrees/8352e211db7e/01M4F29HK4JCAKXEQ2F50R6HHX/bin", 0x7ffdd0909720, 1023) = -1 EINVAL (Invalid argument)
771400 readlink("/home/firstmate/.no-mistakes/worktrees/8352e211db7e/01M4F29HK4JCAKXEQ2F50R6HHX/bin/fm-courier-pickup.py", 0x7ffdd0909720, 1023) = -1 EINVAL (Invalid argument)
771400 openat(AT_FDCWD, "/home/firstmate/.no-mistakes/worktrees/8352e211db7e/01M4F29HK4JCAKXEQ2F50R6HHX/bin/fm-courier-pickup.py", O_RDONLY) = 3
771400 newfstatat(AT_FDCWD, "/home/firstmate/.no-mistakes/worktrees/8352e211db7e/01M4F29HK4JCAKXEQ2F50R6HHX/bin", {st_mode=S_IFDIR|0775, st_size=12288, ...}, 0) = 0
771400 newfstatat(AT_FDCWD, "/home/firstmate/.no-mistakes/worktrees/8352e211db7e/01M4F29HK4JCAKXEQ2F50R6HHX/bin", {st_mode=S_IFDIR|0775, st_size=12288, ...}, 0) = 0
771400 newfstatat(AT_FDCWD, "/home/firstmate/.no-mistakes/worktrees/8352e211db7e/01M4F29HK4JCAKXEQ2F50R6HHX/bin", {st_mode=S_IFDIR|0775, st_size=12288, ...}, 0) = 0
771400 openat(AT_FDCWD, "/home/firstmate/.no-mistakes/worktrees/8352e211db7e/01M4F29HK4JCAKXEQ2F50R6HHX/bin", O_RDONLY|O_NONBLOCK|O_CLOEXEC|O_DIRECTORY) = 3
771400 newfstatat(AT_FDCWD, "/usr/lib/python3.14", {st_mode=S_IFDIR|0755, st_size=20480, ...}, 0) = 0
771400 newfstatat(AT_FDCWD, "/usr/lib/python3.14/calendar.py", {st_mode=S_IFREG|0644, st_size=29863, ...}, 0) = 0
771400 newfstatat(AT_FDCWD, "/usr/lib/python3.14/calendar.py", {st_mode=S_IFREG|0644, st_size=29863, ...}, 0) = 0
771400 openat(AT_FDCWD, "/usr/lib/python3.14/__pycache__/calendar.cpython-314.pyc", O_RDONLY|O_CLOEXEC) = 3
771400 newfstatat(AT_FDCWD, "/home/firstmate/.no-mistakes/worktrees/8352e211db7e/01M4F29HK4JCAKXEQ2F50R6HHX/bin", {st_mode=S_IFDIR|0775, st_size=12288, ...}, 0) = 0
771400 newfstatat(AT_FDCWD, "/usr/lib/python3.14", {st_mode=S_IFDIR|0755, st_size=20480, ...}, 0) = 0
771400 newfstatat(AT_FDCWD, "/usr/lib/python3.14/datetime.py", {st_mode=S_IFREG|0644, st_size=331, ...}, 0) = 0
771400 newfstatat(AT_FDCWD, "/usr/lib/python3.14/datetime.py", {st_mode=S_IFREG|0644, st_size=331, ...}, 0) = 0
771400 openat(AT_FDCWD, "/usr/lib/python3.14/__pycache__/datetime.cpython-314.pyc", O_RDONLY|O_CLOEXEC) = 3
771400 newfstatat(AT_FDCWD, "/home/firstmate/.no-mistakes/worktrees/8352e211db7e/01M4F29HK4JCAKXEQ2F50R6HHX/bin", {st_mode=S_IFDIR|0775, st_size=12288, ...}, 0) = 0
771400 newfstatat(AT_FDCWD, "/usr/lib/python3.14", {st_mode=S_IFDIR|0755, st_size=20480, ...}, 0) = 0
771400 newfstatat(AT_FDCWD, "/usr/lib/python3.14/enum.py", {st_mode=S_IFREG|0644, st_size=85442, ...}, 0) = 0
771400 newfstatat(AT_FDCWD, "/usr/lib/python3.14/enum.py", {st_mode=S_IFREG|0644, st_size=85442, ...}, 0) = 0
771400 openat(AT_FDCWD, "/usr/lib/python3.14/__pycache__/enum.cpython-314.pyc", O_RDONLY|O_CLOEXEC) = 3
771400 newfstatat(AT_FDCWD, "/home/firstmate/.no-mistakes/worktrees/8352e211db7e/01M4F29HK4JCAKXEQ2F50R6HHX/bin", {st_mode=S_IFDIR|0775, st_size=12288, ...}, 0) = 0
771400 newfstatat(AT_FDCWD, "/usr/lib/python3.14", {st_mode=S_IFDIR|0755, st_size=20480, ...}, 0) = 0
771400 newfstatat(AT_FDCWD, "/usr/lib/python3.14/locale.py", {st_mode=S_IFREG|0644, st_size=79129, ...}, 0) = 0
771400 newfstatat(AT_FDCWD, "/usr/lib/python3.14/locale.py", {st_mode=S_IFREG|0644, st_size=79129, ...}, 0) = 0
771400 openat(AT_FDCWD, "/usr/lib/python3.14/__pycache__/locale.cpython-314.pyc", O_RDONLY|O_CLOEXEC) = 3
771400 newfstatat(AT_FDCWD, "/home/firstmate/.no-mistakes/worktrees/8352e211db7e/01M4F29HK4JCAKXEQ2F50R6HHX/bin", {st_mode=S_IFDIR|0775, st_size=12288, ...}, 0) = 0
771400 newfstatat(AT_FDCWD, "/usr/lib/python3.14", {st_mode=S_IFDIR|0755, st_size=20480, ...}, 0) = 0
771400 newfstatat(AT_FDCWD, "/usr/lib/python3.14/functools.py", {st_mode=S_IFREG|0644, st_size=43561, ...}, 0) = 0
771400 newfstatat(AT_FDCWD, "/usr/lib/python3.14/functools.py", {st_mode=S_IFREG|0644, st_size=43561, ...}, 0) = 0
771400 openat(AT_FDCWD, "/usr/lib/python3.14/__pycache__/functools.cpython-314.pyc", O_RDONLY|O_CLOEXEC) = 3
771400 newfstatat(AT_FDCWD, "/home/firstmate/.no-mistakes/worktrees/8352e211db7e/01M4F29HK4JCAKXEQ2F50R6HHX/bin", {st_mode=S_IFDIR|0775, st_size=12288, ...}, 0) = 0
771400 newfstatat(AT_FDCWD, "/usr/lib/python3.14", {st_mode=S_IFDIR|0755, st_size=20480, ...}, 0) = 0
771400 newfstatat(AT_FDCWD, "/usr/lib/python3.14/collections/__init__.cpython-314-x86_64-linux-gnu.so", 0x7ffdd0917f70, 0) = -1 ENOENT (No such file or directory)
771400 newfstatat(AT_FDCWD, "/usr/lib/python3.14/collections/__init__.abi3.so", 0x7ffdd0917f70, 0) = -1 ENOENT (No such file or directory)
771400 newfstatat(AT_FDCWD, "/usr/lib/python3.14/collections/__init__.abi3-x86_64-linux-gnu.so", 0x7ffdd0917f70, 0) = -1 ENOENT (No such file or directory)
771400 newfstatat(AT_FDCWD, "/usr/lib/python3.14/collections/__init__.so", 0x7ffdd0917f70, 0) = -1 ENOENT (No such file or directory)
771400 newfstatat(AT_FDCWD, "/usr/lib/python3.14/collections/__init__.py", {st_mode=S_IFREG|0644, st_size=52903, ...}, 0) = 0
771400 newfstatat(AT_FDCWD, "/usr/lib/python3.14/collections/__init__.py", {st_mode=S_IFREG|0644, st_size=52903, ...}, 0) = 0
771400 openat(AT_FDCWD, "/usr/lib/python3.14/collections/__pycache__/__init__.cpython-314.pyc", O_RDONLY|O_CLOEXEC) = 3
771400 newfstatat(AT_FDCWD, "/home/firstmate/.no-mistakes/worktrees/8352e211db7e/01M4F29HK4JCAKXEQ2F50R6HHX/bin", {st_mode=S_IFDIR|0775, st_size=12288, ...}, 0) = 0
771400 newfstatat(AT_FDCWD, "/usr/lib/python3.14", {st_mode=S_IFDIR|0755, st_size=20480, ...}, 0) = 0
771400 newfstatat(AT_FDCWD, "/usr/lib/python3.14/keyword.py", {st_mode=S_IFREG|0644, st_size=1073, ...}, 0) = 0
771400 newfstatat(AT_FDCWD, "/usr/lib/python3.14/keyword.py", {st_mode=S_IFREG|0644, st_size=1073, ...}, 0) = 0
771400 openat(AT_FDCWD, "/usr/lib/python3.14/__pycache__/keyword.cpython-314.pyc", O_RDONLY|O_CLOEXEC) = 3
771400 newfstatat(AT_FDCWD, "/home/firstmate/.no-mistakes/worktrees/8352e211db7e/01M4F29HK4JCAKXEQ2F50R6HHX/bin", {st_mode=S_IFDIR|0775, st_size=12288, ...}, 0) = 0
771400 newfstatat(AT_FDCWD, "/usr/lib/python3.14", {st_mode=S_IFDIR|0755, st_size=20480, ...}, 0) = 0
771400 newfstatat(AT_FDCWD, "/usr/lib/python3.14/operator.py", {st_mode=S_IFREG|0644, st_size=11158, ...}, 0) = 0
771400 newfstatat(AT_FDCWD, "/usr/lib/python3.14/operator.py", {st_mode=S_IFREG|0644, st_size=11158, ...}, 0) = 0
771400 openat(AT_FDCWD, "/usr/lib/python3.14/__pycache__/operator.cpython-314.pyc", O_RDONLY|O_CLOEXEC) = 3
771400 newfstatat(AT_FDCWD, "/home/firstmate/.no-mistakes/worktrees/8352e211db7e/01M4F29HK4JCAKXEQ2F50R6HHX/bin", {st_mode=S_IFDIR|0775, st_size=12288, ...}, 0) = 0
771400 newfstatat(AT_FDCWD, "/usr/lib/python3.14", {st_mode=S_IFDIR|0755, st_size=20480, ...}, 0) = 0
771400 newfstatat(AT_FDCWD, "/usr/lib/python3.14/reprlib.py", {st_mode=S_IFREG|0644, st_size=8064, ...}, 0) = 0
771400 newfstatat(AT_FDCWD, "/usr/lib/python3.14/reprlib.py", {st_mode=S_IFREG|0644, st_size=8064, ...}, 0) = 0
771400 openat(AT_FDCWD, "/usr/lib/python3.14/__pycache__/reprlib.cpython-314.pyc", O_RDONLY|O_CLOEXEC) = 3
771400 newfstatat(AT_FDCWD, "/home/firstmate/.no-mistakes/worktrees/8352e211db7e/01M4F29HK4JCAKXEQ2F50R6HHX/bin", {st_mode=S_IFDIR|0775, st_size=12288, ...}, 0) = 0
771400 newfstatat(AT_FDCWD, "/usr/lib/python3.14", {st_mode=S_IFDIR|0755, st_size=20480, ...}, 0) = 0
771400 newfstatat(AT_FDCWD, "/usr/lib/python3.14/hashlib.py", {st_mode=S_IFREG|0644, st_size=9459, ...}, 0) = 0
771400 newfstatat(AT_FDCWD, "/usr/lib/python3.14/hashlib.py", {st_mode=S_IFREG|0644, st_size=9459, ...}, 0) = 0
771400 openat(AT_FDCWD, "/usr/lib/python3.14/__pycache__/hashlib.cpython-314.pyc", O_RDONLY|O_CLOEXEC) = 3
771400 newfstatat(AT_FDCWD, "/home/firstmate/.no-mistakes/worktrees/8352e211db7e/01M4F29HK4JCAKXEQ2F50R6HHX/bin", {st_mode=S_IFDIR|0775, st_size=12288, ...}, 0) = 0
771400 newfstatat(AT_FDCWD, "/usr/lib/python3.14", {st_mode=S_IFDIR|0755, st_size=20480, ...}, 0) = 0
771400 newfstatat(AT_FDCWD, "/usr/lib/python3.14/lib-dynload", {st_mode=S_IFDIR|0755, st_size=16384, ...}, 0) = 0
771400 newfstatat(AT_FDCWD, "/usr/lib/python3.14/lib-dynload/_hashlib.cpython-314-x86_64-linux-gnu.so", {st_mode=S_IFREG|0644, st_size=64448, ...}, 0) = 0
771400 openat(AT_FDCWD, "/usr/lib/python3.14/lib-dynload/_hashlib.cpython-314-x86_64-linux-gnu.so", O_RDONLY|O_CLOEXEC) = 3
771400 openat(AT_FDCWD, "/etc/ld.so.cache", O_RDONLY|O_CLOEXEC) = 3
771400 openat(AT_FDCWD, "/usr/lib/x86_64-linux-gnu/libcrypto.so.3", O_RDONLY|O_CLOEXEC) = 3
771400 openat(AT_FDCWD, "/usr/lib/x86_64-linux-gnu/libzstd.so.1", O_RDONLY|O_CLOEXEC) = 3
771400 openat(AT_FDCWD, "/proc/sys/crypto/fips_enabled", O_RDONLY) = -1 ENOENT (No such file or directory)
771400 openat(AT_FDCWD, "/etc/ubuntu-fips", O_RDONLY) = -1 ENOENT (No such file or directory)
771400 openat(AT_FDCWD, "/usr/lib/ssl/openssl.cnf", O_RDONLY) = 3
771400 newfstatat(AT_FDCWD, "/var/lib/crypto-config/profiles/current/openssl.conf.d", 0x7ffdd0918f20, 0) = -1 ENOENT (No such file or directory)
771400 newfstatat(AT_FDCWD, "/etc/ssl/openssl.conf.d", 0x7ffdd0918f20, 0) = -1 ENOENT (No such file or directory)
771400 newfstatat(AT_FDCWD, "/home/firstmate/.no-mistakes/worktrees/8352e211db7e/01M4F29HK4JCAKXEQ2F50R6HHX/bin", {st_mode=S_IFDIR|0775, st_size=12288, ...}, 0) = 0
771400 newfstatat(AT_FDCWD, "/usr/lib/python3.14", {st_mode=S_IFDIR|0755, st_size=20480, ...}, 0) = 0
771400 newfstatat(AT_FDCWD, "/usr/lib/python3.14/json/__init__.cpython-314-x86_64-linux-gnu.so", 0x7ffdd0919f50, 0) = -1 ENOENT (No such file or directory)
771400 newfstatat(AT_FDCWD, "/usr/lib/python3.14/json/__init__.abi3.so", 0x7ffdd0919f50, 0) = -1 ENOENT (No such file or directory)
771400 newfstatat(AT_FDCWD, "/usr/lib/python3.14/json/__init__.abi3-x86_64-linux-gnu.so", 0x7ffdd0919f50, 0) = -1 ENOENT (No such file or directory)
771400 newfstatat(AT_FDCWD, "/usr/lib/python3.14/json/__init__.so", 0x7ffdd0919f50, 0) = -1 ENOENT (No such file or directory)
771400 newfstatat(AT_FDCWD, "/usr/lib/python3.14/json/__init__.py", {st_mode=S_IFREG|0644, st_size=14066, ...}, 0) = 0
771400 newfstatat(AT_FDCWD, "/usr/lib/python3.14/json/__init__.py", {st_mode=S_IFREG|0644, st_size=14066, ...}, 0) = 0
771400 openat(AT_FDCWD, "/usr/lib/python3.14/json/__pycache__/__init__.cpython-314.pyc", O_RDONLY|O_CLOEXEC) = 3
771400 newfstatat(AT_FDCWD, "/usr/lib/python3.14/json", {st_mode=S_IFDIR|0755, st_size=4096, ...}, 0) = 0
771400 newfstatat(AT_FDCWD, "/usr/lib/python3.14/json", {st_mode=S_IFDIR|0755, st_size=4096, ...}, 0) = 0
771400 newfstatat(AT_FDCWD, "/usr/lib/python3.14/json", {st_mode=S_IFDIR|0755, st_size=4096, ...}, 0) = 0
771400 openat(AT_FDCWD, "/usr/lib/python3.14/json", O_RDONLY|O_NONBLOCK|O_CLOEXEC|O_DIRECTORY) = 3
771400 newfstatat(AT_FDCWD, "/usr/lib/python3.14/json/decoder.py", {st_mode=S_IFREG|0644, st_size=12873, ...}, 0) = 0
771400 newfstatat(AT_FDCWD, "/usr/lib/python3.14/json/decoder.py", {st_mode=S_IFREG|0644, st_size=12873, ...}, 0) = 0
771400 openat(AT_FDCWD, "/usr/lib/python3.14/json/__pycache__/decoder.cpython-314.pyc", O_RDONLY|O_CLOEXEC) = 3
771400 newfstatat(AT_FDCWD, "/home/firstmate/.no-mistakes/worktrees/8352e211db7e/01M4F29HK4JCAKXEQ2F50R6HHX/bin", {st_mode=S_IFDIR|0775, st_size=12288, ...}, 0) = 0
771400 newfstatat(AT_FDCWD, "/usr/lib/python3.14", {st_mode=S_IFDIR|0755, st_size=20480, ...}, 0) = 0
771400 newfstatat(AT_FDCWD, "/usr/lib/python3.14/re/__init__.cpython-314-x86_64-linux-gnu.so", 0x7ffdd0918a10, 0) = -1 ENOENT (No such file or directory)
771400 newfstatat(AT_FDCWD, "/usr/lib/python3.14/re/__init__.abi3.so", 0x7ffdd0918a10, 0) = -1 ENOENT (No such file or directory)
771400 newfstatat(AT_FDCWD, "/usr/lib/python3.14/re/__init__.abi3-x86_64-linux-gnu.so", 0x7ffdd0918a10, 0) = -1 ENOENT (No such file or directory)
771400 newfstatat(AT_FDCWD, "/usr/lib/python3.14/re/__init__.so", 0x7ffdd0918a10, 0) = -1 ENOENT (No such file or directory)
771400 newfstatat(AT_FDCWD, "/usr/lib/python3.14/re/__init__.py", {st_mode=S_IFREG|0644, st_size=17876, ...}, 0) = 0
771400 newfstatat(AT_FDCWD, "/usr/lib/python3.14/re/__init__.py", {st_mode=S_IFREG|0644, st_size=17876, ...}, 0) = 0
771400 openat(AT_FDCWD, "/usr/lib/python3.14/re/__pycache__/__init__.cpython-314.pyc", O_RDONLY|O_CLOEXEC) = 3
771400 newfstatat(AT_FDCWD, "/usr/lib/python3.14/re", {st_mode=S_IFDIR|0755, st_size=4096, ...}, 0) = 0
771400 newfstatat(AT_FDCWD, "/usr/lib/python3.14/re", {st_mode=S_IFDIR|0755, st_size=4096, ...}, 0) = 0
771400 newfstatat(AT_FDCWD, "/usr/lib/python3.14/re", {st_mode=S_IFDIR|0755, st_size=4096, ...}, 0) = 0
771400 openat(AT_FDCWD, "/usr/lib/python3.14/re", O_RDONLY|O_NONBLOCK|O_CLOEXEC|O_DIRECTORY) = 3
771400 newfstatat(AT_FDCWD, "/usr/lib/python3.14/re/_compiler.py", {st_mode=S_IFREG|0644, st_size=26855, ...}, 0) = 0
771400 newfstatat(AT_FDCWD, "/usr/lib/python3.14/re/_compiler.py", {st_mode=S_IFREG|0644, st_size=26855, ...}, 0) = 0
771400 openat(AT_FDCWD, "/usr/lib/python3.14/re/__pycache__/_compiler.cpython-314.pyc", O_RDONLY|O_CLOEXEC) = 3
771400 newfstatat(AT_FDCWD, "/usr/lib/python3.14/re", {st_mode=S_IFDIR|0755, st_size=4096, ...}, 0) = 0
771400 newfstatat(AT_FDCWD, "/usr/lib/python3.14/re/_parser.py", {st_mode=S_IFREG|0644, st_size=40353, ...}, 0) = 0
771400 newfstatat(AT_FDCWD, "/usr/lib/python3.14/re/_parser.py", {st_mode=S_IFREG|0644, st_size=40353, ...}, 0) = 0
771400 openat(AT_FDCWD, "/usr/lib/python3.14/re/__pycache__/_parser.cpython-314.pyc", O_RDONLY|O_CLOEXEC) = 3
771400 newfstatat(AT_FDCWD, "/usr/lib/python3.14/re", {st_mode=S_IFDIR|0755, st_size=4096, ...}, 0) = 0
771400 newfstatat(AT_FDCWD, "/usr/lib/python3.14/re/_constants.py", {st_mode=S_IFREG|0644, st_size=6036, ...}, 0) = 0
771400 newfstatat(AT_FDCWD, "/usr/lib/python3.14/re/_constants.py", {st_mode=S_IFREG|0644, st_size=6036, ...}, 0) = 0
771400 openat(AT_FDCWD, "/usr/lib/python3.14/re/__pycache__/_constants.cpython-314.pyc", O_RDONLY|O_CLOEXEC) = 3
771400 newfstatat(AT_FDCWD, "/usr/lib/python3.14/re", {st_mode=S_IFDIR|0755, st_size=4096, ...}, 0) = 0
771400 newfstatat(AT_FDCWD, "/usr/lib/python3.14/re/_casefix.py", {st_mode=S_IFREG|0644, st_size=5444, ...}, 0) = 0
771400 newfstatat(AT_FDCWD, "/usr/lib/python3.14/re/_casefix.py", {st_mode=S_IFREG|0644, st_size=5444, ...}, 0) = 0
771400 openat(AT_FDCWD, "/usr/lib/python3.14/re/__pycache__/_casefix.cpython-314.pyc", O_RDONLY|O_CLOEXEC) = 3
771400 newfstatat(AT_FDCWD, "/home/firstmate/.no-mistakes/worktrees/8352e211db7e/01M4F29HK4JCAKXEQ2F50R6HHX/bin", {st_mode=S_IFDIR|0775, st_size=12288, ...}, 0) = 0
771400 newfstatat(AT_FDCWD, "/usr/lib/python3.14", {st_mode=S_IFDIR|0755, st_size=20480, ...}, 0) = 0
771400 newfstatat(AT_FDCWD, "/usr/lib/python3.14/copyreg.py", {st_mode=S_IFREG|0644, st_size=7716, ...}, 0) = 0
771400 newfstatat(AT_FDCWD, "/usr/lib/python3.14/copyreg.py", {st_mode=S_IFREG|0644, st_size=7716, ...}, 0) = 0
771400 openat(AT_FDCWD, "/usr/lib/python3.14/__pycache__/copyreg.cpython-314.pyc", O_RDONLY|O_CLOEXEC) = 3
771400 newfstatat(AT_FDCWD, "/usr/lib/python3.14/json", {st_mode=S_IFDIR|0755, st_size=4096, ...}, 0) = 0
771400 newfstatat(AT_FDCWD, "/usr/lib/python3.14/json/scanner.py", {st_mode=S_IFREG|0644, st_size=2434, ...}, 0) = 0
771400 newfstatat(AT_FDCWD, "/usr/lib/python3.14/json/scanner.py", {st_mode=S_IFREG|0644, st_size=2434, ...}, 0) = 0
771400 openat(AT_FDCWD, "/usr/lib/python3.14/json/__pycache__/scanner.cpython-314.pyc", O_RDONLY|O_CLOEXEC) = 3
771400 newfstatat(AT_FDCWD, "/usr/lib/python3.14/json", {st_mode=S_IFDIR|0755, st_size=4096, ...}, 0) = 0
771400 newfstatat(AT_FDCWD, "/usr/lib/python3.14/json/encoder.py", {st_mode=S_IFREG|0644, st_size=16990, ...}, 0) = 0
771400 newfstatat(AT_FDCWD, "/usr/lib/python3.14/json/encoder.py", {st_mode=S_IFREG|0644, st_size=16990, ...}, 0) = 0
771400 openat(AT_FDCWD, "/usr/lib/python3.14/json/__pycache__/encoder.cpython-314.pyc", O_RDONLY|O_CLOEXEC) = 3
771400 newfstatat(AT_FDCWD, "/home/firstmate/.no-mistakes/worktrees/8352e211db7e/01M4F29HK4JCAKXEQ2F50R6HHX/bin", {st_mode=S_IFDIR|0775, st_size=12288, ...}, 0) = 0
771400 newfstatat(AT_FDCWD, "/usr/lib/python3.14", {st_mode=S_IFDIR|0755, st_size=20480, ...}, 0) = 0
771400 newfstatat(AT_FDCWD, "/usr/lib/python3.14/pathlib/__init__.cpython-314-x86_64-linux-gnu.so", 0x7ffdd0919f50, 0) = -1 ENOENT (No such file or directory)
771400 newfstatat(AT_FDCWD, "/usr/lib/python3.14/pathlib/__init__.abi3.so", 0x7ffdd0919f50, 0) = -1 ENOENT (No such file or directory)
771400 newfstatat(AT_FDCWD, "/usr/lib/python3.14/pathlib/__init__.abi3-x86_64-linux-gnu.so", 0x7ffdd0919f50, 0) = -1 ENOENT (No such file or directory)
771400 newfstatat(AT_FDCWD, "/usr/lib/python3.14/pathlib/__init__.so", 0x7ffdd0919f50, 0) = -1 ENOENT (No such file or directory)
771400 newfstatat(AT_FDCWD, "/usr/lib/python3.14/pathlib/__init__.py", {st_mode=S_IFREG|0644, st_size=46833, ...}, 0) = 0
771400 newfstatat(AT_FDCWD, "/usr/lib/python3.14/pathlib/__init__.py", {st_mode=S_IFREG|0644, st_size=46833, ...}, 0) = 0
771400 openat(AT_FDCWD, "/usr/lib/python3.14/pathlib/__pycache__/__init__.cpython-314.pyc", O_RDONLY|O_CLOEXEC) = 3
771400 newfstatat(AT_FDCWD, "/home/firstmate/.no-mistakes/worktrees/8352e211db7e/01M4F29HK4JCAKXEQ2F50R6HHX/bin", {st_mode=S_IFDIR|0775, st_size=12288, ...}, 0) = 0
771400 newfstatat(AT_FDCWD, "/usr/lib/python3.14", {st_mode=S_IFDIR|0755, st_size=20480, ...}, 0) = 0
771400 newfstatat(AT_FDCWD, "/usr/lib/python3.14/glob.py", {st_mode=S_IFREG|0644, st_size=20768, ...}, 0) = 0
771400 newfstatat(AT_FDCWD, "/usr/lib/python3.14/glob.py", {st_mode=S_IFREG|0644, st_size=20768, ...}, 0) = 0
771400 openat(AT_FDCWD, "/usr/lib/python3.14/__pycache__/glob.cpython-314.pyc", O_RDONLY|O_CLOEXEC) = 3
771400 newfstatat(AT_FDCWD, "/home/firstmate/.no-mistakes/worktrees/8352e211db7e/01M4F29HK4JCAKXEQ2F50R6HHX/bin", {st_mode=S_IFDIR|0775, st_size=12288, ...}, 0) = 0
771400 newfstatat(AT_FDCWD, "/usr/lib/python3.14", {st_mode=S_IFDIR|0755, st_size=20480, ...}, 0) = 0
771400 newfstatat(AT_FDCWD, "/usr/lib/python3.14/contextlib.py", {st_mode=S_IFREG|0644, st_size=27801, ...}, 0) = 0
771400 newfstatat(AT_FDCWD, "/usr/lib/python3.14/contextlib.py", {st_mode=S_IFREG|0644, st_size=27801, ...}, 0) = 0
771400 openat(AT_FDCWD, "/usr/lib/python3.14/__pycache__/contextlib.cpython-314.pyc", O_RDONLY|O_CLOEXEC) = 3
771400 newfstatat(AT_FDCWD, "/home/firstmate/.no-mistakes/worktrees/8352e211db7e/01M4F29HK4JCAKXEQ2F50R6HHX/bin", {st_mode=S_IFDIR|0775, st_size=12288, ...}, 0) = 0
771400 newfstatat(AT_FDCWD, "/usr/lib/python3.14", {st_mode=S_IFDIR|0755, st_size=20480, ...}, 0) = 0
771400 newfstatat(AT_FDCWD, "/usr/lib/python3.14/fnmatch.py", {st_mode=S_IFREG|0644, st_size=6791, ...}, 0) = 0
771400 newfstatat(AT_FDCWD, "/usr/lib/python3.14/fnmatch.py", {st_mode=S_IFREG|0644, st_size=6791, ...}, 0) = 0
771400 openat(AT_FDCWD, "/usr/lib/python3.14/__pycache__/fnmatch.cpython-314.pyc", O_RDONLY|O_CLOEXEC) = 3
771400 newfstatat(AT_FDCWD, "/usr/lib/python3.14/pathlib", {st_mode=S_IFDIR|0755, st_size=4096, ...}, 0) = 0
771400 newfstatat(AT_FDCWD, "/usr/lib/python3.14/pathlib", {st_mode=S_IFDIR|0755, st_size=4096, ...}, 0) = 0
771400 newfstatat(AT_FDCWD, "/usr/lib/python3.14/pathlib", {st_mode=S_IFDIR|0755, st_size=4096, ...}, 0) = 0
771400 openat(AT_FDCWD, "/usr/lib/python3.14/pathlib", O_RDONLY|O_NONBLOCK|O_CLOEXEC|O_DIRECTORY) = 3
771400 newfstatat(AT_FDCWD, "/usr/lib/python3.14/pathlib/_os.py", {st_mode=S_IFREG|0644, st_size=18161, ...}, 0) = 0
771400 newfstatat(AT_FDCWD, "/usr/lib/python3.14/pathlib/_os.py", {st_mode=S_IFREG|0644, st_size=18161, ...}, 0) = 0
771400 openat(AT_FDCWD, "/usr/lib/python3.14/pathlib/__pycache__/_os.cpython-314.pyc", O_RDONLY|O_CLOEXEC) = 3
771400 newfstatat(AT_FDCWD, "/home/firstmate/.no-mistakes/worktrees/8352e211db7e/01M4F29HK4JCAKXEQ2F50R6HHX/bin", {st_mode=S_IFDIR|0775, st_size=12288, ...}, 0) = 0
771400 newfstatat(AT_FDCWD, "/usr/lib/python3.14", {st_mode=S_IFDIR|0755, st_size=20480, ...}, 0) = 0
771400 newfstatat(AT_FDCWD, "/usr/lib/python3.14/lib-dynload", {st_mode=S_IFDIR|0755, st_size=16384, ...}, 0) = 0
771400 newfstatat(AT_FDCWD, "/home/firstmate/.local/lib/python3.14/site-packages", {st_mode=S_IFDIR|0775, st_size=4096, ...}, 0) = 0
771400 newfstatat(AT_FDCWD, "/usr/local/lib/python3.14/dist-packages", {st_mode=S_IFDIR|0755, st_size=4096, ...}, 0) = 0
771400 newfstatat(AT_FDCWD, "/usr/lib/python3/dist-packages", {st_mode=S_IFDIR|0755, st_size=12288, ...}, 0) = 0
771400 newfstatat(AT_FDCWD, "/home/firstmate/.no-mistakes/worktrees/8352e211db7e/01M4F29HK4JCAKXEQ2F50R6HHX/bin", {st_mode=S_IFDIR|0775, st_size=12288, ...}, 0) = 0
771400 newfstatat(AT_FDCWD, "/usr/lib/python3.14", {st_mode=S_IFDIR|0755, st_size=20480, ...}, 0) = 0
771400 newfstatat(AT_FDCWD, "/usr/lib/python3.14/lib-dynload", {st_mode=S_IFDIR|0755, st_size=16384, ...}, 0) = 0
771400 newfstatat(AT_FDCWD, "/home/firstmate/.local/lib/python3.14/site-packages", {st_mode=S_IFDIR|0775, st_size=4096, ...}, 0) = 0
771400 newfstatat(AT_FDCWD, "/usr/local/lib/python3.14/dist-packages", {st_mode=S_IFDIR|0755, st_size=4096, ...}, 0) = 0
771400 newfstatat(AT_FDCWD, "/usr/lib/python3/dist-packages", {st_mode=S_IFDIR|0755, st_size=12288, ...}, 0) = 0
771400 newfstatat(AT_FDCWD, "/home/firstmate/.no-mistakes/worktrees/8352e211db7e/01M4F29HK4JCAKXEQ2F50R6HHX/bin", {st_mode=S_IFDIR|0775, st_size=12288, ...}, 0) = 0
771400 newfstatat(AT_FDCWD, "/usr/lib/python3.14", {st_mode=S_IFDIR|0755, st_size=20480, ...}, 0) = 0
771400 newfstatat(AT_FDCWD, "/usr/lib/python3.14/lib-dynload", {st_mode=S_IFDIR|0755, st_size=16384, ...}, 0) = 0
771400 newfstatat(AT_FDCWD, "/home/firstmate/.local/lib/python3.14/site-packages", {st_mode=S_IFDIR|0775, st_size=4096, ...}, 0) = 0
771400 newfstatat(AT_FDCWD, "/usr/local/lib/python3.14/dist-packages", {st_mode=S_IFDIR|0755, st_size=4096, ...}, 0) = 0
771400 newfstatat(AT_FDCWD, "/usr/lib/python3/dist-packages", {st_mode=S_IFDIR|0755, st_size=12288, ...}, 0) = 0
771400 newfstatat(AT_FDCWD, "/home/firstmate/.no-mistakes/worktrees/8352e211db7e/01M4F29HK4JCAKXEQ2F50R6HHX/bin", {st_mode=S_IFDIR|0775, st_size=12288, ...}, 0) = 0
771400 newfstatat(AT_FDCWD, "/usr/lib/python3.14", {st_mode=S_IFDIR|0755, st_size=20480, ...}, 0) = 0
771400 newfstatat(AT_FDCWD, "/usr/lib/python3.14/lib-dynload", {st_mode=S_IFDIR|0755, st_size=16384, ...}, 0) = 0
771400 newfstatat(AT_FDCWD, "/home/firstmate/.local/lib/python3.14/site-packages", {st_mode=S_IFDIR|0775, st_size=4096, ...}, 0) = 0
771400 newfstatat(AT_FDCWD, "/usr/local/lib/python3.14/dist-packages", {st_mode=S_IFDIR|0755, st_size=4096, ...}, 0) = 0
771400 newfstatat(AT_FDCWD, "/usr/lib/python3/dist-packages", {st_mode=S_IFDIR|0755, st_size=12288, ...}, 0) = 0
771400 newfstatat(AT_FDCWD, "/home/firstmate/.no-mistakes/worktrees/8352e211db7e/01M4F29HK4JCAKXEQ2F50R6HHX/bin", {st_mode=S_IFDIR|0775, st_size=12288, ...}, 0) = 0
771400 newfstatat(AT_FDCWD, "/usr/lib/python3.14", {st_mode=S_IFDIR|0755, st_size=20480, ...}, 0) = 0
771400 newfstatat(AT_FDCWD, "/usr/lib/python3.14/lib-dynload", {st_mode=S_IFDIR|0755, st_size=16384, ...}, 0) = 0
771400 newfstatat(AT_FDCWD, "/home/firstmate/.local/lib/python3.14/site-packages", {st_mode=S_IFDIR|0775, st_size=4096, ...}, 0) = 0
771400 newfstatat(AT_FDCWD, "/usr/local/lib/python3.14/dist-packages", {st_mode=S_IFDIR|0755, st_size=4096, ...}, 0) = 0
771400 newfstatat(AT_FDCWD, "/usr/lib/python3/dist-packages", {st_mode=S_IFDIR|0755, st_size=12288, ...}, 0) = 0
771400 newfstatat(AT_FDCWD, "/home/firstmate/.no-mistakes/worktrees/8352e211db7e/01M4F29HK4JCAKXEQ2F50R6HHX/bin", {st_mode=S_IFDIR|0775, st_size=12288, ...}, 0) = 0
771400 newfstatat(AT_FDCWD, "/usr/lib/python3.14", {st_mode=S_IFDIR|0755, st_size=20480, ...}, 0) = 0
771400 newfstatat(AT_FDCWD, "/usr/lib/python3.14/lib-dynload", {st_mode=S_IFDIR|0755, st_size=16384, ...}, 0) = 0
771400 newfstatat(AT_FDCWD, "/home/firstmate/.local/lib/python3.14/site-packages", {st_mode=S_IFDIR|0775, st_size=4096, ...}, 0) = 0
771400 newfstatat(AT_FDCWD, "/usr/local/lib/python3.14/dist-packages", {st_mode=S_IFDIR|0755, st_size=4096, ...}, 0) = 0
771400 newfstatat(AT_FDCWD, "/usr/lib/python3/dist-packages", {st_mode=S_IFDIR|0755, st_size=12288, ...}, 0) = 0
771400 newfstatat(AT_FDCWD, "/home/firstmate/.no-mistakes/worktrees/8352e211db7e/01M4F29HK4JCAKXEQ2F50R6HHX/bin", {st_mode=S_IFDIR|0775, st_size=12288, ...}, 0) = 0
771400 newfstatat(AT_FDCWD, "/usr/lib/python3.14", {st_mode=S_IFDIR|0755, st_size=20480, ...}, 0) = 0
771400 newfstatat(AT_FDCWD, "/usr/lib/python3.14/lib-dynload", {st_mode=S_IFDIR|0755, st_size=16384, ...}, 0) = 0
771400 newfstatat(AT_FDCWD, "/home/firstmate/.local/lib/python3.14/site-packages", {st_mode=S_IFDIR|0775, st_size=4096, ...}, 0) = 0
771400 newfstatat(AT_FDCWD, "/usr/local/lib/python3.14/dist-packages", {st_mode=S_IFDIR|0755, st_size=4096, ...}, 0) = 0
771400 newfstatat(AT_FDCWD, "/usr/lib/python3/dist-packages", {st_mode=S_IFDIR|0755, st_size=12288, ...}, 0) = 0
771400 newfstatat(AT_FDCWD, "/home/firstmate/.no-mistakes/worktrees/8352e211db7e/01M4F29HK4JCAKXEQ2F50R6HHX/bin", {st_mode=S_IFDIR|0775, st_size=12288, ...}, 0) = 0
771400 newfstatat(AT_FDCWD, "/usr/lib/python3.14", {st_mode=S_IFDIR|0755, st_size=20480, ...}, 0) = 0
771400 newfstatat(AT_FDCWD, "/usr/lib/python3.14/lib-dynload", {st_mode=S_IFDIR|0755, st_size=16384, ...}, 0) = 0
771400 newfstatat(AT_FDCWD, "/home/firstmate/.local/lib/python3.14/site-packages", {st_mode=S_IFDIR|0775, st_size=4096, ...}, 0) = 0
771400 newfstatat(AT_FDCWD, "/usr/local/lib/python3.14/dist-packages", {st_mode=S_IFDIR|0755, st_size=4096, ...}, 0) = 0
771400 newfstatat(AT_FDCWD, "/usr/lib/python3/dist-packages", {st_mode=S_IFDIR|0755, st_size=12288, ...}, 0) = 0
771400 newfstatat(AT_FDCWD, "/home/firstmate/.no-mistakes/worktrees/8352e211db7e/01M4F29HK4JCAKXEQ2F50R6HHX/bin", {st_mode=S_IFDIR|0775, st_size=12288, ...}, 0) = 0
771400 newfstatat(AT_FDCWD, "/usr/lib/python3.14", {st_mode=S_IFDIR|0755, st_size=20480, ...}, 0) = 0
771400 newfstatat(AT_FDCWD, "/usr/lib/python3.14/lib-dynload", {st_mode=S_IFDIR|0755, st_size=16384, ...}, 0) = 0
771400 newfstatat(AT_FDCWD, "/home/firstmate/.local/lib/python3.14/site-packages", {st_mode=S_IFDIR|0775, st_size=4096, ...}, 0) = 0
771400 newfstatat(AT_FDCWD, "/usr/local/lib/python3.14/dist-packages", {st_mode=S_IFDIR|0755, st_size=4096, ...}, 0) = 0
771400 newfstatat(AT_FDCWD, "/usr/lib/python3/dist-packages", {st_mode=S_IFDIR|0755, st_size=12288, ...}, 0) = 0
771400 newfstatat(AT_FDCWD, "/home/firstmate/.no-mistakes/worktrees/8352e211db7e/01M4F29HK4JCAKXEQ2F50R6HHX/bin", {st_mode=S_IFDIR|0775, st_size=12288, ...}, 0) = 0
771400 newfstatat(AT_FDCWD, "/usr/lib/python3.14", {st_mode=S_IFDIR|0755, st_size=20480, ...}, 0) = 0
771400 newfstatat(AT_FDCWD, "/usr/lib/python3.14/secrets.py", {st_mode=S_IFREG|0644, st_size=1984, ...}, 0) = 0
771400 newfstatat(AT_FDCWD, "/usr/lib/python3.14/secrets.py", {st_mode=S_IFREG|0644, st_size=1984, ...}, 0) = 0
771400 openat(AT_FDCWD, "/usr/lib/python3.14/__pycache__/secrets.cpython-314.pyc", O_RDONLY|O_CLOEXEC) = 3
771400 newfstatat(AT_FDCWD, "/home/firstmate/.no-mistakes/worktrees/8352e211db7e/01M4F29HK4JCAKXEQ2F50R6HHX/bin", {st_mode=S_IFDIR|0775, st_size=12288, ...}, 0) = 0
771400 newfstatat(AT_FDCWD, "/usr/lib/python3.14", {st_mode=S_IFDIR|0755, st_size=20480, ...}, 0) = 0
771400 newfstatat(AT_FDCWD, "/usr/lib/python3.14/base64.py", {st_mode=S_IFREG|0644, st_size=22029, ...}, 0) = 0
771400 newfstatat(AT_FDCWD, "/usr/lib/python3.14/base64.py", {st_mode=S_IFREG|0644, st_size=22029, ...}, 0) = 0
771400 openat(AT_FDCWD, "/usr/lib/python3.14/__pycache__/base64.cpython-314.pyc", O_RDONLY|O_CLOEXEC) = 3
771400 newfstatat(AT_FDCWD, "/home/firstmate/.no-mistakes/worktrees/8352e211db7e/01M4F29HK4JCAKXEQ2F50R6HHX/bin", {st_mode=S_IFDIR|0775, st_size=12288, ...}, 0) = 0
771400 newfstatat(AT_FDCWD, "/usr/lib/python3.14", {st_mode=S_IFDIR|0755, st_size=20480, ...}, 0) = 0
771400 newfstatat(AT_FDCWD, "/usr/lib/python3.14/struct.py", {st_mode=S_IFREG|0644, st_size=285, ...}, 0) = 0
771400 newfstatat(AT_FDCWD, "/usr/lib/python3.14/struct.py", {st_mode=S_IFREG|0644, st_size=285, ...}, 0) = 0
771400 openat(AT_FDCWD, "/usr/lib/python3.14/__pycache__/struct.cpython-314.pyc", O_RDONLY|O_CLOEXEC) = 3
771400 newfstatat(AT_FDCWD, "/home/firstmate/.no-mistakes/worktrees/8352e211db7e/01M4F29HK4JCAKXEQ2F50R6HHX/bin", {st_mode=S_IFDIR|0775, st_size=12288, ...}, 0) = 0
771400 newfstatat(AT_FDCWD, "/usr/lib/python3.14", {st_mode=S_IFDIR|0755, st_size=20480, ...}, 0) = 0
771400 newfstatat(AT_FDCWD, "/usr/lib/python3.14/hmac.py", {st_mode=S_IFREG|0644, st_size=9589, ...}, 0) = 0
771400 newfstatat(AT_FDCWD, "/usr/lib/python3.14/hmac.py", {st_mode=S_IFREG|0644, st_size=9589, ...}, 0) = 0
771400 openat(AT_FDCWD, "/usr/lib/python3.14/__pycache__/hmac.cpython-314.pyc", O_RDONLY|O_CLOEXEC) = 3
771400 newfstatat(AT_FDCWD, "/home/firstmate/.no-mistakes/worktrees/8352e211db7e/01M4F29HK4JCAKXEQ2F50R6HHX/bin", {st_mode=S_IFDIR|0775, st_size=12288, ...}, 0) = 0
771400 newfstatat(AT_FDCWD, "/usr/lib/python3.14", {st_mode=S_IFDIR|0755, st_size=20480, ...}, 0) = 0
771400 newfstatat(AT_FDCWD, "/usr/lib/python3.14/lib-dynload", {st_mode=S_IFDIR|0755, st_size=16384, ...}, 0) = 0
771400 newfstatat(AT_FDCWD, "/usr/lib/python3.14/lib-dynload/_hmac.cpython-314-x86_64-linux-gnu.so", {st_mode=S_IFREG|0644, st_size=151584, ...}, 0) = 0
771400 openat(AT_FDCWD, "/usr/lib/python3.14/lib-dynload/_hmac.cpython-314-x86_64-linux-gnu.so", O_RDONLY|O_CLOEXEC) = 3
771400 newfstatat(AT_FDCWD, "/home/firstmate/.no-mistakes/worktrees/8352e211db7e/01M4F29HK4JCAKXEQ2F50R6HHX/bin", {st_mode=S_IFDIR|0775, st_size=12288, ...}, 0) = 0
771400 newfstatat(AT_FDCWD, "/usr/lib/python3.14", {st_mode=S_IFDIR|0755, st_size=20480, ...}, 0) = 0
771400 newfstatat(AT_FDCWD, "/usr/lib/python3.14/random.py", {st_mode=S_IFREG|0644, st_size=37259, ...}, 0) = 0
771400 newfstatat(AT_FDCWD, "/usr/lib/python3.14/random.py", {st_mode=S_IFREG|0644, st_size=37259, ...}, 0) = 0
771400 openat(AT_FDCWD, "/usr/lib/python3.14/__pycache__/random.cpython-314.pyc", O_RDONLY|O_CLOEXEC) = 3
771400 newfstatat(AT_FDCWD, "/home/firstmate/.no-mistakes/worktrees/8352e211db7e/01M4F29HK4JCAKXEQ2F50R6HHX/bin", {st_mode=S_IFDIR|0775, st_size=12288, ...}, 0) = 0
771400 newfstatat(AT_FDCWD, "/usr/lib/python3.14", {st_mode=S_IFDIR|0755, st_size=20480, ...}, 0) = 0
771400 newfstatat(AT_FDCWD, "/usr/lib/python3.14/bisect.py", {st_mode=S_IFREG|0644, st_size=3423, ...}, 0) = 0
771400 newfstatat(AT_FDCWD, "/usr/lib/python3.14/bisect.py", {st_mode=S_IFREG|0644, st_size=3423, ...}, 0) = 0
771400 openat(AT_FDCWD, "/usr/lib/python3.14/__pycache__/bisect.cpython-314.pyc", O_RDONLY|O_CLOEXEC) = 3
771400 newfstatat(AT_FDCWD, "/home/firstmate/.no-mistakes/worktrees/8352e211db7e/01M4F29HK4JCAKXEQ2F50R6HHX/bin", {st_mode=S_IFDIR|0775, st_size=12288, ...}, 0) = 0
771400 newfstatat(AT_FDCWD, "/usr/lib/python3.14", {st_mode=S_IFDIR|0755, st_size=20480, ...}, 0) = 0
771400 newfstatat(AT_FDCWD, "/usr/lib/python3.14/subprocess.py", {st_mode=S_IFREG|0644, st_size=90732, ...}, 0) = 0
771400 newfstatat(AT_FDCWD, "/usr/lib/python3.14/subprocess.py", {st_mode=S_IFREG|0644, st_size=90732, ...}, 0) = 0
771400 openat(AT_FDCWD, "/usr/lib/python3.14/__pycache__/subprocess.cpython-314.pyc", O_RDONLY|O_CLOEXEC) = 3
771400 newfstatat(AT_FDCWD, "/home/firstmate/.no-mistakes/worktrees/8352e211db7e/01M4F29HK4JCAKXEQ2F50R6HHX/bin", {st_mode=S_IFDIR|0775, st_size=12288, ...}, 0) = 0
771400 newfstatat(AT_FDCWD, "/usr/lib/python3.14", {st_mode=S_IFDIR|0755, st_size=20480, ...}, 0) = 0
771400 newfstatat(AT_FDCWD, "/usr/lib/python3.14/signal.py", {st_mode=S_IFREG|0644, st_size=2495, ...}, 0) = 0
771400 newfstatat(AT_FDCWD, "/usr/lib/python3.14/signal.py", {st_mode=S_IFREG|0644, st_size=2495, ...}, 0) = 0
771400 openat(AT_FDCWD, "/usr/lib/python3.14/__pycache__/signal.cpython-314.pyc", O_RDONLY|O_CLOEXEC) = 3
771400 newfstatat(AT_FDCWD, "/home/firstmate/.no-mistakes/worktrees/8352e211db7e/01M4F29HK4JCAKXEQ2F50R6HHX/bin", {st_mode=S_IFDIR|0775, st_size=12288, ...}, 0) = 0
771400 newfstatat(AT_FDCWD, "/usr/lib/python3.14", {st_mode=S_IFDIR|0755, st_size=20480, ...}, 0) = 0
771400 newfstatat(AT_FDCWD, "/usr/lib/python3.14/threading.py", {st_mode=S_IFREG|0644, st_size=56923, ...}, 0) = 0
771400 newfstatat(AT_FDCWD, "/usr/lib/python3.14/threading.py", {st_mode=S_IFREG|0644, st_size=56923, ...}, 0) = 0
771400 openat(AT_FDCWD, "/usr/lib/python3.14/__pycache__/threading.cpython-314.pyc", O_RDONLY|O_CLOEXEC) = 3
771400 newfstatat(AT_FDCWD, "/home/firstmate/.no-mistakes/worktrees/8352e211db7e/01M4F29HK4JCAKXEQ2F50R6HHX/bin", {st_mode=S_IFDIR|0775, st_size=12288, ...}, 0) = 0
771400 newfstatat(AT_FDCWD, "/usr/lib/python3.14", {st_mode=S_IFDIR|0755, st_size=20480, ...}, 0) = 0
771400 newfstatat(AT_FDCWD, "/usr/lib/python3.14/_weakrefset.py", {st_mode=S_IFREG|0644, st_size=3962, ...}, 0) = 0
771400 newfstatat(AT_FDCWD, "/usr/lib/python3.14/_weakrefset.py", {st_mode=S_IFREG|0644, st_size=3962, ...}, 0) = 0
771400 openat(AT_FDCWD, "/usr/lib/python3.14/__pycache__/_weakrefset.cpython-314.pyc", O_RDONLY|O_CLOEXEC) = 3
771400 newfstatat(AT_FDCWD, "/home/firstmate/.no-mistakes/worktrees/8352e211db7e/01M4F29HK4JCAKXEQ2F50R6HHX/bin", {st_mode=S_IFDIR|0775, st_size=12288, ...}, 0) = 0
771400 newfstatat(AT_FDCWD, "/usr/lib/python3.14", {st_mode=S_IFDIR|0755, st_size=20480, ...}, 0) = 0
771400 newfstatat(AT_FDCWD, "/usr/lib/python3.14/warnings.py", {st_mode=S_IFREG|0644, st_size=1966, ...}, 0) = 0
771400 newfstatat(AT_FDCWD, "/usr/lib/python3.14/warnings.py", {st_mode=S_IFREG|0644, st_size=1966, ...}, 0) = 0
771400 openat(AT_FDCWD, "/usr/lib/python3.14/__pycache__/warnings.cpython-314.pyc", O_RDONLY|O_CLOEXEC) = 3
771400 newfstatat(AT_FDCWD, "/home/firstmate/.no-mistakes/worktrees/8352e211db7e/01M4F29HK4JCAKXEQ2F50R6HHX/bin", {st_mode=S_IFDIR|0775, st_size=12288, ...}, 0) = 0
771400 newfstatat(AT_FDCWD, "/usr/lib/python3.14", {st_mode=S_IFDIR|0755, st_size=20480, ...}, 0) = 0
771400 newfstatat(AT_FDCWD, "/usr/lib/python3.14/_py_warnings.py", {st_mode=S_IFREG|0644, st_size=30631, ...}, 0) = 0
771400 newfstatat(AT_FDCWD, "/usr/lib/python3.14/_py_warnings.py", {st_mode=S_IFREG|0644, st_size=30631, ...}, 0) = 0
771400 openat(AT_FDCWD, "/usr/lib/python3.14/__pycache__/_py_warnings.cpython-314.pyc", O_RDONLY|O_CLOEXEC) = 3
771400 newfstatat(AT_FDCWD, "/home/firstmate/.no-mistakes/worktrees/8352e211db7e/01M4F29HK4JCAKXEQ2F50R6HHX/bin", {st_mode=S_IFDIR|0775, st_size=12288, ...}, 0) = 0
771400 newfstatat(AT_FDCWD, "/usr/lib/python3.14", {st_mode=S_IFDIR|0755, st_size=20480, ...}, 0) = 0
771400 newfstatat(AT_FDCWD, "/usr/lib/python3.14/lib-dynload", {st_mode=S_IFDIR|0755, st_size=16384, ...}, 0) = 0
771400 newfstatat(AT_FDCWD, "/home/firstmate/.local/lib/python3.14/site-packages", {st_mode=S_IFDIR|0775, st_size=4096, ...}, 0) = 0
771400 newfstatat(AT_FDCWD, "/usr/local/lib/python3.14/dist-packages", {st_mode=S_IFDIR|0755, st_size=4096, ...}, 0) = 0
771400 newfstatat(AT_FDCWD, "/usr/lib/python3/dist-packages", {st_mode=S_IFDIR|0755, st_size=12288, ...}, 0) = 0
771400 newfstatat(AT_FDCWD, "/home/firstmate/.no-mistakes/worktrees/8352e211db7e/01M4F29HK4JCAKXEQ2F50R6HHX/bin", {st_mode=S_IFDIR|0775, st_size=12288, ...}, 0) = 0
771400 newfstatat(AT_FDCWD, "/usr/lib/python3.14", {st_mode=S_IFDIR|0755, st_size=20480, ...}, 0) = 0
771400 newfstatat(AT_FDCWD, "/usr/lib/python3.14/selectors.py", {st_mode=S_IFREG|0644, st_size=19457, ...}, 0) = 0
771400 newfstatat(AT_FDCWD, "/usr/lib/python3.14/selectors.py", {st_mode=S_IFREG|0644, st_size=19457, ...}, 0) = 0
771400 openat(AT_FDCWD, "/usr/lib/python3.14/__pycache__/selectors.cpython-314.pyc", O_RDONLY|O_CLOEXEC) = 3
771400 newfstatat(AT_FDCWD, "/home/firstmate/.no-mistakes/worktrees/8352e211db7e/01M4F29HK4JCAKXEQ2F50R6HHX/bin", {st_mode=S_IFDIR|0775, st_size=12288, ...}, 0) = 0
771400 newfstatat(AT_FDCWD, "/usr/lib/python3.14", {st_mode=S_IFDIR|0755, st_size=20480, ...}, 0) = 0
771400 newfstatat(AT_FDCWD, "/usr/lib/python3.14/tomllib/__init__.cpython-314-x86_64-linux-gnu.so", 0x7ffdd0919f50, 0) = -1 ENOENT (No such file or directory)
771400 newfstatat(AT_FDCWD, "/usr/lib/python3.14/tomllib/__init__.abi3.so", 0x7ffdd0919f50, 0) = -1 ENOENT (No such file or directory)
771400 newfstatat(AT_FDCWD, "/usr/lib/python3.14/tomllib/__init__.abi3-x86_64-linux-gnu.so", 0x7ffdd0919f50, 0) = -1 ENOENT (No such file or directory)
771400 newfstatat(AT_FDCWD, "/usr/lib/python3.14/tomllib/__init__.so", 0x7ffdd0919f50, 0) = -1 ENOENT (No such file or directory)
771400 newfstatat(AT_FDCWD, "/usr/lib/python3.14/tomllib/__init__.py", {st_mode=S_IFREG|0644, st_size=308, ...}, 0) = 0
771400 newfstatat(AT_FDCWD, "/usr/lib/python3.14/tomllib/__init__.py", {st_mode=S_IFREG|0644, st_size=308, ...}, 0) = 0
771400 openat(AT_FDCWD, "/usr/lib/python3.14/tomllib/__pycache__/__init__.cpython-314.pyc", O_RDONLY|O_CLOEXEC) = 3
771400 newfstatat(AT_FDCWD, "/usr/lib/python3.14/tomllib", {st_mode=S_IFDIR|0755, st_size=4096, ...}, 0) = 0
771400 newfstatat(AT_FDCWD, "/usr/lib/python3.14/tomllib", {st_mode=S_IFDIR|0755, st_size=4096, ...}, 0) = 0
771400 newfstatat(AT_FDCWD, "/usr/lib/python3.14/tomllib", {st_mode=S_IFDIR|0755, st_size=4096, ...}, 0) = 0
771400 openat(AT_FDCWD, "/usr/lib/python3.14/tomllib", O_RDONLY|O_NONBLOCK|O_CLOEXEC|O_DIRECTORY) = 3
771400 newfstatat(AT_FDCWD, "/usr/lib/python3.14/tomllib/_parser.py", {st_mode=S_IFREG|0644, st_size=24586, ...}, 0) = 0
771400 newfstatat(AT_FDCWD, "/usr/lib/python3.14/tomllib/_parser.py", {st_mode=S_IFREG|0644, st_size=24586, ...}, 0) = 0
771400 openat(AT_FDCWD, "/usr/lib/python3.14/tomllib/__pycache__/_parser.cpython-314.pyc", O_RDONLY|O_CLOEXEC) = 3
771400 newfstatat(AT_FDCWD, "/home/firstmate/.no-mistakes/worktrees/8352e211db7e/01M4F29HK4JCAKXEQ2F50R6HHX/bin", {st_mode=S_IFDIR|0775, st_size=12288, ...}, 0) = 0
771400 newfstatat(AT_FDCWD, "/usr/lib/python3.14", {st_mode=S_IFDIR|0755, st_size=20480, ...}, 0) = 0
771400 newfstatat(AT_FDCWD, "/usr/lib/python3.14/__future__.py", {st_mode=S_IFREG|0644, st_size=5218, ...}, 0) = 0
771400 newfstatat(AT_FDCWD, "/usr/lib/python3.14/__future__.py", {st_mode=S_IFREG|0644, st_size=5218, ...}, 0) = 0
771400 openat(AT_FDCWD, "/usr/lib/python3.14/__pycache__/__future__.cpython-314.pyc", O_RDONLY|O_CLOEXEC) = 3
771400 newfstatat(AT_FDCWD, "/usr/lib/python3.14/tomllib", {st_mode=S_IFDIR|0755, st_size=4096, ...}, 0) = 0
771400 newfstatat(AT_FDCWD, "/usr/lib/python3.14/tomllib/_re.py", {st_mode=S_IFREG|0644, st_size=3192, ...}, 0) = 0
771400 newfstatat(AT_FDCWD, "/usr/lib/python3.14/tomllib/_re.py", {st_mode=S_IFREG|0644, st_size=3192, ...}, 0) = 0
771400 openat(AT_FDCWD, "/usr/lib/python3.14/tomllib/__pycache__/_re.cpython-314.pyc", O_RDONLY|O_CLOEXEC) = 3
771400 newfstatat(AT_FDCWD, "/etc/nsswitch.conf", {st_mode=S_IFREG|0644, st_size=526, ...}, 0) = 0
771400 newfstatat(AT_FDCWD, "/", {st_mode=S_IFDIR|0755, st_size=4096, ...}, 0) = 0
771400 openat(AT_FDCWD, "/etc/nsswitch.conf", O_RDONLY|O_CLOEXEC) = 3
771400 openat(AT_FDCWD, "/etc/passwd", O_RDONLY|O_CLOEXEC) = 3
771400 newfstatat(AT_FDCWD, "/home", {st_mode=S_IFDIR|0755, st_size=4096, ...}, AT_SYMLINK_NOFOLLOW) = 0
771400 newfstatat(AT_FDCWD, "/home/firstmate", {st_mode=S_IFDIR|0750, st_size=16384, ...}, AT_SYMLINK_NOFOLLOW) = 0
771400 newfstatat(AT_FDCWD, "/home/firstmate/.no-mistakes", {st_mode=S_IFDIR|0755, st_size=4096, ...}, AT_SYMLINK_NOFOLLOW) = 0
771400 newfstatat(AT_FDCWD, "/home/firstmate/.no-mistakes/worktrees", {st_mode=S_IFDIR|0755, st_size=4096, ...}, AT_SYMLINK_NOFOLLOW) = 0
771400 newfstatat(AT_FDCWD, "/home/firstmate/.no-mistakes/worktrees/8352e211db7e", {st_mode=S_IFDIR|0775, st_size=4096, ...}, AT_SYMLINK_NOFOLLOW) = 0
771400 newfstatat(AT_FDCWD, "/home/firstmate/.no-mistakes/worktrees/8352e211db7e/01M4F29HK4JCAKXEQ2F50R6HHX", {st_mode=S_IFDIR|0775, st_size=4096, ...}, AT_SYMLINK_NOFOLLOW) = 0
771400 newfstatat(AT_FDCWD, "/home/firstmate/.no-mistakes/worktrees/8352e211db7e/01M4F29HK4JCAKXEQ2F50R6HHX/bin", {st_mode=S_IFDIR|0775, st_size=12288, ...}, AT_SYMLINK_NOFOLLOW) = 0
771400 newfstatat(AT_FDCWD, "/home/firstmate/.no-mistakes/worktrees/8352e211db7e/01M4F29HK4JCAKXEQ2F50R6HHX/bin/fm-courier-pickup.py", {st_mode=S_IFREG|0775, st_size=30953, ...}, AT_SYMLINK_NOFOLLOW) = 0
771400 openat(AT_FDCWD, "/home/firstmate/.no-mistakes/worktrees/8352e211db7e/01M4F29HK4JCAKXEQ2F50R6HHX/.test-tmp/boundary/home/state/imessage/binding.json", O_RDONLY|O_CLOEXEC) = 3
771400 mkdir("/home/firstmate/.no-mistakes/worktrees/8352e211db7e/01M4F29HK4JCAKXEQ2F50R6HHX/.test-tmp/boundary/home/state/courier-pickup", 0700) = -1 EEXIST (File exists)
771400 newfstatat(AT_FDCWD, "/home/firstmate/.no-mistakes/worktrees/8352e211db7e/01M4F29HK4JCAKXEQ2F50R6HHX/.test-tmp/boundary/home/state/courier-pickup", {st_mode=S_IFDIR|0700, st_size=4096, ...}, 0) = 0
771400 openat(AT_FDCWD, "/home/firstmate/.no-mistakes/worktrees/8352e211db7e/01M4F29HK4JCAKXEQ2F50R6HHX/.test-tmp/boundary/home/state/courier-pickup/lock", O_WRONLY|O_CREAT|O_NOFOLLOW|O_CLOEXEC, 0600) = 3
771400 newfstatat(AT_FDCWD, "/home/firstmate/.no-mistakes/worktrees/8352e211db7e/01M4F29HK4JCAKXEQ2F50R6HHX/.test-tmp/boundary/home/state/courier-pickup/state.json", {st_mode=S_IFREG|0600, st_size=423, ...}, 0) = 0
771400 openat(AT_FDCWD, "/home/firstmate/.no-mistakes/worktrees/8352e211db7e/01M4F29HK4JCAKXEQ2F50R6HHX/.test-tmp/boundary/home/state/courier-pickup/state.json", O_RDONLY|O_CLOEXEC) = 4
771400 openat(AT_FDCWD, "/home/firstmate/.no-mistakes/worktrees/8352e211db7e/01M4F29HK4JCAKXEQ2F50R6HHX/.test-tmp/boundary/courier/srv/courier/inbound", O_RDONLY|O_NOFOLLOW|O_CLOEXEC|O_DIRECTORY) = 4
771400 openat(AT_FDCWD, "/home/firstmate/.no-mistakes/worktrees/8352e211db7e/01M4F29HK4JCAKXEQ2F50R6HHX/.test-tmp/boundary/courier/srv/courier/inbound", O_RDONLY|O_NOFOLLOW|O_CLOEXEC|O_DIRECTORY) = 4
771400 openat(4, "000000000003-message-wrong-owner.json", O_RDONLY|O_NONBLOCK|O_NOFOLLOW|O_CLOEXEC) = 5
771400 openat(AT_FDCWD, "/home/firstmate/.no-mistakes/worktrees/8352e211db7e/01M4F29HK4JCAKXEQ2F50R6HHX/.test-tmp/boundary/home/state/courier-pickup/.state.11fc340fcc48dc52", O_WRONLY|O_CREAT|O_EXCL|O_CLOEXEC, 0666) = 4
771400 rename("/home/firstmate/.no-mistakes/worktrees/8352e211db7e/01M4F29HK4JCAKXEQ2F50R6HHX/.test-tmp/boundary/home/state/courier-pickup/.state.11fc340fcc48dc52", "/home/firstmate/.no-mistakes/worktrees/8352e211db7e/01M4F29HK4JCAKXEQ2F50R6HHX/.test-tmp/boundary/home/state/courier-pickup/state.json") = 0
771400 openat(AT_FDCWD, "/home/firstmate/.no-mistakes/worktrees/8352e211db7e/01M4F29HK4JCAKXEQ2F50R6HHX/.test-tmp/boundary/home/state/courier-pickup", O_RDONLY|O_NOFOLLOW|O_CLOEXEC|O_DIRECTORY) = 4
771400 openat(AT_FDCWD, "/home/firstmate/.no-mistakes/worktrees/8352e211db7e/01M4F29HK4JCAKXEQ2F50R6HHX/.test-tmp/boundary/courier/srv/courier/inbound", O_RDONLY|O_NOFOLLOW|O_CLOEXEC|O_DIRECTORY) = 4
771496 execve("/home/firstmate/.no-mistakes/worktrees/8352e211db7e/01M4F29HK4JCAKXEQ2F50R6HHX/bin/fm-inbox.sh", ["/home/firstmate/.no-mistakes/wor"..., "conversation", "poll"], 0x7f4267dfcef0 /* 6 vars */) = 0
771496 access("/etc/ld.so.preload", R_OK) = -1 ENOENT (No such file or directory)
771496 openat(AT_FDCWD, "/etc/ld.so.cache", O_RDONLY|O_CLOEXEC) = 3
771496 openat(AT_FDCWD, "/usr/lib/x86_64-linux-gnu/libselinux.so.1", O_RDONLY|O_CLOEXEC) = 3
771496 openat(AT_FDCWD, "/usr/lib/x86_64-linux-gnu/libgcc_s.so.1", O_RDONLY|O_CLOEXEC) = 3
771496 openat(AT_FDCWD, "/usr/lib/x86_64-linux-gnu/libm.so.6", O_RDONLY|O_CLOEXEC) = 3
771496 openat(AT_FDCWD, "/usr/lib/x86_64-linux-gnu/libc.so.6", O_RDONLY|O_CLOEXEC) = 3
771496 openat(AT_FDCWD, "/usr/lib/x86_64-linux-gnu/libpcre2-8.so.0", O_RDONLY|O_CLOEXEC) = 3
771496 statfs("/sys/fs/selinux", 0x7ffef7fcaa40) = -1 ENOENT (No such file or directory)
771496 statfs("/selinux", 0x7ffef7fcaa40) = -1 ENOENT (No such file or directory)
771496 openat(AT_FDCWD, "/proc/filesystems", O_RDONLY|O_CLOEXEC) = 3
771496 access("/etc/selinux/config", F_OK) = -1 ENOENT (No such file or directory)
771496 openat(AT_FDCWD, "/proc/self/maps", O_RDONLY|O_CLOEXEC) = 3
771496 openat(AT_FDCWD, "/home/firstmate/.no-mistakes/worktrees/8352e211db7e/01M4F29HK4JCAKXEQ2F50R6HHX/bin/fm-inbox.sh", O_RDONLY|O_CLOEXEC) = 3
771496 statx(AT_FDCWD, "/usr/share/coreutils/locales/env", AT_STATX_SYNC_AS_STAT, STATX_ALL, {stx_mask=STATX_ALL|STATX_MNT_ID, stx_attributes=0, stx_mode=S_IFDIR|0755, stx_size=4096, ...}) = 0
771496 statx(AT_FDCWD, "/usr/share/coreutils/locales/uucore", AT_STATX_SYNC_AS_STAT, STATX_ALL, {stx_mask=STATX_ALL|STATX_MNT_ID, stx_attributes=0, stx_mode=S_IFDIR|0755, stx_size=4096, ...}) = 0
771496 openat(AT_FDCWD, "/usr/share/coreutils/locales/uucore/en-US.ftl", O_RDONLY|O_CLOEXEC) = 3
771496 statx(3, "", AT_STATX_SYNC_AS_STAT|AT_EMPTY_PATH, STATX_ALL, {stx_mask=STATX_ALL|STATX_MNT_ID, stx_attributes=0, stx_mode=S_IFREG|0644, stx_size=4080, ...}) = 0
771496 statx(AT_FDCWD, "/usr/share/coreutils/locales/env", AT_STATX_SYNC_AS_STAT, STATX_ALL, {stx_mask=STATX_ALL|STATX_MNT_ID, stx_attributes=0, stx_mode=S_IFDIR|0755, stx_size=4096, ...}) = 0
771496 openat(AT_FDCWD, "/usr/share/coreutils/locales/env/en-US.ftl", O_RDONLY|O_CLOEXEC) = -1 ENOENT (No such file or directory)
771496 execve("/home/firstmate/.local/codex-latest/lib/node_modules/@openai/codex/node_modules/@openai/codex-linux-x64/vendor/x86_64-unknown-linux-musl/codex-path/bash", ["bash", "/home/firstmate/.no-mistakes/wor"..., "conversation", "poll"], 0x7ffef7fcac18 /* 6 vars */) = -1 ENOENT (No such file or directory)
771496 execve("/home/firstmate/.codex-5/tmp/arg0/codex-arg065EgpK/bash", ["bash", "/home/firstmate/.no-mistakes/wor"..., "conversation", "poll"], 0x7ffef7fcac18 /* 6 vars */) = -1 ENOENT (No such file or directory)
771496 execve("/home/firstmate/.local/codex-latest/lib/node_modules/@openai/codex/node_modules/@openai/codex-linux-x64/vendor/x86_64-unknown-linux-musl/codex-path/bash", ["bash", "/home/firstmate/.no-mistakes/wor"..., "conversation", "poll"], 0x7ffef7fcac18 /* 6 vars */) = -1 ENOENT (No such file or directory)
771496 execve("/home/firstmate/.local/bin/bash", ["bash", "/home/firstmate/.no-mistakes/wor"..., "conversation", "poll"], 0x7ffef7fcac18 /* 6 vars */) = -1 ENOENT (No such file or directory)
771496 execve("/home/firstmate/go/bin/bash", ["bash", "/home/firstmate/.no-mistakes/wor"..., "conversation", "poll"], 0x7ffef7fcac18 /* 6 vars */) = -1 ENOENT (No such file or directory)
771496 execve("/home/firstmate/.cargo/bin/bash", ["bash", "/home/firstmate/.no-mistakes/wor"..., "conversation", "poll"], 0x7ffef7fcac18 /* 6 vars */) = -1 ENOENT (No such file or directory)
771496 execve("/home/firstmate/bin/bash", ["bash", "/home/firstmate/.no-mistakes/wor"..., "conversation", "poll"], 0x7ffef7fcac18 /* 6 vars */) = -1 ENOENT (No such file or directory)
771496 execve("/opt/homebrew/bin/bash", ["bash", "/home/firstmate/.no-mistakes/wor"..., "conversation", "poll"], 0x7ffef7fcac18 /* 6 vars */) = -1 ENOENT (No such file or directory)
771496 execve("/opt/homebrew/sbin/bash", ["bash", "/home/firstmate/.no-mistakes/wor"..., "conversation", "poll"], 0x7ffef7fcac18 /* 6 vars */) = -1 ENOENT (No such file or directory)
771496 execve("/usr/local/bin/bash", ["bash", "/home/firstmate/.no-mistakes/wor"..., "conversation", "poll"], 0x7ffef7fcac18 /* 6 vars */) = -1 ENOENT (No such file or directory)
771496 execve("/usr/local/sbin/bash", ["bash", "/home/firstmate/.no-mistakes/wor"..., "conversation", "poll"], 0x7ffef7fcac18 /* 6 vars */) = -1 ENOENT (No such file or directory)
771496 execve("/usr/bin/bash", ["bash", "/home/firstmate/.no-mistakes/wor"..., "conversation", "poll"], 0x7ffef7fcac18 /* 6 vars */) = 0
771496 access("/etc/ld.so.preload", R_OK) = -1 ENOENT (No such file or directory)
771496 openat(AT_FDCWD, "/etc/ld.so.cache", O_RDONLY|O_CLOEXEC) = 3
771496 openat(AT_FDCWD, "/usr/lib/x86_64-linux-gnu/libtinfo.so.6", O_RDONLY|O_CLOEXEC) = 3
771496 openat(AT_FDCWD, "/usr/lib/x86_64-linux-gnu/libc.so.6", O_RDONLY|O_CLOEXEC) = 3
771496 openat(AT_FDCWD, "/dev/tty", O_RDWR|O_NONBLOCK) = -1 ENXIO (No such device or address)
771496 openat(AT_FDCWD, "/usr/lib/locale/locale-archive", O_RDONLY|O_CLOEXEC) = 3
771496 openat(AT_FDCWD, "/usr/share/locale/locale.alias", O_RDONLY|O_CLOEXEC) = -1 ENOENT (No such file or directory)
771496 openat(AT_FDCWD, "/usr/lib/locale/C.UTF-8/LC_IDENTIFICATION", O_RDONLY|O_CLOEXEC) = -1 ENOENT (No such file or directory)
771496 openat(AT_FDCWD, "/usr/lib/locale/C.utf8/LC_IDENTIFICATION", O_RDONLY|O_CLOEXEC) = 3
771496 openat(AT_FDCWD, "/usr/lib/x86_64-linux-gnu/gconv/gconv-modules.cache", O_RDONLY|O_CLOEXEC) = 3
771496 openat(AT_FDCWD, "/usr/lib/locale/C.UTF-8/LC_MEASUREMENT", O_RDONLY|O_CLOEXEC) = -1 ENOENT (No such file or directory)
771496 openat(AT_FDCWD, "/usr/lib/locale/C.utf8/LC_MEASUREMENT", O_RDONLY|O_CLOEXEC) = 3
771496 openat(AT_FDCWD, "/usr/lib/locale/C.UTF-8/LC_TELEPHONE", O_RDONLY|O_CLOEXEC) = -1 ENOENT (No such file or directory)
771496 openat(AT_FDCWD, "/usr/lib/locale/C.utf8/LC_TELEPHONE", O_RDONLY|O_CLOEXEC) = 3
771496 openat(AT_FDCWD, "/usr/lib/locale/C.UTF-8/LC_ADDRESS", O_RDONLY|O_CLOEXEC) = -1 ENOENT (No such file or directory)
771496 openat(AT_FDCWD, "/usr/lib/locale/C.utf8/LC_ADDRESS", O_RDONLY|O_CLOEXEC) = 3
771496 openat(AT_FDCWD, "/usr/lib/locale/C.UTF-8/LC_NAME", O_RDONLY|O_CLOEXEC) = -1 ENOENT (No such file or directory)
771496 openat(AT_FDCWD, "/usr/lib/locale/C.utf8/LC_NAME", O_RDONLY|O_CLOEXEC) = 3
771496 openat(AT_FDCWD, "/usr/lib/locale/C.UTF-8/LC_PAPER", O_RDONLY|O_CLOEXEC) = -1 ENOENT (No such file or directory)
771496 openat(AT_FDCWD, "/usr/lib/locale/C.utf8/LC_PAPER", O_RDONLY|O_CLOEXEC) = 3
771496 openat(AT_FDCWD, "/usr/lib/locale/C.UTF-8/LC_MESSAGES", O_RDONLY|O_CLOEXEC) = -1 ENOENT (No such file or directory)
771496 openat(AT_FDCWD, "/usr/lib/locale/C.utf8/LC_MESSAGES", O_RDONLY|O_CLOEXEC) = 3
771496 openat(AT_FDCWD, "/usr/lib/locale/C.utf8/LC_MESSAGES/SYS_LC_MESSAGES", O_RDONLY|O_CLOEXEC) = 3
771496 openat(AT_FDCWD, "/usr/lib/locale/C.UTF-8/LC_MONETARY", O_RDONLY|O_CLOEXEC) = -1 ENOENT (No such file or directory)
771496 openat(AT_FDCWD, "/usr/lib/locale/C.utf8/LC_MONETARY", O_RDONLY|O_CLOEXEC) = 3
771496 openat(AT_FDCWD, "/usr/lib/locale/C.UTF-8/LC_COLLATE", O_RDONLY|O_CLOEXEC) = -1 ENOENT (No such file or directory)
771496 openat(AT_FDCWD, "/usr/lib/locale/C.utf8/LC_COLLATE", O_RDONLY|O_CLOEXEC) = 3
771496 openat(AT_FDCWD, "/usr/lib/locale/C.UTF-8/LC_TIME", O_RDONLY|O_CLOEXEC) = -1 ENOENT (No such file or directory)
771496 openat(AT_FDCWD, "/usr/lib/locale/C.utf8/LC_TIME", O_RDONLY|O_CLOEXEC) = 3
771496 openat(AT_FDCWD, "/usr/lib/locale/C.UTF-8/LC_NUMERIC", O_RDONLY|O_CLOEXEC) = -1 ENOENT (No such file or directory)
771496 openat(AT_FDCWD, "/usr/lib/locale/C.utf8/LC_NUMERIC", O_RDONLY|O_CLOEXEC) = 3
771496 openat(AT_FDCWD, "/usr/lib/locale/C.UTF-8/LC_CTYPE", O_RDONLY|O_CLOEXEC) = -1 ENOENT (No such file or directory)
771496 openat(AT_FDCWD, "/usr/lib/locale/C.utf8/LC_CTYPE", O_RDONLY|O_CLOEXEC) = 3
771496 getcwd("/home/firstmate/.no-mistakes/worktrees/8352e211db7e/01M4F29HK4JCAKXEQ2F50R6HHX", 4096) = 79
771496 newfstatat(AT_FDCWD, ".", {st_mode=S_IFDIR|0775, st_size=4096, ...}, 0) = 0
771496 newfstatat(AT_FDCWD, "/home/firstmate/.local/codex-latest/lib/node_modules/@openai/codex/node_modules/@openai/codex-linux-x64/vendor/x86_64-unknown-linux-musl/codex-path/bash", 0x7ffdba4df710, 0) = -1 ENOENT (No such file or directory)
771496 newfstatat(AT_FDCWD, "/home/firstmate/.codex-5/tmp/arg0/codex-arg065EgpK/bash", 0x7ffdba4df710, 0) = -1 ENOENT (No such file or directory)
771496 newfstatat(AT_FDCWD, "/home/firstmate/.local/codex-latest/lib/node_modules/@openai/codex/node_modules/@openai/codex-linux-x64/vendor/x86_64-unknown-linux-musl/codex-path/bash", 0x7ffdba4df710, 0) = -1 ENOENT (No such file or directory)
771496 newfstatat(AT_FDCWD, "/home/firstmate/.local/bin/bash", 0x7ffdba4df710, 0) = -1 ENOENT (No such file or directory)
771496 newfstatat(AT_FDCWD, "/home/firstmate/go/bin/bash", 0x7ffdba4df710, 0) = -1 ENOENT (No such file or directory)
771496 newfstatat(AT_FDCWD, "/home/firstmate/.cargo/bin/bash", 0x7ffdba4df710, 0) = -1 ENOENT (No such file or directory)
771496 newfstatat(AT_FDCWD, "/home/firstmate/bin/bash", 0x7ffdba4df710, 0) = -1 ENOENT (No such file or directory)
771496 newfstatat(AT_FDCWD, "/opt/homebrew/bin/bash", 0x7ffdba4df710, 0) = -1 ENOENT (No such file or directory)
771496 newfstatat(AT_FDCWD, "/opt/homebrew/sbin/bash", 0x7ffdba4df710, 0) = -1 ENOENT (No such file or directory)
771496 newfstatat(AT_FDCWD, "/usr/local/bin/bash", 0x7ffdba4df710, 0) = -1 ENOENT (No such file or directory)
771496 newfstatat(AT_FDCWD, "/usr/local/sbin/bash", 0x7ffdba4df710, 0) = -1 ENOENT (No such file or directory)
771496 newfstatat(AT_FDCWD, "/usr/bin/bash", {st_mode=S_IFREG|0755, st_size=1540520, ...}, 0) = 0
771496 newfstatat(AT_FDCWD, "/usr/bin/bash", {st_mode=S_IFREG|0755, st_size=1540520, ...}, 0) = 0
771496 access("/usr/bin/bash", X_OK)    = 0
771496 newfstatat(AT_FDCWD, "/usr/bin/bash", {st_mode=S_IFREG|0755, st_size=1540520, ...}, 0) = 0
771496 access("/usr/bin/bash", R_OK)    = 0
771496 newfstatat(AT_FDCWD, "/etc/nsswitch.conf", {st_mode=S_IFREG|0644, st_size=526, ...}, 0) = 0
771496 newfstatat(AT_FDCWD, "/", {st_mode=S_IFDIR|0755, st_size=4096, ...}, 0) = 0
771496 openat(AT_FDCWD, "/etc/nsswitch.conf", O_RDONLY|O_CLOEXEC) = 3
771496 openat(AT_FDCWD, "/etc/passwd", O_RDONLY|O_CLOEXEC) = 3
771496 openat(AT_FDCWD, "/home/firstmate/.no-mistakes/worktrees/8352e211db7e/01M4F29HK4JCAKXEQ2F50R6HHX/bin/fm-inbox.sh", O_RDONLY) = 3
771496 newfstatat(AT_FDCWD, "/home/firstmate/.no-mistakes/worktrees/8352e211db7e/01M4F29HK4JCAKXEQ2F50R6HHX/bin/fm-inbox.sh", {st_mode=S_IFREG|0775, st_size=17467, ...}, 0) = 0
771496 newfstatat(AT_FDCWD, "/home/firstmate/.toolbox/bin", 0x7ffdba4df510, 0) = -1 ENOENT (No such file or directory)
771508 newfstatat(AT_FDCWD, ".", {st_mode=S_IFDIR|0775, st_size=4096, ...}, 0) = 0
771508 newfstatat(AT_FDCWD, "/home/firstmate/.local/codex-latest/lib/node_modules/@openai/codex/node_modules/@openai/codex-linux-x64/vendor/x86_64-unknown-linux-musl/codex-path/dirname", 0x7ffdba4de2d0, 0) = -1 ENOENT (No such file or directory)
771508 newfstatat(AT_FDCWD, "/home/firstmate/.codex-5/tmp/arg0/codex-arg065EgpK/dirname", 0x7ffdba4de2d0, 0) = -1 ENOENT (No such file or directory)
771508 newfstatat(AT_FDCWD, "/home/firstmate/.local/codex-latest/lib/node_modules/@openai/codex/node_modules/@openai/codex-linux-x64/vendor/x86_64-unknown-linux-musl/codex-path/dirname", 0x7ffdba4de2d0, 0) = -1 ENOENT (No such file or directory)
771508 newfstatat(AT_FDCWD, "/home/firstmate/.local/bin/dirname", 0x7ffdba4de2d0, 0) = -1 ENOENT (No such file or directory)
771508 newfstatat(AT_FDCWD, "/home/firstmate/go/bin/dirname", 0x7ffdba4de2d0, 0) = -1 ENOENT (No such file or directory)
771508 newfstatat(AT_FDCWD, "/home/firstmate/.cargo/bin/dirname", 0x7ffdba4de2d0, 0) = -1 ENOENT (No such file or directory)
771508 newfstatat(AT_FDCWD, "/home/firstmate/bin/dirname", 0x7ffdba4de2d0, 0) = -1 ENOENT (No such file or directory)
771508 newfstatat(AT_FDCWD, "/opt/homebrew/bin/dirname", 0x7ffdba4de2d0, 0) = -1 ENOENT (No such file or directory)
771508 newfstatat(AT_FDCWD, "/opt/homebrew/sbin/dirname", 0x7ffdba4de2d0, 0) = -1 ENOENT (No such file or directory)
771508 newfstatat(AT_FDCWD, "/usr/local/bin/dirname", 0x7ffdba4de2d0, 0) = -1 ENOENT (No such file or directory)
771508 newfstatat(AT_FDCWD, "/usr/local/sbin/dirname", 0x7ffdba4de2d0, 0) = -1 ENOENT (No such file or directory)
771508 newfstatat(AT_FDCWD, "/usr/bin/dirname", {st_mode=S_IFREG|0755, st_size=11352352, ...}, 0) = 0
771508 newfstatat(AT_FDCWD, "/usr/bin/dirname", {st_mode=S_IFREG|0755, st_size=11352352, ...}, 0) = 0
771508 access("/usr/bin/dirname", X_OK) = 0
771508 newfstatat(AT_FDCWD, "/usr/bin/dirname", {st_mode=S_IFREG|0755, st_size=11352352, ...}, 0) = 0
771508 access("/usr/bin/dirname", R_OK) = 0
771508 execve("/usr/bin/dirname", ["dirname", "/home/firstmate/.no-mistakes/wor"...], 0x5b0257ce8090 /* 9 vars */) = 0
771508 access("/etc/ld.so.preload", R_OK) = -1 ENOENT (No such file or directory)
771508 openat(AT_FDCWD, "/etc/ld.so.cache", O_RDONLY|O_CLOEXEC) = 3
771508 openat(AT_FDCWD, "/usr/lib/x86_64-linux-gnu/libselinux.so.1", O_RDONLY|O_CLOEXEC) = 3
771508 openat(AT_FDCWD, "/usr/lib/x86_64-linux-gnu/libgcc_s.so.1", O_RDONLY|O_CLOEXEC) = 3
771508 openat(AT_FDCWD, "/usr/lib/x86_64-linux-gnu/libm.so.6", O_RDONLY|O_CLOEXEC) = 3
771508 openat(AT_FDCWD, "/usr/lib/x86_64-linux-gnu/libc.so.6", O_RDONLY|O_CLOEXEC) = 3
771508 openat(AT_FDCWD, "/usr/lib/x86_64-linux-gnu/libpcre2-8.so.0", O_RDONLY|O_CLOEXEC) = 3
771508 statfs("/sys/fs/selinux", 0x7ffc50ea4390) = -1 ENOENT (No such file or directory)
771508 statfs("/selinux", 0x7ffc50ea4390) = -1 ENOENT (No such file or directory)
771508 openat(AT_FDCWD, "/proc/filesystems", O_RDONLY|O_CLOEXEC) = 3
771508 access("/etc/selinux/config", F_OK) = -1 ENOENT (No such file or directory)
771508 openat(AT_FDCWD, "/proc/self/maps", O_RDONLY|O_CLOEXEC) = 3
771508 statx(AT_FDCWD, "/usr/share/coreutils/locales/dirname", AT_STATX_SYNC_AS_STAT, STATX_ALL, {stx_mask=STATX_ALL|STATX_MNT_ID, stx_attributes=0, stx_mode=S_IFDIR|0755, stx_size=4096, ...}) = 0
771508 statx(AT_FDCWD, "/usr/share/coreutils/locales/uucore", AT_STATX_SYNC_AS_STAT, STATX_ALL, {stx_mask=STATX_ALL|STATX_MNT_ID, stx_attributes=0, stx_mode=S_IFDIR|0755, stx_size=4096, ...}) = 0
771508 openat(AT_FDCWD, "/usr/share/coreutils/locales/uucore/en-US.ftl", O_RDONLY|O_CLOEXEC) = 3
771508 statx(3, "", AT_STATX_SYNC_AS_STAT|AT_EMPTY_PATH, STATX_ALL, {stx_mask=STATX_ALL|STATX_MNT_ID, stx_attributes=0, stx_mode=S_IFREG|0644, stx_size=4080, ...}) = 0
771508 statx(AT_FDCWD, "/usr/share/coreutils/locales/dirname", AT_STATX_SYNC_AS_STAT, STATX_ALL, {stx_mask=STATX_ALL|STATX_MNT_ID, stx_attributes=0, stx_mode=S_IFDIR|0755, stx_size=4096, ...}) = 0
771508 openat(AT_FDCWD, "/usr/share/coreutils/locales/dirname/en-US.ftl", O_RDONLY|O_CLOEXEC) = -1 ENOENT (No such file or directory)
771508 +++ exited with 0 +++
771506 --- SIGCHLD {si_signo=SIGCHLD, si_code=CLD_EXITED, si_pid=771508, si_uid=0, si_status=0, si_utime=0, si_stime=0} ---
771506 newfstatat(AT_FDCWD, "/home", {st_mode=S_IFDIR|0755, st_size=4096, ...}, 0) = 0
771506 newfstatat(AT_FDCWD, "/home/firstmate", {st_mode=S_IFDIR|0750, st_size=16384, ...}, 0) = 0
771506 newfstatat(AT_FDCWD, "/home/firstmate/.no-mistakes", {st_mode=S_IFDIR|0755, st_size=4096, ...}, 0) = 0
771506 newfstatat(AT_FDCWD, "/home/firstmate/.no-mistakes/worktrees", {st_mode=S_IFDIR|0755, st_size=4096, ...}, 0) = 0
771506 newfstatat(AT_FDCWD, "/home/firstmate/.no-mistakes/worktrees/8352e211db7e", {st_mode=S_IFDIR|0775, st_size=4096, ...}, 0) = 0
771506 newfstatat(AT_FDCWD, "/home/firstmate/.no-mistakes/worktrees/8352e211db7e/01M4F29HK4JCAKXEQ2F50R6HHX", {st_mode=S_IFDIR|0775, st_size=4096, ...}, 0) = 0
771506 newfstatat(AT_FDCWD, "/home/firstmate/.no-mistakes/worktrees/8352e211db7e/01M4F29HK4JCAKXEQ2F50R6HHX/bin", {st_mode=S_IFDIR|0775, st_size=12288, ...}, 0) = 0
771506 chdir("/home/firstmate/.no-mistakes/worktrees/8352e211db7e/01M4F29HK4JCAKXEQ2F50R6HHX/bin") = 0
771506 +++ exited with 0 +++
771496 --- SIGCHLD {si_signo=SIGCHLD, si_code=CLD_EXITED, si_pid=771506, si_uid=0, si_status=0, si_utime=0, si_stime=0} ---
771521 newfstatat(AT_FDCWD, "/home", {st_mode=S_IFDIR|0755, st_size=4096, ...}, 0) = 0
771521 newfstatat(AT_FDCWD, "/home/firstmate", {st_mode=S_IFDIR|0750, st_size=16384, ...}, 0) = 0
771521 newfstatat(AT_FDCWD, "/home/firstmate/.no-mistakes", {st_mode=S_IFDIR|0755, st_size=4096, ...}, 0) = 0
771521 newfstatat(AT_FDCWD, "/home/firstmate/.no-mistakes/worktrees", {st_mode=S_IFDIR|0755, st_size=4096, ...}, 0) = 0
771521 newfstatat(AT_FDCWD, "/home/firstmate/.no-mistakes/worktrees/8352e211db7e", {st_mode=S_IFDIR|0775, st_size=4096, ...}, 0) = 0
771521 newfstatat(AT_FDCWD, "/home/firstmate/.no-mistakes/worktrees/8352e211db7e/01M4F29HK4JCAKXEQ2F50R6HHX", {st_mode=S_IFDIR|0775, st_size=4096, ...}, 0) = 0
771521 newfstatat(AT_FDCWD, "/home/firstmate/.no-mistakes/worktrees/8352e211db7e/01M4F29HK4JCAKXEQ2F50R6HHX/bin", {st_mode=S_IFDIR|0775, st_size=12288, ...}, 0) = 0
771521 newfstatat(AT_FDCWD, "/home/firstmate/.no-mistakes/worktrees/8352e211db7e/01M4F29HK4JCAKXEQ2F50R6HHX/bin", {st_mode=S_IFDIR|0775, st_size=12288, ...}, 0) = 0
771521 chdir("/home/firstmate/.no-mistakes/worktrees/8352e211db7e/01M4F29HK4JCAKXEQ2F50R6HHX") = 0
771521 +++ exited with 0 +++
771496 --- SIGCHLD {si_signo=SIGCHLD, si_code=CLD_EXITED, si_pid=771521, si_uid=0, si_status=0, si_utime=0, si_stime=0} ---
771524 faccessat2(AT_FDCWD, "/home/firstmate/.no-mistakes/worktrees/8352e211db7e/01M4F29HK4JCAKXEQ2F50R6HHX/.test-tmp/boundary/home/config/inbox-profile", R_OK, AT_EACCESS) = -1 ENOENT (No such file or directory)
771524 +++ exited with 0 +++
771496 --- SIGCHLD {si_signo=SIGCHLD, si_code=CLD_EXITED, si_pid=771524, si_uid=0, si_status=0, si_utime=0, si_stime=0} ---
771496 newfstatat(AT_FDCWD, "/home/firstmate/.no-mistakes/worktrees/8352e211db7e/01M4F29HK4JCAKXEQ2F50R6HHX/.test-tmp/boundary/home/.voice-conversation-lab", 0x7ffdba4df220, 0) = -1 ENOENT (No such file or directory)
771496 openat(AT_FDCWD, "/home/firstmate/.no-mistakes/worktrees/8352e211db7e/01M4F29HK4JCAKXEQ2F50R6HHX/bin/fm-wake-lib.sh", O_RDONLY) = 3
771534 newfstatat(AT_FDCWD, ".", {st_mode=S_IFDIR|0775, st_size=4096, ...}, 0) = 0
771534 newfstatat(AT_FDCWD, "/home/firstmate/.local/codex-latest/lib/node_modules/@openai/codex/node_modules/@openai/codex-linux-x64/vendor/x86_64-unknown-linux-musl/codex-path/dirname", 0x7ffdba4dd4c0, 0) = -1 ENOENT (No such file or directory)
771534 newfstatat(AT_FDCWD, "/home/firstmate/.codex-5/tmp/arg0/codex-arg065EgpK/dirname", 0x7ffdba4dd4c0, 0) = -1 ENOENT (No such file or directory)
771534 newfstatat(AT_FDCWD, "/home/firstmate/.local/codex-latest/lib/node_modules/@openai/codex/node_modules/@openai/codex-linux-x64/vendor/x86_64-unknown-linux-musl/codex-path/dirname", 0x7ffdba4dd4c0, 0) = -1 ENOENT (No such file or directory)
771534 newfstatat(AT_FDCWD, "/home/firstmate/.local/bin/dirname", 0x7ffdba4dd4c0, 0) = -1 ENOENT (No such file or directory)
771534 newfstatat(AT_FDCWD, "/home/firstmate/go/bin/dirname", 0x7ffdba4dd4c0, 0) = -1 ENOENT (No such file or directory)
771534 newfstatat(AT_FDCWD, "/home/firstmate/.cargo/bin/dirname", 0x7ffdba4dd4c0, 0) = -1 ENOENT (No such file or directory)
771534 newfstatat(AT_FDCWD, "/home/firstmate/bin/dirname", 0x7ffdba4dd4c0, 0) = -1 ENOENT (No such file or directory)
771534 newfstatat(AT_FDCWD, "/opt/homebrew/bin/dirname", 0x7ffdba4dd4c0, 0) = -1 ENOENT (No such file or directory)
771534 newfstatat(AT_FDCWD, "/opt/homebrew/sbin/dirname", 0x7ffdba4dd4c0, 0) = -1 ENOENT (No such file or directory)
771534 newfstatat(AT_FDCWD, "/usr/local/bin/dirname", 0x7ffdba4dd4c0, 0) = -1 ENOENT (No such file or directory)
771534 newfstatat(AT_FDCWD, "/usr/local/sbin/dirname", 0x7ffdba4dd4c0, 0) = -1 ENOENT (No such file or directory)
771534 newfstatat(AT_FDCWD, "/usr/bin/dirname", {st_mode=S_IFREG|0755, st_size=11352352, ...}, 0) = 0
771534 newfstatat(AT_FDCWD, "/usr/bin/dirname", {st_mode=S_IFREG|0755, st_size=11352352, ...}, 0) = 0
771534 access("/usr/bin/dirname", X_OK) = 0
771534 newfstatat(AT_FDCWD, "/usr/bin/dirname", {st_mode=S_IFREG|0755, st_size=11352352, ...}, 0) = 0
771534 access("/usr/bin/dirname", R_OK) = 0
771534 execve("/usr/bin/dirname", ["dirname", "/home/firstmate/.no-mistakes/wor"...], 0x5b0257d21640 /* 9 vars */) = 0
771534 access("/etc/ld.so.preload", R_OK) = -1 ENOENT (No such file or directory)
771534 openat(AT_FDCWD, "/etc/ld.so.cache", O_RDONLY|O_CLOEXEC) = 3
771534 openat(AT_FDCWD, "/usr/lib/x86_64-linux-gnu/libselinux.so.1", O_RDONLY|O_CLOEXEC) = 3
771534 openat(AT_FDCWD, "/usr/lib/x86_64-linux-gnu/libgcc_s.so.1", O_RDONLY|O_CLOEXEC) = 3
771534 openat(AT_FDCWD, "/usr/lib/x86_64-linux-gnu/libm.so.6", O_RDONLY|O_CLOEXEC) = 3
771534 openat(AT_FDCWD, "/usr/lib/x86_64-linux-gnu/libc.so.6", O_RDONLY|O_CLOEXEC) = 3
771534 openat(AT_FDCWD, "/usr/lib/x86_64-linux-gnu/libpcre2-8.so.0", O_RDONLY|O_CLOEXEC) = 3
771534 statfs("/sys/fs/selinux", 0x7ffc823cd450) = -1 ENOENT (No such file or directory)
771534 statfs("/selinux", 0x7ffc823cd450) = -1 ENOENT (No such file or directory)
771534 openat(AT_FDCWD, "/proc/filesystems", O_RDONLY|O_CLOEXEC) = 3
771534 access("/etc/selinux/config", F_OK) = -1 ENOENT (No such file or directory)
771534 openat(AT_FDCWD, "/proc/self/maps", O_RDONLY|O_CLOEXEC) = 3
771534 statx(AT_FDCWD, "/usr/share/coreutils/locales/dirname", AT_STATX_SYNC_AS_STAT, STATX_ALL, {stx_mask=STATX_ALL|STATX_MNT_ID, stx_attributes=0, stx_mode=S_IFDIR|0755, stx_size=4096, ...}) = 0
771534 statx(AT_FDCWD, "/usr/share/coreutils/locales/uucore", AT_STATX_SYNC_AS_STAT, STATX_ALL, {stx_mask=STATX_ALL|STATX_MNT_ID, stx_attributes=0, stx_mode=S_IFDIR|0755, stx_size=4096, ...}) = 0
771534 openat(AT_FDCWD, "/usr/share/coreutils/locales/uucore/en-US.ftl", O_RDONLY|O_CLOEXEC) = 3
771534 statx(3, "", AT_STATX_SYNC_AS_STAT|AT_EMPTY_PATH, STATX_ALL, {stx_mask=STATX_ALL|STATX_MNT_ID, stx_attributes=0, stx_mode=S_IFREG|0644, stx_size=4080, ...}) = 0
771534 statx(AT_FDCWD, "/usr/share/coreutils/locales/dirname", AT_STATX_SYNC_AS_STAT, STATX_ALL, {stx_mask=STATX_ALL|STATX_MNT_ID, stx_attributes=0, stx_mode=S_IFDIR|0755, stx_size=4096, ...}) = 0
771534 openat(AT_FDCWD, "/usr/share/coreutils/locales/dirname/en-US.ftl", O_RDONLY|O_CLOEXEC) = -1 ENOENT (No such file or directory)
771534 +++ exited with 0 +++
771531 --- SIGCHLD {si_signo=SIGCHLD, si_code=CLD_EXITED, si_pid=771534, si_uid=0, si_status=0, si_utime=0, si_stime=0} ---
771531 newfstatat(AT_FDCWD, "/home", {st_mode=S_IFDIR|0755, st_size=4096, ...}, 0) = 0
771531 newfstatat(AT_FDCWD, "/home/firstmate", {st_mode=S_IFDIR|0750, st_size=16384, ...}, 0) = 0
771531 newfstatat(AT_FDCWD, "/home/firstmate/.no-mistakes", {st_mode=S_IFDIR|0755, st_size=4096, ...}, 0) = 0
771531 newfstatat(AT_FDCWD, "/home/firstmate/.no-mistakes/worktrees", {st_mode=S_IFDIR|0755, st_size=4096, ...}, 0) = 0
771531 newfstatat(AT_FDCWD, "/home/firstmate/.no-mistakes/worktrees/8352e211db7e", {st_mode=S_IFDIR|0775, st_size=4096, ...}, 0) = 0
771531 newfstatat(AT_FDCWD, "/home/firstmate/.no-mistakes/worktrees/8352e211db7e/01M4F29HK4JCAKXEQ2F50R6HHX", {st_mode=S_IFDIR|0775, st_size=4096, ...}, 0) = 0
771531 newfstatat(AT_FDCWD, "/home/firstmate/.no-mistakes/worktrees/8352e211db7e/01M4F29HK4JCAKXEQ2F50R6HHX/bin", {st_mode=S_IFDIR|0775, st_size=12288, ...}, 0) = 0
771531 chdir("/home/firstmate/.no-mistakes/worktrees/8352e211db7e/01M4F29HK4JCAKXEQ2F50R6HHX/bin") = 0
771531 +++ exited with 0 +++
771496 --- SIGCHLD {si_signo=SIGCHLD, si_code=CLD_EXITED, si_pid=771531, si_uid=0, si_status=0, si_utime=0, si_stime=0} ---
771555 newfstatat(AT_FDCWD, "/home", {st_mode=S_IFDIR|0755, st_size=4096, ...}, 0) = 0
771555 newfstatat(AT_FDCWD, "/home/firstmate", {st_mode=S_IFDIR|0750, st_size=16384, ...}, 0) = 0
771555 newfstatat(AT_FDCWD, "/home/firstmate/.no-mistakes", {st_mode=S_IFDIR|0755, st_size=4096, ...}, 0) = 0
771555 newfstatat(AT_FDCWD, "/home/firstmate/.no-mistakes/worktrees", {st_mode=S_IFDIR|0755, st_size=4096, ...}, 0) = 0
771555 newfstatat(AT_FDCWD, "/home/firstmate/.no-mistakes/worktrees/8352e211db7e", {st_mode=S_IFDIR|0775, st_size=4096, ...}, 0) = 0
771555 newfstatat(AT_FDCWD, "/home/firstmate/.no-mistakes/worktrees/8352e211db7e/01M4F29HK4JCAKXEQ2F50R6HHX", {st_mode=S_IFDIR|0775, st_size=4096, ...}, 0) = 0
771555 newfstatat(AT_FDCWD, "/home/firstmate/.no-mistakes/worktrees/8352e211db7e/01M4F29HK4JCAKXEQ2F50R6HHX/bin", {st_mode=S_IFDIR|0775, st_size=12288, ...}, 0) = 0
771555 newfstatat(AT_FDCWD, "/home/firstmate/.no-mistakes/worktrees/8352e211db7e/01M4F29HK4JCAKXEQ2F50R6HHX/bin", {st_mode=S_IFDIR|0775, st_size=12288, ...}, 0) = 0
771555 chdir("/home/firstmate/.no-mistakes/worktrees/8352e211db7e/01M4F29HK4JCAKXEQ2F50R6HHX") = 0
771555 +++ exited with 0 +++
771496 --- SIGCHLD {si_signo=SIGCHLD, si_code=CLD_EXITED, si_pid=771555, si_uid=0, si_status=0, si_utime=0, si_stime=0} ---
771558 newfstatat(AT_FDCWD, ".", {st_mode=S_IFDIR|0775, st_size=4096, ...}, 0) = 0
771558 newfstatat(AT_FDCWD, "/home/firstmate/.local/codex-latest/lib/node_modules/@openai/codex/node_modules/@openai/codex-linux-x64/vendor/x86_64-unknown-linux-musl/codex-path/uname", 0x7ffdba4dded0, 0) = -1 ENOENT (No such file or directory)
771558 newfstatat(AT_FDCWD, "/home/firstmate/.codex-5/tmp/arg0/codex-arg065EgpK/uname", 0x7ffdba4dded0, 0) = -1 ENOENT (No such file or directory)
771558 newfstatat(AT_FDCWD, "/home/firstmate/.local/codex-latest/lib/node_modules/@openai/codex/node_modules/@openai/codex-linux-x64/vendor/x86_64-unknown-linux-musl/codex-path/uname", 0x7ffdba4dded0, 0) = -1 ENOENT (No such file or directory)
771558 newfstatat(AT_FDCWD, "/home/firstmate/.local/bin/uname", 0x7ffdba4dded0, 0) = -1 ENOENT (No such file or directory)
771558 newfstatat(AT_FDCWD, "/home/firstmate/go/bin/uname", 0x7ffdba4dded0, 0) = -1 ENOENT (No such file or directory)
771558 newfstatat(AT_FDCWD, "/home/firstmate/.cargo/bin/uname", 0x7ffdba4dded0, 0) = -1 ENOENT (No such file or directory)
771558 newfstatat(AT_FDCWD, "/home/firstmate/bin/uname", 0x7ffdba4dded0, 0) = -1 ENOENT (No such file or directory)
771558 newfstatat(AT_FDCWD, "/opt/homebrew/bin/uname", 0x7ffdba4dded0, 0) = -1 ENOENT (No such file or directory)
771558 newfstatat(AT_FDCWD, "/opt/homebrew/sbin/uname", 0x7ffdba4dded0, 0) = -1 ENOENT (No such file or directory)
771558 newfstatat(AT_FDCWD, "/usr/local/bin/uname", 0x7ffdba4dded0, 0) = -1 ENOENT (No such file or directory)
771558 newfstatat(AT_FDCWD, "/usr/local/sbin/uname", 0x7ffdba4dded0, 0) = -1 ENOENT (No such file or directory)
771558 newfstatat(AT_FDCWD, "/usr/bin/uname", {st_mode=S_IFREG|0755, st_size=11352352, ...}, 0) = 0
771558 newfstatat(AT_FDCWD, "/usr/bin/uname", {st_mode=S_IFREG|0755, st_size=11352352, ...}, 0) = 0
771558 access("/usr/bin/uname", X_OK)   = 0
771558 newfstatat(AT_FDCWD, "/usr/bin/uname", {st_mode=S_IFREG|0755, st_size=11352352, ...}, 0) = 0
771558 access("/usr/bin/uname", R_OK)   = 0
771561 openat(AT_FDCWD, "/dev/null", O_WRONLY|O_CREAT|O_TRUNC, 0666) = 3
771561 execve("/usr/bin/uname", ["uname"], 0x5b0257d20570 /* 9 vars */) = 0
771561 access("/etc/ld.so.preload", R_OK) = -1 ENOENT (No such file or directory)
771561 openat(AT_FDCWD, "/etc/ld.so.cache", O_RDONLY|O_CLOEXEC) = 3
771561 openat(AT_FDCWD, "/usr/lib/x86_64-linux-gnu/libselinux.so.1", O_RDONLY|O_CLOEXEC) = 3
771561 openat(AT_FDCWD, "/usr/lib/x86_64-linux-gnu/libgcc_s.so.1", O_RDONLY|O_CLOEXEC) = 3
771561 openat(AT_FDCWD, "/usr/lib/x86_64-linux-gnu/libm.so.6", O_RDONLY|O_CLOEXEC) = 3
771561 openat(AT_FDCWD, "/usr/lib/x86_64-linux-gnu/libc.so.6", O_RDONLY|O_CLOEXEC) = 3
771561 openat(AT_FDCWD, "/usr/lib/x86_64-linux-gnu/libpcre2-8.so.0", O_RDONLY|O_CLOEXEC) = 3
771561 statfs("/sys/fs/selinux", 0x7ffde894ac40) = -1 ENOENT (No such file or directory)
771561 statfs("/selinux", 0x7ffde894ac40) = -1 ENOENT (No such file or directory)
771561 openat(AT_FDCWD, "/proc/filesystems", O_RDONLY|O_CLOEXEC) = 3
771561 access("/etc/selinux/config", F_OK) = -1 ENOENT (No such file or directory)
771561 openat(AT_FDCWD, "/proc/self/maps", O_RDONLY|O_CLOEXEC) = 3
771561 statx(AT_FDCWD, "/usr/share/coreutils/locales/uname", AT_STATX_SYNC_AS_STAT, STATX_ALL, {stx_mask=STATX_ALL|STATX_MNT_ID, stx_attributes=0, stx_mode=S_IFDIR|0755, stx_size=4096, ...}) = 0
771561 statx(AT_FDCWD, "/usr/share/coreutils/locales/uucore", AT_STATX_SYNC_AS_STAT, STATX_ALL, {stx_mask=STATX_ALL|STATX_MNT_ID, stx_attributes=0, stx_mode=S_IFDIR|0755, stx_size=4096, ...}) = 0
771561 openat(AT_FDCWD, "/usr/share/coreutils/locales/uucore/en-US.ftl", O_RDONLY|O_CLOEXEC) = 3
771561 statx(3, "", AT_STATX_SYNC_AS_STAT|AT_EMPTY_PATH, STATX_ALL, {stx_mask=STATX_ALL|STATX_MNT_ID, stx_attributes=0, stx_mode=S_IFREG|0644, stx_size=4080, ...}) = 0
771561 statx(AT_FDCWD, "/usr/share/coreutils/locales/uname", AT_STATX_SYNC_AS_STAT, STATX_ALL, {stx_mask=STATX_ALL|STATX_MNT_ID, stx_attributes=0, stx_mode=S_IFDIR|0755, stx_size=4096, ...}) = 0
771561 openat(AT_FDCWD, "/usr/share/coreutils/locales/uname/en-US.ftl", O_RDONLY|O_CLOEXEC) = -1 ENOENT (No such file or directory)
771561 +++ exited with 0 +++
771558 --- SIGCHLD {si_signo=SIGCHLD, si_code=CLD_EXITED, si_pid=771561, si_uid=0, si_status=0, si_utime=0, si_stime=0} ---
771558 +++ exited with 0 +++
771496 --- SIGCHLD {si_signo=SIGCHLD, si_code=CLD_EXITED, si_pid=771558, si_uid=0, si_status=0, si_utime=0, si_stime=0} ---
771496 newfstatat(AT_FDCWD, ".", {st_mode=S_IFDIR|0775, st_size=4096, ...}, 0) = 0
771496 newfstatat(AT_FDCWD, "/home/firstmate/.local/codex-latest/lib/node_modules/@openai/codex/node_modules/@openai/codex-linux-x64/vendor/x86_64-unknown-linux-musl/codex-path/mkdir", 0x7ffdba4de7e0, 0) = -1 ENOENT (No such file or directory)
771496 newfstatat(AT_FDCWD, "/home/firstmate/.codex-5/tmp/arg0/codex-arg065EgpK/mkdir", 0x7ffdba4de7e0, 0) = -1 ENOENT (No such file or directory)
771496 newfstatat(AT_FDCWD, "/home/firstmate/.local/codex-latest/lib/node_modules/@openai/codex/node_modules/@openai/codex-linux-x64/vendor/x86_64-unknown-linux-musl/codex-path/mkdir", 0x7ffdba4de7e0, 0) = -1 ENOENT (No such file or directory)
771496 newfstatat(AT_FDCWD, "/home/firstmate/.local/bin/mkdir", 0x7ffdba4de7e0, 0) = -1 ENOENT (No such file or directory)
771496 newfstatat(AT_FDCWD, "/home/firstmate/go/bin/mkdir", 0x7ffdba4de7e0, 0) = -1 ENOENT (No such file or directory)
771496 newfstatat(AT_FDCWD, "/home/firstmate/.cargo/bin/mkdir", 0x7ffdba4de7e0, 0) = -1 ENOENT (No such file or directory)
771496 newfstatat(AT_FDCWD, "/home/firstmate/bin/mkdir", 0x7ffdba4de7e0, 0) = -1 ENOENT (No such file or directory)
771496 newfstatat(AT_FDCWD, "/opt/homebrew/bin/mkdir", 0x7ffdba4de7e0, 0) = -1 ENOENT (No such file or directory)
771496 newfstatat(AT_FDCWD, "/opt/homebrew/sbin/mkdir", 0x7ffdba4de7e0, 0) = -1 ENOENT (No such file or directory)
771496 newfstatat(AT_FDCWD, "/usr/local/bin/mkdir", 0x7ffdba4de7e0, 0) = -1 ENOENT (No such file or directory)
771496 newfstatat(AT_FDCWD, "/usr/local/sbin/mkdir", 0x7ffdba4de7e0, 0) = -1 ENOENT (No such file or directory)
771496 newfstatat(AT_FDCWD, "/usr/bin/mkdir", {st_mode=S_IFREG|0755, st_size=11352352, ...}, 0) = 0
771496 newfstatat(AT_FDCWD, "/usr/bin/mkdir", {st_mode=S_IFREG|0755, st_size=11352352, ...}, 0) = 0
771496 access("/usr/bin/mkdir", X_OK)   = 0
771496 newfstatat(AT_FDCWD, "/usr/bin/mkdir", {st_mode=S_IFREG|0755, st_size=11352352, ...}, 0) = 0
771496 access("/usr/bin/mkdir", R_OK)   = 0
771571 execve("/usr/bin/mkdir", ["mkdir", "-p", "/home/firstmate/.no-mistakes/wor"...], 0x5b0257d20570 /* 9 vars */) = 0
771571 access("/etc/ld.so.preload", R_OK) = -1 ENOENT (No such file or directory)
771571 openat(AT_FDCWD, "/etc/ld.so.cache", O_RDONLY|O_CLOEXEC) = 3
771571 openat(AT_FDCWD, "/usr/lib/x86_64-linux-gnu/libselinux.so.1", O_RDONLY|O_CLOEXEC) = 3
771571 openat(AT_FDCWD, "/usr/lib/x86_64-linux-gnu/libgcc_s.so.1", O_RDONLY|O_CLOEXEC) = 3
771571 openat(AT_FDCWD, "/usr/lib/x86_64-linux-gnu/libm.so.6", O_RDONLY|O_CLOEXEC) = 3
771571 openat(AT_FDCWD, "/usr/lib/x86_64-linux-gnu/libc.so.6", O_RDONLY|O_CLOEXEC) = 3
771571 openat(AT_FDCWD, "/usr/lib/x86_64-linux-gnu/libpcre2-8.so.0", O_RDONLY|O_CLOEXEC) = 3
771571 statfs("/sys/fs/selinux", 0x7fffa9c0b800) = -1 ENOENT (No such file or directory)
771571 statfs("/selinux", 0x7fffa9c0b800) = -1 ENOENT (No such file or directory)
771571 openat(AT_FDCWD, "/proc/filesystems", O_RDONLY|O_CLOEXEC) = 3
771571 access("/etc/selinux/config", F_OK) = -1 ENOENT (No such file or directory)
771571 openat(AT_FDCWD, "/proc/self/maps", O_RDONLY|O_CLOEXEC) = 3
771571 statx(AT_FDCWD, "/usr/share/coreutils/locales/mkdir", AT_STATX_SYNC_AS_STAT, STATX_ALL, {stx_mask=STATX_ALL|STATX_MNT_ID, stx_attributes=0, stx_mode=S_IFDIR|0755, stx_size=4096, ...}) = 0
771571 statx(AT_FDCWD, "/usr/share/coreutils/locales/uucore", AT_STATX_SYNC_AS_STAT, STATX_ALL, {stx_mask=STATX_ALL|STATX_MNT_ID, stx_attributes=0, stx_mode=S_IFDIR|0755, stx_size=4096, ...}) = 0
771571 openat(AT_FDCWD, "/usr/share/coreutils/locales/uucore/en-US.ftl", O_RDONLY|O_CLOEXEC) = 3
771571 statx(3, "", AT_STATX_SYNC_AS_STAT|AT_EMPTY_PATH, STATX_ALL, {stx_mask=STATX_ALL|STATX_MNT_ID, stx_attributes=0, stx_mode=S_IFREG|0644, stx_size=4080, ...}) = 0
771571 statx(AT_FDCWD, "/usr/share/coreutils/locales/mkdir", AT_STATX_SYNC_AS_STAT, STATX_ALL, {stx_mask=STATX_ALL|STATX_MNT_ID, stx_attributes=0, stx_mode=S_IFDIR|0755, stx_size=4096, ...}) = 0
771571 openat(AT_FDCWD, "/usr/share/coreutils/locales/mkdir/en-US.ftl", O_RDONLY|O_CLOEXEC) = -1 ENOENT (No such file or directory)
771571 statx(AT_FDCWD, "/home/firstmate/.no-mistakes/worktrees/8352e211db7e/01M4F29HK4JCAKXEQ2F50R6HHX/.test-tmp/boundary/home/state", AT_STATX_SYNC_AS_STAT, STATX_ALL, {stx_mask=STATX_ALL|STATX_MNT_ID, stx_attributes=0, stx_mode=S_IFDIR|0700, stx_size=4096, ...}) = 0
771571 statx(AT_FDCWD, "/", AT_STATX_SYNC_AS_STAT, STATX_ALL, {stx_mask=STATX_ALL|STATX_MNT_ID, stx_attributes=STATX_ATTR_MOUNT_ROOT, stx_mode=S_IFDIR|0755, stx_size=4096, ...}) = 0
771571 statx(AT_FDCWD, "/home", AT_STATX_SYNC_AS_STAT, STATX_ALL, {stx_mask=STATX_ALL|STATX_MNT_ID, stx_attributes=0, stx_mode=S_IFDIR|0755, stx_size=4096, ...}) = 0
771571 statx(AT_FDCWD, "/home/firstmate", AT_STATX_SYNC_AS_STAT, STATX_ALL, {stx_mask=STATX_ALL|STATX_MNT_ID, stx_attributes=0, stx_mode=S_IFDIR|0750, stx_size=16384, ...}) = 0
771571 statx(AT_FDCWD, "/home/firstmate/.no-mistakes", AT_STATX_SYNC_AS_STAT, STATX_ALL, {stx_mask=STATX_ALL|STATX_MNT_ID, stx_attributes=0, stx_mode=S_IFDIR|0755, stx_size=4096, ...}) = 0
771571 statx(AT_FDCWD, "/home/firstmate/.no-mistakes/worktrees", AT_STATX_SYNC_AS_STAT, STATX_ALL, {stx_mask=STATX_ALL|STATX_MNT_ID, stx_attributes=0, stx_mode=S_IFDIR|0755, stx_size=4096, ...}) = 0
771571 statx(AT_FDCWD, "/home/firstmate/.no-mistakes/worktrees/8352e211db7e", AT_STATX_SYNC_AS_STAT, STATX_ALL, {stx_mask=STATX_ALL|STATX_MNT_ID, stx_attributes=0, stx_mode=S_IFDIR|0775, stx_size=4096, ...}) = 0
771571 statx(AT_FDCWD, "/home/firstmate/.no-mistakes/worktrees/8352e211db7e/01M4F29HK4JCAKXEQ2F50R6HHX", AT_STATX_SYNC_AS_STAT, STATX_ALL, {stx_mask=STATX_ALL|STATX_MNT_ID, stx_attributes=0, stx_mode=S_IFDIR|0775, stx_size=4096, ...}) = 0
771571 statx(AT_FDCWD, "/home/firstmate/.no-mistakes/worktrees/8352e211db7e/01M4F29HK4JCAKXEQ2F50R6HHX/.test-tmp", AT_STATX_SYNC_AS_STAT, STATX_ALL, {stx_mask=STATX_ALL|STATX_MNT_ID, stx_attributes=0, stx_mode=S_IFDIR|0775, stx_size=4096, ...}) = 0
771571 statx(AT_FDCWD, "/home/firstmate/.no-mistakes/worktrees/8352e211db7e/01M4F29HK4JCAKXEQ2F50R6HHX/.test-tmp/boundary", AT_STATX_SYNC_AS_STAT, STATX_ALL, {stx_mask=STATX_ALL|STATX_MNT_ID, stx_attributes=0, stx_mode=S_IFDIR|0700, stx_size=4096, ...}) = 0
771571 statx(AT_FDCWD, "/home/firstmate/.no-mistakes/worktrees/8352e211db7e/01M4F29HK4JCAKXEQ2F50R6HHX/.test-tmp/boundary/home", AT_STATX_SYNC_AS_STAT, STATX_ALL, {stx_mask=STATX_ALL|STATX_MNT_ID, stx_attributes=STATX_ATTR_MOUNT_ROOT, stx_mode=S_IFDIR|0700, stx_size=4096, ...}) = 0
771571 statx(AT_FDCWD, "/home/firstmate/.no-mistakes/worktrees/8352e211db7e/01M4F29HK4JCAKXEQ2F50R6HHX/.test-tmp/boundary/home/state", AT_STATX_SYNC_AS_STAT, STATX_ALL, {stx_mask=STATX_ALL|STATX_MNT_ID, stx_attributes=0, stx_mode=S_IFDIR|0700, stx_size=4096, ...}) = 0
771571 mkdir("/home/firstmate/.no-mistakes/worktrees/8352e211db7e/01M4F29HK4JCAKXEQ2F50R6HHX/.test-tmp/boundary/home/state", 0700) = -1 EEXIST (File exists)
771571 statx(AT_FDCWD, "/home/firstmate/.no-mistakes/worktrees/8352e211db7e/01M4F29HK4JCAKXEQ2F50R6HHX/.test-tmp/boundary/home/state", AT_STATX_SYNC_AS_STAT, STATX_ALL, {stx_mask=STATX_ALL|STATX_MNT_ID, stx_attributes=0, stx_mode=S_IFDIR|0700, stx_size=4096, ...}) = 0
771571 +++ exited with 0 +++
771496 --- SIGCHLD {si_signo=SIGCHLD, si_code=CLD_EXITED, si_pid=771571, si_uid=0, si_status=0, si_utime=0, si_stime=0} ---
771587 newfstatat(AT_FDCWD, ".", {st_mode=S_IFDIR|0775, st_size=4096, ...}, 0) = 0
771587 newfstatat(AT_FDCWD, "/home/firstmate/.local/codex-latest/lib/node_modules/@openai/codex/node_modules/@openai/codex-linux-x64/vendor/x86_64-unknown-linux-musl/codex-path/cat", 0x7ffdba4de540, 0) = -1 ENOENT (No such file or directory)
771587 newfstatat(AT_FDCWD, "/home/firstmate/.codex-5/tmp/arg0/codex-arg065EgpK/cat", 0x7ffdba4de540, 0) = -1 ENOENT (No such file or directory)
771587 newfstatat(AT_FDCWD, "/home/firstmate/.local/codex-latest/lib/node_modules/@openai/codex/node_modules/@openai/codex-linux-x64/vendor/x86_64-unknown-linux-musl/codex-path/cat", 0x7ffdba4de540, 0) = -1 ENOENT (No such file or directory)
771587 newfstatat(AT_FDCWD, "/home/firstmate/.local/bin/cat", 0x7ffdba4de540, 0) = -1 ENOENT (No such file or directory)
771587 newfstatat(AT_FDCWD, "/home/firstmate/go/bin/cat", 0x7ffdba4de540, 0) = -1 ENOENT (No such file or directory)
771587 newfstatat(AT_FDCWD, "/home/firstmate/.cargo/bin/cat", 0x7ffdba4de540, 0) = -1 ENOENT (No such file or directory)
771587 newfstatat(AT_FDCWD, "/home/firstmate/bin/cat", 0x7ffdba4de540, 0) = -1 ENOENT (No such file or directory)
771587 newfstatat(AT_FDCWD, "/opt/homebrew/bin/cat", 0x7ffdba4de540, 0) = -1 ENOENT (No such file or directory)
771587 newfstatat(AT_FDCWD, "/opt/homebrew/sbin/cat", 0x7ffdba4de540, 0) = -1 ENOENT (No such file or directory)
771587 newfstatat(AT_FDCWD, "/usr/local/bin/cat", 0x7ffdba4de540, 0) = -1 ENOENT (No such file or directory)
771587 newfstatat(AT_FDCWD, "/usr/local/sbin/cat", 0x7ffdba4de540, 0) = -1 ENOENT (No such file or directory)
771587 newfstatat(AT_FDCWD, "/usr/bin/cat", {st_mode=S_IFREG|0755, st_size=11352352, ...}, 0) = 0
771587 newfstatat(AT_FDCWD, "/usr/bin/cat", {st_mode=S_IFREG|0755, st_size=11352352, ...}, 0) = 0
771587 access("/usr/bin/cat", X_OK)     = 0
771587 newfstatat(AT_FDCWD, "/usr/bin/cat", {st_mode=S_IFREG|0755, st_size=11352352, ...}, 0) = 0
771587 access("/usr/bin/cat", R_OK)     = 0
771588 openat(AT_FDCWD, "/dev/null", O_WRONLY|O_CREAT|O_TRUNC, 0666) = 3
771588 execve("/usr/bin/cat", ["cat", "/home/firstmate/.no-mistakes/wor"...], 0x5b0257d20570 /* 9 vars */) = 0
771588 access("/etc/ld.so.preload", R_OK) = -1 ENOENT (No such file or directory)
771588 openat(AT_FDCWD, "/etc/ld.so.cache", O_RDONLY|O_CLOEXEC) = 3
771588 openat(AT_FDCWD, "/usr/lib/x86_64-linux-gnu/libselinux.so.1", O_RDONLY|O_CLOEXEC) = 3
771588 openat(AT_FDCWD, "/usr/lib/x86_64-linux-gnu/libgcc_s.so.1", O_RDONLY|O_CLOEXEC) = 3
771588 openat(AT_FDCWD, "/usr/lib/x86_64-linux-gnu/libm.so.6", O_RDONLY|O_CLOEXEC) = 3
771588 openat(AT_FDCWD, "/usr/lib/x86_64-linux-gnu/libc.so.6", O_RDONLY|O_CLOEXEC) = 3
771588 openat(AT_FDCWD, "/usr/lib/x86_64-linux-gnu/libpcre2-8.so.0", O_RDONLY|O_CLOEXEC) = 3
771588 statfs("/sys/fs/selinux", 0x7fff1aee0ab0) = -1 ENOENT (No such file or directory)
771588 statfs("/selinux", 0x7fff1aee0ab0) = -1 ENOENT (No such file or directory)
771588 openat(AT_FDCWD, "/proc/filesystems", O_RDONLY|O_CLOEXEC) = 3
771588 access("/etc/selinux/config", F_OK) = -1 ENOENT (No such file or directory)
771588 openat(AT_FDCWD, "/proc/self/maps", O_RDONLY|O_CLOEXEC) = 3
771588 statx(AT_FDCWD, "/usr/share/coreutils/locales/cat", AT_STATX_SYNC_AS_STAT, STATX_ALL, {stx_mask=STATX_ALL|STATX_MNT_ID, stx_attributes=0, stx_mode=S_IFDIR|0755, stx_size=4096, ...}) = 0
771588 statx(AT_FDCWD, "/usr/share/coreutils/locales/uucore", AT_STATX_SYNC_AS_STAT, STATX_ALL, {stx_mask=STATX_ALL|STATX_MNT_ID, stx_attributes=0, stx_mode=S_IFDIR|0755, stx_size=4096, ...}) = 0
771588 openat(AT_FDCWD, "/usr/share/coreutils/locales/uucore/en-US.ftl", O_RDONLY|O_CLOEXEC) = 3
771588 statx(3, "", AT_STATX_SYNC_AS_STAT|AT_EMPTY_PATH, STATX_ALL, {stx_mask=STATX_ALL|STATX_MNT_ID, stx_attributes=0, stx_mode=S_IFREG|0644, stx_size=4080, ...}) = 0
771588 statx(AT_FDCWD, "/usr/share/coreutils/locales/cat", AT_STATX_SYNC_AS_STAT, STATX_ALL, {stx_mask=STATX_ALL|STATX_MNT_ID, stx_attributes=0, stx_mode=S_IFDIR|0755, stx_size=4096, ...}) = 0
771588 openat(AT_FDCWD, "/usr/share/coreutils/locales/cat/en-US.ftl", O_RDONLY|O_CLOEXEC) = -1 ENOENT (No such file or directory)
771588 statx(AT_FDCWD, "/home/firstmate/.no-mistakes/worktrees/8352e211db7e/01M4F29HK4JCAKXEQ2F50R6HHX/.test-tmp/boundary/home/state/.lock", AT_STATX_SYNC_AS_STAT, STATX_ALL, {stx_mask=STATX_ALL|STATX_MNT_ID, stx_attributes=0, stx_mode=S_IFREG|0600, stx_size=7, ...}) = 0
771588 openat(AT_FDCWD, "/home/firstmate/.no-mistakes/worktrees/8352e211db7e/01M4F29HK4JCAKXEQ2F50R6HHX/.test-tmp/boundary/home/state/.lock", O_RDONLY|O_CLOEXEC) = 3
771588 +++ exited with 0 +++
771587 --- SIGCHLD {si_signo=SIGCHLD, si_code=CLD_EXITED, si_pid=771588, si_uid=0, si_status=0, si_utime=0, si_stime=0} ---
771587 +++ exited with 0 +++
771496 --- SIGCHLD {si_signo=SIGCHLD, si_code=CLD_EXITED, si_pid=771587, si_uid=0, si_status=0, si_utime=0, si_stime=0} ---
771496 openat(AT_FDCWD, "/dev/null", O_WRONLY|O_CREAT|O_TRUNC, 0666) = 3
771496 faccessat2(AT_FDCWD, "/proc/760355/stat", R_OK, AT_EACCESS) = 0
771496 faccessat2(AT_FDCWD, "/proc/760355/cmdline", R_OK, AT_EACCESS) = 0
771598 newfstatat(AT_FDCWD, ".", {st_mode=S_IFDIR|0775, st_size=4096, ...}, 0) = 0
771598 newfstatat(AT_FDCWD, "/home/firstmate/.local/codex-latest/lib/node_modules/@openai/codex/node_modules/@openai/codex-linux-x64/vendor/x86_64-unknown-linux-musl/codex-path/cat", 0x7ffdba4dd150, 0) = -1 ENOENT (No such file or directory)
771598 newfstatat(AT_FDCWD, "/home/firstmate/.codex-5/tmp/arg0/codex-arg065EgpK/cat", 0x7ffdba4dd150, 0) = -1 ENOENT (No such file or directory)
771598 newfstatat(AT_FDCWD, "/home/firstmate/.local/codex-latest/lib/node_modules/@openai/codex/node_modules/@openai/codex-linux-x64/vendor/x86_64-unknown-linux-musl/codex-path/cat", 0x7ffdba4dd150, 0) = -1 ENOENT (No such file or directory)
771598 newfstatat(AT_FDCWD, "/home/firstmate/.local/bin/cat", 0x7ffdba4dd150, 0) = -1 ENOENT (No such file or directory)
771598 newfstatat(AT_FDCWD, "/home/firstmate/go/bin/cat", 0x7ffdba4dd150, 0) = -1 ENOENT (No such file or directory)
771598 newfstatat(AT_FDCWD, "/home/firstmate/.cargo/bin/cat", 0x7ffdba4dd150, 0) = -1 ENOENT (No such file or directory)
771598 newfstatat(AT_FDCWD, "/home/firstmate/bin/cat", 0x7ffdba4dd150, 0) = -1 ENOENT (No such file or directory)
771598 newfstatat(AT_FDCWD, "/opt/homebrew/bin/cat", 0x7ffdba4dd150, 0) = -1 ENOENT (No such file or directory)
771598 newfstatat(AT_FDCWD, "/opt/homebrew/sbin/cat", 0x7ffdba4dd150, 0) = -1 ENOENT (No such file or directory)
771598 newfstatat(AT_FDCWD, "/usr/local/bin/cat", 0x7ffdba4dd150, 0) = -1 ENOENT (No such file or directory)
771598 newfstatat(AT_FDCWD, "/usr/local/sbin/cat", 0x7ffdba4dd150, 0) = -1 ENOENT (No such file or directory)
771598 newfstatat(AT_FDCWD, "/usr/bin/cat", {st_mode=S_IFREG|0755, st_size=11352352, ...}, 0) = 0
771598 newfstatat(AT_FDCWD, "/usr/bin/cat", {st_mode=S_IFREG|0755, st_size=11352352, ...}, 0) = 0
771598 access("/usr/bin/cat", X_OK)     = 0
771598 newfstatat(AT_FDCWD, "/usr/bin/cat", {st_mode=S_IFREG|0755, st_size=11352352, ...}, 0) = 0
771598 access("/usr/bin/cat", R_OK)     = 0
771601 openat(AT_FDCWD, "/dev/null", O_WRONLY|O_CREAT|O_TRUNC, 0666) = 3
771601 execve("/usr/bin/cat", ["cat", "/proc/760355/stat"], 0x5b0257d20570 /* 9 vars */) = 0
771601 access("/etc/ld.so.preload", R_OK) = -1 ENOENT (No such file or directory)
771601 openat(AT_FDCWD, "/etc/ld.so.cache", O_RDONLY|O_CLOEXEC) = 3
771601 openat(AT_FDCWD, "/usr/lib/x86_64-linux-gnu/libselinux.so.1", O_RDONLY|O_CLOEXEC) = 3
771601 openat(AT_FDCWD, "/usr/lib/x86_64-linux-gnu/libgcc_s.so.1", O_RDONLY|O_CLOEXEC) = 3
771601 openat(AT_FDCWD, "/usr/lib/x86_64-linux-gnu/libm.so.6", O_RDONLY|O_CLOEXEC) = 3
771601 openat(AT_FDCWD, "/usr/lib/x86_64-linux-gnu/libc.so.6", O_RDONLY|O_CLOEXEC) = 3
771601 openat(AT_FDCWD, "/usr/lib/x86_64-linux-gnu/libpcre2-8.so.0", O_RDONLY|O_CLOEXEC) = 3
771601 statfs("/sys/fs/selinux", 0x7fff3833a920) = -1 ENOENT (No such file or directory)
771601 statfs("/selinux", 0x7fff3833a920) = -1 ENOENT (No such file or directory)
771601 openat(AT_FDCWD, "/proc/filesystems", O_RDONLY|O_CLOEXEC) = 3
771601 access("/etc/selinux/config", F_OK) = -1 ENOENT (No such file or directory)
771601 openat(AT_FDCWD, "/proc/self/maps", O_RDONLY|O_CLOEXEC) = 3
771601 statx(AT_FDCWD, "/usr/share/coreutils/locales/cat", AT_STATX_SYNC_AS_STAT, STATX_ALL, {stx_mask=STATX_ALL|STATX_MNT_ID, stx_attributes=0, stx_mode=S_IFDIR|0755, stx_size=4096, ...}) = 0
771601 statx(AT_FDCWD, "/usr/share/coreutils/locales/uucore", AT_STATX_SYNC_AS_STAT, STATX_ALL, {stx_mask=STATX_ALL|STATX_MNT_ID, stx_attributes=0, stx_mode=S_IFDIR|0755, stx_size=4096, ...}) = 0
771601 openat(AT_FDCWD, "/usr/share/coreutils/locales/uucore/en-US.ftl", O_RDONLY|O_CLOEXEC) = 3
771601 statx(3, "", AT_STATX_SYNC_AS_STAT|AT_EMPTY_PATH, STATX_ALL, {stx_mask=STATX_ALL|STATX_MNT_ID, stx_attributes=0, stx_mode=S_IFREG|0644, stx_size=4080, ...}) = 0
771601 statx(AT_FDCWD, "/usr/share/coreutils/locales/cat", AT_STATX_SYNC_AS_STAT, STATX_ALL, {stx_mask=STATX_ALL|STATX_MNT_ID, stx_attributes=0, stx_mode=S_IFDIR|0755, stx_size=4096, ...}) = 0
771601 openat(AT_FDCWD, "/usr/share/coreutils/locales/cat/en-US.ftl", O_RDONLY|O_CLOEXEC) = -1 ENOENT (No such file or directory)
771601 statx(AT_FDCWD, "/proc/760355/stat", AT_STATX_SYNC_AS_STAT, STATX_ALL, {stx_mask=STATX_BASIC_STATS|STATX_MNT_ID, stx_attributes=0, stx_mode=S_IFREG|0444, stx_size=0, ...}) = 0
771601 openat(AT_FDCWD, "/proc/760355/stat", O_RDONLY|O_CLOEXEC) = 3
771601 +++ exited with 0 +++
771598 --- SIGCHLD {si_signo=SIGCHLD, si_code=CLD_EXITED, si_pid=771601, si_uid=0, si_status=0, si_utime=0, si_stime=0} ---
771598 +++ exited with 0 +++
771496 --- SIGCHLD {si_signo=SIGCHLD, si_code=CLD_EXITED, si_pid=771598, si_uid=0, si_status=0, si_utime=0, si_stime=0} ---
771617 newfstatat(AT_FDCWD, ".", {st_mode=S_IFDIR|0775, st_size=4096, ...}, 0) = 0
771617 newfstatat(AT_FDCWD, "/home/firstmate/.local/codex-latest/lib/node_modules/@openai/codex/node_modules/@openai/codex-linux-x64/vendor/x86_64-unknown-linux-musl/codex-path/od", 0x7ffdba4dd320, 0) = -1 ENOENT (No such file or directory)
771617 newfstatat(AT_FDCWD, "/home/firstmate/.codex-5/tmp/arg0/codex-arg065EgpK/od", 0x7ffdba4dd320, 0) = -1 ENOENT (No such file or directory)
771617 newfstatat(AT_FDCWD, "/home/firstmate/.local/codex-latest/lib/node_modules/@openai/codex/node_modules/@openai/codex-linux-x64/vendor/x86_64-unknown-linux-musl/codex-path/od", 0x7ffdba4dd320, 0) = -1 ENOENT (No such file or directory)
771617 newfstatat(AT_FDCWD, "/home/firstmate/.local/bin/od", 0x7ffdba4dd320, 0) = -1 ENOENT (No such file or directory)
771617 newfstatat(AT_FDCWD, "/home/firstmate/go/bin/od", 0x7ffdba4dd320, 0) = -1 ENOENT (No such file or directory)
771617 newfstatat(AT_FDCWD, "/home/firstmate/.cargo/bin/od", 0x7ffdba4dd320, 0) = -1 ENOENT (No such file or directory)
771617 newfstatat(AT_FDCWD, "/home/firstmate/bin/od", 0x7ffdba4dd320, 0) = -1 ENOENT (No such file or directory)
771617 newfstatat(AT_FDCWD, "/opt/homebrew/bin/od" <unfinished ...>
771619 newfstatat(AT_FDCWD, "." <unfinished ...>
771617 <... newfstatat resumed>, 0x7ffdba4dd320, 0) = -1 ENOENT (No such file or directory)
771619 <... newfstatat resumed>, {st_mode=S_IFDIR|0775, st_size=4096, ...}, 0) = 0
771617 newfstatat(AT_FDCWD, "/opt/homebrew/sbin/od" <unfinished ...>
771619 newfstatat(AT_FDCWD, "/home/firstmate/.local/codex-latest/lib/node_modules/@openai/codex/node_modules/@openai/codex-linux-x64/vendor/x86_64-unknown-linux-musl/codex-path/tr", 0x7ffdba4dd320, 0) = -1 ENOENT (No such file or directory)
771619 newfstatat(AT_FDCWD, "/home/firstmate/.codex-5/tmp/arg0/codex-arg065EgpK/tr", 0x7ffdba4dd320, 0) = -1 ENOENT (No such file or directory)
771619 newfstatat(AT_FDCWD, "/home/firstmate/.local/codex-latest/lib/node_modules/@openai/codex/node_modules/@openai/codex-linux-x64/vendor/x86_64-unknown-linux-musl/codex-path/tr", 0x7ffdba4dd320, 0) = -1 ENOENT (No such file or directory)
771619 newfstatat(AT_FDCWD, "/home/firstmate/.local/bin/tr", 0x7ffdba4dd320, 0) = -1 ENOENT (No such file or directory)
771619 newfstatat(AT_FDCWD, "/home/firstmate/go/bin/tr", 0x7ffdba4dd320, 0) = -1 ENOENT (No such file or directory)
771619 newfstatat(AT_FDCWD, "/home/firstmate/.cargo/bin/tr", 0x7ffdba4dd320, 0) = -1 ENOENT (No such file or directory)
771619 newfstatat(AT_FDCWD, "/home/firstmate/bin/tr", 0x7ffdba4dd320, 0) = -1 ENOENT (No such file or directory)
771619 newfstatat(AT_FDCWD, "/opt/homebrew/bin/tr", 0x7ffdba4dd320, 0) = -1 ENOENT (No such file or directory)
771619 newfstatat(AT_FDCWD, "/opt/homebrew/sbin/tr", 0x7ffdba4dd320, 0) = -1 ENOENT (No such file or directory)
771619 newfstatat(AT_FDCWD, "/usr/local/bin/tr", 0x7ffdba4dd320, 0) = -1 ENOENT (No such file or directory)
771617 <... newfstatat resumed>, 0x7ffdba4dd320, 0) = -1 ENOENT (No such file or directory)
771619 newfstatat(AT_FDCWD, "/usr/local/sbin/tr", 0x7ffdba4dd320, 0) = -1 ENOENT (No such file or directory)
771619 newfstatat(AT_FDCWD, "/usr/bin/tr", {st_mode=S_IFREG|0755, st_size=11352352, ...}, 0) = 0
771619 newfstatat(AT_FDCWD, "/usr/bin/tr", {st_mode=S_IFREG|0755, st_size=11352352, ...}, 0) = 0
771619 access("/usr/bin/tr", X_OK)      = 0
771619 newfstatat(AT_FDCWD, "/usr/bin/tr", {st_mode=S_IFREG|0755, st_size=11352352, ...}, 0) = 0
771617 newfstatat(AT_FDCWD, "/usr/local/bin/od", 0x7ffdba4dd320, 0) = -1 ENOENT (No such file or directory)
771617 newfstatat(AT_FDCWD, "/usr/local/sbin/od", 0x7ffdba4dd320, 0) = -1 ENOENT (No such file or directory)
771619 access("/usr/bin/tr", R_OK <unfinished ...>
771617 newfstatat(AT_FDCWD, "/usr/bin/od" <unfinished ...>
771619 <... access resumed>)            = 0
771617 <... newfstatat resumed>, {st_mode=S_IFREG|0755, st_size=11352352, ...}, 0) = 0
771617 newfstatat(AT_FDCWD, "/usr/bin/od", {st_mode=S_IFREG|0755, st_size=11352352, ...}, 0) = 0
771619 execve("/usr/bin/tr", ["tr", "-d", "[:space:]"], 0x5b0257d20570 /* 9 vars */ <unfinished ...>
771617 access("/usr/bin/od", X_OK)      = 0
771617 newfstatat(AT_FDCWD, "/usr/bin/od", {st_mode=S_IFREG|0755, st_size=11352352, ...}, 0) = 0
771617 access("/usr/bin/od", R_OK)      = 0
771619 <... execve resumed>)            = 0
771617 openat(AT_FDCWD, "/dev/null", O_WRONLY|O_CREAT|O_TRUNC, 0666) = 3
771617 execve("/usr/bin/od", ["od", "-An", "-v", "-tx1", "/proc/760355/cmdline"], 0x5b0257d20570 /* 9 vars */ <unfinished ...>
771619 access("/etc/ld.so.preload", R_OK) = -1 ENOENT (No such file or directory)
771619 openat(AT_FDCWD, "/etc/ld.so.cache", O_RDONLY|O_CLOEXEC) = 3
771619 openat(AT_FDCWD, "/usr/lib/x86_64-linux-gnu/libselinux.so.1", O_RDONLY|O_CLOEXEC) = 3
771617 <... execve resumed>)            = 0
771619 openat(AT_FDCWD, "/usr/lib/x86_64-linux-gnu/libgcc_s.so.1", O_RDONLY|O_CLOEXEC) = 3
771617 access("/etc/ld.so.preload", R_OK) = -1 ENOENT (No such file or directory)
771617 openat(AT_FDCWD, "/etc/ld.so.cache", O_RDONLY|O_CLOEXEC) = 3
771617 openat(AT_FDCWD, "/usr/lib/x86_64-linux-gnu/libselinux.so.1", O_RDONLY|O_CLOEXEC) = 3
771619 openat(AT_FDCWD, "/usr/lib/x86_64-linux-gnu/libm.so.6", O_RDONLY|O_CLOEXEC) = 3
771619 openat(AT_FDCWD, "/usr/lib/x86_64-linux-gnu/libc.so.6", O_RDONLY|O_CLOEXEC) = 3
771619 openat(AT_FDCWD, "/usr/lib/x86_64-linux-gnu/libpcre2-8.so.0", O_RDONLY|O_CLOEXEC) = 3
771617 openat(AT_FDCWD, "/usr/lib/x86_64-linux-gnu/libgcc_s.so.1", O_RDONLY|O_CLOEXEC) = 3
771617 openat(AT_FDCWD, "/usr/lib/x86_64-linux-gnu/libm.so.6", O_RDONLY|O_CLOEXEC) = 3
771617 openat(AT_FDCWD, "/usr/lib/x86_64-linux-gnu/libc.so.6", O_RDONLY|O_CLOEXEC) = 3
771617 openat(AT_FDCWD, "/usr/lib/x86_64-linux-gnu/libpcre2-8.so.0", O_RDONLY|O_CLOEXEC) = 3
771619 statfs("/sys/fs/selinux", 0x7ffed73bc6e0) = -1 ENOENT (No such file or directory)
771619 statfs("/selinux", 0x7ffed73bc6e0) = -1 ENOENT (No such file or directory)
771619 openat(AT_FDCWD, "/proc/filesystems", O_RDONLY|O_CLOEXEC) = 3
771619 access("/etc/selinux/config", F_OK) = -1 ENOENT (No such file or directory)
771619 openat(AT_FDCWD, "/proc/self/maps", O_RDONLY|O_CLOEXEC) = 3
771619 statx(AT_FDCWD, "/usr/share/coreutils/locales/tr", AT_STATX_SYNC_AS_STAT, STATX_ALL, {stx_mask=STATX_ALL|STATX_MNT_ID, stx_attributes=0, stx_mode=S_IFDIR|0755, stx_size=4096, ...}) = 0
771619 statx(AT_FDCWD, "/usr/share/coreutils/locales/uucore", AT_STATX_SYNC_AS_STAT, STATX_ALL, {stx_mask=STATX_ALL|STATX_MNT_ID, stx_attributes=0, stx_mode=S_IFDIR|0755, stx_size=4096, ...}) = 0
771619 openat(AT_FDCWD, "/usr/share/coreutils/locales/uucore/en-US.ftl", O_RDONLY|O_CLOEXEC) = 3
771619 statx(3, "", AT_STATX_SYNC_AS_STAT|AT_EMPTY_PATH, STATX_ALL, {stx_mask=STATX_ALL|STATX_MNT_ID, stx_attributes=0, stx_mode=S_IFREG|0644, stx_size=4080, ...}) = 0
771619 statx(AT_FDCWD, "/usr/share/coreutils/locales/tr", AT_STATX_SYNC_AS_STAT, STATX_ALL, {stx_mask=STATX_ALL|STATX_MNT_ID, stx_attributes=0, stx_mode=S_IFDIR|0755, stx_size=4096, ...}) = 0
771619 openat(AT_FDCWD, "/usr/share/coreutils/locales/tr/en-US.ftl", O_RDONLY|O_CLOEXEC) = -1 ENOENT (No such file or directory)
771617 statfs("/sys/fs/selinux", 0x7ffd685434a0) = -1 ENOENT (No such file or directory)
771617 statfs("/selinux", 0x7ffd685434a0) = -1 ENOENT (No such file or directory)
771617 openat(AT_FDCWD, "/proc/filesystems", O_RDONLY|O_CLOEXEC) = 3
771617 access("/etc/selinux/config", F_OK) = -1 ENOENT (No such file or directory)
771617 openat(AT_FDCWD, "/proc/self/maps", O_RDONLY|O_CLOEXEC) = 3
771617 statx(AT_FDCWD, "/usr/share/coreutils/locales/od", AT_STATX_SYNC_AS_STAT, STATX_ALL, {stx_mask=STATX_ALL|STATX_MNT_ID, stx_attributes=0, stx_mode=S_IFDIR|0755, stx_size=4096, ...}) = 0
771617 statx(AT_FDCWD, "/usr/share/coreutils/locales/uucore", AT_STATX_SYNC_AS_STAT, STATX_ALL, {stx_mask=STATX_ALL|STATX_MNT_ID, stx_attributes=0, stx_mode=S_IFDIR|0755, stx_size=4096, ...}) = 0
771617 openat(AT_FDCWD, "/usr/share/coreutils/locales/uucore/en-US.ftl", O_RDONLY|O_CLOEXEC) = 3
771617 statx(3, "", AT_STATX_SYNC_AS_STAT|AT_EMPTY_PATH, STATX_ALL, {stx_mask=STATX_ALL|STATX_MNT_ID, stx_attributes=0, stx_mode=S_IFREG|0644, stx_size=4080, ...}) = 0
771617 statx(AT_FDCWD, "/usr/share/coreutils/locales/od", AT_STATX_SYNC_AS_STAT, STATX_ALL, {stx_mask=STATX_ALL|STATX_MNT_ID, stx_attributes=0, stx_mode=S_IFDIR|0755, stx_size=4096, ...}) = 0
771617 openat(AT_FDCWD, "/usr/share/coreutils/locales/od/en-US.ftl", O_RDONLY|O_CLOEXEC) = -1 ENOENT (No such file or directory)
771617 openat(AT_FDCWD, "/proc/760355/cmdline", O_RDONLY|O_CLOEXEC) = 3
771617 +++ exited with 0 +++
771619 +++ exited with 0 +++
771614 --- SIGCHLD {si_signo=SIGCHLD, si_code=CLD_EXITED, si_pid=771617, si_uid=0, si_status=0, si_utime=0, si_stime=1 /* 0.01 s */} ---
771614 +++ exited with 0 +++
771496 --- SIGCHLD {si_signo=SIGCHLD, si_code=CLD_EXITED, si_pid=771614, si_uid=0, si_status=0, si_utime=0, si_stime=0} ---
771643 newfstatat(AT_FDCWD, ".", {st_mode=S_IFDIR|0775, st_size=4096, ...}, 0) = 0
771643 newfstatat(AT_FDCWD, "/home/firstmate/.local/codex-latest/lib/node_modules/@openai/codex/node_modules/@openai/codex-linux-x64/vendor/x86_64-unknown-linux-musl/codex-path/cat", 0x7ffdba4de640, 0) = -1 ENOENT (No such file or directory)
771643 newfstatat(AT_FDCWD, "/home/firstmate/.codex-5/tmp/arg0/codex-arg065EgpK/cat", 0x7ffdba4de640, 0) = -1 ENOENT (No such file or directory)
771643 newfstatat(AT_FDCWD, "/home/firstmate/.local/codex-latest/lib/node_modules/@openai/codex/node_modules/@openai/codex-linux-x64/vendor/x86_64-unknown-linux-musl/codex-path/cat", 0x7ffdba4de640, 0) = -1 ENOENT (No such file or directory)
771643 newfstatat(AT_FDCWD, "/home/firstmate/.local/bin/cat", 0x7ffdba4de640, 0) = -1 ENOENT (No such file or directory)
771643 newfstatat(AT_FDCWD, "/home/firstmate/go/bin/cat", 0x7ffdba4de640, 0) = -1 ENOENT (No such file or directory)
771643 newfstatat(AT_FDCWD, "/home/firstmate/.cargo/bin/cat", 0x7ffdba4de640, 0) = -1 ENOENT (No such file or directory)
771643 newfstatat(AT_FDCWD, "/home/firstmate/bin/cat", 0x7ffdba4de640, 0) = -1 ENOENT (No such file or directory)
771643 newfstatat(AT_FDCWD, "/opt/homebrew/bin/cat", 0x7ffdba4de640, 0) = -1 ENOENT (No such file or directory)
771643 newfstatat(AT_FDCWD, "/opt/homebrew/sbin/cat", 0x7ffdba4de640, 0) = -1 ENOENT (No such file or directory)
771643 newfstatat(AT_FDCWD, "/usr/local/bin/cat", 0x7ffdba4de640, 0) = -1 ENOENT (No such file or directory)
771643 newfstatat(AT_FDCWD, "/usr/local/sbin/cat", 0x7ffdba4de640, 0) = -1 ENOENT (No such file or directory)
771643 newfstatat(AT_FDCWD, "/usr/bin/cat", {st_mode=S_IFREG|0755, st_size=11352352, ...}, 0) = 0
771643 newfstatat(AT_FDCWD, "/usr/bin/cat", {st_mode=S_IFREG|0755, st_size=11352352, ...}, 0) = 0
771643 access("/usr/bin/cat", X_OK)     = 0
771643 newfstatat(AT_FDCWD, "/usr/bin/cat", {st_mode=S_IFREG|0755, st_size=11352352, ...}, 0) = 0
771643 access("/usr/bin/cat", R_OK)     = 0
771643 execve("/usr/bin/cat", ["cat", "/home/firstmate/.no-mistakes/wor"...], 0x5b0257d09170 /* 9 vars */) = 0
771643 access("/etc/ld.so.preload", R_OK) = -1 ENOENT (No such file or directory)
771643 openat(AT_FDCWD, "/etc/ld.so.cache", O_RDONLY|O_CLOEXEC) = 3
771643 openat(AT_FDCWD, "/usr/lib/x86_64-linux-gnu/libselinux.so.1", O_RDONLY|O_CLOEXEC) = 3
771643 openat(AT_FDCWD, "/usr/lib/x86_64-linux-gnu/libgcc_s.so.1", O_RDONLY|O_CLOEXEC) = 3
771643 openat(AT_FDCWD, "/usr/lib/x86_64-linux-gnu/libm.so.6", O_RDONLY|O_CLOEXEC) = 3
771643 openat(AT_FDCWD, "/usr/lib/x86_64-linux-gnu/libc.so.6", O_RDONLY|O_CLOEXEC) = 3
771643 openat(AT_FDCWD, "/usr/lib/x86_64-linux-gnu/libpcre2-8.so.0", O_RDONLY|O_CLOEXEC) = 3
771643 statfs("/sys/fs/selinux", 0x7ffc1abe2bb0) = -1 ENOENT (No such file or directory)
771643 statfs("/selinux", 0x7ffc1abe2bb0) = -1 ENOENT (No such file or directory)
771643 openat(AT_FDCWD, "/proc/filesystems", O_RDONLY|O_CLOEXEC) = 3
771643 access("/etc/selinux/config", F_OK) = -1 ENOENT (No such file or directory)
771643 openat(AT_FDCWD, "/proc/self/maps", O_RDONLY|O_CLOEXEC) = 3
771643 statx(AT_FDCWD, "/usr/share/coreutils/locales/cat", AT_STATX_SYNC_AS_STAT, STATX_ALL, {stx_mask=STATX_ALL|STATX_MNT_ID, stx_attributes=0, stx_mode=S_IFDIR|0755, stx_size=4096, ...}) = 0
771643 statx(AT_FDCWD, "/usr/share/coreutils/locales/uucore", AT_STATX_SYNC_AS_STAT, STATX_ALL, {stx_mask=STATX_ALL|STATX_MNT_ID, stx_attributes=0, stx_mode=S_IFDIR|0755, stx_size=4096, ...}) = 0
771643 openat(AT_FDCWD, "/usr/share/coreutils/locales/uucore/en-US.ftl", O_RDONLY|O_CLOEXEC) = 3
771643 statx(3, "", AT_STATX_SYNC_AS_STAT|AT_EMPTY_PATH, STATX_ALL, {stx_mask=STATX_ALL|STATX_MNT_ID, stx_attributes=0, stx_mode=S_IFREG|0644, stx_size=4080, ...}) = 0
771643 statx(AT_FDCWD, "/usr/share/coreutils/locales/cat", AT_STATX_SYNC_AS_STAT, STATX_ALL, {stx_mask=STATX_ALL|STATX_MNT_ID, stx_attributes=0, stx_mode=S_IFDIR|0755, stx_size=4096, ...}) = 0
771643 openat(AT_FDCWD, "/usr/share/coreutils/locales/cat/en-US.ftl", O_RDONLY|O_CLOEXEC) = -1 ENOENT (No such file or directory)
771643 statx(AT_FDCWD, "/home/firstmate/.no-mistakes/worktrees/8352e211db7e/01M4F29HK4JCAKXEQ2F50R6HHX/.test-tmp/boundary/home/state/.lock", AT_STATX_SYNC_AS_STAT, STATX_ALL, {stx_mask=STATX_ALL|STATX_MNT_ID, stx_attributes=0, stx_mode=S_IFREG|0600, stx_size=7, ...}) = 0
771643 openat(AT_FDCWD, "/home/firstmate/.no-mistakes/worktrees/8352e211db7e/01M4F29HK4JCAKXEQ2F50R6HHX/.test-tmp/boundary/home/state/.lock", O_RDONLY|O_CLOEXEC) = 3
771643 +++ exited with 0 +++
771496 --- SIGCHLD {si_signo=SIGCHLD, si_code=CLD_EXITED, si_pid=771643, si_uid=0, si_status=0, si_utime=0, si_stime=1 /* 0.01 s */} ---
771496 newfstatat(AT_FDCWD, ".", {st_mode=S_IFDIR|0775, st_size=4096, ...}, 0) = 0
771496 newfstatat(AT_FDCWD, "/home/firstmate/.local/codex-latest/lib/node_modules/@openai/codex/node_modules/@openai/codex-linux-x64/vendor/x86_64-unknown-linux-musl/codex-path/python3", 0x7ffdba4df330, 0) = -1 ENOENT (No such file or directory)
771496 newfstatat(AT_FDCWD, "/home/firstmate/.codex-5/tmp/arg0/codex-arg065EgpK/python3", 0x7ffdba4df330, 0) = -1 ENOENT (No such file or directory)
771496 newfstatat(AT_FDCWD, "/home/firstmate/.local/codex-latest/lib/node_modules/@openai/codex/node_modules/@openai/codex-linux-x64/vendor/x86_64-unknown-linux-musl/codex-path/python3", 0x7ffdba4df330, 0) = -1 ENOENT (No such file or directory)
771496 newfstatat(AT_FDCWD, "/home/firstmate/.local/bin/python3", 0x7ffdba4df330, 0) = -1 ENOENT (No such file or directory)
771496 newfstatat(AT_FDCWD, "/home/firstmate/go/bin/python3", 0x7ffdba4df330, 0) = -1 ENOENT (No such file or directory)
771496 newfstatat(AT_FDCWD, "/home/firstmate/.cargo/bin/python3", 0x7ffdba4df330, 0) = -1 ENOENT (No such file or directory)
771496 newfstatat(AT_FDCWD, "/home/firstmate/bin/python3", 0x7ffdba4df330, 0) = -1 ENOENT (No such file or directory)
771496 newfstatat(AT_FDCWD, "/opt/homebrew/bin/python3", 0x7ffdba4df330, 0) = -1 ENOENT (No such file or directory)
771496 newfstatat(AT_FDCWD, "/opt/homebrew/sbin/python3", 0x7ffdba4df330, 0) = -1 ENOENT (No such file or directory)
771496 newfstatat(AT_FDCWD, "/usr/local/bin/python3", 0x7ffdba4df330, 0) = -1 ENOENT (No such file or directory)
771496 newfstatat(AT_FDCWD, "/usr/local/sbin/python3", 0x7ffdba4df330, 0) = -1 ENOENT (No such file or directory)
771496 newfstatat(AT_FDCWD, "/usr/bin/python3", {st_mode=S_IFREG|0755, st_size=7477160, ...}, 0) = 0
771496 newfstatat(AT_FDCWD, "/usr/bin/python3", {st_mode=S_IFREG|0755, st_size=7477160, ...}, 0) = 0
771496 access("/usr/bin/python3", X_OK) = 0
771496 newfstatat(AT_FDCWD, "/usr/bin/python3", {st_mode=S_IFREG|0755, st_size=7477160, ...}, 0) = 0
771496 access("/usr/bin/python3", R_OK) = 0
771496 execve("/usr/bin/python3", ["python3", "/home/firstmate/.no-mistakes/wor"..., "poll"], 0x5b0257d09170 /* 8 vars */) = 0
771496 access("/etc/ld.so.preload", R_OK) = -1 ENOENT (No such file or directory)
771496 openat(AT_FDCWD, "/etc/ld.so.cache", O_RDONLY|O_CLOEXEC) = 3
771496 openat(AT_FDCWD, "/usr/lib/x86_64-linux-gnu/libm.so.6", O_RDONLY|O_CLOEXEC) = 3
771496 openat(AT_FDCWD, "/usr/lib/x86_64-linux-gnu/libz.so.1", O_RDONLY|O_CLOEXEC) = 3
771496 openat(AT_FDCWD, "/usr/lib/x86_64-linux-gnu/libexpat.so.1", O_RDONLY|O_CLOEXEC) = 3
771496 openat(AT_FDCWD, "/usr/lib/x86_64-linux-gnu/libc.so.6", O_RDONLY|O_CLOEXEC) = 3
771496 open("/proc/sys/vm/overcommit_memory", O_RDONLY) = 3
771496 openat(AT_FDCWD, "/usr/lib/locale/locale-archive", O_RDONLY|O_CLOEXEC) = 3
771496 openat(AT_FDCWD, "/usr/share/locale/locale.alias", O_RDONLY|O_CLOEXEC) = -1 ENOENT (No such file or directory)
771496 openat(AT_FDCWD, "/usr/lib/locale/C.UTF-8/LC_CTYPE", O_RDONLY|O_CLOEXEC) = -1 ENOENT (No such file or directory)
771496 openat(AT_FDCWD, "/usr/lib/locale/C.utf8/LC_CTYPE", O_RDONLY|O_CLOEXEC) = 3
771496 openat(AT_FDCWD, "/usr/lib/x86_64-linux-gnu/gconv/gconv-modules.cache", O_RDONLY|O_CLOEXEC) = 3
771496 openat(AT_FDCWD, "/proc/self/maps", O_RDONLY|O_CLOEXEC) = 3
771496 newfstatat(AT_FDCWD, "/home/firstmate/.local/codex-latest/lib/node_modules/@openai/codex/node_modules/@openai/codex-linux-x64/vendor/x86_64-unknown-linux-musl/codex-path/python3", 0x7ffe1089fbd0, 0) = -1 ENOENT (No such file or directory)
771496 newfstatat(AT_FDCWD, "/home/firstmate/.codex-5/tmp/arg0/codex-arg065EgpK/python3", 0x7ffe1089fbd0, 0) = -1 ENOENT (No such file or directory)
771496 newfstatat(AT_FDCWD, "/home/firstmate/.local/codex-latest/lib/node_modules/@openai/codex/node_modules/@openai/codex-linux-x64/vendor/x86_64-unknown-linux-musl/codex-path/python3", 0x7ffe1089fbd0, 0) = -1 ENOENT (No such file or directory)
771496 newfstatat(AT_FDCWD, "/home/firstmate/.local/bin/python3", 0x7ffe1089fbd0, 0) = -1 ENOENT (No such file or directory)
771496 newfstatat(AT_FDCWD, "/home/firstmate/go/bin/python3", 0x7ffe1089fbd0, 0) = -1 ENOENT (No such file or directory)
771496 newfstatat(AT_FDCWD, "/home/firstmate/.cargo/bin/python3", 0x7ffe1089fbd0, 0) = -1 ENOENT (No such file or directory)
771496 newfstatat(AT_FDCWD, "/home/firstmate/bin/python3", 0x7ffe1089fbd0, 0) = -1 ENOENT (No such file or directory)
771496 newfstatat(AT_FDCWD, "/opt/homebrew/bin/python3", 0x7ffe1089fbd0, 0) = -1 ENOENT (No such file or directory)
771496 newfstatat(AT_FDCWD, "/opt/homebrew/sbin/python3", 0x7ffe1089fbd0, 0) = -1 ENOENT (No such file or directory)
771496 newfstatat(AT_FDCWD, "/usr/local/bin/python3", 0x7ffe1089fbd0, 0) = -1 ENOENT (No such file or directory)
771496 newfstatat(AT_FDCWD, "/usr/local/sbin/python3", 0x7ffe1089fbd0, 0) = -1 ENOENT (No such file or directory)
771496 newfstatat(AT_FDCWD, "/usr/bin/python3", {st_mode=S_IFREG|0755, st_size=7477160, ...}, 0) = 0
771496 openat(AT_FDCWD, "/usr/pyvenv.cfg", O_RDONLY) = -1 ENOENT (No such file or directory)
771496 openat(AT_FDCWD, "/usr/bin/pyvenv.cfg", O_RDONLY) = -1 ENOENT (No such file or directory)
771496 readlink("/usr/bin/python3", "python3.14", 4096) = 10
771496 readlink("/usr/bin/python3.14", 0x7ffe1089abf0, 4096) = -1 EINVAL (Invalid argument)
771496 openat(AT_FDCWD, "/usr/bin/python3._pth", O_RDONLY) = -1 ENOENT (No such file or directory)
771496 openat(AT_FDCWD, "/usr/bin/python3.14._pth", O_RDONLY) = -1 ENOENT (No such file or directory)
771496 openat(AT_FDCWD, "/usr/bin/pybuilddir.txt", O_RDONLY) = -1 ENOENT (No such file or directory)
771496 newfstatat(AT_FDCWD, "/usr/bin/Modules/Setup.local", 0x7ffe1089fbd0, 0) = -1 ENOENT (No such file or directory)
771496 newfstatat(AT_FDCWD, "/usr/bin/lib/python314.zip", 0x7ffe1089f8b0, 0) = -1 ENOENT (No such file or directory)
771496 newfstatat(AT_FDCWD, "/usr/lib/python314.zip", 0x7ffe1089fbd0, 0) = -1 ENOENT (No such file or directory)
771496 newfstatat(AT_FDCWD, "/usr/bin/lib/python3.14/os.py", 0x7ffe1089fbd0, 0) = -1 ENOENT (No such file or directory)
771496 newfstatat(AT_FDCWD, "/usr/bin/lib/python3.14/os.pyc", 0x7ffe1089fbd0, 0) = -1 ENOENT (No such file or directory)
771496 newfstatat(AT_FDCWD, "/usr/lib/python3.14/os.py", {st_mode=S_IFREG|0644, st_size=41959, ...}, 0) = 0
771496 newfstatat(AT_FDCWD, "/usr/lib/python3.14/lib-dynload", {st_mode=S_IFDIR|0755, st_size=16384, ...}, 0) = 0
771496 newfstatat(AT_FDCWD, "/usr/lib/python3.14/lib-dynload", {st_mode=S_IFDIR|0755, st_size=16384, ...}, 0) = 0
771496 openat(AT_FDCWD, "/etc/localtime", O_RDONLY|O_CLOEXEC) = 3
771496 newfstatat(AT_FDCWD, "/usr/lib/python314.zip", 0x7ffe1089f390, 0) = -1 ENOENT (No such file or directory)
771496 newfstatat(AT_FDCWD, "/usr/lib", {st_mode=S_IFDIR|0755, st_size=4096, ...}, 0) = 0
771496 newfstatat(AT_FDCWD, "/usr/lib/python314.zip", 0x7ffe1089f870, 0) = -1 ENOENT (No such file or directory)
771496 newfstatat(AT_FDCWD, "/usr/lib/python3.14", {st_mode=S_IFDIR|0755, st_size=20480, ...}, 0) = 0
771496 newfstatat(AT_FDCWD, "/usr/lib/python3.14", {st_mode=S_IFDIR|0755, st_size=20480, ...}, 0) = 0
771496 newfstatat(AT_FDCWD, "/usr/lib/python3.14", {st_mode=S_IFDIR|0755, st_size=20480, ...}, 0) = 0
771496 openat(AT_FDCWD, "/usr/lib/python3.14", O_RDONLY|O_NONBLOCK|O_CLOEXEC|O_DIRECTORY) = 3
771496 newfstatat(AT_FDCWD, "/usr/lib/python3.14/encodings/__init__.cpython-314-x86_64-linux-gnu.so", 0x7ffe1089f870, 0) = -1 ENOENT (No such file or directory)
771496 newfstatat(AT_FDCWD, "/usr/lib/python3.14/encodings/__init__.abi3.so", 0x7ffe1089f870, 0) = -1 ENOENT (No such file or directory)
771496 newfstatat(AT_FDCWD, "/usr/lib/python3.14/encodings/__init__.abi3-x86_64-linux-gnu.so", 0x7ffe1089f870, 0) = -1 ENOENT (No such file or directory)
771496 newfstatat(AT_FDCWD, "/usr/lib/python3.14/encodings/__init__.so", 0x7ffe1089f870, 0) = -1 ENOENT (No such file or directory)
771496 newfstatat(AT_FDCWD, "/usr/lib/python3.14/encodings/__init__.py", {st_mode=S_IFREG|0644, st_size=5945, ...}, 0) = 0
771496 newfstatat(AT_FDCWD, "/usr/lib/python3.14/encodings/__init__.py", {st_mode=S_IFREG|0644, st_size=5945, ...}, 0) = 0
771496 openat(AT_FDCWD, "/usr/lib/python3.14/encodings/__pycache__/__init__.cpython-314.pyc", O_RDONLY|O_CLOEXEC) = 3
771496 newfstatat(AT_FDCWD, "/usr/lib/python3.14/encodings", {st_mode=S_IFDIR|0755, st_size=20480, ...}, 0) = 0
771496 newfstatat(AT_FDCWD, "/usr/lib/python3.14/encodings", {st_mode=S_IFDIR|0755, st_size=20480, ...}, 0) = 0
771496 newfstatat(AT_FDCWD, "/usr/lib/python3.14/encodings", {st_mode=S_IFDIR|0755, st_size=20480, ...}, 0) = 0
771496 openat(AT_FDCWD, "/usr/lib/python3.14/encodings", O_RDONLY|O_NONBLOCK|O_CLOEXEC|O_DIRECTORY) = 3
771496 newfstatat(AT_FDCWD, "/usr/lib/python3.14/encodings/aliases.py", {st_mode=S_IFREG|0644, st_size=15957, ...}, 0) = 0
771496 newfstatat(AT_FDCWD, "/usr/lib/python3.14/encodings/aliases.py", {st_mode=S_IFREG|0644, st_size=15957, ...}, 0) = 0
771496 openat(AT_FDCWD, "/usr/lib/python3.14/encodings/__pycache__/aliases.cpython-314.pyc", O_RDONLY|O_CLOEXEC) = 3
771496 newfstatat(AT_FDCWD, "/usr/lib/python3.14/encodings", {st_mode=S_IFDIR|0755, st_size=20480, ...}, 0) = 0
771496 newfstatat(AT_FDCWD, "/usr/lib/python3.14/encodings/utf_8.py", {st_mode=S_IFREG|0644, st_size=1005, ...}, 0) = 0
771496 newfstatat(AT_FDCWD, "/usr/lib/python3.14/encodings/utf_8.py", {st_mode=S_IFREG|0644, st_size=1005, ...}, 0) = 0
771496 openat(AT_FDCWD, "/usr/lib/python3.14/encodings/__pycache__/utf_8.cpython-314.pyc", O_RDONLY|O_CLOEXEC) = 3
771496 newfstatat(AT_FDCWD, "/usr/bin/pyvenv.cfg", 0x7ffe1089f0d0, 0) = -1 ENOENT (No such file or directory)
771496 newfstatat(AT_FDCWD, "/usr/pyvenv.cfg", 0x7ffe1089f0f0, 0) = -1 ENOENT (No such file or directory)
771496 newfstatat(AT_FDCWD, "/home/firstmate/.local/lib/python3.14/site-packages", {st_mode=S_IFDIR|0775, st_size=4096, ...}, 0) = 0
771496 openat(AT_FDCWD, "/home/firstmate/.local/lib/python3.14/site-packages", O_RDONLY|O_NONBLOCK|O_CLOEXEC|O_DIRECTORY) = 3
771496 newfstatat(AT_FDCWD, "/usr/local/lib/python3.14/dist-packages", {st_mode=S_IFDIR|0755, st_size=4096, ...}, 0) = 0
771496 openat(AT_FDCWD, "/usr/local/lib/python3.14/dist-packages", O_RDONLY|O_NONBLOCK|O_CLOEXEC|O_DIRECTORY) = 3
771496 newfstatat(AT_FDCWD, "/usr/lib/python3/dist-packages", {st_mode=S_IFDIR|0755, st_size=12288, ...}, 0) = 0
771496 openat(AT_FDCWD, "/usr/lib/python3/dist-packages", O_RDONLY|O_NONBLOCK|O_CLOEXEC|O_DIRECTORY) = 3
771496 newfstatat(AT_FDCWD, "/usr/lib/python3/dist-packages/distutils-precedence.pth", {st_mode=S_IFREG|0644, st_size=151, ...}, AT_SYMLINK_NOFOLLOW) = 0
771496 openat(AT_FDCWD, "/usr/lib/python3/dist-packages/distutils-precedence.pth", O_RDONLY|O_CLOEXEC) = 3
771496 newfstatat(AT_FDCWD, "/usr/lib/python3.14/encodings", {st_mode=S_IFDIR|0755, st_size=20480, ...}, 0) = 0
771496 newfstatat(AT_FDCWD, "/usr/lib/python3.14/encodings/utf_8_sig.py", {st_mode=S_IFREG|0644, st_size=4133, ...}, 0) = 0
771496 newfstatat(AT_FDCWD, "/usr/lib/python3.14/encodings/utf_8_sig.py", {st_mode=S_IFREG|0644, st_size=4133, ...}, 0) = 0
771496 openat(AT_FDCWD, "/usr/lib/python3.14/encodings/__pycache__/utf_8_sig.cpython-314.pyc", O_RDONLY|O_CLOEXEC) = 3
771496 newfstatat(AT_FDCWD, "/usr/lib/python3.14", {st_mode=S_IFDIR|0755, st_size=20480, ...}, 0) = 0
771496 newfstatat(AT_FDCWD, "/usr/lib/python3.14/lib-dynload", {st_mode=S_IFDIR|0755, st_size=16384, ...}, 0) = 0
771496 newfstatat(AT_FDCWD, "/usr/lib/python3.14/lib-dynload", {st_mode=S_IFDIR|0755, st_size=16384, ...}, 0) = 0
771496 newfstatat(AT_FDCWD, "/usr/lib/python3.14/lib-dynload", {st_mode=S_IFDIR|0755, st_size=16384, ...}, 0) = 0
771496 openat(AT_FDCWD, "/usr/lib/python3.14/lib-dynload", O_RDONLY|O_NONBLOCK|O_CLOEXEC|O_DIRECTORY) = 3
771496 newfstatat(AT_FDCWD, "/home/firstmate/.local/lib/python3.14/site-packages", {st_mode=S_IFDIR|0775, st_size=4096, ...}, 0) = 0
771496 newfstatat(AT_FDCWD, "/home/firstmate/.local/lib/python3.14/site-packages", {st_mode=S_IFDIR|0775, st_size=4096, ...}, 0) = 0
771496 newfstatat(AT_FDCWD, "/home/firstmate/.local/lib/python3.14/site-packages", {st_mode=S_IFDIR|0775, st_size=4096, ...}, 0) = 0
771496 openat(AT_FDCWD, "/home/firstmate/.local/lib/python3.14/site-packages", O_RDONLY|O_NONBLOCK|O_CLOEXEC|O_DIRECTORY) = 3
771496 newfstatat(AT_FDCWD, "/usr/local/lib/python3.14/dist-packages", {st_mode=S_IFDIR|0755, st_size=4096, ...}, 0) = 0
771496 newfstatat(AT_FDCWD, "/usr/local/lib/python3.14/dist-packages", {st_mode=S_IFDIR|0755, st_size=4096, ...}, 0) = 0
771496 newfstatat(AT_FDCWD, "/usr/local/lib/python3.14/dist-packages", {st_mode=S_IFDIR|0755, st_size=4096, ...}, 0) = 0
771496 openat(AT_FDCWD, "/usr/local/lib/python3.14/dist-packages", O_RDONLY|O_NONBLOCK|O_CLOEXEC|O_DIRECTORY) = 3
771496 newfstatat(AT_FDCWD, "/usr/lib/python3/dist-packages", {st_mode=S_IFDIR|0755, st_size=12288, ...}, 0) = 0
771496 newfstatat(AT_FDCWD, "/usr/lib/python3/dist-packages", {st_mode=S_IFDIR|0755, st_size=12288, ...}, 0) = 0
771496 newfstatat(AT_FDCWD, "/usr/lib/python3/dist-packages", {st_mode=S_IFDIR|0755, st_size=12288, ...}, 0) = 0
771496 openat(AT_FDCWD, "/usr/lib/python3/dist-packages", O_RDONLY|O_NONBLOCK|O_CLOEXEC|O_DIRECTORY) = 3
771496 newfstatat(AT_FDCWD, "/usr/lib/python3/dist-packages/_distutils_hack/__init__.cpython-314-x86_64-linux-gnu.so", 0x7ffe1089e880, 0) = -1 ENOENT (No such file or directory)
771496 newfstatat(AT_FDCWD, "/usr/lib/python3/dist-packages/_distutils_hack/__init__.abi3.so", 0x7ffe1089e880, 0) = -1 ENOENT (No such file or directory)
771496 newfstatat(AT_FDCWD, "/usr/lib/python3/dist-packages/_distutils_hack/__init__.abi3-x86_64-linux-gnu.so", 0x7ffe1089e880, 0) = -1 ENOENT (No such file or directory)
771496 newfstatat(AT_FDCWD, "/usr/lib/python3/dist-packages/_distutils_hack/__init__.so", 0x7ffe1089e880, 0) = -1 ENOENT (No such file or directory)
771496 newfstatat(AT_FDCWD, "/usr/lib/python3/dist-packages/_distutils_hack/__init__.py", {st_mode=S_IFREG|0644, st_size=6755, ...}, 0) = 0
771496 newfstatat(AT_FDCWD, "/usr/lib/python3/dist-packages/_distutils_hack/__init__.py", {st_mode=S_IFREG|0644, st_size=6755, ...}, 0) = 0
771496 openat(AT_FDCWD, "/usr/lib/python3/dist-packages/_distutils_hack/__pycache__/__init__.cpython-314.pyc", O_RDONLY|O_CLOEXEC) = 3
771496 newfstatat(AT_FDCWD, "/usr/lib/python3.14/dist-packages", 0x7ffe1089f440, 0) = -1 ENOENT (No such file or directory)
771496 newfstatat(AT_FDCWD, "/usr/lib/python3.14", {st_mode=S_IFDIR|0755, st_size=20480, ...}, 0) = 0
771496 newfstatat(AT_FDCWD, "/usr/lib/python3.14/sitecustomize.py", {st_mode=S_IFREG|0644, st_size=155, ...}, 0) = 0
771496 newfstatat(AT_FDCWD, "/usr/lib/python3.14/sitecustomize.py", {st_mode=S_IFREG|0644, st_size=155, ...}, 0) = 0
771496 openat(AT_FDCWD, "/usr/lib/python3.14/__pycache__/sitecustomize.cpython-314.pyc", O_RDONLY|O_CLOEXEC) = 3
771496 newfstatat(AT_FDCWD, "/usr/lib/python3.14", {st_mode=S_IFDIR|0755, st_size=20480, ...}, 0) = 0
771496 newfstatat(AT_FDCWD, "/usr/lib/python3.14/lib-dynload", {st_mode=S_IFDIR|0755, st_size=16384, ...}, 0) = 0
771496 newfstatat(AT_FDCWD, "/home/firstmate/.local/lib/python3.14/site-packages", {st_mode=S_IFDIR|0775, st_size=4096, ...}, 0) = 0
771496 newfstatat(AT_FDCWD, "/usr/local/lib/python3.14/dist-packages", {st_mode=S_IFDIR|0755, st_size=4096, ...}, 0) = 0
771496 newfstatat(AT_FDCWD, "/usr/lib/python3/dist-packages", {st_mode=S_IFDIR|0755, st_size=12288, ...}, 0) = 0
771496 newfstatat(AT_FDCWD, "/usr/lib/python3/dist-packages/apport_python_hook.py", {st_mode=S_IFREG|0644, st_size=8896, ...}, 0) = 0
771496 newfstatat(AT_FDCWD, "/usr/lib/python3/dist-packages/apport_python_hook.py", {st_mode=S_IFREG|0644, st_size=8896, ...}, 0) = 0
771496 openat(AT_FDCWD, "/usr/lib/python3/dist-packages/__pycache__/apport_python_hook.cpython-314.pyc", O_RDONLY|O_CLOEXEC) = 3
771496 newfstatat(AT_FDCWD, "/usr/lib/python3.14", {st_mode=S_IFDIR|0755, st_size=20480, ...}, 0) = 0
771496 newfstatat(AT_FDCWD, "/usr/lib/python3.14/types.py", {st_mode=S_IFREG|0644, st_size=11459, ...}, 0) = 0
771496 newfstatat(AT_FDCWD, "/usr/lib/python3.14/types.py", {st_mode=S_IFREG|0644, st_size=11459, ...}, 0) = 0
771496 openat(AT_FDCWD, "/usr/lib/python3.14/__pycache__/types.cpython-314.pyc", O_RDONLY|O_CLOEXEC) = 3
771496 newfstatat(AT_FDCWD, "/usr/lib/python3.14", {st_mode=S_IFDIR|0755, st_size=20480, ...}, 0) = 0
771496 newfstatat(AT_FDCWD, "/usr/lib/python3.14/lib-dynload", {st_mode=S_IFDIR|0755, st_size=16384, ...}, 0) = 0
771496 newfstatat(AT_FDCWD, "/home/firstmate/.local/lib/python3.14/site-packages", {st_mode=S_IFDIR|0775, st_size=4096, ...}, 0) = 0
771496 newfstatat(AT_FDCWD, "/usr/local/lib/python3.14/dist-packages", {st_mode=S_IFDIR|0755, st_size=4096, ...}, 0) = 0
771496 newfstatat(AT_FDCWD, "/usr/lib/python3/dist-packages", {st_mode=S_IFDIR|0755, st_size=12288, ...}, 0) = 0
771496 newfstatat(AT_FDCWD, "/home/firstmate/.no-mistakes/worktrees/8352e211db7e/01M4F29HK4JCAKXEQ2F50R6HHX/bin/fm_inbox_conversation.py", {st_mode=S_IFREG|0664, st_size=33410, ...}, 0) = 0
771496 openat(AT_FDCWD, "/home/firstmate/.no-mistakes/worktrees/8352e211db7e/01M4F29HK4JCAKXEQ2F50R6HHX/bin/fm_inbox_conversation.py", O_RDONLY|O_CLOEXEC) = 3
771496 newfstatat(AT_FDCWD, "/home/firstmate/.no-mistakes/worktrees/8352e211db7e/01M4F29HK4JCAKXEQ2F50R6HHX/bin/fm_inbox_conversation.py", {st_mode=S_IFREG|0664, st_size=33410, ...}, 0) = 0
771496 readlink("/home/firstmate/.no-mistakes/worktrees/8352e211db7e/01M4F29HK4JCAKXEQ2F50R6HHX/bin/fm_inbox_conversation.py", 0x7ffe1088e450, 4096) = -1 EINVAL (Invalid argument)
771496 readlink("/home", 0x7ffe1088f030, 1023) = -1 EINVAL (Invalid argument)
771496 readlink("/home/firstmate", 0x7ffe1088f030, 1023) = -1 EINVAL (Invalid argument)
771496 readlink("/home/firstmate/.no-mistakes", 0x7ffe1088f030, 1023) = -1 EINVAL (Invalid argument)
771496 readlink("/home/firstmate/.no-mistakes/worktrees", 0x7ffe1088f030, 1023) = -1 EINVAL (Invalid argument)
771496 readlink("/home/firstmate/.no-mistakes/worktrees/8352e211db7e", 0x7ffe1088f030, 1023) = -1 EINVAL (Invalid argument)
771496 readlink("/home/firstmate/.no-mistakes/worktrees/8352e211db7e/01M4F29HK4JCAKXEQ2F50R6HHX", 0x7ffe1088f030, 1023) = -1 EINVAL (Invalid argument)
771496 readlink("/home/firstmate/.no-mistakes/worktrees/8352e211db7e/01M4F29HK4JCAKXEQ2F50R6HHX/bin", 0x7ffe1088f030, 1023) = -1 EINVAL (Invalid argument)
771496 readlink("/home/firstmate/.no-mistakes/worktrees/8352e211db7e/01M4F29HK4JCAKXEQ2F50R6HHX/bin/fm_inbox_conversation.py", 0x7ffe1088f030, 1023) = -1 EINVAL (Invalid argument)
771496 openat(AT_FDCWD, "/home/firstmate/.no-mistakes/worktrees/8352e211db7e/01M4F29HK4JCAKXEQ2F50R6HHX/bin/fm_inbox_conversation.py", O_RDONLY) = 3
771496 newfstatat(AT_FDCWD, "/home/firstmate/.no-mistakes/worktrees/8352e211db7e/01M4F29HK4JCAKXEQ2F50R6HHX/bin", {st_mode=S_IFDIR|0775, st_size=12288, ...}, 0) = 0
771496 newfstatat(AT_FDCWD, "/home/firstmate/.no-mistakes/worktrees/8352e211db7e/01M4F29HK4JCAKXEQ2F50R6HHX/bin", {st_mode=S_IFDIR|0775, st_size=12288, ...}, 0) = 0
771496 newfstatat(AT_FDCWD, "/home/firstmate/.no-mistakes/worktrees/8352e211db7e/01M4F29HK4JCAKXEQ2F50R6HHX/bin", {st_mode=S_IFDIR|0775, st_size=12288, ...}, 0) = 0
771496 openat(AT_FDCWD, "/home/firstmate/.no-mistakes/worktrees/8352e211db7e/01M4F29HK4JCAKXEQ2F50R6HHX/bin", O_RDONLY|O_NONBLOCK|O_CLOEXEC|O_DIRECTORY) = 3
771496 newfstatat(AT_FDCWD, "/usr/lib/python3.14", {st_mode=S_IFDIR|0755, st_size=20480, ...}, 0) = 0
771496 newfstatat(AT_FDCWD, "/usr/lib/python3.14/hashlib.py", {st_mode=S_IFREG|0644, st_size=9459, ...}, 0) = 0
771496 newfstatat(AT_FDCWD, "/usr/lib/python3.14/hashlib.py", {st_mode=S_IFREG|0644, st_size=9459, ...}, 0) = 0
771496 openat(AT_FDCWD, "/usr/lib/python3.14/__pycache__/hashlib.cpython-314.pyc", O_RDONLY|O_CLOEXEC) = 3
771496 newfstatat(AT_FDCWD, "/home/firstmate/.no-mistakes/worktrees/8352e211db7e/01M4F29HK4JCAKXEQ2F50R6HHX/bin", {st_mode=S_IFDIR|0775, st_size=12288, ...}, 0) = 0
771496 newfstatat(AT_FDCWD, "/usr/lib/python3.14", {st_mode=S_IFDIR|0755, st_size=20480, ...}, 0) = 0
771496 newfstatat(AT_FDCWD, "/usr/lib/python3.14/lib-dynload", {st_mode=S_IFDIR|0755, st_size=16384, ...}, 0) = 0
771496 newfstatat(AT_FDCWD, "/usr/lib/python3.14/lib-dynload/_hashlib.cpython-314-x86_64-linux-gnu.so", {st_mode=S_IFREG|0644, st_size=64448, ...}, 0) = 0
771496 openat(AT_FDCWD, "/usr/lib/python3.14/lib-dynload/_hashlib.cpython-314-x86_64-linux-gnu.so", O_RDONLY|O_CLOEXEC) = 3
771496 openat(AT_FDCWD, "/etc/ld.so.cache", O_RDONLY|O_CLOEXEC) = 3
771496 openat(AT_FDCWD, "/usr/lib/x86_64-linux-gnu/libcrypto.so.3", O_RDONLY|O_CLOEXEC) = 3
771496 openat(AT_FDCWD, "/usr/lib/x86_64-linux-gnu/libzstd.so.1", O_RDONLY|O_CLOEXEC) = 3
771496 openat(AT_FDCWD, "/proc/sys/crypto/fips_enabled", O_RDONLY) = -1 ENOENT (No such file or directory)
771496 openat(AT_FDCWD, "/etc/ubuntu-fips", O_RDONLY) = -1 ENOENT (No such file or directory)
771496 openat(AT_FDCWD, "/usr/lib/ssl/openssl.cnf", O_RDONLY) = 3
771496 newfstatat(AT_FDCWD, "/var/lib/crypto-config/profiles/current/openssl.conf.d", 0x7ffe1089e830, 0) = -1 ENOENT (No such file or directory)
771496 newfstatat(AT_FDCWD, "/etc/ssl/openssl.conf.d", 0x7ffe1089e830, 0) = -1 ENOENT (No such file or directory)
771496 newfstatat(AT_FDCWD, "/home/firstmate/.no-mistakes/worktrees/8352e211db7e/01M4F29HK4JCAKXEQ2F50R6HHX/bin", {st_mode=S_IFDIR|0775, st_size=12288, ...}, 0) = 0
771496 newfstatat(AT_FDCWD, "/usr/lib/python3.14", {st_mode=S_IFDIR|0755, st_size=20480, ...}, 0) = 0
771496 newfstatat(AT_FDCWD, "/usr/lib/python3.14/json/__init__.cpython-314-x86_64-linux-gnu.so", 0x7ffe1089f860, 0) = -1 ENOENT (No such file or directory)
771496 newfstatat(AT_FDCWD, "/usr/lib/python3.14/json/__init__.abi3.so", 0x7ffe1089f860, 0) = -1 ENOENT (No such file or directory)
771496 newfstatat(AT_FDCWD, "/usr/lib/python3.14/json/__init__.abi3-x86_64-linux-gnu.so", 0x7ffe1089f860, 0) = -1 ENOENT (No such file or directory)
771496 newfstatat(AT_FDCWD, "/usr/lib/python3.14/json/__init__.so", 0x7ffe1089f860, 0) = -1 ENOENT (No such file or directory)
771496 newfstatat(AT_FDCWD, "/usr/lib/python3.14/json/__init__.py", {st_mode=S_IFREG|0644, st_size=14066, ...}, 0) = 0
771496 newfstatat(AT_FDCWD, "/usr/lib/python3.14/json/__init__.py", {st_mode=S_IFREG|0644, st_size=14066, ...}, 0) = 0
771496 openat(AT_FDCWD, "/usr/lib/python3.14/json/__pycache__/__init__.cpython-314.pyc", O_RDONLY|O_CLOEXEC) = 3
771496 newfstatat(AT_FDCWD, "/usr/lib/python3.14/json", {st_mode=S_IFDIR|0755, st_size=4096, ...}, 0) = 0
771496 newfstatat(AT_FDCWD, "/usr/lib/python3.14/json", {st_mode=S_IFDIR|0755, st_size=4096, ...}, 0) = 0
771496 newfstatat(AT_FDCWD, "/usr/lib/python3.14/json", {st_mode=S_IFDIR|0755, st_size=4096, ...}, 0) = 0
771496 openat(AT_FDCWD, "/usr/lib/python3.14/json", O_RDONLY|O_NONBLOCK|O_CLOEXEC|O_DIRECTORY) = 3
771496 newfstatat(AT_FDCWD, "/usr/lib/python3.14/json/decoder.py", {st_mode=S_IFREG|0644, st_size=12873, ...}, 0) = 0
771496 newfstatat(AT_FDCWD, "/usr/lib/python3.14/json/decoder.py", {st_mode=S_IFREG|0644, st_size=12873, ...}, 0) = 0
771496 openat(AT_FDCWD, "/usr/lib/python3.14/json/__pycache__/decoder.cpython-314.pyc", O_RDONLY|O_CLOEXEC) = 3
771496 newfstatat(AT_FDCWD, "/home/firstmate/.no-mistakes/worktrees/8352e211db7e/01M4F29HK4JCAKXEQ2F50R6HHX/bin", {st_mode=S_IFDIR|0775, st_size=12288, ...}, 0) = 0
771496 newfstatat(AT_FDCWD, "/usr/lib/python3.14", {st_mode=S_IFDIR|0755, st_size=20480, ...}, 0) = 0
771496 newfstatat(AT_FDCWD, "/usr/lib/python3.14/re/__init__.cpython-314-x86_64-linux-gnu.so", 0x7ffe1089e320, 0) = -1 ENOENT (No such file or directory)
771496 newfstatat(AT_FDCWD, "/usr/lib/python3.14/re/__init__.abi3.so", 0x7ffe1089e320, 0) = -1 ENOENT (No such file or directory)
771496 newfstatat(AT_FDCWD, "/usr/lib/python3.14/re/__init__.abi3-x86_64-linux-gnu.so", 0x7ffe1089e320, 0) = -1 ENOENT (No such file or directory)
771496 newfstatat(AT_FDCWD, "/usr/lib/python3.14/re/__init__.so", 0x7ffe1089e320, 0) = -1 ENOENT (No such file or directory)
771496 newfstatat(AT_FDCWD, "/usr/lib/python3.14/re/__init__.py", {st_mode=S_IFREG|0644, st_size=17876, ...}, 0) = 0
771496 newfstatat(AT_FDCWD, "/usr/lib/python3.14/re/__init__.py", {st_mode=S_IFREG|0644, st_size=17876, ...}, 0) = 0
771496 openat(AT_FDCWD, "/usr/lib/python3.14/re/__pycache__/__init__.cpython-314.pyc", O_RDONLY|O_CLOEXEC) = 3
771496 newfstatat(AT_FDCWD, "/home/firstmate/.no-mistakes/worktrees/8352e211db7e/01M4F29HK4JCAKXEQ2F50R6HHX/bin", {st_mode=S_IFDIR|0775, st_size=12288, ...}, 0) = 0
771496 newfstatat(AT_FDCWD, "/usr/lib/python3.14", {st_mode=S_IFDIR|0755, st_size=20480, ...}, 0) = 0
771496 newfstatat(AT_FDCWD, "/usr/lib/python3.14/enum.py", {st_mode=S_IFREG|0644, st_size=85442, ...}, 0) = 0
771496 newfstatat(AT_FDCWD, "/usr/lib/python3.14/enum.py", {st_mode=S_IFREG|0644, st_size=85442, ...}, 0) = 0
771496 openat(AT_FDCWD, "/usr/lib/python3.14/__pycache__/enum.cpython-314.pyc", O_RDONLY|O_CLOEXEC) = 3
771496 newfstatat(AT_FDCWD, "/usr/lib/python3.14/re", {st_mode=S_IFDIR|0755, st_size=4096, ...}, 0) = 0
771496 newfstatat(AT_FDCWD, "/usr/lib/python3.14/re", {st_mode=S_IFDIR|0755, st_size=4096, ...}, 0) = 0
771496 newfstatat(AT_FDCWD, "/usr/lib/python3.14/re", {st_mode=S_IFDIR|0755, st_size=4096, ...}, 0) = 0
771496 openat(AT_FDCWD, "/usr/lib/python3.14/re", O_RDONLY|O_NONBLOCK|O_CLOEXEC|O_DIRECTORY) = 3
771496 newfstatat(AT_FDCWD, "/usr/lib/python3.14/re/_compiler.py", {st_mode=S_IFREG|0644, st_size=26855, ...}, 0) = 0
771496 newfstatat(AT_FDCWD, "/usr/lib/python3.14/re/_compiler.py", {st_mode=S_IFREG|0644, st_size=26855, ...}, 0) = 0
771496 openat(AT_FDCWD, "/usr/lib/python3.14/re/__pycache__/_compiler.cpython-314.pyc", O_RDONLY|O_CLOEXEC) = 3
771496 newfstatat(AT_FDCWD, "/usr/lib/python3.14/re", {st_mode=S_IFDIR|0755, st_size=4096, ...}, 0) = 0
771496 newfstatat(AT_FDCWD, "/usr/lib/python3.14/re/_parser.py", {st_mode=S_IFREG|0644, st_size=40353, ...}, 0) = 0
771496 newfstatat(AT_FDCWD, "/usr/lib/python3.14/re/_parser.py", {st_mode=S_IFREG|0644, st_size=40353, ...}, 0) = 0
771496 openat(AT_FDCWD, "/usr/lib/python3.14/re/__pycache__/_parser.cpython-314.pyc", O_RDONLY|O_CLOEXEC) = 3
771496 newfstatat(AT_FDCWD, "/usr/lib/python3.14/re", {st_mode=S_IFDIR|0755, st_size=4096, ...}, 0) = 0
771496 newfstatat(AT_FDCWD, "/usr/lib/python3.14/re/_constants.py", {st_mode=S_IFREG|0644, st_size=6036, ...}, 0) = 0
771496 newfstatat(AT_FDCWD, "/usr/lib/python3.14/re/_constants.py", {st_mode=S_IFREG|0644, st_size=6036, ...}, 0) = 0
771496 openat(AT_FDCWD, "/usr/lib/python3.14/re/__pycache__/_constants.cpython-314.pyc", O_RDONLY|O_CLOEXEC) = 3
771496 newfstatat(AT_FDCWD, "/usr/lib/python3.14/re", {st_mode=S_IFDIR|0755, st_size=4096, ...}, 0) = 0
771496 newfstatat(AT_FDCWD, "/usr/lib/python3.14/re/_casefix.py", {st_mode=S_IFREG|0644, st_size=5444, ...}, 0) = 0
771496 newfstatat(AT_FDCWD, "/usr/lib/python3.14/re/_casefix.py", {st_mode=S_IFREG|0644, st_size=5444, ...}, 0) = 0
771496 openat(AT_FDCWD, "/usr/lib/python3.14/re/__pycache__/_casefix.cpython-314.pyc", O_RDONLY|O_CLOEXEC) = 3
771496 newfstatat(AT_FDCWD, "/home/firstmate/.no-mistakes/worktrees/8352e211db7e/01M4F29HK4JCAKXEQ2F50R6HHX/bin", {st_mode=S_IFDIR|0775, st_size=12288, ...}, 0) = 0
771496 newfstatat(AT_FDCWD, "/usr/lib/python3.14", {st_mode=S_IFDIR|0755, st_size=20480, ...}, 0) = 0
771496 newfstatat(AT_FDCWD, "/usr/lib/python3.14/functools.py", {st_mode=S_IFREG|0644, st_size=43561, ...}, 0) = 0
771496 newfstatat(AT_FDCWD, "/usr/lib/python3.14/functools.py", {st_mode=S_IFREG|0644, st_size=43561, ...}, 0) = 0
771496 openat(AT_FDCWD, "/usr/lib/python3.14/__pycache__/functools.cpython-314.pyc", O_RDONLY|O_CLOEXEC) = 3
771496 newfstatat(AT_FDCWD, "/home/firstmate/.no-mistakes/worktrees/8352e211db7e/01M4F29HK4JCAKXEQ2F50R6HHX/bin", {st_mode=S_IFDIR|0775, st_size=12288, ...}, 0) = 0
771496 newfstatat(AT_FDCWD, "/usr/lib/python3.14", {st_mode=S_IFDIR|0755, st_size=20480, ...}, 0) = 0
771496 newfstatat(AT_FDCWD, "/usr/lib/python3.14/collections/__init__.cpython-314-x86_64-linux-gnu.so", 0x7ffe1089cde0, 0) = -1 ENOENT (No such file or directory)
771496 newfstatat(AT_FDCWD, "/usr/lib/python3.14/collections/__init__.abi3.so", 0x7ffe1089cde0, 0) = -1 ENOENT (No such file or directory)
771496 newfstatat(AT_FDCWD, "/usr/lib/python3.14/collections/__init__.abi3-x86_64-linux-gnu.so", 0x7ffe1089cde0, 0) = -1 ENOENT (No such file or directory)
771496 newfstatat(AT_FDCWD, "/usr/lib/python3.14/collections/__init__.so", 0x7ffe1089cde0, 0) = -1 ENOENT (No such file or directory)
771496 newfstatat(AT_FDCWD, "/usr/lib/python3.14/collections/__init__.py", {st_mode=S_IFREG|0644, st_size=52903, ...}, 0) = 0
771496 newfstatat(AT_FDCWD, "/usr/lib/python3.14/collections/__init__.py", {st_mode=S_IFREG|0644, st_size=52903, ...}, 0) = 0
771496 openat(AT_FDCWD, "/usr/lib/python3.14/collections/__pycache__/__init__.cpython-314.pyc", O_RDONLY|O_CLOEXEC) = 3
771496 newfstatat(AT_FDCWD, "/home/firstmate/.no-mistakes/worktrees/8352e211db7e/01M4F29HK4JCAKXEQ2F50R6HHX/bin", {st_mode=S_IFDIR|0775, st_size=12288, ...}, 0) = 0
771496 newfstatat(AT_FDCWD, "/usr/lib/python3.14", {st_mode=S_IFDIR|0755, st_size=20480, ...}, 0) = 0
771496 newfstatat(AT_FDCWD, "/usr/lib/python3.14/keyword.py", {st_mode=S_IFREG|0644, st_size=1073, ...}, 0) = 0
771496 newfstatat(AT_FDCWD, "/usr/lib/python3.14/keyword.py", {st_mode=S_IFREG|0644, st_size=1073, ...}, 0) = 0
771496 openat(AT_FDCWD, "/usr/lib/python3.14/__pycache__/keyword.cpython-314.pyc", O_RDONLY|O_CLOEXEC) = 3
771496 newfstatat(AT_FDCWD, "/home/firstmate/.no-mistakes/worktrees/8352e211db7e/01M4F29HK4JCAKXEQ2F50R6HHX/bin", {st_mode=S_IFDIR|0775, st_size=12288, ...}, 0) = 0
771496 newfstatat(AT_FDCWD, "/usr/lib/python3.14", {st_mode=S_IFDIR|0755, st_size=20480, ...}, 0) = 0
771496 newfstatat(AT_FDCWD, "/usr/lib/python3.14/operator.py", {st_mode=S_IFREG|0644, st_size=11158, ...}, 0) = 0
771496 newfstatat(AT_FDCWD, "/usr/lib/python3.14/operator.py", {st_mode=S_IFREG|0644, st_size=11158, ...}, 0) = 0
771496 openat(AT_FDCWD, "/usr/lib/python3.14/__pycache__/operator.cpython-314.pyc", O_RDONLY|O_CLOEXEC) = 3
771496 newfstatat(AT_FDCWD, "/home/firstmate/.no-mistakes/worktrees/8352e211db7e/01M4F29HK4JCAKXEQ2F50R6HHX/bin", {st_mode=S_IFDIR|0775, st_size=12288, ...}, 0) = 0
771496 newfstatat(AT_FDCWD, "/usr/lib/python3.14", {st_mode=S_IFDIR|0755, st_size=20480, ...}, 0) = 0
771496 newfstatat(AT_FDCWD, "/usr/lib/python3.14/reprlib.py", {st_mode=S_IFREG|0644, st_size=8064, ...}, 0) = 0
771496 newfstatat(AT_FDCWD, "/usr/lib/python3.14/reprlib.py", {st_mode=S_IFREG|0644, st_size=8064, ...}, 0) = 0
771496 openat(AT_FDCWD, "/usr/lib/python3.14/__pycache__/reprlib.cpython-314.pyc", O_RDONLY|O_CLOEXEC) = 3
771496 newfstatat(AT_FDCWD, "/home/firstmate/.no-mistakes/worktrees/8352e211db7e/01M4F29HK4JCAKXEQ2F50R6HHX/bin", {st_mode=S_IFDIR|0775, st_size=12288, ...}, 0) = 0
771496 newfstatat(AT_FDCWD, "/usr/lib/python3.14", {st_mode=S_IFDIR|0755, st_size=20480, ...}, 0) = 0
771496 newfstatat(AT_FDCWD, "/usr/lib/python3.14/copyreg.py", {st_mode=S_IFREG|0644, st_size=7716, ...}, 0) = 0
771496 newfstatat(AT_FDCWD, "/usr/lib/python3.14/copyreg.py", {st_mode=S_IFREG|0644, st_size=7716, ...}, 0) = 0
771496 openat(AT_FDCWD, "/usr/lib/python3.14/__pycache__/copyreg.cpython-314.pyc", O_RDONLY|O_CLOEXEC) = 3
771496 newfstatat(AT_FDCWD, "/usr/lib/python3.14/json", {st_mode=S_IFDIR|0755, st_size=4096, ...}, 0) = 0
771496 newfstatat(AT_FDCWD, "/usr/lib/python3.14/json/scanner.py", {st_mode=S_IFREG|0644, st_size=2434, ...}, 0) = 0
771496 newfstatat(AT_FDCWD, "/usr/lib/python3.14/json/scanner.py", {st_mode=S_IFREG|0644, st_size=2434, ...}, 0) = 0
771496 openat(AT_FDCWD, "/usr/lib/python3.14/json/__pycache__/scanner.cpython-314.pyc", O_RDONLY|O_CLOEXEC) = 3
771496 newfstatat(AT_FDCWD, "/usr/lib/python3.14/json", {st_mode=S_IFDIR|0755, st_size=4096, ...}, 0) = 0
771496 newfstatat(AT_FDCWD, "/usr/lib/python3.14/json/encoder.py", {st_mode=S_IFREG|0644, st_size=16990, ...}, 0) = 0
771496 newfstatat(AT_FDCWD, "/usr/lib/python3.14/json/encoder.py", {st_mode=S_IFREG|0644, st_size=16990, ...}, 0) = 0
771496 openat(AT_FDCWD, "/usr/lib/python3.14/json/__pycache__/encoder.cpython-314.pyc", O_RDONLY|O_CLOEXEC) = 3
771496 newfstatat(AT_FDCWD, "/home/firstmate/.no-mistakes/worktrees/8352e211db7e/01M4F29HK4JCAKXEQ2F50R6HHX/bin", {st_mode=S_IFDIR|0775, st_size=12288, ...}, 0) = 0
771496 newfstatat(AT_FDCWD, "/usr/lib/python3.14", {st_mode=S_IFDIR|0755, st_size=20480, ...}, 0) = 0
771496 newfstatat(AT_FDCWD, "/usr/lib/python3.14/pathlib/__init__.cpython-314-x86_64-linux-gnu.so", 0x7ffe1089f860, 0) = -1 ENOENT (No such file or directory)
771496 newfstatat(AT_FDCWD, "/usr/lib/python3.14/pathlib/__init__.abi3.so", 0x7ffe1089f860, 0) = -1 ENOENT (No such file or directory)
771496 newfstatat(AT_FDCWD, "/usr/lib/python3.14/pathlib/__init__.abi3-x86_64-linux-gnu.so", 0x7ffe1089f860, 0) = -1 ENOENT (No such file or directory)
771496 newfstatat(AT_FDCWD, "/usr/lib/python3.14/pathlib/__init__.so", 0x7ffe1089f860, 0) = -1 ENOENT (No such file or directory)
771496 newfstatat(AT_FDCWD, "/usr/lib/python3.14/pathlib/__init__.py", {st_mode=S_IFREG|0644, st_size=46833, ...}, 0) = 0
771496 newfstatat(AT_FDCWD, "/usr/lib/python3.14/pathlib/__init__.py", {st_mode=S_IFREG|0644, st_size=46833, ...}, 0) = 0
771496 openat(AT_FDCWD, "/usr/lib/python3.14/pathlib/__pycache__/__init__.cpython-314.pyc", O_RDONLY|O_CLOEXEC) = 3
771496 newfstatat(AT_FDCWD, "/home/firstmate/.no-mistakes/worktrees/8352e211db7e/01M4F29HK4JCAKXEQ2F50R6HHX/bin", {st_mode=S_IFDIR|0775, st_size=12288, ...}, 0) = 0
771496 newfstatat(AT_FDCWD, "/usr/lib/python3.14", {st_mode=S_IFDIR|0755, st_size=20480, ...}, 0) = 0
771496 newfstatat(AT_FDCWD, "/usr/lib/python3.14/glob.py", {st_mode=S_IFREG|0644, st_size=20768, ...}, 0) = 0
771496 newfstatat(AT_FDCWD, "/usr/lib/python3.14/glob.py", {st_mode=S_IFREG|0644, st_size=20768, ...}, 0) = 0
771496 openat(AT_FDCWD, "/usr/lib/python3.14/__pycache__/glob.cpython-314.pyc", O_RDONLY|O_CLOEXEC) = 3
771496 newfstatat(AT_FDCWD, "/home/firstmate/.no-mistakes/worktrees/8352e211db7e/01M4F29HK4JCAKXEQ2F50R6HHX/bin", {st_mode=S_IFDIR|0775, st_size=12288, ...}, 0) = 0
771496 newfstatat(AT_FDCWD, "/usr/lib/python3.14", {st_mode=S_IFDIR|0755, st_size=20480, ...}, 0) = 0
771496 newfstatat(AT_FDCWD, "/usr/lib/python3.14/contextlib.py", {st_mode=S_IFREG|0644, st_size=27801, ...}, 0) = 0
771496 newfstatat(AT_FDCWD, "/usr/lib/python3.14/contextlib.py", {st_mode=S_IFREG|0644, st_size=27801, ...}, 0) = 0
771496 openat(AT_FDCWD, "/usr/lib/python3.14/__pycache__/contextlib.cpython-314.pyc", O_RDONLY|O_CLOEXEC) = 3
771496 newfstatat(AT_FDCWD, "/home/firstmate/.no-mistakes/worktrees/8352e211db7e/01M4F29HK4JCAKXEQ2F50R6HHX/bin", {st_mode=S_IFDIR|0775, st_size=12288, ...}, 0) = 0
771496 newfstatat(AT_FDCWD, "/usr/lib/python3.14", {st_mode=S_IFDIR|0755, st_size=20480, ...}, 0) = 0
771496 newfstatat(AT_FDCWD, "/usr/lib/python3.14/fnmatch.py", {st_mode=S_IFREG|0644, st_size=6791, ...}, 0) = 0
771496 newfstatat(AT_FDCWD, "/usr/lib/python3.14/fnmatch.py", {st_mode=S_IFREG|0644, st_size=6791, ...}, 0) = 0
771496 openat(AT_FDCWD, "/usr/lib/python3.14/__pycache__/fnmatch.cpython-314.pyc", O_RDONLY|O_CLOEXEC) = 3
771496 newfstatat(AT_FDCWD, "/usr/lib/python3.14/pathlib", {st_mode=S_IFDIR|0755, st_size=4096, ...}, 0) = 0
771496 newfstatat(AT_FDCWD, "/usr/lib/python3.14/pathlib", {st_mode=S_IFDIR|0755, st_size=4096, ...}, 0) = 0
771496 newfstatat(AT_FDCWD, "/usr/lib/python3.14/pathlib", {st_mode=S_IFDIR|0755, st_size=4096, ...}, 0) = 0
771496 openat(AT_FDCWD, "/usr/lib/python3.14/pathlib", O_RDONLY|O_NONBLOCK|O_CLOEXEC|O_DIRECTORY) = 3
771496 newfstatat(AT_FDCWD, "/usr/lib/python3.14/pathlib/_os.py", {st_mode=S_IFREG|0644, st_size=18161, ...}, 0) = 0
771496 newfstatat(AT_FDCWD, "/usr/lib/python3.14/pathlib/_os.py", {st_mode=S_IFREG|0644, st_size=18161, ...}, 0) = 0
771496 openat(AT_FDCWD, "/usr/lib/python3.14/pathlib/__pycache__/_os.cpython-314.pyc", O_RDONLY|O_CLOEXEC) = 3
771496 newfstatat(AT_FDCWD, "/home/firstmate/.no-mistakes/worktrees/8352e211db7e/01M4F29HK4JCAKXEQ2F50R6HHX/bin", {st_mode=S_IFDIR|0775, st_size=12288, ...}, 0) = 0
771496 newfstatat(AT_FDCWD, "/usr/lib/python3.14", {st_mode=S_IFDIR|0755, st_size=20480, ...}, 0) = 0
771496 newfstatat(AT_FDCWD, "/usr/lib/python3.14/lib-dynload", {st_mode=S_IFDIR|0755, st_size=16384, ...}, 0) = 0
771496 newfstatat(AT_FDCWD, "/home/firstmate/.local/lib/python3.14/site-packages", {st_mode=S_IFDIR|0775, st_size=4096, ...}, 0) = 0
771496 newfstatat(AT_FDCWD, "/usr/local/lib/python3.14/dist-packages", {st_mode=S_IFDIR|0755, st_size=4096, ...}, 0) = 0
771496 newfstatat(AT_FDCWD, "/usr/lib/python3/dist-packages", {st_mode=S_IFDIR|0755, st_size=12288, ...}, 0) = 0
771496 newfstatat(AT_FDCWD, "/home/firstmate/.no-mistakes/worktrees/8352e211db7e/01M4F29HK4JCAKXEQ2F50R6HHX/bin", {st_mode=S_IFDIR|0775, st_size=12288, ...}, 0) = 0
771496 newfstatat(AT_FDCWD, "/usr/lib/python3.14", {st_mode=S_IFDIR|0755, st_size=20480, ...}, 0) = 0
771496 newfstatat(AT_FDCWD, "/usr/lib/python3.14/lib-dynload", {st_mode=S_IFDIR|0755, st_size=16384, ...}, 0) = 0
771496 newfstatat(AT_FDCWD, "/home/firstmate/.local/lib/python3.14/site-packages", {st_mode=S_IFDIR|0775, st_size=4096, ...}, 0) = 0
771496 newfstatat(AT_FDCWD, "/usr/local/lib/python3.14/dist-packages", {st_mode=S_IFDIR|0755, st_size=4096, ...}, 0) = 0
771496 newfstatat(AT_FDCWD, "/usr/lib/python3/dist-packages", {st_mode=S_IFDIR|0755, st_size=12288, ...}, 0) = 0
771496 newfstatat(AT_FDCWD, "/home/firstmate/.no-mistakes/worktrees/8352e211db7e/01M4F29HK4JCAKXEQ2F50R6HHX/bin", {st_mode=S_IFDIR|0775, st_size=12288, ...}, 0) = 0
771496 newfstatat(AT_FDCWD, "/usr/lib/python3.14", {st_mode=S_IFDIR|0755, st_size=20480, ...}, 0) = 0
771496 newfstatat(AT_FDCWD, "/usr/lib/python3.14/lib-dynload", {st_mode=S_IFDIR|0755, st_size=16384, ...}, 0) = 0
771496 newfstatat(AT_FDCWD, "/home/firstmate/.local/lib/python3.14/site-packages", {st_mode=S_IFDIR|0775, st_size=4096, ...}, 0) = 0
771496 newfstatat(AT_FDCWD, "/usr/local/lib/python3.14/dist-packages", {st_mode=S_IFDIR|0755, st_size=4096, ...}, 0) = 0
771496 newfstatat(AT_FDCWD, "/usr/lib/python3/dist-packages", {st_mode=S_IFDIR|0755, st_size=12288, ...}, 0) = 0
771496 newfstatat(AT_FDCWD, "/home/firstmate/.no-mistakes/worktrees/8352e211db7e/01M4F29HK4JCAKXEQ2F50R6HHX/bin", {st_mode=S_IFDIR|0775, st_size=12288, ...}, 0) = 0
771496 newfstatat(AT_FDCWD, "/usr/lib/python3.14", {st_mode=S_IFDIR|0755, st_size=20480, ...}, 0) = 0
771496 newfstatat(AT_FDCWD, "/usr/lib/python3.14/lib-dynload", {st_mode=S_IFDIR|0755, st_size=16384, ...}, 0) = 0
771496 newfstatat(AT_FDCWD, "/home/firstmate/.local/lib/python3.14/site-packages", {st_mode=S_IFDIR|0775, st_size=4096, ...}, 0) = 0
771496 newfstatat(AT_FDCWD, "/usr/local/lib/python3.14/dist-packages", {st_mode=S_IFDIR|0755, st_size=4096, ...}, 0) = 0
771496 newfstatat(AT_FDCWD, "/usr/lib/python3/dist-packages", {st_mode=S_IFDIR|0755, st_size=12288, ...}, 0) = 0
771496 newfstatat(AT_FDCWD, "/home/firstmate/.no-mistakes/worktrees/8352e211db7e/01M4F29HK4JCAKXEQ2F50R6HHX/bin", {st_mode=S_IFDIR|0775, st_size=12288, ...}, 0) = 0
771496 newfstatat(AT_FDCWD, "/usr/lib/python3.14", {st_mode=S_IFDIR|0755, st_size=20480, ...}, 0) = 0
771496 newfstatat(AT_FDCWD, "/usr/lib/python3.14/lib-dynload", {st_mode=S_IFDIR|0755, st_size=16384, ...}, 0) = 0
771496 newfstatat(AT_FDCWD, "/home/firstmate/.local/lib/python3.14/site-packages", {st_mode=S_IFDIR|0775, st_size=4096, ...}, 0) = 0
771496 newfstatat(AT_FDCWD, "/usr/local/lib/python3.14/dist-packages", {st_mode=S_IFDIR|0755, st_size=4096, ...}, 0) = 0
771496 newfstatat(AT_FDCWD, "/usr/lib/python3/dist-packages", {st_mode=S_IFDIR|0755, st_size=12288, ...}, 0) = 0
771496 newfstatat(AT_FDCWD, "/home/firstmate/.no-mistakes/worktrees/8352e211db7e/01M4F29HK4JCAKXEQ2F50R6HHX/bin", {st_mode=S_IFDIR|0775, st_size=12288, ...}, 0) = 0
771496 newfstatat(AT_FDCWD, "/usr/lib/python3.14", {st_mode=S_IFDIR|0755, st_size=20480, ...}, 0) = 0
771496 newfstatat(AT_FDCWD, "/usr/lib/python3.14/lib-dynload", {st_mode=S_IFDIR|0755, st_size=16384, ...}, 0) = 0
771496 newfstatat(AT_FDCWD, "/home/firstmate/.local/lib/python3.14/site-packages", {st_mode=S_IFDIR|0775, st_size=4096, ...}, 0) = 0
771496 newfstatat(AT_FDCWD, "/usr/local/lib/python3.14/dist-packages", {st_mode=S_IFDIR|0755, st_size=4096, ...}, 0) = 0
771496 newfstatat(AT_FDCWD, "/usr/lib/python3/dist-packages", {st_mode=S_IFDIR|0755, st_size=12288, ...}, 0) = 0
771496 newfstatat(AT_FDCWD, "/home/firstmate/.no-mistakes/worktrees/8352e211db7e/01M4F29HK4JCAKXEQ2F50R6HHX/bin", {st_mode=S_IFDIR|0775, st_size=12288, ...}, 0) = 0
771496 newfstatat(AT_FDCWD, "/usr/lib/python3.14", {st_mode=S_IFDIR|0755, st_size=20480, ...}, 0) = 0
771496 newfstatat(AT_FDCWD, "/usr/lib/python3.14/lib-dynload", {st_mode=S_IFDIR|0755, st_size=16384, ...}, 0) = 0
771496 newfstatat(AT_FDCWD, "/home/firstmate/.local/lib/python3.14/site-packages", {st_mode=S_IFDIR|0775, st_size=4096, ...}, 0) = 0
771496 newfstatat(AT_FDCWD, "/usr/local/lib/python3.14/dist-packages", {st_mode=S_IFDIR|0755, st_size=4096, ...}, 0) = 0
771496 newfstatat(AT_FDCWD, "/usr/lib/python3/dist-packages", {st_mode=S_IFDIR|0755, st_size=12288, ...}, 0) = 0
771496 newfstatat(AT_FDCWD, "/home/firstmate/.no-mistakes/worktrees/8352e211db7e/01M4F29HK4JCAKXEQ2F50R6HHX/bin", {st_mode=S_IFDIR|0775, st_size=12288, ...}, 0) = 0
771496 newfstatat(AT_FDCWD, "/usr/lib/python3.14", {st_mode=S_IFDIR|0755, st_size=20480, ...}, 0) = 0
771496 newfstatat(AT_FDCWD, "/usr/lib/python3.14/lib-dynload", {st_mode=S_IFDIR|0755, st_size=16384, ...}, 0) = 0
771496 newfstatat(AT_FDCWD, "/home/firstmate/.local/lib/python3.14/site-packages", {st_mode=S_IFDIR|0775, st_size=4096, ...}, 0) = 0
771496 newfstatat(AT_FDCWD, "/usr/local/lib/python3.14/dist-packages", {st_mode=S_IFDIR|0755, st_size=4096, ...}, 0) = 0
771496 newfstatat(AT_FDCWD, "/usr/lib/python3/dist-packages", {st_mode=S_IFDIR|0755, st_size=12288, ...}, 0) = 0
771496 newfstatat(AT_FDCWD, "/home/firstmate/.no-mistakes/worktrees/8352e211db7e/01M4F29HK4JCAKXEQ2F50R6HHX/bin", {st_mode=S_IFDIR|0775, st_size=12288, ...}, 0) = 0
771496 newfstatat(AT_FDCWD, "/usr/lib/python3.14", {st_mode=S_IFDIR|0755, st_size=20480, ...}, 0) = 0
771496 newfstatat(AT_FDCWD, "/usr/lib/python3.14/lib-dynload", {st_mode=S_IFDIR|0755, st_size=16384, ...}, 0) = 0
771496 newfstatat(AT_FDCWD, "/home/firstmate/.local/lib/python3.14/site-packages", {st_mode=S_IFDIR|0775, st_size=4096, ...}, 0) = 0
771496 newfstatat(AT_FDCWD, "/usr/local/lib/python3.14/dist-packages", {st_mode=S_IFDIR|0755, st_size=4096, ...}, 0) = 0
771496 newfstatat(AT_FDCWD, "/usr/lib/python3/dist-packages", {st_mode=S_IFDIR|0755, st_size=12288, ...}, 0) = 0
771496 newfstatat(AT_FDCWD, "/home/firstmate/.no-mistakes/worktrees/8352e211db7e/01M4F29HK4JCAKXEQ2F50R6HHX/bin", {st_mode=S_IFDIR|0775, st_size=12288, ...}, 0) = 0
771496 newfstatat(AT_FDCWD, "/usr/lib/python3.14", {st_mode=S_IFDIR|0755, st_size=20480, ...}, 0) = 0
771496 newfstatat(AT_FDCWD, "/usr/lib/python3.14/secrets.py", {st_mode=S_IFREG|0644, st_size=1984, ...}, 0) = 0
771496 newfstatat(AT_FDCWD, "/usr/lib/python3.14/secrets.py", {st_mode=S_IFREG|0644, st_size=1984, ...}, 0) = 0
771496 openat(AT_FDCWD, "/usr/lib/python3.14/__pycache__/secrets.cpython-314.pyc", O_RDONLY|O_CLOEXEC) = 3
771496 newfstatat(AT_FDCWD, "/home/firstmate/.no-mistakes/worktrees/8352e211db7e/01M4F29HK4JCAKXEQ2F50R6HHX/bin", {st_mode=S_IFDIR|0775, st_size=12288, ...}, 0) = 0
771496 newfstatat(AT_FDCWD, "/usr/lib/python3.14", {st_mode=S_IFDIR|0755, st_size=20480, ...}, 0) = 0
771496 newfstatat(AT_FDCWD, "/usr/lib/python3.14/base64.py", {st_mode=S_IFREG|0644, st_size=22029, ...}, 0) = 0
771496 newfstatat(AT_FDCWD, "/usr/lib/python3.14/base64.py", {st_mode=S_IFREG|0644, st_size=22029, ...}, 0) = 0
771496 openat(AT_FDCWD, "/usr/lib/python3.14/__pycache__/base64.cpython-314.pyc", O_RDONLY|O_CLOEXEC) = 3
771496 newfstatat(AT_FDCWD, "/home/firstmate/.no-mistakes/worktrees/8352e211db7e/01M4F29HK4JCAKXEQ2F50R6HHX/bin", {st_mode=S_IFDIR|0775, st_size=12288, ...}, 0) = 0
771496 newfstatat(AT_FDCWD, "/usr/lib/python3.14", {st_mode=S_IFDIR|0755, st_size=20480, ...}, 0) = 0
771496 newfstatat(AT_FDCWD, "/usr/lib/python3.14/struct.py", {st_mode=S_IFREG|0644, st_size=285, ...}, 0) = 0
771496 newfstatat(AT_FDCWD, "/usr/lib/python3.14/struct.py", {st_mode=S_IFREG|0644, st_size=285, ...}, 0) = 0
771496 openat(AT_FDCWD, "/usr/lib/python3.14/__pycache__/struct.cpython-314.pyc", O_RDONLY|O_CLOEXEC) = 3
771496 newfstatat(AT_FDCWD, "/home/firstmate/.no-mistakes/worktrees/8352e211db7e/01M4F29HK4JCAKXEQ2F50R6HHX/bin", {st_mode=S_IFDIR|0775, st_size=12288, ...}, 0) = 0
771496 newfstatat(AT_FDCWD, "/usr/lib/python3.14", {st_mode=S_IFDIR|0755, st_size=20480, ...}, 0) = 0
771496 newfstatat(AT_FDCWD, "/usr/lib/python3.14/hmac.py", {st_mode=S_IFREG|0644, st_size=9589, ...}, 0) = 0
771496 newfstatat(AT_FDCWD, "/usr/lib/python3.14/hmac.py", {st_mode=S_IFREG|0644, st_size=9589, ...}, 0) = 0
771496 openat(AT_FDCWD, "/usr/lib/python3.14/__pycache__/hmac.cpython-314.pyc", O_RDONLY|O_CLOEXEC) = 3
771496 newfstatat(AT_FDCWD, "/home/firstmate/.no-mistakes/worktrees/8352e211db7e/01M4F29HK4JCAKXEQ2F50R6HHX/bin", {st_mode=S_IFDIR|0775, st_size=12288, ...}, 0) = 0
771496 newfstatat(AT_FDCWD, "/usr/lib/python3.14", {st_mode=S_IFDIR|0755, st_size=20480, ...}, 0) = 0
771496 newfstatat(AT_FDCWD, "/usr/lib/python3.14/lib-dynload", {st_mode=S_IFDIR|0755, st_size=16384, ...}, 0) = 0
771496 newfstatat(AT_FDCWD, "/usr/lib/python3.14/lib-dynload/_hmac.cpython-314-x86_64-linux-gnu.so", {st_mode=S_IFREG|0644, st_size=151584, ...}, 0) = 0
771496 openat(AT_FDCWD, "/usr/lib/python3.14/lib-dynload/_hmac.cpython-314-x86_64-linux-gnu.so", O_RDONLY|O_CLOEXEC) = 3
771496 newfstatat(AT_FDCWD, "/home/firstmate/.no-mistakes/worktrees/8352e211db7e/01M4F29HK4JCAKXEQ2F50R6HHX/bin", {st_mode=S_IFDIR|0775, st_size=12288, ...}, 0) = 0
771496 newfstatat(AT_FDCWD, "/usr/lib/python3.14", {st_mode=S_IFDIR|0755, st_size=20480, ...}, 0) = 0
771496 newfstatat(AT_FDCWD, "/usr/lib/python3.14/random.py", {st_mode=S_IFREG|0644, st_size=37259, ...}, 0) = 0
771496 newfstatat(AT_FDCWD, "/usr/lib/python3.14/random.py", {st_mode=S_IFREG|0644, st_size=37259, ...}, 0) = 0
771496 openat(AT_FDCWD, "/usr/lib/python3.14/__pycache__/random.cpython-314.pyc", O_RDONLY|O_CLOEXEC) = 3
771496 newfstatat(AT_FDCWD, "/home/firstmate/.no-mistakes/worktrees/8352e211db7e/01M4F29HK4JCAKXEQ2F50R6HHX/bin", {st_mode=S_IFDIR|0775, st_size=12288, ...}, 0) = 0
771496 newfstatat(AT_FDCWD, "/usr/lib/python3.14", {st_mode=S_IFDIR|0755, st_size=20480, ...}, 0) = 0
771496 newfstatat(AT_FDCWD, "/usr/lib/python3.14/bisect.py", {st_mode=S_IFREG|0644, st_size=3423, ...}, 0) = 0
771496 newfstatat(AT_FDCWD, "/usr/lib/python3.14/bisect.py", {st_mode=S_IFREG|0644, st_size=3423, ...}, 0) = 0
771496 openat(AT_FDCWD, "/usr/lib/python3.14/__pycache__/bisect.cpython-314.pyc", O_RDONLY|O_CLOEXEC) = 3
771496 newfstatat(AT_FDCWD, "/home/firstmate/.no-mistakes/worktrees/8352e211db7e/01M4F29HK4JCAKXEQ2F50R6HHX/bin", {st_mode=S_IFDIR|0775, st_size=12288, ...}, 0) = 0
771496 newfstatat(AT_FDCWD, "/usr/lib/python3.14", {st_mode=S_IFDIR|0755, st_size=20480, ...}, 0) = 0
771496 newfstatat(AT_FDCWD, "/usr/lib/python3.14/subprocess.py", {st_mode=S_IFREG|0644, st_size=90732, ...}, 0) = 0
771496 newfstatat(AT_FDCWD, "/usr/lib/python3.14/subprocess.py", {st_mode=S_IFREG|0644, st_size=90732, ...}, 0) = 0
771496 openat(AT_FDCWD, "/usr/lib/python3.14/__pycache__/subprocess.cpython-314.pyc", O_RDONLY|O_CLOEXEC) = 3
771496 newfstatat(AT_FDCWD, "/home/firstmate/.no-mistakes/worktrees/8352e211db7e/01M4F29HK4JCAKXEQ2F50R6HHX/bin", {st_mode=S_IFDIR|0775, st_size=12288, ...}, 0) = 0
771496 newfstatat(AT_FDCWD, "/usr/lib/python3.14", {st_mode=S_IFDIR|0755, st_size=20480, ...}, 0) = 0
771496 newfstatat(AT_FDCWD, "/usr/lib/python3.14/locale.py", {st_mode=S_IFREG|0644, st_size=79129, ...}, 0) = 0
771496 newfstatat(AT_FDCWD, "/usr/lib/python3.14/locale.py", {st_mode=S_IFREG|0644, st_size=79129, ...}, 0) = 0
771496 openat(AT_FDCWD, "/usr/lib/python3.14/__pycache__/locale.cpython-314.pyc", O_RDONLY|O_CLOEXEC) = 3
771496 newfstatat(AT_FDCWD, "/home/firstmate/.no-mistakes/worktrees/8352e211db7e/01M4F29HK4JCAKXEQ2F50R6HHX/bin", {st_mode=S_IFDIR|0775, st_size=12288, ...}, 0) = 0
771496 newfstatat(AT_FDCWD, "/usr/lib/python3.14", {st_mode=S_IFDIR|0755, st_size=20480, ...}, 0) = 0
771496 newfstatat(AT_FDCWD, "/usr/lib/python3.14/signal.py", {st_mode=S_IFREG|0644, st_size=2495, ...}, 0) = 0
771496 newfstatat(AT_FDCWD, "/usr/lib/python3.14/signal.py", {st_mode=S_IFREG|0644, st_size=2495, ...}, 0) = 0
771496 openat(AT_FDCWD, "/usr/lib/python3.14/__pycache__/signal.cpython-314.pyc", O_RDONLY|O_CLOEXEC) = 3
771496 newfstatat(AT_FDCWD, "/home/firstmate/.no-mistakes/worktrees/8352e211db7e/01M4F29HK4JCAKXEQ2F50R6HHX/bin", {st_mode=S_IFDIR|0775, st_size=12288, ...}, 0) = 0
771496 newfstatat(AT_FDCWD, "/usr/lib/python3.14", {st_mode=S_IFDIR|0755, st_size=20480, ...}, 0) = 0
771496 newfstatat(AT_FDCWD, "/usr/lib/python3.14/threading.py", {st_mode=S_IFREG|0644, st_size=56923, ...}, 0) = 0
771496 newfstatat(AT_FDCWD, "/usr/lib/python3.14/threading.py", {st_mode=S_IFREG|0644, st_size=56923, ...}, 0) = 0
771496 openat(AT_FDCWD, "/usr/lib/python3.14/__pycache__/threading.cpython-314.pyc", O_RDONLY|O_CLOEXEC) = 3
771496 newfstatat(AT_FDCWD, "/home/firstmate/.no-mistakes/worktrees/8352e211db7e/01M4F29HK4JCAKXEQ2F50R6HHX/bin", {st_mode=S_IFDIR|0775, st_size=12288, ...}, 0) = 0
771496 newfstatat(AT_FDCWD, "/usr/lib/python3.14", {st_mode=S_IFDIR|0755, st_size=20480, ...}, 0) = 0
771496 newfstatat(AT_FDCWD, "/usr/lib/python3.14/_weakrefset.py", {st_mode=S_IFREG|0644, st_size=3962, ...}, 0) = 0
771496 newfstatat(AT_FDCWD, "/usr/lib/python3.14/_weakrefset.py", {st_mode=S_IFREG|0644, st_size=3962, ...}, 0) = 0
771496 openat(AT_FDCWD, "/usr/lib/python3.14/__pycache__/_weakrefset.cpython-314.pyc", O_RDONLY|O_CLOEXEC) = 3
771496 newfstatat(AT_FDCWD, "/home/firstmate/.no-mistakes/worktrees/8352e211db7e/01M4F29HK4JCAKXEQ2F50R6HHX/bin", {st_mode=S_IFDIR|0775, st_size=12288, ...}, 0) = 0
771496 newfstatat(AT_FDCWD, "/usr/lib/python3.14", {st_mode=S_IFDIR|0755, st_size=20480, ...}, 0) = 0
771496 newfstatat(AT_FDCWD, "/usr/lib/python3.14/warnings.py", {st_mode=S_IFREG|0644, st_size=1966, ...}, 0) = 0
771496 newfstatat(AT_FDCWD, "/usr/lib/python3.14/warnings.py", {st_mode=S_IFREG|0644, st_size=1966, ...}, 0) = 0
771496 openat(AT_FDCWD, "/usr/lib/python3.14/__pycache__/warnings.cpython-314.pyc", O_RDONLY|O_CLOEXEC) = 3
771496 newfstatat(AT_FDCWD, "/home/firstmate/.no-mistakes/worktrees/8352e211db7e/01M4F29HK4JCAKXEQ2F50R6HHX/bin", {st_mode=S_IFDIR|0775, st_size=12288, ...}, 0) = 0
771496 newfstatat(AT_FDCWD, "/usr/lib/python3.14", {st_mode=S_IFDIR|0755, st_size=20480, ...}, 0) = 0
771496 newfstatat(AT_FDCWD, "/usr/lib/python3.14/_py_warnings.py", {st_mode=S_IFREG|0644, st_size=30631, ...}, 0) = 0
771496 newfstatat(AT_FDCWD, "/usr/lib/python3.14/_py_warnings.py", {st_mode=S_IFREG|0644, st_size=30631, ...}, 0) = 0
771496 openat(AT_FDCWD, "/usr/lib/python3.14/__pycache__/_py_warnings.cpython-314.pyc", O_RDONLY|O_CLOEXEC) = 3
771496 newfstatat(AT_FDCWD, "/home/firstmate/.no-mistakes/worktrees/8352e211db7e/01M4F29HK4JCAKXEQ2F50R6HHX/bin", {st_mode=S_IFDIR|0775, st_size=12288, ...}, 0) = 0
771496 newfstatat(AT_FDCWD, "/usr/lib/python3.14", {st_mode=S_IFDIR|0755, st_size=20480, ...}, 0) = 0
771496 newfstatat(AT_FDCWD, "/usr/lib/python3.14/lib-dynload", {st_mode=S_IFDIR|0755, st_size=16384, ...}, 0) = 0
771496 newfstatat(AT_FDCWD, "/home/firstmate/.local/lib/python3.14/site-packages", {st_mode=S_IFDIR|0775, st_size=4096, ...}, 0) = 0
771496 newfstatat(AT_FDCWD, "/usr/local/lib/python3.14/dist-packages", {st_mode=S_IFDIR|0755, st_size=4096, ...}, 0) = 0
771496 newfstatat(AT_FDCWD, "/usr/lib/python3/dist-packages", {st_mode=S_IFDIR|0755, st_size=12288, ...}, 0) = 0
771496 newfstatat(AT_FDCWD, "/home/firstmate/.no-mistakes/worktrees/8352e211db7e/01M4F29HK4JCAKXEQ2F50R6HHX/bin", {st_mode=S_IFDIR|0775, st_size=12288, ...}, 0) = 0
771496 newfstatat(AT_FDCWD, "/usr/lib/python3.14", {st_mode=S_IFDIR|0755, st_size=20480, ...}, 0) = 0
771496 newfstatat(AT_FDCWD, "/usr/lib/python3.14/selectors.py", {st_mode=S_IFREG|0644, st_size=19457, ...}, 0) = 0
771496 newfstatat(AT_FDCWD, "/usr/lib/python3.14/selectors.py", {st_mode=S_IFREG|0644, st_size=19457, ...}, 0) = 0
771496 openat(AT_FDCWD, "/usr/lib/python3.14/__pycache__/selectors.cpython-314.pyc", O_RDONLY|O_CLOEXEC) = 3
771496 newfstatat(AT_FDCWD, "/home/firstmate/.no-mistakes/worktrees/8352e211db7e/01M4F29HK4JCAKXEQ2F50R6HHX/.test-tmp/boundary/home/.voice-conversation-lab", 0x7ffe1089f9f0, 0) = -1 ENOENT (No such file or directory)
771496 openat(AT_FDCWD, "/home/firstmate/.no-mistakes/worktrees/8352e211db7e/01M4F29HK4JCAKXEQ2F50R6HHX/.test-tmp/boundary/home/state/voice-conversation/policy.json", O_RDONLY|O_CLOEXEC) = 3
771496 openat(AT_FDCWD, "/home/firstmate/.no-mistakes/worktrees/8352e211db7e/01M4F29HK4JCAKXEQ2F50R6HHX/.test-tmp/boundary/home/state/voice-conversation/lock", O_WRONLY|O_CREAT|O_NOFOLLOW|O_CLOEXEC, 0600) = 3
771496 newfstatat(AT_FDCWD, "/home/firstmate/.no-mistakes/worktrees/8352e211db7e/01M4F29HK4JCAKXEQ2F50R6HHX/.test-tmp/boundary/home/state/voice-conversation/journal.json", {st_mode=S_IFREG|0600, st_size=4688, ...}, 0) = 0
771496 openat(AT_FDCWD, "/home/firstmate/.no-mistakes/worktrees/8352e211db7e/01M4F29HK4JCAKXEQ2F50R6HHX/.test-tmp/boundary/home/state/voice-conversation/journal.json", O_RDONLY|O_CLOEXEC) = 4
771496 openat(AT_FDCWD, "/home/firstmate/.no-mistakes/worktrees/8352e211db7e/01M4F29HK4JCAKXEQ2F50R6HHX/.test-tmp/boundary/home/state/inbox/", O_RDONLY|O_NONBLOCK|O_CLOEXEC|O_DIRECTORY) = 4
771496 openat(AT_FDCWD, "/home/firstmate/.no-mistakes/worktrees/8352e211db7e/01M4F29HK4JCAKXEQ2F50R6HHX/.test-tmp/boundary/home/state/inbox/handled/", O_RDONLY|O_NONBLOCK|O_CLOEXEC|O_DIRECTORY) = 4
771496 openat(AT_FDCWD, "/home/firstmate/.no-mistakes/worktrees/8352e211db7e/01M4F29HK4JCAKXEQ2F50R6HHX/.test-tmp/boundary/home/state/inbox/handled/vc-72fcee7d40e2626eb6bcb0284ad62c4465312ee139309aa2a4c12c917b8650a2.note", O_RDONLY|O_CLOEXEC) = 4
771496 openat(AT_FDCWD, "/home/firstmate/.no-mistakes/worktrees/8352e211db7e/01M4F29HK4JCAKXEQ2F50R6HHX/.test-tmp/boundary/home/state/inbox/handled/vc-85b63a3369778e7c4339db9438ec0f532e7facc6fb3ce602eab0fc8983838dbd.note", O_RDONLY|O_CLOEXEC) = 4
771496 newfstatat(AT_FDCWD, "/home/firstmate/.no-mistakes/worktrees/8352e211db7e/01M4F29HK4JCAKXEQ2F50R6HHX/.test-tmp/boundary/home/state/inbox/vc-72fcee7d40e2626eb6bcb0284ad62c4465312ee139309aa2a4c12c917b8650a2.note", 0x7ffe1089fa10, 0) = -1 ENOENT (No such file or directory)
771496 newfstatat(AT_FDCWD, "/home/firstmate/.no-mistakes/worktrees/8352e211db7e/01M4F29HK4JCAKXEQ2F50R6HHX/.test-tmp/boundary/home/state/inbox/handled/vc-72fcee7d40e2626eb6bcb0284ad62c4465312ee139309aa2a4c12c917b8650a2.note", {st_mode=S_IFREG|0600, st_size=399, ...}, 0) = 0
771496 newfstatat(AT_FDCWD, "/home/firstmate/.no-mistakes/worktrees/8352e211db7e/01M4F29HK4JCAKXEQ2F50R6HHX/.test-tmp/boundary/home/state/inbox/vc-72fcee7d40e2626eb6bcb0284ad62c4465312ee139309aa2a4c12c917b8650a2.note", 0x7ffe1089fa10, 0) = -1 ENOENT (No such file or directory)
771496 newfstatat(AT_FDCWD, "/home/firstmate/.no-mistakes/worktrees/8352e211db7e/01M4F29HK4JCAKXEQ2F50R6HHX/.test-tmp/boundary/home/state/inbox/vc-85b63a3369778e7c4339db9438ec0f532e7facc6fb3ce602eab0fc8983838dbd.note", 0x7ffe1089fa10, 0) = -1 ENOENT (No such file or directory)
771496 newfstatat(AT_FDCWD, "/home/firstmate/.no-mistakes/worktrees/8352e211db7e/01M4F29HK4JCAKXEQ2F50R6HHX/.test-tmp/boundary/home/state/inbox/handled/vc-85b63a3369778e7c4339db9438ec0f532e7facc6fb3ce602eab0fc8983838dbd.note", {st_mode=S_IFREG|0600, st_size=419, ...}, 0) = 0
771496 newfstatat(AT_FDCWD, "/home/firstmate/.no-mistakes/worktrees/8352e211db7e/01M4F29HK4JCAKXEQ2F50R6HHX/.test-tmp/boundary/home/state/inbox/vc-85b63a3369778e7c4339db9438ec0f532e7facc6fb3ce602eab0fc8983838dbd.note", 0x7ffe1089fa10, 0) = -1 ENOENT (No such file or directory)
771496 newfstatat(AT_FDCWD, "/home/firstmate/.no-mistakes/worktrees/8352e211db7e/01M4F29HK4JCAKXEQ2F50R6HHX/.test-tmp/boundary/home/state/inbox/vc-72fcee7d40e2626eb6bcb0284ad62c4465312ee139309aa2a4c12c917b8650a2.note", 0x7ffe1089fed0, 0) = -1 ENOENT (No such file or directory)
771496 openat(AT_FDCWD, "/home/firstmate/.no-mistakes/worktrees/8352e211db7e/01M4F29HK4JCAKXEQ2F50R6HHX/.test-tmp/boundary/home/state/inbox/handled/vc-72fcee7d40e2626eb6bcb0284ad62c4465312ee139309aa2a4c12c917b8650a2.note", O_RDONLY|O_CLOEXEC) = 4
771496 newfstatat(AT_FDCWD, "/home/firstmate/.no-mistakes/worktrees/8352e211db7e/01M4F29HK4JCAKXEQ2F50R6HHX/.test-tmp/boundary/home/state/inbox/vc-85b63a3369778e7c4339db9438ec0f532e7facc6fb3ce602eab0fc8983838dbd.note", 0x7ffe1089fed0, 0) = -1 ENOENT (No such file or directory)
771496 openat(AT_FDCWD, "/home/firstmate/.no-mistakes/worktrees/8352e211db7e/01M4F29HK4JCAKXEQ2F50R6HHX/.test-tmp/boundary/home/state/inbox/handled/vc-85b63a3369778e7c4339db9438ec0f532e7facc6fb3ce602eab0fc8983838dbd.note", O_RDONLY|O_CLOEXEC) = 4
771496 +++ exited with 0 +++
771400 --- SIGCHLD {si_signo=SIGCHLD, si_code=CLD_EXITED, si_pid=771496, si_uid=0, si_status=0, si_utime=11 /* 0.11 s */, si_stime=5 /* 0.05 s */} ---
771400 openat(AT_FDCWD, "/home/firstmate/.no-mistakes/worktrees/8352e211db7e/01M4F29HK4JCAKXEQ2F50R6HHX/.test-tmp/boundary/home/state/courier-pickup/.state.9b22a348c93a4027", O_WRONLY|O_CREAT|O_EXCL|O_CLOEXEC, 0666) = 4
771400 rename("/home/firstmate/.no-mistakes/worktrees/8352e211db7e/01M4F29HK4JCAKXEQ2F50R6HHX/.test-tmp/boundary/home/state/courier-pickup/.state.9b22a348c93a4027", "/home/firstmate/.no-mistakes/worktrees/8352e211db7e/01M4F29HK4JCAKXEQ2F50R6HHX/.test-tmp/boundary/home/state/courier-pickup/state.json") = 0
771400 openat(AT_FDCWD, "/home/firstmate/.no-mistakes/worktrees/8352e211db7e/01M4F29HK4JCAKXEQ2F50R6HHX/.test-tmp/boundary/home/state/courier-pickup", O_RDONLY|O_NOFOLLOW|O_CLOEXEC|O_DIRECTORY) = 4
771400 +++ exited with 0 +++
