766486 execve("/usr/bin/python3", ["/usr/bin/python3", "/home/firstmate/.no-mistakes/wor"..., "once"], 0x7fff4f53b178 /* 50 vars */) = 0
766486 access("/etc/ld.so.preload", R_OK) = -1 ENOENT (No such file or directory)
766486 openat(AT_FDCWD, "/etc/ld.so.cache", O_RDONLY|O_CLOEXEC) = 3
766486 openat(AT_FDCWD, "/usr/lib/x86_64-linux-gnu/libm.so.6", O_RDONLY|O_CLOEXEC) = 3
766486 openat(AT_FDCWD, "/usr/lib/x86_64-linux-gnu/libz.so.1", O_RDONLY|O_CLOEXEC) = 3
766486 openat(AT_FDCWD, "/usr/lib/x86_64-linux-gnu/libexpat.so.1", O_RDONLY|O_CLOEXEC) = 3
766486 openat(AT_FDCWD, "/usr/lib/x86_64-linux-gnu/libc.so.6", O_RDONLY|O_CLOEXEC) = 3
766486 open("/proc/sys/vm/overcommit_memory", O_RDONLY) = 3
766486 openat(AT_FDCWD, "/usr/lib/locale/locale-archive", O_RDONLY|O_CLOEXEC) = 3
766486 openat(AT_FDCWD, "/usr/share/locale/locale.alias", O_RDONLY|O_CLOEXEC) = -1 ENOENT (No such file or directory)
766486 openat(AT_FDCWD, "/usr/lib/locale/C.UTF-8/LC_CTYPE", O_RDONLY|O_CLOEXEC) = -1 ENOENT (No such file or directory)
766486 openat(AT_FDCWD, "/usr/lib/locale/C.utf8/LC_CTYPE", O_RDONLY|O_CLOEXEC) = 3
766486 openat(AT_FDCWD, "/usr/lib/x86_64-linux-gnu/gconv/gconv-modules.cache", O_RDONLY|O_CLOEXEC) = 3
766486 openat(AT_FDCWD, "/proc/self/maps", O_RDONLY|O_CLOEXEC) = 3
766486 openat(AT_FDCWD, "/usr/pyvenv.cfg", O_RDONLY) = -1 ENOENT (No such file or directory)
766486 openat(AT_FDCWD, "/usr/bin/pyvenv.cfg", O_RDONLY) = -1 ENOENT (No such file or directory)
766486 readlink("/usr/bin/python3", "python3.14", 4096) = 10
766486 readlink("/usr/bin/python3.14", 0x7ffe4f4e9ff0, 4096) = -1 EINVAL (Invalid argument)
766486 openat(AT_FDCWD, "/usr/bin/python3._pth", O_RDONLY) = -1 ENOENT (No such file or directory)
766486 openat(AT_FDCWD, "/usr/bin/python3.14._pth", O_RDONLY) = -1 ENOENT (No such file or directory)
766486 openat(AT_FDCWD, "/usr/bin/pybuilddir.txt", O_RDONLY) = -1 ENOENT (No such file or directory)
766486 newfstatat(AT_FDCWD, "/usr/bin/Modules/Setup.local", 0x7ffe4f4eefd0, 0) = -1 ENOENT (No such file or directory)
766486 newfstatat(AT_FDCWD, "/usr/bin/lib/python314.zip", 0x7ffe4f4eecb0, 0) = -1 ENOENT (No such file or directory)
766486 newfstatat(AT_FDCWD, "/usr/lib/python314.zip", 0x7ffe4f4eefd0, 0) = -1 ENOENT (No such file or directory)
766486 newfstatat(AT_FDCWD, "/usr/bin/lib/python3.14/os.py", 0x7ffe4f4eefd0, 0) = -1 ENOENT (No such file or directory)
766486 newfstatat(AT_FDCWD, "/usr/bin/lib/python3.14/os.pyc", 0x7ffe4f4eefd0, 0) = -1 ENOENT (No such file or directory)
766486 newfstatat(AT_FDCWD, "/usr/lib/python3.14/os.py", {st_mode=S_IFREG|0644, st_size=41959, ...}, 0) = 0
766486 newfstatat(AT_FDCWD, "/usr/lib/python3.14/lib-dynload", {st_mode=S_IFDIR|0755, st_size=16384, ...}, 0) = 0
766486 newfstatat(AT_FDCWD, "/usr/lib/python3.14/lib-dynload", {st_mode=S_IFDIR|0755, st_size=16384, ...}, 0) = 0
766486 openat(AT_FDCWD, "/etc/localtime", O_RDONLY|O_CLOEXEC) = 3
766486 newfstatat(AT_FDCWD, "/usr/lib/python314.zip", 0x7ffe4f4ee790, 0) = -1 ENOENT (No such file or directory)
766486 newfstatat(AT_FDCWD, "/usr/lib", {st_mode=S_IFDIR|0755, st_size=4096, ...}, 0) = 0
766486 newfstatat(AT_FDCWD, "/usr/lib/python314.zip", 0x7ffe4f4eec70, 0) = -1 ENOENT (No such file or directory)
766486 newfstatat(AT_FDCWD, "/usr/lib/python3.14", {st_mode=S_IFDIR|0755, st_size=20480, ...}, 0) = 0
766486 newfstatat(AT_FDCWD, "/usr/lib/python3.14", {st_mode=S_IFDIR|0755, st_size=20480, ...}, 0) = 0
766486 newfstatat(AT_FDCWD, "/usr/lib/python3.14", {st_mode=S_IFDIR|0755, st_size=20480, ...}, 0) = 0
766486 openat(AT_FDCWD, "/usr/lib/python3.14", O_RDONLY|O_NONBLOCK|O_CLOEXEC|O_DIRECTORY) = 3
766486 newfstatat(AT_FDCWD, "/usr/lib/python3.14/encodings/__init__.cpython-314-x86_64-linux-gnu.so", 0x7ffe4f4eec70, 0) = -1 ENOENT (No such file or directory)
766486 newfstatat(AT_FDCWD, "/usr/lib/python3.14/encodings/__init__.abi3.so", 0x7ffe4f4eec70, 0) = -1 ENOENT (No such file or directory)
766486 newfstatat(AT_FDCWD, "/usr/lib/python3.14/encodings/__init__.abi3-x86_64-linux-gnu.so", 0x7ffe4f4eec70, 0) = -1 ENOENT (No such file or directory)
766486 newfstatat(AT_FDCWD, "/usr/lib/python3.14/encodings/__init__.so", 0x7ffe4f4eec70, 0) = -1 ENOENT (No such file or directory)
766486 newfstatat(AT_FDCWD, "/usr/lib/python3.14/encodings/__init__.py", {st_mode=S_IFREG|0644, st_size=5945, ...}, 0) = 0
766486 newfstatat(AT_FDCWD, "/usr/lib/python3.14/encodings/__init__.py", {st_mode=S_IFREG|0644, st_size=5945, ...}, 0) = 0
766486 openat(AT_FDCWD, "/usr/lib/python3.14/encodings/__pycache__/__init__.cpython-314.pyc", O_RDONLY|O_CLOEXEC) = 3
766486 newfstatat(AT_FDCWD, "/usr/lib/python3.14/encodings", {st_mode=S_IFDIR|0755, st_size=20480, ...}, 0) = 0
766486 newfstatat(AT_FDCWD, "/usr/lib/python3.14/encodings", {st_mode=S_IFDIR|0755, st_size=20480, ...}, 0) = 0
766486 newfstatat(AT_FDCWD, "/usr/lib/python3.14/encodings", {st_mode=S_IFDIR|0755, st_size=20480, ...}, 0) = 0
766486 openat(AT_FDCWD, "/usr/lib/python3.14/encodings", O_RDONLY|O_NONBLOCK|O_CLOEXEC|O_DIRECTORY) = 3
766486 newfstatat(AT_FDCWD, "/usr/lib/python3.14/encodings/aliases.py", {st_mode=S_IFREG|0644, st_size=15957, ...}, 0) = 0
766486 newfstatat(AT_FDCWD, "/usr/lib/python3.14/encodings/aliases.py", {st_mode=S_IFREG|0644, st_size=15957, ...}, 0) = 0
766486 openat(AT_FDCWD, "/usr/lib/python3.14/encodings/__pycache__/aliases.cpython-314.pyc", O_RDONLY|O_CLOEXEC) = 3
766486 newfstatat(AT_FDCWD, "/usr/lib/python3.14/encodings", {st_mode=S_IFDIR|0755, st_size=20480, ...}, 0) = 0
766486 newfstatat(AT_FDCWD, "/usr/lib/python3.14/encodings/utf_8.py", {st_mode=S_IFREG|0644, st_size=1005, ...}, 0) = 0
766486 newfstatat(AT_FDCWD, "/usr/lib/python3.14/encodings/utf_8.py", {st_mode=S_IFREG|0644, st_size=1005, ...}, 0) = 0
766486 openat(AT_FDCWD, "/usr/lib/python3.14/encodings/__pycache__/utf_8.cpython-314.pyc", O_RDONLY|O_CLOEXEC) = 3
766486 newfstatat(AT_FDCWD, "/usr/bin/pyvenv.cfg", 0x7ffe4f4ee4d0, 0) = -1 ENOENT (No such file or directory)
766486 newfstatat(AT_FDCWD, "/usr/pyvenv.cfg", 0x7ffe4f4ee4f0, 0) = -1 ENOENT (No such file or directory)
766486 newfstatat(AT_FDCWD, "/home/firstmate/.local/lib/python3.14/site-packages", {st_mode=S_IFDIR|0775, st_size=4096, ...}, 0) = 0
766486 openat(AT_FDCWD, "/home/firstmate/.local/lib/python3.14/site-packages", O_RDONLY|O_NONBLOCK|O_CLOEXEC|O_DIRECTORY) = 3
766486 newfstatat(AT_FDCWD, "/usr/local/lib/python3.14/dist-packages", {st_mode=S_IFDIR|0755, st_size=4096, ...}, 0) = 0
766486 openat(AT_FDCWD, "/usr/local/lib/python3.14/dist-packages", O_RDONLY|O_NONBLOCK|O_CLOEXEC|O_DIRECTORY) = 3
766486 newfstatat(AT_FDCWD, "/usr/lib/python3/dist-packages", {st_mode=S_IFDIR|0755, st_size=12288, ...}, 0) = 0
766486 openat(AT_FDCWD, "/usr/lib/python3/dist-packages", O_RDONLY|O_NONBLOCK|O_CLOEXEC|O_DIRECTORY) = 3
766486 newfstatat(AT_FDCWD, "/usr/lib/python3/dist-packages/distutils-precedence.pth", {st_mode=S_IFREG|0644, st_size=151, ...}, AT_SYMLINK_NOFOLLOW) = 0
766486 openat(AT_FDCWD, "/usr/lib/python3/dist-packages/distutils-precedence.pth", O_RDONLY|O_CLOEXEC) = 3
766486 newfstatat(AT_FDCWD, "/usr/lib/python3.14/encodings", {st_mode=S_IFDIR|0755, st_size=20480, ...}, 0) = 0
766486 newfstatat(AT_FDCWD, "/usr/lib/python3.14/encodings/utf_8_sig.py", {st_mode=S_IFREG|0644, st_size=4133, ...}, 0) = 0
766486 newfstatat(AT_FDCWD, "/usr/lib/python3.14/encodings/utf_8_sig.py", {st_mode=S_IFREG|0644, st_size=4133, ...}, 0) = 0
766486 openat(AT_FDCWD, "/usr/lib/python3.14/encodings/__pycache__/utf_8_sig.cpython-314.pyc", O_RDONLY|O_CLOEXEC) = 3
766486 newfstatat(AT_FDCWD, "/usr/lib/python3.14", {st_mode=S_IFDIR|0755, st_size=20480, ...}, 0) = 0
766486 newfstatat(AT_FDCWD, "/usr/lib/python3.14/lib-dynload", {st_mode=S_IFDIR|0755, st_size=16384, ...}, 0) = 0
766486 newfstatat(AT_FDCWD, "/usr/lib/python3.14/lib-dynload", {st_mode=S_IFDIR|0755, st_size=16384, ...}, 0) = 0
766486 newfstatat(AT_FDCWD, "/usr/lib/python3.14/lib-dynload", {st_mode=S_IFDIR|0755, st_size=16384, ...}, 0) = 0
766486 openat(AT_FDCWD, "/usr/lib/python3.14/lib-dynload", O_RDONLY|O_NONBLOCK|O_CLOEXEC|O_DIRECTORY) = 3
766486 newfstatat(AT_FDCWD, "/home/firstmate/.local/lib/python3.14/site-packages", {st_mode=S_IFDIR|0775, st_size=4096, ...}, 0) = 0
766486 newfstatat(AT_FDCWD, "/home/firstmate/.local/lib/python3.14/site-packages", {st_mode=S_IFDIR|0775, st_size=4096, ...}, 0) = 0
766486 newfstatat(AT_FDCWD, "/home/firstmate/.local/lib/python3.14/site-packages", {st_mode=S_IFDIR|0775, st_size=4096, ...}, 0) = 0
766486 openat(AT_FDCWD, "/home/firstmate/.local/lib/python3.14/site-packages", O_RDONLY|O_NONBLOCK|O_CLOEXEC|O_DIRECTORY) = 3
766486 newfstatat(AT_FDCWD, "/usr/local/lib/python3.14/dist-packages", {st_mode=S_IFDIR|0755, st_size=4096, ...}, 0) = 0
766486 newfstatat(AT_FDCWD, "/usr/local/lib/python3.14/dist-packages", {st_mode=S_IFDIR|0755, st_size=4096, ...}, 0) = 0
766486 newfstatat(AT_FDCWD, "/usr/local/lib/python3.14/dist-packages", {st_mode=S_IFDIR|0755, st_size=4096, ...}, 0) = 0
766486 openat(AT_FDCWD, "/usr/local/lib/python3.14/dist-packages", O_RDONLY|O_NONBLOCK|O_CLOEXEC|O_DIRECTORY) = 3
766486 newfstatat(AT_FDCWD, "/usr/lib/python3/dist-packages", {st_mode=S_IFDIR|0755, st_size=12288, ...}, 0) = 0
766486 newfstatat(AT_FDCWD, "/usr/lib/python3/dist-packages", {st_mode=S_IFDIR|0755, st_size=12288, ...}, 0) = 0
766486 newfstatat(AT_FDCWD, "/usr/lib/python3/dist-packages", {st_mode=S_IFDIR|0755, st_size=12288, ...}, 0) = 0
766486 openat(AT_FDCWD, "/usr/lib/python3/dist-packages", O_RDONLY|O_NONBLOCK|O_CLOEXEC|O_DIRECTORY) = 3
766486 newfstatat(AT_FDCWD, "/usr/lib/python3/dist-packages/_distutils_hack/__init__.cpython-314-x86_64-linux-gnu.so", 0x7ffe4f4edc80, 0) = -1 ENOENT (No such file or directory)
766486 newfstatat(AT_FDCWD, "/usr/lib/python3/dist-packages/_distutils_hack/__init__.abi3.so", 0x7ffe4f4edc80, 0) = -1 ENOENT (No such file or directory)
766486 newfstatat(AT_FDCWD, "/usr/lib/python3/dist-packages/_distutils_hack/__init__.abi3-x86_64-linux-gnu.so", 0x7ffe4f4edc80, 0) = -1 ENOENT (No such file or directory)
766486 newfstatat(AT_FDCWD, "/usr/lib/python3/dist-packages/_distutils_hack/__init__.so", 0x7ffe4f4edc80, 0) = -1 ENOENT (No such file or directory)
766486 newfstatat(AT_FDCWD, "/usr/lib/python3/dist-packages/_distutils_hack/__init__.py", {st_mode=S_IFREG|0644, st_size=6755, ...}, 0) = 0
766486 newfstatat(AT_FDCWD, "/usr/lib/python3/dist-packages/_distutils_hack/__init__.py", {st_mode=S_IFREG|0644, st_size=6755, ...}, 0) = 0
766486 openat(AT_FDCWD, "/usr/lib/python3/dist-packages/_distutils_hack/__pycache__/__init__.cpython-314.pyc", O_RDONLY|O_CLOEXEC) = 3
766486 newfstatat(AT_FDCWD, "/usr/lib/python3.14/dist-packages", 0x7ffe4f4ee840, 0) = -1 ENOENT (No such file or directory)
766486 newfstatat(AT_FDCWD, "/usr/lib/python3.14", {st_mode=S_IFDIR|0755, st_size=20480, ...}, 0) = 0
766486 newfstatat(AT_FDCWD, "/usr/lib/python3.14/sitecustomize.py", {st_mode=S_IFREG|0644, st_size=155, ...}, 0) = 0
766486 newfstatat(AT_FDCWD, "/usr/lib/python3.14/sitecustomize.py", {st_mode=S_IFREG|0644, st_size=155, ...}, 0) = 0
766486 openat(AT_FDCWD, "/usr/lib/python3.14/__pycache__/sitecustomize.cpython-314.pyc", O_RDONLY|O_CLOEXEC) = 3
766486 newfstatat(AT_FDCWD, "/usr/lib/python3.14", {st_mode=S_IFDIR|0755, st_size=20480, ...}, 0) = 0
766486 newfstatat(AT_FDCWD, "/usr/lib/python3.14/lib-dynload", {st_mode=S_IFDIR|0755, st_size=16384, ...}, 0) = 0
766486 newfstatat(AT_FDCWD, "/home/firstmate/.local/lib/python3.14/site-packages", {st_mode=S_IFDIR|0775, st_size=4096, ...}, 0) = 0
766486 newfstatat(AT_FDCWD, "/usr/local/lib/python3.14/dist-packages", {st_mode=S_IFDIR|0755, st_size=4096, ...}, 0) = 0
766486 newfstatat(AT_FDCWD, "/usr/lib/python3/dist-packages", {st_mode=S_IFDIR|0755, st_size=12288, ...}, 0) = 0
766486 newfstatat(AT_FDCWD, "/usr/lib/python3/dist-packages/apport_python_hook.py", {st_mode=S_IFREG|0644, st_size=8896, ...}, 0) = 0
766486 newfstatat(AT_FDCWD, "/usr/lib/python3/dist-packages/apport_python_hook.py", {st_mode=S_IFREG|0644, st_size=8896, ...}, 0) = 0
766486 openat(AT_FDCWD, "/usr/lib/python3/dist-packages/__pycache__/apport_python_hook.cpython-314.pyc", O_RDONLY|O_CLOEXEC) = 3
766486 newfstatat(AT_FDCWD, "/usr/lib/python3.14", {st_mode=S_IFDIR|0755, st_size=20480, ...}, 0) = 0
766486 newfstatat(AT_FDCWD, "/usr/lib/python3.14/types.py", {st_mode=S_IFREG|0644, st_size=11459, ...}, 0) = 0
766486 newfstatat(AT_FDCWD, "/usr/lib/python3.14/types.py", {st_mode=S_IFREG|0644, st_size=11459, ...}, 0) = 0
766486 openat(AT_FDCWD, "/usr/lib/python3.14/__pycache__/types.cpython-314.pyc", O_RDONLY|O_CLOEXEC) = 3
766486 newfstatat(AT_FDCWD, "/usr/lib/python3.14", {st_mode=S_IFDIR|0755, st_size=20480, ...}, 0) = 0
766486 newfstatat(AT_FDCWD, "/usr/lib/python3.14/lib-dynload", {st_mode=S_IFDIR|0755, st_size=16384, ...}, 0) = 0
766486 newfstatat(AT_FDCWD, "/home/firstmate/.local/lib/python3.14/site-packages", {st_mode=S_IFDIR|0775, st_size=4096, ...}, 0) = 0
766486 newfstatat(AT_FDCWD, "/usr/local/lib/python3.14/dist-packages", {st_mode=S_IFDIR|0755, st_size=4096, ...}, 0) = 0
766486 newfstatat(AT_FDCWD, "/usr/lib/python3/dist-packages", {st_mode=S_IFDIR|0755, st_size=12288, ...}, 0) = 0
766486 newfstatat(AT_FDCWD, "/home/firstmate/.no-mistakes/worktrees/8352e211db7e/01M4F29HK4JCAKXEQ2F50R6HHX/bin/fm-courier-pickup.py", {st_mode=S_IFREG|0775, st_size=30953, ...}, 0) = 0
766486 openat(AT_FDCWD, "/home/firstmate/.no-mistakes/worktrees/8352e211db7e/01M4F29HK4JCAKXEQ2F50R6HHX/bin/fm-courier-pickup.py", O_RDONLY|O_CLOEXEC) = 3
766486 newfstatat(AT_FDCWD, "/home/firstmate/.no-mistakes/worktrees/8352e211db7e/01M4F29HK4JCAKXEQ2F50R6HHX/bin/fm-courier-pickup.py", {st_mode=S_IFREG|0775, st_size=30953, ...}, 0) = 0
766486 readlink("/home/firstmate/.no-mistakes/worktrees/8352e211db7e/01M4F29HK4JCAKXEQ2F50R6HHX/bin/fm-courier-pickup.py", 0x7ffe4f4dd850, 4096) = -1 EINVAL (Invalid argument)
766486 readlink("/home", 0x7ffe4f4de430, 1023) = -1 EINVAL (Invalid argument)
766486 readlink("/home/firstmate", 0x7ffe4f4de430, 1023) = -1 EINVAL (Invalid argument)
766486 readlink("/home/firstmate/.no-mistakes", 0x7ffe4f4de430, 1023) = -1 EINVAL (Invalid argument)
766486 readlink("/home/firstmate/.no-mistakes/worktrees", 0x7ffe4f4de430, 1023) = -1 EINVAL (Invalid argument)
766486 readlink("/home/firstmate/.no-mistakes/worktrees/8352e211db7e", 0x7ffe4f4de430, 1023) = -1 EINVAL (Invalid argument)
766486 readlink("/home/firstmate/.no-mistakes/worktrees/8352e211db7e/01M4F29HK4JCAKXEQ2F50R6HHX", 0x7ffe4f4de430, 1023) = -1 EINVAL (Invalid argument)
766486 readlink("/home/firstmate/.no-mistakes/worktrees/8352e211db7e/01M4F29HK4JCAKXEQ2F50R6HHX/bin", 0x7ffe4f4de430, 1023) = -1 EINVAL (Invalid argument)
766486 readlink("/home/firstmate/.no-mistakes/worktrees/8352e211db7e/01M4F29HK4JCAKXEQ2F50R6HHX/bin/fm-courier-pickup.py", 0x7ffe4f4de430, 1023) = -1 EINVAL (Invalid argument)
766486 openat(AT_FDCWD, "/home/firstmate/.no-mistakes/worktrees/8352e211db7e/01M4F29HK4JCAKXEQ2F50R6HHX/bin/fm-courier-pickup.py", O_RDONLY) = 3
766486 newfstatat(AT_FDCWD, "/home/firstmate/.no-mistakes/worktrees/8352e211db7e/01M4F29HK4JCAKXEQ2F50R6HHX/bin", {st_mode=S_IFDIR|0775, st_size=12288, ...}, 0) = 0
766486 newfstatat(AT_FDCWD, "/home/firstmate/.no-mistakes/worktrees/8352e211db7e/01M4F29HK4JCAKXEQ2F50R6HHX/bin", {st_mode=S_IFDIR|0775, st_size=12288, ...}, 0) = 0
766486 newfstatat(AT_FDCWD, "/home/firstmate/.no-mistakes/worktrees/8352e211db7e/01M4F29HK4JCAKXEQ2F50R6HHX/bin", {st_mode=S_IFDIR|0775, st_size=12288, ...}, 0) = 0
766486 openat(AT_FDCWD, "/home/firstmate/.no-mistakes/worktrees/8352e211db7e/01M4F29HK4JCAKXEQ2F50R6HHX/bin", O_RDONLY|O_NONBLOCK|O_CLOEXEC|O_DIRECTORY) = 3
766486 newfstatat(AT_FDCWD, "/usr/lib/python3.14", {st_mode=S_IFDIR|0755, st_size=20480, ...}, 0) = 0
766486 newfstatat(AT_FDCWD, "/usr/lib/python3.14/calendar.py", {st_mode=S_IFREG|0644, st_size=29863, ...}, 0) = 0
766486 newfstatat(AT_FDCWD, "/usr/lib/python3.14/calendar.py", {st_mode=S_IFREG|0644, st_size=29863, ...}, 0) = 0
766486 openat(AT_FDCWD, "/usr/lib/python3.14/__pycache__/calendar.cpython-314.pyc", O_RDONLY|O_CLOEXEC) = 3
766486 newfstatat(AT_FDCWD, "/home/firstmate/.no-mistakes/worktrees/8352e211db7e/01M4F29HK4JCAKXEQ2F50R6HHX/bin", {st_mode=S_IFDIR|0775, st_size=12288, ...}, 0) = 0
766486 newfstatat(AT_FDCWD, "/usr/lib/python3.14", {st_mode=S_IFDIR|0755, st_size=20480, ...}, 0) = 0
766486 newfstatat(AT_FDCWD, "/usr/lib/python3.14/datetime.py", {st_mode=S_IFREG|0644, st_size=331, ...}, 0) = 0
766486 newfstatat(AT_FDCWD, "/usr/lib/python3.14/datetime.py", {st_mode=S_IFREG|0644, st_size=331, ...}, 0) = 0
766486 openat(AT_FDCWD, "/usr/lib/python3.14/__pycache__/datetime.cpython-314.pyc", O_RDONLY|O_CLOEXEC) = 3
766486 newfstatat(AT_FDCWD, "/home/firstmate/.no-mistakes/worktrees/8352e211db7e/01M4F29HK4JCAKXEQ2F50R6HHX/bin", {st_mode=S_IFDIR|0775, st_size=12288, ...}, 0) = 0
766486 newfstatat(AT_FDCWD, "/usr/lib/python3.14", {st_mode=S_IFDIR|0755, st_size=20480, ...}, 0) = 0
766486 newfstatat(AT_FDCWD, "/usr/lib/python3.14/enum.py", {st_mode=S_IFREG|0644, st_size=85442, ...}, 0) = 0
766486 newfstatat(AT_FDCWD, "/usr/lib/python3.14/enum.py", {st_mode=S_IFREG|0644, st_size=85442, ...}, 0) = 0
766486 openat(AT_FDCWD, "/usr/lib/python3.14/__pycache__/enum.cpython-314.pyc", O_RDONLY|O_CLOEXEC) = 3
766486 newfstatat(AT_FDCWD, "/home/firstmate/.no-mistakes/worktrees/8352e211db7e/01M4F29HK4JCAKXEQ2F50R6HHX/bin", {st_mode=S_IFDIR|0775, st_size=12288, ...}, 0) = 0
766486 newfstatat(AT_FDCWD, "/usr/lib/python3.14", {st_mode=S_IFDIR|0755, st_size=20480, ...}, 0) = 0
766486 newfstatat(AT_FDCWD, "/usr/lib/python3.14/locale.py", {st_mode=S_IFREG|0644, st_size=79129, ...}, 0) = 0
766486 newfstatat(AT_FDCWD, "/usr/lib/python3.14/locale.py", {st_mode=S_IFREG|0644, st_size=79129, ...}, 0) = 0
766486 openat(AT_FDCWD, "/usr/lib/python3.14/__pycache__/locale.cpython-314.pyc", O_RDONLY|O_CLOEXEC) = 3
766486 newfstatat(AT_FDCWD, "/home/firstmate/.no-mistakes/worktrees/8352e211db7e/01M4F29HK4JCAKXEQ2F50R6HHX/bin", {st_mode=S_IFDIR|0775, st_size=12288, ...}, 0) = 0
766486 newfstatat(AT_FDCWD, "/usr/lib/python3.14", {st_mode=S_IFDIR|0755, st_size=20480, ...}, 0) = 0
766486 newfstatat(AT_FDCWD, "/usr/lib/python3.14/functools.py", {st_mode=S_IFREG|0644, st_size=43561, ...}, 0) = 0
766486 newfstatat(AT_FDCWD, "/usr/lib/python3.14/functools.py", {st_mode=S_IFREG|0644, st_size=43561, ...}, 0) = 0
766486 openat(AT_FDCWD, "/usr/lib/python3.14/__pycache__/functools.cpython-314.pyc", O_RDONLY|O_CLOEXEC) = 3
766486 newfstatat(AT_FDCWD, "/home/firstmate/.no-mistakes/worktrees/8352e211db7e/01M4F29HK4JCAKXEQ2F50R6HHX/bin", {st_mode=S_IFDIR|0775, st_size=12288, ...}, 0) = 0
766486 newfstatat(AT_FDCWD, "/usr/lib/python3.14", {st_mode=S_IFDIR|0755, st_size=20480, ...}, 0) = 0
766486 newfstatat(AT_FDCWD, "/usr/lib/python3.14/collections/__init__.cpython-314-x86_64-linux-gnu.so", 0x7ffe4f4ecc80, 0) = -1 ENOENT (No such file or directory)
766486 newfstatat(AT_FDCWD, "/usr/lib/python3.14/collections/__init__.abi3.so", 0x7ffe4f4ecc80, 0) = -1 ENOENT (No such file or directory)
766486 newfstatat(AT_FDCWD, "/usr/lib/python3.14/collections/__init__.abi3-x86_64-linux-gnu.so", 0x7ffe4f4ecc80, 0) = -1 ENOENT (No such file or directory)
766486 newfstatat(AT_FDCWD, "/usr/lib/python3.14/collections/__init__.so", 0x7ffe4f4ecc80, 0) = -1 ENOENT (No such file or directory)
766486 newfstatat(AT_FDCWD, "/usr/lib/python3.14/collections/__init__.py", {st_mode=S_IFREG|0644, st_size=52903, ...}, 0) = 0
766486 newfstatat(AT_FDCWD, "/usr/lib/python3.14/collections/__init__.py", {st_mode=S_IFREG|0644, st_size=52903, ...}, 0) = 0
766486 openat(AT_FDCWD, "/usr/lib/python3.14/collections/__pycache__/__init__.cpython-314.pyc", O_RDONLY|O_CLOEXEC) = 3
766486 newfstatat(AT_FDCWD, "/home/firstmate/.no-mistakes/worktrees/8352e211db7e/01M4F29HK4JCAKXEQ2F50R6HHX/bin", {st_mode=S_IFDIR|0775, st_size=12288, ...}, 0) = 0
766486 newfstatat(AT_FDCWD, "/usr/lib/python3.14", {st_mode=S_IFDIR|0755, st_size=20480, ...}, 0) = 0
766486 newfstatat(AT_FDCWD, "/usr/lib/python3.14/keyword.py", {st_mode=S_IFREG|0644, st_size=1073, ...}, 0) = 0
766486 newfstatat(AT_FDCWD, "/usr/lib/python3.14/keyword.py", {st_mode=S_IFREG|0644, st_size=1073, ...}, 0) = 0
766486 openat(AT_FDCWD, "/usr/lib/python3.14/__pycache__/keyword.cpython-314.pyc", O_RDONLY|O_CLOEXEC) = 3
766486 newfstatat(AT_FDCWD, "/home/firstmate/.no-mistakes/worktrees/8352e211db7e/01M4F29HK4JCAKXEQ2F50R6HHX/bin", {st_mode=S_IFDIR|0775, st_size=12288, ...}, 0) = 0
766486 newfstatat(AT_FDCWD, "/usr/lib/python3.14", {st_mode=S_IFDIR|0755, st_size=20480, ...}, 0) = 0
766486 newfstatat(AT_FDCWD, "/usr/lib/python3.14/operator.py", {st_mode=S_IFREG|0644, st_size=11158, ...}, 0) = 0
766486 newfstatat(AT_FDCWD, "/usr/lib/python3.14/operator.py", {st_mode=S_IFREG|0644, st_size=11158, ...}, 0) = 0
766486 openat(AT_FDCWD, "/usr/lib/python3.14/__pycache__/operator.cpython-314.pyc", O_RDONLY|O_CLOEXEC) = 3
766486 newfstatat(AT_FDCWD, "/home/firstmate/.no-mistakes/worktrees/8352e211db7e/01M4F29HK4JCAKXEQ2F50R6HHX/bin", {st_mode=S_IFDIR|0775, st_size=12288, ...}, 0) = 0
766486 newfstatat(AT_FDCWD, "/usr/lib/python3.14", {st_mode=S_IFDIR|0755, st_size=20480, ...}, 0) = 0
766486 newfstatat(AT_FDCWD, "/usr/lib/python3.14/reprlib.py", {st_mode=S_IFREG|0644, st_size=8064, ...}, 0) = 0
766486 newfstatat(AT_FDCWD, "/usr/lib/python3.14/reprlib.py", {st_mode=S_IFREG|0644, st_size=8064, ...}, 0) = 0
766486 openat(AT_FDCWD, "/usr/lib/python3.14/__pycache__/reprlib.cpython-314.pyc", O_RDONLY|O_CLOEXEC) = 3
766486 newfstatat(AT_FDCWD, "/home/firstmate/.no-mistakes/worktrees/8352e211db7e/01M4F29HK4JCAKXEQ2F50R6HHX/bin", {st_mode=S_IFDIR|0775, st_size=12288, ...}, 0) = 0
766486 newfstatat(AT_FDCWD, "/usr/lib/python3.14", {st_mode=S_IFDIR|0755, st_size=20480, ...}, 0) = 0
766486 newfstatat(AT_FDCWD, "/usr/lib/python3.14/hashlib.py", {st_mode=S_IFREG|0644, st_size=9459, ...}, 0) = 0
766486 newfstatat(AT_FDCWD, "/usr/lib/python3.14/hashlib.py", {st_mode=S_IFREG|0644, st_size=9459, ...}, 0) = 0
766486 openat(AT_FDCWD, "/usr/lib/python3.14/__pycache__/hashlib.cpython-314.pyc", O_RDONLY|O_CLOEXEC) = 3
766486 newfstatat(AT_FDCWD, "/home/firstmate/.no-mistakes/worktrees/8352e211db7e/01M4F29HK4JCAKXEQ2F50R6HHX/bin", {st_mode=S_IFDIR|0775, st_size=12288, ...}, 0) = 0
766486 newfstatat(AT_FDCWD, "/usr/lib/python3.14", {st_mode=S_IFDIR|0755, st_size=20480, ...}, 0) = 0
766486 newfstatat(AT_FDCWD, "/usr/lib/python3.14/lib-dynload", {st_mode=S_IFDIR|0755, st_size=16384, ...}, 0) = 0
766486 newfstatat(AT_FDCWD, "/usr/lib/python3.14/lib-dynload/_hashlib.cpython-314-x86_64-linux-gnu.so", {st_mode=S_IFREG|0644, st_size=64448, ...}, 0) = 0
766486 openat(AT_FDCWD, "/usr/lib/python3.14/lib-dynload/_hashlib.cpython-314-x86_64-linux-gnu.so", O_RDONLY|O_CLOEXEC) = 3
766486 openat(AT_FDCWD, "/etc/ld.so.cache", O_RDONLY|O_CLOEXEC) = 3
766486 openat(AT_FDCWD, "/usr/lib/x86_64-linux-gnu/libcrypto.so.3", O_RDONLY|O_CLOEXEC) = 3
766486 openat(AT_FDCWD, "/usr/lib/x86_64-linux-gnu/libzstd.so.1", O_RDONLY|O_CLOEXEC) = 3
766486 openat(AT_FDCWD, "/proc/sys/crypto/fips_enabled", O_RDONLY) = -1 ENOENT (No such file or directory)
766486 openat(AT_FDCWD, "/etc/ubuntu-fips", O_RDONLY) = -1 ENOENT (No such file or directory)
766486 openat(AT_FDCWD, "/usr/lib/ssl/openssl.cnf", O_RDONLY) = 3
766486 newfstatat(AT_FDCWD, "/var/lib/crypto-config/profiles/current/openssl.conf.d", 0x7ffe4f4edc30, 0) = -1 ENOENT (No such file or directory)
766486 newfstatat(AT_FDCWD, "/etc/ssl/openssl.conf.d", 0x7ffe4f4edc30, 0) = -1 ENOENT (No such file or directory)
766486 newfstatat(AT_FDCWD, "/home/firstmate/.no-mistakes/worktrees/8352e211db7e/01M4F29HK4JCAKXEQ2F50R6HHX/bin", {st_mode=S_IFDIR|0775, st_size=12288, ...}, 0) = 0
766486 newfstatat(AT_FDCWD, "/usr/lib/python3.14", {st_mode=S_IFDIR|0755, st_size=20480, ...}, 0) = 0
766486 newfstatat(AT_FDCWD, "/usr/lib/python3.14/json/__init__.cpython-314-x86_64-linux-gnu.so", 0x7ffe4f4eec60, 0) = -1 ENOENT (No such file or directory)
766486 newfstatat(AT_FDCWD, "/usr/lib/python3.14/json/__init__.abi3.so", 0x7ffe4f4eec60, 0) = -1 ENOENT (No such file or directory)
766486 newfstatat(AT_FDCWD, "/usr/lib/python3.14/json/__init__.abi3-x86_64-linux-gnu.so", 0x7ffe4f4eec60, 0) = -1 ENOENT (No such file or directory)
766486 newfstatat(AT_FDCWD, "/usr/lib/python3.14/json/__init__.so", 0x7ffe4f4eec60, 0) = -1 ENOENT (No such file or directory)
766486 newfstatat(AT_FDCWD, "/usr/lib/python3.14/json/__init__.py", {st_mode=S_IFREG|0644, st_size=14066, ...}, 0) = 0
766486 newfstatat(AT_FDCWD, "/usr/lib/python3.14/json/__init__.py", {st_mode=S_IFREG|0644, st_size=14066, ...}, 0) = 0
766486 openat(AT_FDCWD, "/usr/lib/python3.14/json/__pycache__/__init__.cpython-314.pyc", O_RDONLY|O_CLOEXEC) = 3
766486 newfstatat(AT_FDCWD, "/usr/lib/python3.14/json", {st_mode=S_IFDIR|0755, st_size=4096, ...}, 0) = 0
766486 newfstatat(AT_FDCWD, "/usr/lib/python3.14/json", {st_mode=S_IFDIR|0755, st_size=4096, ...}, 0) = 0
766486 newfstatat(AT_FDCWD, "/usr/lib/python3.14/json", {st_mode=S_IFDIR|0755, st_size=4096, ...}, 0) = 0
766486 openat(AT_FDCWD, "/usr/lib/python3.14/json", O_RDONLY|O_NONBLOCK|O_CLOEXEC|O_DIRECTORY) = 3
766486 newfstatat(AT_FDCWD, "/usr/lib/python3.14/json/decoder.py", {st_mode=S_IFREG|0644, st_size=12873, ...}, 0) = 0
766486 newfstatat(AT_FDCWD, "/usr/lib/python3.14/json/decoder.py", {st_mode=S_IFREG|0644, st_size=12873, ...}, 0) = 0
766486 openat(AT_FDCWD, "/usr/lib/python3.14/json/__pycache__/decoder.cpython-314.pyc", O_RDONLY|O_CLOEXEC) = 3
766486 newfstatat(AT_FDCWD, "/home/firstmate/.no-mistakes/worktrees/8352e211db7e/01M4F29HK4JCAKXEQ2F50R6HHX/bin", {st_mode=S_IFDIR|0775, st_size=12288, ...}, 0) = 0
766486 newfstatat(AT_FDCWD, "/usr/lib/python3.14", {st_mode=S_IFDIR|0755, st_size=20480, ...}, 0) = 0
766486 newfstatat(AT_FDCWD, "/usr/lib/python3.14/re/__init__.cpython-314-x86_64-linux-gnu.so", 0x7ffe4f4ed720, 0) = -1 ENOENT (No such file or directory)
766486 newfstatat(AT_FDCWD, "/usr/lib/python3.14/re/__init__.abi3.so", 0x7ffe4f4ed720, 0) = -1 ENOENT (No such file or directory)
766486 newfstatat(AT_FDCWD, "/usr/lib/python3.14/re/__init__.abi3-x86_64-linux-gnu.so", 0x7ffe4f4ed720, 0) = -1 ENOENT (No such file or directory)
766486 newfstatat(AT_FDCWD, "/usr/lib/python3.14/re/__init__.so", 0x7ffe4f4ed720, 0) = -1 ENOENT (No such file or directory)
766486 newfstatat(AT_FDCWD, "/usr/lib/python3.14/re/__init__.py", {st_mode=S_IFREG|0644, st_size=17876, ...}, 0) = 0
766486 newfstatat(AT_FDCWD, "/usr/lib/python3.14/re/__init__.py", {st_mode=S_IFREG|0644, st_size=17876, ...}, 0) = 0
766486 openat(AT_FDCWD, "/usr/lib/python3.14/re/__pycache__/__init__.cpython-314.pyc", O_RDONLY|O_CLOEXEC) = 3
766486 newfstatat(AT_FDCWD, "/usr/lib/python3.14/re", {st_mode=S_IFDIR|0755, st_size=4096, ...}, 0) = 0
766486 newfstatat(AT_FDCWD, "/usr/lib/python3.14/re", {st_mode=S_IFDIR|0755, st_size=4096, ...}, 0) = 0
766486 newfstatat(AT_FDCWD, "/usr/lib/python3.14/re", {st_mode=S_IFDIR|0755, st_size=4096, ...}, 0) = 0
766486 openat(AT_FDCWD, "/usr/lib/python3.14/re", O_RDONLY|O_NONBLOCK|O_CLOEXEC|O_DIRECTORY) = 3
766486 newfstatat(AT_FDCWD, "/usr/lib/python3.14/re/_compiler.py", {st_mode=S_IFREG|0644, st_size=26855, ...}, 0) = 0
766486 newfstatat(AT_FDCWD, "/usr/lib/python3.14/re/_compiler.py", {st_mode=S_IFREG|0644, st_size=26855, ...}, 0) = 0
766486 openat(AT_FDCWD, "/usr/lib/python3.14/re/__pycache__/_compiler.cpython-314.pyc", O_RDONLY|O_CLOEXEC) = 3
766486 newfstatat(AT_FDCWD, "/usr/lib/python3.14/re", {st_mode=S_IFDIR|0755, st_size=4096, ...}, 0) = 0
766486 newfstatat(AT_FDCWD, "/usr/lib/python3.14/re/_parser.py", {st_mode=S_IFREG|0644, st_size=40353, ...}, 0) = 0
766486 newfstatat(AT_FDCWD, "/usr/lib/python3.14/re/_parser.py", {st_mode=S_IFREG|0644, st_size=40353, ...}, 0) = 0
766486 openat(AT_FDCWD, "/usr/lib/python3.14/re/__pycache__/_parser.cpython-314.pyc", O_RDONLY|O_CLOEXEC) = 3
766486 newfstatat(AT_FDCWD, "/usr/lib/python3.14/re", {st_mode=S_IFDIR|0755, st_size=4096, ...}, 0) = 0
766486 newfstatat(AT_FDCWD, "/usr/lib/python3.14/re/_constants.py", {st_mode=S_IFREG|0644, st_size=6036, ...}, 0) = 0
766486 newfstatat(AT_FDCWD, "/usr/lib/python3.14/re/_constants.py", {st_mode=S_IFREG|0644, st_size=6036, ...}, 0) = 0
766486 openat(AT_FDCWD, "/usr/lib/python3.14/re/__pycache__/_constants.cpython-314.pyc", O_RDONLY|O_CLOEXEC) = 3
766486 newfstatat(AT_FDCWD, "/usr/lib/python3.14/re", {st_mode=S_IFDIR|0755, st_size=4096, ...}, 0) = 0
766486 newfstatat(AT_FDCWD, "/usr/lib/python3.14/re/_casefix.py", {st_mode=S_IFREG|0644, st_size=5444, ...}, 0) = 0
766486 newfstatat(AT_FDCWD, "/usr/lib/python3.14/re/_casefix.py", {st_mode=S_IFREG|0644, st_size=5444, ...}, 0) = 0
766486 openat(AT_FDCWD, "/usr/lib/python3.14/re/__pycache__/_casefix.cpython-314.pyc", O_RDONLY|O_CLOEXEC) = 3
766486 newfstatat(AT_FDCWD, "/home/firstmate/.no-mistakes/worktrees/8352e211db7e/01M4F29HK4JCAKXEQ2F50R6HHX/bin", {st_mode=S_IFDIR|0775, st_size=12288, ...}, 0) = 0
766486 newfstatat(AT_FDCWD, "/usr/lib/python3.14", {st_mode=S_IFDIR|0755, st_size=20480, ...}, 0) = 0
766486 newfstatat(AT_FDCWD, "/usr/lib/python3.14/copyreg.py", {st_mode=S_IFREG|0644, st_size=7716, ...}, 0) = 0
766486 newfstatat(AT_FDCWD, "/usr/lib/python3.14/copyreg.py", {st_mode=S_IFREG|0644, st_size=7716, ...}, 0) = 0
766486 openat(AT_FDCWD, "/usr/lib/python3.14/__pycache__/copyreg.cpython-314.pyc", O_RDONLY|O_CLOEXEC) = 3
766486 newfstatat(AT_FDCWD, "/usr/lib/python3.14/json", {st_mode=S_IFDIR|0755, st_size=4096, ...}, 0) = 0
766486 newfstatat(AT_FDCWD, "/usr/lib/python3.14/json/scanner.py", {st_mode=S_IFREG|0644, st_size=2434, ...}, 0) = 0
766486 newfstatat(AT_FDCWD, "/usr/lib/python3.14/json/scanner.py", {st_mode=S_IFREG|0644, st_size=2434, ...}, 0) = 0
766486 openat(AT_FDCWD, "/usr/lib/python3.14/json/__pycache__/scanner.cpython-314.pyc", O_RDONLY|O_CLOEXEC) = 3
766486 newfstatat(AT_FDCWD, "/usr/lib/python3.14/json", {st_mode=S_IFDIR|0755, st_size=4096, ...}, 0) = 0
766486 newfstatat(AT_FDCWD, "/usr/lib/python3.14/json/encoder.py", {st_mode=S_IFREG|0644, st_size=16990, ...}, 0) = 0
766486 newfstatat(AT_FDCWD, "/usr/lib/python3.14/json/encoder.py", {st_mode=S_IFREG|0644, st_size=16990, ...}, 0) = 0
766486 openat(AT_FDCWD, "/usr/lib/python3.14/json/__pycache__/encoder.cpython-314.pyc", O_RDONLY|O_CLOEXEC) = 3
766486 newfstatat(AT_FDCWD, "/home/firstmate/.no-mistakes/worktrees/8352e211db7e/01M4F29HK4JCAKXEQ2F50R6HHX/bin", {st_mode=S_IFDIR|0775, st_size=12288, ...}, 0) = 0
766486 newfstatat(AT_FDCWD, "/usr/lib/python3.14", {st_mode=S_IFDIR|0755, st_size=20480, ...}, 0) = 0
766486 newfstatat(AT_FDCWD, "/usr/lib/python3.14/pathlib/__init__.cpython-314-x86_64-linux-gnu.so", 0x7ffe4f4eec60, 0) = -1 ENOENT (No such file or directory)
766486 newfstatat(AT_FDCWD, "/usr/lib/python3.14/pathlib/__init__.abi3.so", 0x7ffe4f4eec60, 0) = -1 ENOENT (No such file or directory)
766486 newfstatat(AT_FDCWD, "/usr/lib/python3.14/pathlib/__init__.abi3-x86_64-linux-gnu.so", 0x7ffe4f4eec60, 0) = -1 ENOENT (No such file or directory)
766486 newfstatat(AT_FDCWD, "/usr/lib/python3.14/pathlib/__init__.so", 0x7ffe4f4eec60, 0) = -1 ENOENT (No such file or directory)
766486 newfstatat(AT_FDCWD, "/usr/lib/python3.14/pathlib/__init__.py", {st_mode=S_IFREG|0644, st_size=46833, ...}, 0) = 0
766486 newfstatat(AT_FDCWD, "/usr/lib/python3.14/pathlib/__init__.py", {st_mode=S_IFREG|0644, st_size=46833, ...}, 0) = 0
766486 openat(AT_FDCWD, "/usr/lib/python3.14/pathlib/__pycache__/__init__.cpython-314.pyc", O_RDONLY|O_CLOEXEC) = 3
766486 newfstatat(AT_FDCWD, "/home/firstmate/.no-mistakes/worktrees/8352e211db7e/01M4F29HK4JCAKXEQ2F50R6HHX/bin", {st_mode=S_IFDIR|0775, st_size=12288, ...}, 0) = 0
766486 newfstatat(AT_FDCWD, "/usr/lib/python3.14", {st_mode=S_IFDIR|0755, st_size=20480, ...}, 0) = 0
766486 newfstatat(AT_FDCWD, "/usr/lib/python3.14/glob.py", {st_mode=S_IFREG|0644, st_size=20768, ...}, 0) = 0
766486 newfstatat(AT_FDCWD, "/usr/lib/python3.14/glob.py", {st_mode=S_IFREG|0644, st_size=20768, ...}, 0) = 0
766486 openat(AT_FDCWD, "/usr/lib/python3.14/__pycache__/glob.cpython-314.pyc", O_RDONLY|O_CLOEXEC) = 3
766486 newfstatat(AT_FDCWD, "/home/firstmate/.no-mistakes/worktrees/8352e211db7e/01M4F29HK4JCAKXEQ2F50R6HHX/bin", {st_mode=S_IFDIR|0775, st_size=12288, ...}, 0) = 0
766486 newfstatat(AT_FDCWD, "/usr/lib/python3.14", {st_mode=S_IFDIR|0755, st_size=20480, ...}, 0) = 0
766486 newfstatat(AT_FDCWD, "/usr/lib/python3.14/contextlib.py", {st_mode=S_IFREG|0644, st_size=27801, ...}, 0) = 0
766486 newfstatat(AT_FDCWD, "/usr/lib/python3.14/contextlib.py", {st_mode=S_IFREG|0644, st_size=27801, ...}, 0) = 0
766486 openat(AT_FDCWD, "/usr/lib/python3.14/__pycache__/contextlib.cpython-314.pyc", O_RDONLY|O_CLOEXEC) = 3
766486 newfstatat(AT_FDCWD, "/home/firstmate/.no-mistakes/worktrees/8352e211db7e/01M4F29HK4JCAKXEQ2F50R6HHX/bin", {st_mode=S_IFDIR|0775, st_size=12288, ...}, 0) = 0
766486 newfstatat(AT_FDCWD, "/usr/lib/python3.14", {st_mode=S_IFDIR|0755, st_size=20480, ...}, 0) = 0
766486 newfstatat(AT_FDCWD, "/usr/lib/python3.14/fnmatch.py", {st_mode=S_IFREG|0644, st_size=6791, ...}, 0) = 0
766486 newfstatat(AT_FDCWD, "/usr/lib/python3.14/fnmatch.py", {st_mode=S_IFREG|0644, st_size=6791, ...}, 0) = 0
766486 openat(AT_FDCWD, "/usr/lib/python3.14/__pycache__/fnmatch.cpython-314.pyc", O_RDONLY|O_CLOEXEC) = 3
766486 newfstatat(AT_FDCWD, "/usr/lib/python3.14/pathlib", {st_mode=S_IFDIR|0755, st_size=4096, ...}, 0) = 0
766486 newfstatat(AT_FDCWD, "/usr/lib/python3.14/pathlib", {st_mode=S_IFDIR|0755, st_size=4096, ...}, 0) = 0
766486 newfstatat(AT_FDCWD, "/usr/lib/python3.14/pathlib", {st_mode=S_IFDIR|0755, st_size=4096, ...}, 0) = 0
766486 openat(AT_FDCWD, "/usr/lib/python3.14/pathlib", O_RDONLY|O_NONBLOCK|O_CLOEXEC|O_DIRECTORY) = 3
766486 newfstatat(AT_FDCWD, "/usr/lib/python3.14/pathlib/_os.py", {st_mode=S_IFREG|0644, st_size=18161, ...}, 0) = 0
766486 newfstatat(AT_FDCWD, "/usr/lib/python3.14/pathlib/_os.py", {st_mode=S_IFREG|0644, st_size=18161, ...}, 0) = 0
766486 openat(AT_FDCWD, "/usr/lib/python3.14/pathlib/__pycache__/_os.cpython-314.pyc", O_RDONLY|O_CLOEXEC) = 3
766486 newfstatat(AT_FDCWD, "/home/firstmate/.no-mistakes/worktrees/8352e211db7e/01M4F29HK4JCAKXEQ2F50R6HHX/bin", {st_mode=S_IFDIR|0775, st_size=12288, ...}, 0) = 0
766486 newfstatat(AT_FDCWD, "/usr/lib/python3.14", {st_mode=S_IFDIR|0755, st_size=20480, ...}, 0) = 0
766486 newfstatat(AT_FDCWD, "/usr/lib/python3.14/lib-dynload", {st_mode=S_IFDIR|0755, st_size=16384, ...}, 0) = 0
766486 newfstatat(AT_FDCWD, "/home/firstmate/.local/lib/python3.14/site-packages", {st_mode=S_IFDIR|0775, st_size=4096, ...}, 0) = 0
766486 newfstatat(AT_FDCWD, "/usr/local/lib/python3.14/dist-packages", {st_mode=S_IFDIR|0755, st_size=4096, ...}, 0) = 0
766486 newfstatat(AT_FDCWD, "/usr/lib/python3/dist-packages", {st_mode=S_IFDIR|0755, st_size=12288, ...}, 0) = 0
766486 newfstatat(AT_FDCWD, "/home/firstmate/.no-mistakes/worktrees/8352e211db7e/01M4F29HK4JCAKXEQ2F50R6HHX/bin", {st_mode=S_IFDIR|0775, st_size=12288, ...}, 0) = 0
766486 newfstatat(AT_FDCWD, "/usr/lib/python3.14", {st_mode=S_IFDIR|0755, st_size=20480, ...}, 0) = 0
766486 newfstatat(AT_FDCWD, "/usr/lib/python3.14/lib-dynload", {st_mode=S_IFDIR|0755, st_size=16384, ...}, 0) = 0
766486 newfstatat(AT_FDCWD, "/home/firstmate/.local/lib/python3.14/site-packages", {st_mode=S_IFDIR|0775, st_size=4096, ...}, 0) = 0
766486 newfstatat(AT_FDCWD, "/usr/local/lib/python3.14/dist-packages", {st_mode=S_IFDIR|0755, st_size=4096, ...}, 0) = 0
766486 newfstatat(AT_FDCWD, "/usr/lib/python3/dist-packages", {st_mode=S_IFDIR|0755, st_size=12288, ...}, 0) = 0
766486 newfstatat(AT_FDCWD, "/home/firstmate/.no-mistakes/worktrees/8352e211db7e/01M4F29HK4JCAKXEQ2F50R6HHX/bin", {st_mode=S_IFDIR|0775, st_size=12288, ...}, 0) = 0
766486 newfstatat(AT_FDCWD, "/usr/lib/python3.14", {st_mode=S_IFDIR|0755, st_size=20480, ...}, 0) = 0
766486 newfstatat(AT_FDCWD, "/usr/lib/python3.14/lib-dynload", {st_mode=S_IFDIR|0755, st_size=16384, ...}, 0) = 0
766486 newfstatat(AT_FDCWD, "/home/firstmate/.local/lib/python3.14/site-packages", {st_mode=S_IFDIR|0775, st_size=4096, ...}, 0) = 0
766486 newfstatat(AT_FDCWD, "/usr/local/lib/python3.14/dist-packages", {st_mode=S_IFDIR|0755, st_size=4096, ...}, 0) = 0
766486 newfstatat(AT_FDCWD, "/usr/lib/python3/dist-packages", {st_mode=S_IFDIR|0755, st_size=12288, ...}, 0) = 0
766486 newfstatat(AT_FDCWD, "/home/firstmate/.no-mistakes/worktrees/8352e211db7e/01M4F29HK4JCAKXEQ2F50R6HHX/bin", {st_mode=S_IFDIR|0775, st_size=12288, ...}, 0) = 0
766486 newfstatat(AT_FDCWD, "/usr/lib/python3.14", {st_mode=S_IFDIR|0755, st_size=20480, ...}, 0) = 0
766486 newfstatat(AT_FDCWD, "/usr/lib/python3.14/lib-dynload", {st_mode=S_IFDIR|0755, st_size=16384, ...}, 0) = 0
766486 newfstatat(AT_FDCWD, "/home/firstmate/.local/lib/python3.14/site-packages", {st_mode=S_IFDIR|0775, st_size=4096, ...}, 0) = 0
766486 newfstatat(AT_FDCWD, "/usr/local/lib/python3.14/dist-packages", {st_mode=S_IFDIR|0755, st_size=4096, ...}, 0) = 0
766486 newfstatat(AT_FDCWD, "/usr/lib/python3/dist-packages", {st_mode=S_IFDIR|0755, st_size=12288, ...}, 0) = 0
766486 newfstatat(AT_FDCWD, "/home/firstmate/.no-mistakes/worktrees/8352e211db7e/01M4F29HK4JCAKXEQ2F50R6HHX/bin", {st_mode=S_IFDIR|0775, st_size=12288, ...}, 0) = 0
766486 newfstatat(AT_FDCWD, "/usr/lib/python3.14", {st_mode=S_IFDIR|0755, st_size=20480, ...}, 0) = 0
766486 newfstatat(AT_FDCWD, "/usr/lib/python3.14/lib-dynload", {st_mode=S_IFDIR|0755, st_size=16384, ...}, 0) = 0
766486 newfstatat(AT_FDCWD, "/home/firstmate/.local/lib/python3.14/site-packages", {st_mode=S_IFDIR|0775, st_size=4096, ...}, 0) = 0
766486 newfstatat(AT_FDCWD, "/usr/local/lib/python3.14/dist-packages", {st_mode=S_IFDIR|0755, st_size=4096, ...}, 0) = 0
766486 newfstatat(AT_FDCWD, "/usr/lib/python3/dist-packages", {st_mode=S_IFDIR|0755, st_size=12288, ...}, 0) = 0
766486 newfstatat(AT_FDCWD, "/home/firstmate/.no-mistakes/worktrees/8352e211db7e/01M4F29HK4JCAKXEQ2F50R6HHX/bin", {st_mode=S_IFDIR|0775, st_size=12288, ...}, 0) = 0
766486 newfstatat(AT_FDCWD, "/usr/lib/python3.14", {st_mode=S_IFDIR|0755, st_size=20480, ...}, 0) = 0
766486 newfstatat(AT_FDCWD, "/usr/lib/python3.14/lib-dynload", {st_mode=S_IFDIR|0755, st_size=16384, ...}, 0) = 0
766486 newfstatat(AT_FDCWD, "/home/firstmate/.local/lib/python3.14/site-packages", {st_mode=S_IFDIR|0775, st_size=4096, ...}, 0) = 0
766486 newfstatat(AT_FDCWD, "/usr/local/lib/python3.14/dist-packages", {st_mode=S_IFDIR|0755, st_size=4096, ...}, 0) = 0
766486 newfstatat(AT_FDCWD, "/usr/lib/python3/dist-packages", {st_mode=S_IFDIR|0755, st_size=12288, ...}, 0) = 0
766486 newfstatat(AT_FDCWD, "/home/firstmate/.no-mistakes/worktrees/8352e211db7e/01M4F29HK4JCAKXEQ2F50R6HHX/bin", {st_mode=S_IFDIR|0775, st_size=12288, ...}, 0) = 0
766486 newfstatat(AT_FDCWD, "/usr/lib/python3.14", {st_mode=S_IFDIR|0755, st_size=20480, ...}, 0) = 0
766486 newfstatat(AT_FDCWD, "/usr/lib/python3.14/lib-dynload", {st_mode=S_IFDIR|0755, st_size=16384, ...}, 0) = 0
766486 newfstatat(AT_FDCWD, "/home/firstmate/.local/lib/python3.14/site-packages", {st_mode=S_IFDIR|0775, st_size=4096, ...}, 0) = 0
766486 newfstatat(AT_FDCWD, "/usr/local/lib/python3.14/dist-packages", {st_mode=S_IFDIR|0755, st_size=4096, ...}, 0) = 0
766486 newfstatat(AT_FDCWD, "/usr/lib/python3/dist-packages", {st_mode=S_IFDIR|0755, st_size=12288, ...}, 0) = 0
766486 newfstatat(AT_FDCWD, "/home/firstmate/.no-mistakes/worktrees/8352e211db7e/01M4F29HK4JCAKXEQ2F50R6HHX/bin", {st_mode=S_IFDIR|0775, st_size=12288, ...}, 0) = 0
766486 newfstatat(AT_FDCWD, "/usr/lib/python3.14", {st_mode=S_IFDIR|0755, st_size=20480, ...}, 0) = 0
766486 newfstatat(AT_FDCWD, "/usr/lib/python3.14/lib-dynload", {st_mode=S_IFDIR|0755, st_size=16384, ...}, 0) = 0
766486 newfstatat(AT_FDCWD, "/home/firstmate/.local/lib/python3.14/site-packages", {st_mode=S_IFDIR|0775, st_size=4096, ...}, 0) = 0
766486 newfstatat(AT_FDCWD, "/usr/local/lib/python3.14/dist-packages", {st_mode=S_IFDIR|0755, st_size=4096, ...}, 0) = 0
766486 newfstatat(AT_FDCWD, "/usr/lib/python3/dist-packages", {st_mode=S_IFDIR|0755, st_size=12288, ...}, 0) = 0
766486 newfstatat(AT_FDCWD, "/home/firstmate/.no-mistakes/worktrees/8352e211db7e/01M4F29HK4JCAKXEQ2F50R6HHX/bin", {st_mode=S_IFDIR|0775, st_size=12288, ...}, 0) = 0
766486 newfstatat(AT_FDCWD, "/usr/lib/python3.14", {st_mode=S_IFDIR|0755, st_size=20480, ...}, 0) = 0
766486 newfstatat(AT_FDCWD, "/usr/lib/python3.14/lib-dynload", {st_mode=S_IFDIR|0755, st_size=16384, ...}, 0) = 0
766486 newfstatat(AT_FDCWD, "/home/firstmate/.local/lib/python3.14/site-packages", {st_mode=S_IFDIR|0775, st_size=4096, ...}, 0) = 0
766486 newfstatat(AT_FDCWD, "/usr/local/lib/python3.14/dist-packages", {st_mode=S_IFDIR|0755, st_size=4096, ...}, 0) = 0
766486 newfstatat(AT_FDCWD, "/usr/lib/python3/dist-packages", {st_mode=S_IFDIR|0755, st_size=12288, ...}, 0) = 0
766486 newfstatat(AT_FDCWD, "/home/firstmate/.no-mistakes/worktrees/8352e211db7e/01M4F29HK4JCAKXEQ2F50R6HHX/bin", {st_mode=S_IFDIR|0775, st_size=12288, ...}, 0) = 0
766486 newfstatat(AT_FDCWD, "/usr/lib/python3.14", {st_mode=S_IFDIR|0755, st_size=20480, ...}, 0) = 0
766486 newfstatat(AT_FDCWD, "/usr/lib/python3.14/secrets.py", {st_mode=S_IFREG|0644, st_size=1984, ...}, 0) = 0
766486 newfstatat(AT_FDCWD, "/usr/lib/python3.14/secrets.py", {st_mode=S_IFREG|0644, st_size=1984, ...}, 0) = 0
766486 openat(AT_FDCWD, "/usr/lib/python3.14/__pycache__/secrets.cpython-314.pyc", O_RDONLY|O_CLOEXEC) = 3
766486 newfstatat(AT_FDCWD, "/home/firstmate/.no-mistakes/worktrees/8352e211db7e/01M4F29HK4JCAKXEQ2F50R6HHX/bin", {st_mode=S_IFDIR|0775, st_size=12288, ...}, 0) = 0
766486 newfstatat(AT_FDCWD, "/usr/lib/python3.14", {st_mode=S_IFDIR|0755, st_size=20480, ...}, 0) = 0
766486 newfstatat(AT_FDCWD, "/usr/lib/python3.14/base64.py", {st_mode=S_IFREG|0644, st_size=22029, ...}, 0) = 0
766486 newfstatat(AT_FDCWD, "/usr/lib/python3.14/base64.py", {st_mode=S_IFREG|0644, st_size=22029, ...}, 0) = 0
766486 openat(AT_FDCWD, "/usr/lib/python3.14/__pycache__/base64.cpython-314.pyc", O_RDONLY|O_CLOEXEC) = 3
766486 newfstatat(AT_FDCWD, "/home/firstmate/.no-mistakes/worktrees/8352e211db7e/01M4F29HK4JCAKXEQ2F50R6HHX/bin", {st_mode=S_IFDIR|0775, st_size=12288, ...}, 0) = 0
766486 newfstatat(AT_FDCWD, "/usr/lib/python3.14", {st_mode=S_IFDIR|0755, st_size=20480, ...}, 0) = 0
766486 newfstatat(AT_FDCWD, "/usr/lib/python3.14/struct.py", {st_mode=S_IFREG|0644, st_size=285, ...}, 0) = 0
766486 newfstatat(AT_FDCWD, "/usr/lib/python3.14/struct.py", {st_mode=S_IFREG|0644, st_size=285, ...}, 0) = 0
766486 openat(AT_FDCWD, "/usr/lib/python3.14/__pycache__/struct.cpython-314.pyc", O_RDONLY|O_CLOEXEC) = 3
766486 newfstatat(AT_FDCWD, "/home/firstmate/.no-mistakes/worktrees/8352e211db7e/01M4F29HK4JCAKXEQ2F50R6HHX/bin", {st_mode=S_IFDIR|0775, st_size=12288, ...}, 0) = 0
766486 newfstatat(AT_FDCWD, "/usr/lib/python3.14", {st_mode=S_IFDIR|0755, st_size=20480, ...}, 0) = 0
766486 newfstatat(AT_FDCWD, "/usr/lib/python3.14/hmac.py", {st_mode=S_IFREG|0644, st_size=9589, ...}, 0) = 0
766486 newfstatat(AT_FDCWD, "/usr/lib/python3.14/hmac.py", {st_mode=S_IFREG|0644, st_size=9589, ...}, 0) = 0
766486 openat(AT_FDCWD, "/usr/lib/python3.14/__pycache__/hmac.cpython-314.pyc", O_RDONLY|O_CLOEXEC) = 3
766486 newfstatat(AT_FDCWD, "/home/firstmate/.no-mistakes/worktrees/8352e211db7e/01M4F29HK4JCAKXEQ2F50R6HHX/bin", {st_mode=S_IFDIR|0775, st_size=12288, ...}, 0) = 0
766486 newfstatat(AT_FDCWD, "/usr/lib/python3.14", {st_mode=S_IFDIR|0755, st_size=20480, ...}, 0) = 0
766486 newfstatat(AT_FDCWD, "/usr/lib/python3.14/lib-dynload", {st_mode=S_IFDIR|0755, st_size=16384, ...}, 0) = 0
766486 newfstatat(AT_FDCWD, "/usr/lib/python3.14/lib-dynload/_hmac.cpython-314-x86_64-linux-gnu.so", {st_mode=S_IFREG|0644, st_size=151584, ...}, 0) = 0
766486 openat(AT_FDCWD, "/usr/lib/python3.14/lib-dynload/_hmac.cpython-314-x86_64-linux-gnu.so", O_RDONLY|O_CLOEXEC) = 3
766486 newfstatat(AT_FDCWD, "/home/firstmate/.no-mistakes/worktrees/8352e211db7e/01M4F29HK4JCAKXEQ2F50R6HHX/bin", {st_mode=S_IFDIR|0775, st_size=12288, ...}, 0) = 0
766486 newfstatat(AT_FDCWD, "/usr/lib/python3.14", {st_mode=S_IFDIR|0755, st_size=20480, ...}, 0) = 0
766486 newfstatat(AT_FDCWD, "/usr/lib/python3.14/random.py", {st_mode=S_IFREG|0644, st_size=37259, ...}, 0) = 0
766486 newfstatat(AT_FDCWD, "/usr/lib/python3.14/random.py", {st_mode=S_IFREG|0644, st_size=37259, ...}, 0) = 0
766486 openat(AT_FDCWD, "/usr/lib/python3.14/__pycache__/random.cpython-314.pyc", O_RDONLY|O_CLOEXEC) = 3
766486 newfstatat(AT_FDCWD, "/home/firstmate/.no-mistakes/worktrees/8352e211db7e/01M4F29HK4JCAKXEQ2F50R6HHX/bin", {st_mode=S_IFDIR|0775, st_size=12288, ...}, 0) = 0
766486 newfstatat(AT_FDCWD, "/usr/lib/python3.14", {st_mode=S_IFDIR|0755, st_size=20480, ...}, 0) = 0
766486 newfstatat(AT_FDCWD, "/usr/lib/python3.14/bisect.py", {st_mode=S_IFREG|0644, st_size=3423, ...}, 0) = 0
766486 newfstatat(AT_FDCWD, "/usr/lib/python3.14/bisect.py", {st_mode=S_IFREG|0644, st_size=3423, ...}, 0) = 0
766486 openat(AT_FDCWD, "/usr/lib/python3.14/__pycache__/bisect.cpython-314.pyc", O_RDONLY|O_CLOEXEC) = 3
766486 newfstatat(AT_FDCWD, "/home/firstmate/.no-mistakes/worktrees/8352e211db7e/01M4F29HK4JCAKXEQ2F50R6HHX/bin", {st_mode=S_IFDIR|0775, st_size=12288, ...}, 0) = 0
766486 newfstatat(AT_FDCWD, "/usr/lib/python3.14", {st_mode=S_IFDIR|0755, st_size=20480, ...}, 0) = 0
766486 newfstatat(AT_FDCWD, "/usr/lib/python3.14/subprocess.py", {st_mode=S_IFREG|0644, st_size=90732, ...}, 0) = 0
766486 newfstatat(AT_FDCWD, "/usr/lib/python3.14/subprocess.py", {st_mode=S_IFREG|0644, st_size=90732, ...}, 0) = 0
766486 openat(AT_FDCWD, "/usr/lib/python3.14/__pycache__/subprocess.cpython-314.pyc", O_RDONLY|O_CLOEXEC) = 3
766486 newfstatat(AT_FDCWD, "/home/firstmate/.no-mistakes/worktrees/8352e211db7e/01M4F29HK4JCAKXEQ2F50R6HHX/bin", {st_mode=S_IFDIR|0775, st_size=12288, ...}, 0) = 0
766486 newfstatat(AT_FDCWD, "/usr/lib/python3.14", {st_mode=S_IFDIR|0755, st_size=20480, ...}, 0) = 0
766486 newfstatat(AT_FDCWD, "/usr/lib/python3.14/signal.py", {st_mode=S_IFREG|0644, st_size=2495, ...}, 0) = 0
766486 newfstatat(AT_FDCWD, "/usr/lib/python3.14/signal.py", {st_mode=S_IFREG|0644, st_size=2495, ...}, 0) = 0
766486 openat(AT_FDCWD, "/usr/lib/python3.14/__pycache__/signal.cpython-314.pyc", O_RDONLY|O_CLOEXEC) = 3
766486 newfstatat(AT_FDCWD, "/home/firstmate/.no-mistakes/worktrees/8352e211db7e/01M4F29HK4JCAKXEQ2F50R6HHX/bin", {st_mode=S_IFDIR|0775, st_size=12288, ...}, 0) = 0
766486 newfstatat(AT_FDCWD, "/usr/lib/python3.14", {st_mode=S_IFDIR|0755, st_size=20480, ...}, 0) = 0
766486 newfstatat(AT_FDCWD, "/usr/lib/python3.14/threading.py", {st_mode=S_IFREG|0644, st_size=56923, ...}, 0) = 0
766486 newfstatat(AT_FDCWD, "/usr/lib/python3.14/threading.py", {st_mode=S_IFREG|0644, st_size=56923, ...}, 0) = 0
766486 openat(AT_FDCWD, "/usr/lib/python3.14/__pycache__/threading.cpython-314.pyc", O_RDONLY|O_CLOEXEC) = 3
766486 newfstatat(AT_FDCWD, "/home/firstmate/.no-mistakes/worktrees/8352e211db7e/01M4F29HK4JCAKXEQ2F50R6HHX/bin", {st_mode=S_IFDIR|0775, st_size=12288, ...}, 0) = 0
766486 newfstatat(AT_FDCWD, "/usr/lib/python3.14", {st_mode=S_IFDIR|0755, st_size=20480, ...}, 0) = 0
766486 newfstatat(AT_FDCWD, "/usr/lib/python3.14/_weakrefset.py", {st_mode=S_IFREG|0644, st_size=3962, ...}, 0) = 0
766486 newfstatat(AT_FDCWD, "/usr/lib/python3.14/_weakrefset.py", {st_mode=S_IFREG|0644, st_size=3962, ...}, 0) = 0
766486 openat(AT_FDCWD, "/usr/lib/python3.14/__pycache__/_weakrefset.cpython-314.pyc", O_RDONLY|O_CLOEXEC) = 3
766486 newfstatat(AT_FDCWD, "/home/firstmate/.no-mistakes/worktrees/8352e211db7e/01M4F29HK4JCAKXEQ2F50R6HHX/bin", {st_mode=S_IFDIR|0775, st_size=12288, ...}, 0) = 0
766486 newfstatat(AT_FDCWD, "/usr/lib/python3.14", {st_mode=S_IFDIR|0755, st_size=20480, ...}, 0) = 0
766486 newfstatat(AT_FDCWD, "/usr/lib/python3.14/warnings.py", {st_mode=S_IFREG|0644, st_size=1966, ...}, 0) = 0
766486 newfstatat(AT_FDCWD, "/usr/lib/python3.14/warnings.py", {st_mode=S_IFREG|0644, st_size=1966, ...}, 0) = 0
766486 openat(AT_FDCWD, "/usr/lib/python3.14/__pycache__/warnings.cpython-314.pyc", O_RDONLY|O_CLOEXEC) = 3
766486 newfstatat(AT_FDCWD, "/home/firstmate/.no-mistakes/worktrees/8352e211db7e/01M4F29HK4JCAKXEQ2F50R6HHX/bin", {st_mode=S_IFDIR|0775, st_size=12288, ...}, 0) = 0
766486 newfstatat(AT_FDCWD, "/usr/lib/python3.14", {st_mode=S_IFDIR|0755, st_size=20480, ...}, 0) = 0
766486 newfstatat(AT_FDCWD, "/usr/lib/python3.14/_py_warnings.py", {st_mode=S_IFREG|0644, st_size=30631, ...}, 0) = 0
766486 newfstatat(AT_FDCWD, "/usr/lib/python3.14/_py_warnings.py", {st_mode=S_IFREG|0644, st_size=30631, ...}, 0) = 0
766486 openat(AT_FDCWD, "/usr/lib/python3.14/__pycache__/_py_warnings.cpython-314.pyc", O_RDONLY|O_CLOEXEC) = 3
766486 newfstatat(AT_FDCWD, "/home/firstmate/.no-mistakes/worktrees/8352e211db7e/01M4F29HK4JCAKXEQ2F50R6HHX/bin", {st_mode=S_IFDIR|0775, st_size=12288, ...}, 0) = 0
766486 newfstatat(AT_FDCWD, "/usr/lib/python3.14", {st_mode=S_IFDIR|0755, st_size=20480, ...}, 0) = 0
766486 newfstatat(AT_FDCWD, "/usr/lib/python3.14/lib-dynload", {st_mode=S_IFDIR|0755, st_size=16384, ...}, 0) = 0
766486 newfstatat(AT_FDCWD, "/home/firstmate/.local/lib/python3.14/site-packages", {st_mode=S_IFDIR|0775, st_size=4096, ...}, 0) = 0
766486 newfstatat(AT_FDCWD, "/usr/local/lib/python3.14/dist-packages", {st_mode=S_IFDIR|0755, st_size=4096, ...}, 0) = 0
766486 newfstatat(AT_FDCWD, "/usr/lib/python3/dist-packages", {st_mode=S_IFDIR|0755, st_size=12288, ...}, 0) = 0
766486 newfstatat(AT_FDCWD, "/home/firstmate/.no-mistakes/worktrees/8352e211db7e/01M4F29HK4JCAKXEQ2F50R6HHX/bin", {st_mode=S_IFDIR|0775, st_size=12288, ...}, 0) = 0
766486 newfstatat(AT_FDCWD, "/usr/lib/python3.14", {st_mode=S_IFDIR|0755, st_size=20480, ...}, 0) = 0
766486 newfstatat(AT_FDCWD, "/usr/lib/python3.14/selectors.py", {st_mode=S_IFREG|0644, st_size=19457, ...}, 0) = 0
766486 newfstatat(AT_FDCWD, "/usr/lib/python3.14/selectors.py", {st_mode=S_IFREG|0644, st_size=19457, ...}, 0) = 0
766486 openat(AT_FDCWD, "/usr/lib/python3.14/__pycache__/selectors.cpython-314.pyc", O_RDONLY|O_CLOEXEC) = 3
766486 newfstatat(AT_FDCWD, "/home/firstmate/.no-mistakes/worktrees/8352e211db7e/01M4F29HK4JCAKXEQ2F50R6HHX/bin", {st_mode=S_IFDIR|0775, st_size=12288, ...}, 0) = 0
766486 newfstatat(AT_FDCWD, "/usr/lib/python3.14", {st_mode=S_IFDIR|0755, st_size=20480, ...}, 0) = 0
766486 newfstatat(AT_FDCWD, "/usr/lib/python3.14/tomllib/__init__.cpython-314-x86_64-linux-gnu.so", 0x7ffe4f4eec60, 0) = -1 ENOENT (No such file or directory)
766486 newfstatat(AT_FDCWD, "/usr/lib/python3.14/tomllib/__init__.abi3.so", 0x7ffe4f4eec60, 0) = -1 ENOENT (No such file or directory)
766486 newfstatat(AT_FDCWD, "/usr/lib/python3.14/tomllib/__init__.abi3-x86_64-linux-gnu.so", 0x7ffe4f4eec60, 0) = -1 ENOENT (No such file or directory)
766486 newfstatat(AT_FDCWD, "/usr/lib/python3.14/tomllib/__init__.so", 0x7ffe4f4eec60, 0) = -1 ENOENT (No such file or directory)
766486 newfstatat(AT_FDCWD, "/usr/lib/python3.14/tomllib/__init__.py", {st_mode=S_IFREG|0644, st_size=308, ...}, 0) = 0
766486 newfstatat(AT_FDCWD, "/usr/lib/python3.14/tomllib/__init__.py", {st_mode=S_IFREG|0644, st_size=308, ...}, 0) = 0
766486 openat(AT_FDCWD, "/usr/lib/python3.14/tomllib/__pycache__/__init__.cpython-314.pyc", O_RDONLY|O_CLOEXEC) = 3
766486 newfstatat(AT_FDCWD, "/usr/lib/python3.14/tomllib", {st_mode=S_IFDIR|0755, st_size=4096, ...}, 0) = 0
766486 newfstatat(AT_FDCWD, "/usr/lib/python3.14/tomllib", {st_mode=S_IFDIR|0755, st_size=4096, ...}, 0) = 0
766486 newfstatat(AT_FDCWD, "/usr/lib/python3.14/tomllib", {st_mode=S_IFDIR|0755, st_size=4096, ...}, 0) = 0
766486 openat(AT_FDCWD, "/usr/lib/python3.14/tomllib", O_RDONLY|O_NONBLOCK|O_CLOEXEC|O_DIRECTORY) = 3
766486 newfstatat(AT_FDCWD, "/usr/lib/python3.14/tomllib/_parser.py", {st_mode=S_IFREG|0644, st_size=24586, ...}, 0) = 0
766486 newfstatat(AT_FDCWD, "/usr/lib/python3.14/tomllib/_parser.py", {st_mode=S_IFREG|0644, st_size=24586, ...}, 0) = 0
766486 openat(AT_FDCWD, "/usr/lib/python3.14/tomllib/__pycache__/_parser.cpython-314.pyc", O_RDONLY|O_CLOEXEC) = 3
766486 newfstatat(AT_FDCWD, "/home/firstmate/.no-mistakes/worktrees/8352e211db7e/01M4F29HK4JCAKXEQ2F50R6HHX/bin", {st_mode=S_IFDIR|0775, st_size=12288, ...}, 0) = 0
766486 newfstatat(AT_FDCWD, "/usr/lib/python3.14", {st_mode=S_IFDIR|0755, st_size=20480, ...}, 0) = 0
766486 newfstatat(AT_FDCWD, "/usr/lib/python3.14/__future__.py", {st_mode=S_IFREG|0644, st_size=5218, ...}, 0) = 0
766486 newfstatat(AT_FDCWD, "/usr/lib/python3.14/__future__.py", {st_mode=S_IFREG|0644, st_size=5218, ...}, 0) = 0
766486 openat(AT_FDCWD, "/usr/lib/python3.14/__pycache__/__future__.cpython-314.pyc", O_RDONLY|O_CLOEXEC) = 3
766486 newfstatat(AT_FDCWD, "/usr/lib/python3.14/tomllib", {st_mode=S_IFDIR|0755, st_size=4096, ...}, 0) = 0
766486 newfstatat(AT_FDCWD, "/usr/lib/python3.14/tomllib/_re.py", {st_mode=S_IFREG|0644, st_size=3192, ...}, 0) = 0
766486 newfstatat(AT_FDCWD, "/usr/lib/python3.14/tomllib/_re.py", {st_mode=S_IFREG|0644, st_size=3192, ...}, 0) = 0
766486 openat(AT_FDCWD, "/usr/lib/python3.14/tomllib/__pycache__/_re.cpython-314.pyc", O_RDONLY|O_CLOEXEC) = 3
766486 newfstatat(AT_FDCWD, "/etc/nsswitch.conf", {st_mode=S_IFREG|0644, st_size=526, ...}, 0) = 0
766486 newfstatat(AT_FDCWD, "/", {st_mode=S_IFDIR|0755, st_size=4096, ...}, 0) = 0
766486 openat(AT_FDCWD, "/etc/nsswitch.conf", O_RDONLY|O_CLOEXEC) = 3
766486 openat(AT_FDCWD, "/etc/passwd", O_RDONLY|O_CLOEXEC) = 3
766486 newfstatat(AT_FDCWD, "/home", {st_mode=S_IFDIR|0755, st_size=4096, ...}, AT_SYMLINK_NOFOLLOW) = 0
766486 newfstatat(AT_FDCWD, "/home/firstmate", {st_mode=S_IFDIR|0750, st_size=16384, ...}, AT_SYMLINK_NOFOLLOW) = 0
766486 newfstatat(AT_FDCWD, "/home/firstmate/.no-mistakes", {st_mode=S_IFDIR|0755, st_size=4096, ...}, AT_SYMLINK_NOFOLLOW) = 0
766486 newfstatat(AT_FDCWD, "/home/firstmate/.no-mistakes/worktrees", {st_mode=S_IFDIR|0755, st_size=4096, ...}, AT_SYMLINK_NOFOLLOW) = 0
766486 newfstatat(AT_FDCWD, "/home/firstmate/.no-mistakes/worktrees/8352e211db7e", {st_mode=S_IFDIR|0775, st_size=4096, ...}, AT_SYMLINK_NOFOLLOW) = 0
766486 newfstatat(AT_FDCWD, "/home/firstmate/.no-mistakes/worktrees/8352e211db7e/01M4F29HK4JCAKXEQ2F50R6HHX", {st_mode=S_IFDIR|0775, st_size=4096, ...}, AT_SYMLINK_NOFOLLOW) = 0
766486 newfstatat(AT_FDCWD, "/home/firstmate/.no-mistakes/worktrees/8352e211db7e/01M4F29HK4JCAKXEQ2F50R6HHX/bin", {st_mode=S_IFDIR|0775, st_size=12288, ...}, AT_SYMLINK_NOFOLLOW) = 0
766486 newfstatat(AT_FDCWD, "/home/firstmate/.no-mistakes/worktrees/8352e211db7e/01M4F29HK4JCAKXEQ2F50R6HHX/bin/fm-courier-pickup.py", {st_mode=S_IFREG|0775, st_size=30953, ...}, AT_SYMLINK_NOFOLLOW) = 0
766486 openat(AT_FDCWD, "/home/firstmate/.no-mistakes/worktrees/8352e211db7e/01M4F29HK4JCAKXEQ2F50R6HHX/.test-tmp/boundary/home/state/imessage/binding.json", O_RDONLY|O_CLOEXEC) = 3
766486 mkdir("/home/firstmate/.no-mistakes/worktrees/8352e211db7e/01M4F29HK4JCAKXEQ2F50R6HHX/.test-tmp/boundary/home/state/courier-pickup", 0700) = -1 EEXIST (File exists)
766486 newfstatat(AT_FDCWD, "/home/firstmate/.no-mistakes/worktrees/8352e211db7e/01M4F29HK4JCAKXEQ2F50R6HHX/.test-tmp/boundary/home/state/courier-pickup", {st_mode=S_IFDIR|0700, st_size=4096, ...}, 0) = 0
766486 openat(AT_FDCWD, "/home/firstmate/.no-mistakes/worktrees/8352e211db7e/01M4F29HK4JCAKXEQ2F50R6HHX/.test-tmp/boundary/home/state/courier-pickup/lock", O_WRONLY|O_CREAT|O_NOFOLLOW|O_CLOEXEC, 0600) = 3
766486 newfstatat(AT_FDCWD, "/home/firstmate/.no-mistakes/worktrees/8352e211db7e/01M4F29HK4JCAKXEQ2F50R6HHX/.test-tmp/boundary/home/state/courier-pickup/state.json", {st_mode=S_IFREG|0600, st_size=232, ...}, 0) = 0
766486 openat(AT_FDCWD, "/home/firstmate/.no-mistakes/worktrees/8352e211db7e/01M4F29HK4JCAKXEQ2F50R6HHX/.test-tmp/boundary/home/state/courier-pickup/state.json", O_RDONLY|O_CLOEXEC) = 4
766486 openat(AT_FDCWD, "/home/firstmate/.no-mistakes/worktrees/8352e211db7e/01M4F29HK4JCAKXEQ2F50R6HHX/.test-tmp/boundary/courier/srv/courier/inbound", O_RDONLY|O_NOFOLLOW|O_CLOEXEC|O_DIRECTORY) = 4
766623 execve("/home/firstmate/.no-mistakes/worktrees/8352e211db7e/01M4F29HK4JCAKXEQ2F50R6HHX/bin/fm-inbox.sh", ["/home/firstmate/.no-mistakes/wor"..., "conversation", "poll"], 0x748618935430 /* 6 vars */) = 0
766623 access("/etc/ld.so.preload", R_OK) = -1 ENOENT (No such file or directory)
766623 openat(AT_FDCWD, "/etc/ld.so.cache", O_RDONLY|O_CLOEXEC) = 3
766623 openat(AT_FDCWD, "/usr/lib/x86_64-linux-gnu/libselinux.so.1", O_RDONLY|O_CLOEXEC) = 3
766623 openat(AT_FDCWD, "/usr/lib/x86_64-linux-gnu/libgcc_s.so.1", O_RDONLY|O_CLOEXEC) = 3
766623 openat(AT_FDCWD, "/usr/lib/x86_64-linux-gnu/libm.so.6", O_RDONLY|O_CLOEXEC) = 3
766623 openat(AT_FDCWD, "/usr/lib/x86_64-linux-gnu/libc.so.6", O_RDONLY|O_CLOEXEC) = 3
766623 openat(AT_FDCWD, "/usr/lib/x86_64-linux-gnu/libpcre2-8.so.0", O_RDONLY|O_CLOEXEC) = 3
766623 statfs("/sys/fs/selinux", 0x7ffd3fc3ac60) = -1 ENOENT (No such file or directory)
766623 statfs("/selinux", 0x7ffd3fc3ac60) = -1 ENOENT (No such file or directory)
766623 openat(AT_FDCWD, "/proc/filesystems", O_RDONLY|O_CLOEXEC) = 3
766623 access("/etc/selinux/config", F_OK) = -1 ENOENT (No such file or directory)
766623 openat(AT_FDCWD, "/proc/self/maps", O_RDONLY|O_CLOEXEC) = 3
766623 openat(AT_FDCWD, "/home/firstmate/.no-mistakes/worktrees/8352e211db7e/01M4F29HK4JCAKXEQ2F50R6HHX/bin/fm-inbox.sh", O_RDONLY|O_CLOEXEC) = 3
766623 statx(AT_FDCWD, "/usr/share/coreutils/locales/env", AT_STATX_SYNC_AS_STAT, STATX_ALL, {stx_mask=STATX_ALL|STATX_MNT_ID, stx_attributes=0, stx_mode=S_IFDIR|0755, stx_size=4096, ...}) = 0
766623 statx(AT_FDCWD, "/usr/share/coreutils/locales/uucore", AT_STATX_SYNC_AS_STAT, STATX_ALL, {stx_mask=STATX_ALL|STATX_MNT_ID, stx_attributes=0, stx_mode=S_IFDIR|0755, stx_size=4096, ...}) = 0
766623 openat(AT_FDCWD, "/usr/share/coreutils/locales/uucore/en-US.ftl", O_RDONLY|O_CLOEXEC) = 3
766623 statx(3, "", AT_STATX_SYNC_AS_STAT|AT_EMPTY_PATH, STATX_ALL, {stx_mask=STATX_ALL|STATX_MNT_ID, stx_attributes=0, stx_mode=S_IFREG|0644, stx_size=4080, ...}) = 0
766623 statx(AT_FDCWD, "/usr/share/coreutils/locales/env", AT_STATX_SYNC_AS_STAT, STATX_ALL, {stx_mask=STATX_ALL|STATX_MNT_ID, stx_attributes=0, stx_mode=S_IFDIR|0755, stx_size=4096, ...}) = 0
766623 openat(AT_FDCWD, "/usr/share/coreutils/locales/env/en-US.ftl", O_RDONLY|O_CLOEXEC) = -1 ENOENT (No such file or directory)
766623 execve("/home/firstmate/.local/codex-latest/lib/node_modules/@openai/codex/node_modules/@openai/codex-linux-x64/vendor/x86_64-unknown-linux-musl/codex-path/bash", ["bash", "/home/firstmate/.no-mistakes/wor"..., "conversation", "poll"], 0x7ffd3fc3ae38 /* 6 vars */) = -1 ENOENT (No such file or directory)
766623 execve("/home/firstmate/.codex-5/tmp/arg0/codex-arg065EgpK/bash", ["bash", "/home/firstmate/.no-mistakes/wor"..., "conversation", "poll"], 0x7ffd3fc3ae38 /* 6 vars */) = -1 ENOENT (No such file or directory)
766623 execve("/home/firstmate/.local/codex-latest/lib/node_modules/@openai/codex/node_modules/@openai/codex-linux-x64/vendor/x86_64-unknown-linux-musl/codex-path/bash", ["bash", "/home/firstmate/.no-mistakes/wor"..., "conversation", "poll"], 0x7ffd3fc3ae38 /* 6 vars */) = -1 ENOENT (No such file or directory)
766623 execve("/home/firstmate/.local/bin/bash", ["bash", "/home/firstmate/.no-mistakes/wor"..., "conversation", "poll"], 0x7ffd3fc3ae38 /* 6 vars */) = -1 ENOENT (No such file or directory)
766623 execve("/home/firstmate/go/bin/bash", ["bash", "/home/firstmate/.no-mistakes/wor"..., "conversation", "poll"], 0x7ffd3fc3ae38 /* 6 vars */) = -1 ENOENT (No such file or directory)
766623 execve("/home/firstmate/.cargo/bin/bash", ["bash", "/home/firstmate/.no-mistakes/wor"..., "conversation", "poll"], 0x7ffd3fc3ae38 /* 6 vars */) = -1 ENOENT (No such file or directory)
766623 execve("/home/firstmate/bin/bash", ["bash", "/home/firstmate/.no-mistakes/wor"..., "conversation", "poll"], 0x7ffd3fc3ae38 /* 6 vars */) = -1 ENOENT (No such file or directory)
766623 execve("/opt/homebrew/bin/bash", ["bash", "/home/firstmate/.no-mistakes/wor"..., "conversation", "poll"], 0x7ffd3fc3ae38 /* 6 vars */) = -1 ENOENT (No such file or directory)
766623 execve("/opt/homebrew/sbin/bash", ["bash", "/home/firstmate/.no-mistakes/wor"..., "conversation", "poll"], 0x7ffd3fc3ae38 /* 6 vars */) = -1 ENOENT (No such file or directory)
766623 execve("/usr/local/bin/bash", ["bash", "/home/firstmate/.no-mistakes/wor"..., "conversation", "poll"], 0x7ffd3fc3ae38 /* 6 vars */) = -1 ENOENT (No such file or directory)
766623 execve("/usr/local/sbin/bash", ["bash", "/home/firstmate/.no-mistakes/wor"..., "conversation", "poll"], 0x7ffd3fc3ae38 /* 6 vars */) = -1 ENOENT (No such file or directory)
766623 execve("/usr/bin/bash", ["bash", "/home/firstmate/.no-mistakes/wor"..., "conversation", "poll"], 0x7ffd3fc3ae38 /* 6 vars */) = 0
766623 access("/etc/ld.so.preload", R_OK) = -1 ENOENT (No such file or directory)
766623 openat(AT_FDCWD, "/etc/ld.so.cache", O_RDONLY|O_CLOEXEC) = 3
766623 openat(AT_FDCWD, "/usr/lib/x86_64-linux-gnu/libtinfo.so.6", O_RDONLY|O_CLOEXEC) = 3
766623 openat(AT_FDCWD, "/usr/lib/x86_64-linux-gnu/libc.so.6", O_RDONLY|O_CLOEXEC) = 3
766623 openat(AT_FDCWD, "/dev/tty", O_RDWR|O_NONBLOCK) = -1 ENXIO (No such device or address)
766623 openat(AT_FDCWD, "/usr/lib/locale/locale-archive", O_RDONLY|O_CLOEXEC) = 3
766623 openat(AT_FDCWD, "/usr/share/locale/locale.alias", O_RDONLY|O_CLOEXEC) = -1 ENOENT (No such file or directory)
766623 openat(AT_FDCWD, "/usr/lib/locale/C.UTF-8/LC_IDENTIFICATION", O_RDONLY|O_CLOEXEC) = -1 ENOENT (No such file or directory)
766623 openat(AT_FDCWD, "/usr/lib/locale/C.utf8/LC_IDENTIFICATION", O_RDONLY|O_CLOEXEC) = 3
766623 openat(AT_FDCWD, "/usr/lib/x86_64-linux-gnu/gconv/gconv-modules.cache", O_RDONLY|O_CLOEXEC) = 3
766623 openat(AT_FDCWD, "/usr/lib/locale/C.UTF-8/LC_MEASUREMENT", O_RDONLY|O_CLOEXEC) = -1 ENOENT (No such file or directory)
766623 openat(AT_FDCWD, "/usr/lib/locale/C.utf8/LC_MEASUREMENT", O_RDONLY|O_CLOEXEC) = 3
766623 openat(AT_FDCWD, "/usr/lib/locale/C.UTF-8/LC_TELEPHONE", O_RDONLY|O_CLOEXEC) = -1 ENOENT (No such file or directory)
766623 openat(AT_FDCWD, "/usr/lib/locale/C.utf8/LC_TELEPHONE", O_RDONLY|O_CLOEXEC) = 3
766623 openat(AT_FDCWD, "/usr/lib/locale/C.UTF-8/LC_ADDRESS", O_RDONLY|O_CLOEXEC) = -1 ENOENT (No such file or directory)
766623 openat(AT_FDCWD, "/usr/lib/locale/C.utf8/LC_ADDRESS", O_RDONLY|O_CLOEXEC) = 3
766623 openat(AT_FDCWD, "/usr/lib/locale/C.UTF-8/LC_NAME", O_RDONLY|O_CLOEXEC) = -1 ENOENT (No such file or directory)
766623 openat(AT_FDCWD, "/usr/lib/locale/C.utf8/LC_NAME", O_RDONLY|O_CLOEXEC) = 3
766623 openat(AT_FDCWD, "/usr/lib/locale/C.UTF-8/LC_PAPER", O_RDONLY|O_CLOEXEC) = -1 ENOENT (No such file or directory)
766623 openat(AT_FDCWD, "/usr/lib/locale/C.utf8/LC_PAPER", O_RDONLY|O_CLOEXEC) = 3
766623 openat(AT_FDCWD, "/usr/lib/locale/C.UTF-8/LC_MESSAGES", O_RDONLY|O_CLOEXEC) = -1 ENOENT (No such file or directory)
766623 openat(AT_FDCWD, "/usr/lib/locale/C.utf8/LC_MESSAGES", O_RDONLY|O_CLOEXEC) = 3
766623 openat(AT_FDCWD, "/usr/lib/locale/C.utf8/LC_MESSAGES/SYS_LC_MESSAGES", O_RDONLY|O_CLOEXEC) = 3
766623 openat(AT_FDCWD, "/usr/lib/locale/C.UTF-8/LC_MONETARY", O_RDONLY|O_CLOEXEC) = -1 ENOENT (No such file or directory)
766623 openat(AT_FDCWD, "/usr/lib/locale/C.utf8/LC_MONETARY", O_RDONLY|O_CLOEXEC) = 3
766623 openat(AT_FDCWD, "/usr/lib/locale/C.UTF-8/LC_COLLATE", O_RDONLY|O_CLOEXEC) = -1 ENOENT (No such file or directory)
766623 openat(AT_FDCWD, "/usr/lib/locale/C.utf8/LC_COLLATE", O_RDONLY|O_CLOEXEC) = 3
766623 openat(AT_FDCWD, "/usr/lib/locale/C.UTF-8/LC_TIME", O_RDONLY|O_CLOEXEC) = -1 ENOENT (No such file or directory)
766623 openat(AT_FDCWD, "/usr/lib/locale/C.utf8/LC_TIME", O_RDONLY|O_CLOEXEC) = 3
766623 openat(AT_FDCWD, "/usr/lib/locale/C.UTF-8/LC_NUMERIC", O_RDONLY|O_CLOEXEC) = -1 ENOENT (No such file or directory)
766623 openat(AT_FDCWD, "/usr/lib/locale/C.utf8/LC_NUMERIC", O_RDONLY|O_CLOEXEC) = 3
766623 openat(AT_FDCWD, "/usr/lib/locale/C.UTF-8/LC_CTYPE", O_RDONLY|O_CLOEXEC) = -1 ENOENT (No such file or directory)
766623 openat(AT_FDCWD, "/usr/lib/locale/C.utf8/LC_CTYPE", O_RDONLY|O_CLOEXEC) = 3
766623 getcwd("/home/firstmate/.no-mistakes/worktrees/8352e211db7e/01M4F29HK4JCAKXEQ2F50R6HHX", 4096) = 79
766623 newfstatat(AT_FDCWD, ".", {st_mode=S_IFDIR|0775, st_size=4096, ...}, 0) = 0
766623 newfstatat(AT_FDCWD, "/home/firstmate/.local/codex-latest/lib/node_modules/@openai/codex/node_modules/@openai/codex-linux-x64/vendor/x86_64-unknown-linux-musl/codex-path/bash", 0x7fff57f28520, 0) = -1 ENOENT (No such file or directory)
766623 newfstatat(AT_FDCWD, "/home/firstmate/.codex-5/tmp/arg0/codex-arg065EgpK/bash", 0x7fff57f28520, 0) = -1 ENOENT (No such file or directory)
766623 newfstatat(AT_FDCWD, "/home/firstmate/.local/codex-latest/lib/node_modules/@openai/codex/node_modules/@openai/codex-linux-x64/vendor/x86_64-unknown-linux-musl/codex-path/bash", 0x7fff57f28520, 0) = -1 ENOENT (No such file or directory)
766623 newfstatat(AT_FDCWD, "/home/firstmate/.local/bin/bash", 0x7fff57f28520, 0) = -1 ENOENT (No such file or directory)
766623 newfstatat(AT_FDCWD, "/home/firstmate/go/bin/bash", 0x7fff57f28520, 0) = -1 ENOENT (No such file or directory)
766623 newfstatat(AT_FDCWD, "/home/firstmate/.cargo/bin/bash", 0x7fff57f28520, 0) = -1 ENOENT (No such file or directory)
766623 newfstatat(AT_FDCWD, "/home/firstmate/bin/bash", 0x7fff57f28520, 0) = -1 ENOENT (No such file or directory)
766623 newfstatat(AT_FDCWD, "/opt/homebrew/bin/bash", 0x7fff57f28520, 0) = -1 ENOENT (No such file or directory)
766623 newfstatat(AT_FDCWD, "/opt/homebrew/sbin/bash", 0x7fff57f28520, 0) = -1 ENOENT (No such file or directory)
766623 newfstatat(AT_FDCWD, "/usr/local/bin/bash", 0x7fff57f28520, 0) = -1 ENOENT (No such file or directory)
766623 newfstatat(AT_FDCWD, "/usr/local/sbin/bash", 0x7fff57f28520, 0) = -1 ENOENT (No such file or directory)
766623 newfstatat(AT_FDCWD, "/usr/bin/bash", {st_mode=S_IFREG|0755, st_size=1540520, ...}, 0) = 0
766623 newfstatat(AT_FDCWD, "/usr/bin/bash", {st_mode=S_IFREG|0755, st_size=1540520, ...}, 0) = 0
766623 access("/usr/bin/bash", X_OK)    = 0
766623 newfstatat(AT_FDCWD, "/usr/bin/bash", {st_mode=S_IFREG|0755, st_size=1540520, ...}, 0) = 0
766623 access("/usr/bin/bash", R_OK)    = 0
766623 newfstatat(AT_FDCWD, "/etc/nsswitch.conf", {st_mode=S_IFREG|0644, st_size=526, ...}, 0) = 0
766623 newfstatat(AT_FDCWD, "/", {st_mode=S_IFDIR|0755, st_size=4096, ...}, 0) = 0
766623 openat(AT_FDCWD, "/etc/nsswitch.conf", O_RDONLY|O_CLOEXEC) = 3
766623 openat(AT_FDCWD, "/etc/passwd", O_RDONLY|O_CLOEXEC) = 3
766623 openat(AT_FDCWD, "/home/firstmate/.no-mistakes/worktrees/8352e211db7e/01M4F29HK4JCAKXEQ2F50R6HHX/bin/fm-inbox.sh", O_RDONLY) = 3
766623 newfstatat(AT_FDCWD, "/home/firstmate/.no-mistakes/worktrees/8352e211db7e/01M4F29HK4JCAKXEQ2F50R6HHX/bin/fm-inbox.sh", {st_mode=S_IFREG|0775, st_size=17467, ...}, 0) = 0
766623 newfstatat(AT_FDCWD, "/home/firstmate/.toolbox/bin", 0x7fff57f28320, 0) = -1 ENOENT (No such file or directory)
766645 newfstatat(AT_FDCWD, ".", {st_mode=S_IFDIR|0775, st_size=4096, ...}, 0) = 0
766645 newfstatat(AT_FDCWD, "/home/firstmate/.local/codex-latest/lib/node_modules/@openai/codex/node_modules/@openai/codex-linux-x64/vendor/x86_64-unknown-linux-musl/codex-path/dirname", 0x7fff57f270e0, 0) = -1 ENOENT (No such file or directory)
766645 newfstatat(AT_FDCWD, "/home/firstmate/.codex-5/tmp/arg0/codex-arg065EgpK/dirname", 0x7fff57f270e0, 0) = -1 ENOENT (No such file or directory)
766645 newfstatat(AT_FDCWD, "/home/firstmate/.local/codex-latest/lib/node_modules/@openai/codex/node_modules/@openai/codex-linux-x64/vendor/x86_64-unknown-linux-musl/codex-path/dirname", 0x7fff57f270e0, 0) = -1 ENOENT (No such file or directory)
766645 newfstatat(AT_FDCWD, "/home/firstmate/.local/bin/dirname", 0x7fff57f270e0, 0) = -1 ENOENT (No such file or directory)
766645 newfstatat(AT_FDCWD, "/home/firstmate/go/bin/dirname", 0x7fff57f270e0, 0) = -1 ENOENT (No such file or directory)
766645 newfstatat(AT_FDCWD, "/home/firstmate/.cargo/bin/dirname", 0x7fff57f270e0, 0) = -1 ENOENT (No such file or directory)
766645 newfstatat(AT_FDCWD, "/home/firstmate/bin/dirname", 0x7fff57f270e0, 0) = -1 ENOENT (No such file or directory)
766645 newfstatat(AT_FDCWD, "/opt/homebrew/bin/dirname", 0x7fff57f270e0, 0) = -1 ENOENT (No such file or directory)
766645 newfstatat(AT_FDCWD, "/opt/homebrew/sbin/dirname", 0x7fff57f270e0, 0) = -1 ENOENT (No such file or directory)
766645 newfstatat(AT_FDCWD, "/usr/local/bin/dirname", 0x7fff57f270e0, 0) = -1 ENOENT (No such file or directory)
766645 newfstatat(AT_FDCWD, "/usr/local/sbin/dirname", 0x7fff57f270e0, 0) = -1 ENOENT (No such file or directory)
766645 newfstatat(AT_FDCWD, "/usr/bin/dirname", {st_mode=S_IFREG|0755, st_size=11352352, ...}, 0) = 0
766645 newfstatat(AT_FDCWD, "/usr/bin/dirname", {st_mode=S_IFREG|0755, st_size=11352352, ...}, 0) = 0
766645 access("/usr/bin/dirname", X_OK) = 0
766645 newfstatat(AT_FDCWD, "/usr/bin/dirname", {st_mode=S_IFREG|0755, st_size=11352352, ...}, 0) = 0
766645 access("/usr/bin/dirname", R_OK) = 0
766645 execve("/usr/bin/dirname", ["dirname", "/home/firstmate/.no-mistakes/wor"...], 0x614255d50090 /* 9 vars */) = 0
766645 access("/etc/ld.so.preload", R_OK) = -1 ENOENT (No such file or directory)
766645 openat(AT_FDCWD, "/etc/ld.so.cache", O_RDONLY|O_CLOEXEC) = 3
766645 openat(AT_FDCWD, "/usr/lib/x86_64-linux-gnu/libselinux.so.1", O_RDONLY|O_CLOEXEC) = 3
766645 openat(AT_FDCWD, "/usr/lib/x86_64-linux-gnu/libgcc_s.so.1", O_RDONLY|O_CLOEXEC) = 3
766645 openat(AT_FDCWD, "/usr/lib/x86_64-linux-gnu/libm.so.6", O_RDONLY|O_CLOEXEC) = 3
766645 openat(AT_FDCWD, "/usr/lib/x86_64-linux-gnu/libc.so.6", O_RDONLY|O_CLOEXEC) = 3
766645 openat(AT_FDCWD, "/usr/lib/x86_64-linux-gnu/libpcre2-8.so.0", O_RDONLY|O_CLOEXEC) = 3
766645 statfs("/sys/fs/selinux", 0x7ffd6468a2b0) = -1 ENOENT (No such file or directory)
766645 statfs("/selinux", 0x7ffd6468a2b0) = -1 ENOENT (No such file or directory)
766645 openat(AT_FDCWD, "/proc/filesystems", O_RDONLY|O_CLOEXEC) = 3
766645 access("/etc/selinux/config", F_OK) = -1 ENOENT (No such file or directory)
766645 openat(AT_FDCWD, "/proc/self/maps", O_RDONLY|O_CLOEXEC) = 3
766645 statx(AT_FDCWD, "/usr/share/coreutils/locales/dirname", AT_STATX_SYNC_AS_STAT, STATX_ALL, {stx_mask=STATX_ALL|STATX_MNT_ID, stx_attributes=0, stx_mode=S_IFDIR|0755, stx_size=4096, ...}) = 0
766645 statx(AT_FDCWD, "/usr/share/coreutils/locales/uucore", AT_STATX_SYNC_AS_STAT, STATX_ALL, {stx_mask=STATX_ALL|STATX_MNT_ID, stx_attributes=0, stx_mode=S_IFDIR|0755, stx_size=4096, ...}) = 0
766645 openat(AT_FDCWD, "/usr/share/coreutils/locales/uucore/en-US.ftl", O_RDONLY|O_CLOEXEC) = 3
766645 statx(3, "", AT_STATX_SYNC_AS_STAT|AT_EMPTY_PATH, STATX_ALL, {stx_mask=STATX_ALL|STATX_MNT_ID, stx_attributes=0, stx_mode=S_IFREG|0644, stx_size=4080, ...}) = 0
766645 statx(AT_FDCWD, "/usr/share/coreutils/locales/dirname", AT_STATX_SYNC_AS_STAT, STATX_ALL, {stx_mask=STATX_ALL|STATX_MNT_ID, stx_attributes=0, stx_mode=S_IFDIR|0755, stx_size=4096, ...}) = 0
766645 openat(AT_FDCWD, "/usr/share/coreutils/locales/dirname/en-US.ftl", O_RDONLY|O_CLOEXEC) = -1 ENOENT (No such file or directory)
766645 +++ exited with 0 +++
766641 --- SIGCHLD {si_signo=SIGCHLD, si_code=CLD_EXITED, si_pid=766645, si_uid=0, si_status=0, si_utime=0, si_stime=0} ---
766641 newfstatat(AT_FDCWD, "/home", {st_mode=S_IFDIR|0755, st_size=4096, ...}, 0) = 0
766641 newfstatat(AT_FDCWD, "/home/firstmate", {st_mode=S_IFDIR|0750, st_size=16384, ...}, 0) = 0
766641 newfstatat(AT_FDCWD, "/home/firstmate/.no-mistakes", {st_mode=S_IFDIR|0755, st_size=4096, ...}, 0) = 0
766641 newfstatat(AT_FDCWD, "/home/firstmate/.no-mistakes/worktrees", {st_mode=S_IFDIR|0755, st_size=4096, ...}, 0) = 0
766641 newfstatat(AT_FDCWD, "/home/firstmate/.no-mistakes/worktrees/8352e211db7e", {st_mode=S_IFDIR|0775, st_size=4096, ...}, 0) = 0
766641 newfstatat(AT_FDCWD, "/home/firstmate/.no-mistakes/worktrees/8352e211db7e/01M4F29HK4JCAKXEQ2F50R6HHX", {st_mode=S_IFDIR|0775, st_size=4096, ...}, 0) = 0
766641 newfstatat(AT_FDCWD, "/home/firstmate/.no-mistakes/worktrees/8352e211db7e/01M4F29HK4JCAKXEQ2F50R6HHX/bin", {st_mode=S_IFDIR|0775, st_size=12288, ...}, 0) = 0
766641 chdir("/home/firstmate/.no-mistakes/worktrees/8352e211db7e/01M4F29HK4JCAKXEQ2F50R6HHX/bin") = 0
766641 +++ exited with 0 +++
766623 --- SIGCHLD {si_signo=SIGCHLD, si_code=CLD_EXITED, si_pid=766641, si_uid=0, si_status=0, si_utime=0, si_stime=0} ---
766658 newfstatat(AT_FDCWD, "/home", {st_mode=S_IFDIR|0755, st_size=4096, ...}, 0) = 0
766658 newfstatat(AT_FDCWD, "/home/firstmate", {st_mode=S_IFDIR|0750, st_size=16384, ...}, 0) = 0
766658 newfstatat(AT_FDCWD, "/home/firstmate/.no-mistakes", {st_mode=S_IFDIR|0755, st_size=4096, ...}, 0) = 0
766658 newfstatat(AT_FDCWD, "/home/firstmate/.no-mistakes/worktrees", {st_mode=S_IFDIR|0755, st_size=4096, ...}, 0) = 0
766658 newfstatat(AT_FDCWD, "/home/firstmate/.no-mistakes/worktrees/8352e211db7e", {st_mode=S_IFDIR|0775, st_size=4096, ...}, 0) = 0
766658 newfstatat(AT_FDCWD, "/home/firstmate/.no-mistakes/worktrees/8352e211db7e/01M4F29HK4JCAKXEQ2F50R6HHX", {st_mode=S_IFDIR|0775, st_size=4096, ...}, 0) = 0
766658 newfstatat(AT_FDCWD, "/home/firstmate/.no-mistakes/worktrees/8352e211db7e/01M4F29HK4JCAKXEQ2F50R6HHX/bin", {st_mode=S_IFDIR|0775, st_size=12288, ...}, 0) = 0
766658 newfstatat(AT_FDCWD, "/home/firstmate/.no-mistakes/worktrees/8352e211db7e/01M4F29HK4JCAKXEQ2F50R6HHX/bin", {st_mode=S_IFDIR|0775, st_size=12288, ...}, 0) = 0
766658 chdir("/home/firstmate/.no-mistakes/worktrees/8352e211db7e/01M4F29HK4JCAKXEQ2F50R6HHX") = 0
766658 +++ exited with 0 +++
766623 --- SIGCHLD {si_signo=SIGCHLD, si_code=CLD_EXITED, si_pid=766658, si_uid=0, si_status=0, si_utime=0, si_stime=0} ---
766662 faccessat2(AT_FDCWD, "/home/firstmate/.no-mistakes/worktrees/8352e211db7e/01M4F29HK4JCAKXEQ2F50R6HHX/.test-tmp/boundary/home/config/inbox-profile", R_OK, AT_EACCESS) = -1 ENOENT (No such file or directory)
766662 +++ exited with 0 +++
766623 --- SIGCHLD {si_signo=SIGCHLD, si_code=CLD_EXITED, si_pid=766662, si_uid=0, si_status=0, si_utime=0, si_stime=0} ---
766623 newfstatat(AT_FDCWD, "/home/firstmate/.no-mistakes/worktrees/8352e211db7e/01M4F29HK4JCAKXEQ2F50R6HHX/.test-tmp/boundary/home/.voice-conversation-lab", 0x7fff57f28030, 0) = -1 ENOENT (No such file or directory)
766623 openat(AT_FDCWD, "/home/firstmate/.no-mistakes/worktrees/8352e211db7e/01M4F29HK4JCAKXEQ2F50R6HHX/bin/fm-wake-lib.sh", O_RDONLY) = 3
766670 newfstatat(AT_FDCWD, ".", {st_mode=S_IFDIR|0775, st_size=4096, ...}, 0) = 0
766670 newfstatat(AT_FDCWD, "/home/firstmate/.local/codex-latest/lib/node_modules/@openai/codex/node_modules/@openai/codex-linux-x64/vendor/x86_64-unknown-linux-musl/codex-path/dirname", 0x7fff57f262d0, 0) = -1 ENOENT (No such file or directory)
766670 newfstatat(AT_FDCWD, "/home/firstmate/.codex-5/tmp/arg0/codex-arg065EgpK/dirname", 0x7fff57f262d0, 0) = -1 ENOENT (No such file or directory)
766670 newfstatat(AT_FDCWD, "/home/firstmate/.local/codex-latest/lib/node_modules/@openai/codex/node_modules/@openai/codex-linux-x64/vendor/x86_64-unknown-linux-musl/codex-path/dirname", 0x7fff57f262d0, 0) = -1 ENOENT (No such file or directory)
766670 newfstatat(AT_FDCWD, "/home/firstmate/.local/bin/dirname", 0x7fff57f262d0, 0) = -1 ENOENT (No such file or directory)
766670 newfstatat(AT_FDCWD, "/home/firstmate/go/bin/dirname", 0x7fff57f262d0, 0) = -1 ENOENT (No such file or directory)
766670 newfstatat(AT_FDCWD, "/home/firstmate/.cargo/bin/dirname", 0x7fff57f262d0, 0) = -1 ENOENT (No such file or directory)
766670 newfstatat(AT_FDCWD, "/home/firstmate/bin/dirname", 0x7fff57f262d0, 0) = -1 ENOENT (No such file or directory)
766670 newfstatat(AT_FDCWD, "/opt/homebrew/bin/dirname", 0x7fff57f262d0, 0) = -1 ENOENT (No such file or directory)
766670 newfstatat(AT_FDCWD, "/opt/homebrew/sbin/dirname", 0x7fff57f262d0, 0) = -1 ENOENT (No such file or directory)
766670 newfstatat(AT_FDCWD, "/usr/local/bin/dirname", 0x7fff57f262d0, 0) = -1 ENOENT (No such file or directory)
766670 newfstatat(AT_FDCWD, "/usr/local/sbin/dirname", 0x7fff57f262d0, 0) = -1 ENOENT (No such file or directory)
766670 newfstatat(AT_FDCWD, "/usr/bin/dirname", {st_mode=S_IFREG|0755, st_size=11352352, ...}, 0) = 0
766670 newfstatat(AT_FDCWD, "/usr/bin/dirname", {st_mode=S_IFREG|0755, st_size=11352352, ...}, 0) = 0
766670 access("/usr/bin/dirname", X_OK) = 0
766670 newfstatat(AT_FDCWD, "/usr/bin/dirname", {st_mode=S_IFREG|0755, st_size=11352352, ...}, 0) = 0
766670 access("/usr/bin/dirname", R_OK) = 0
766670 execve("/usr/bin/dirname", ["dirname", "/home/firstmate/.no-mistakes/wor"...], 0x614255d89640 /* 9 vars */) = 0
766670 access("/etc/ld.so.preload", R_OK) = -1 ENOENT (No such file or directory)
766670 openat(AT_FDCWD, "/etc/ld.so.cache", O_RDONLY|O_CLOEXEC) = 3
766670 openat(AT_FDCWD, "/usr/lib/x86_64-linux-gnu/libselinux.so.1", O_RDONLY|O_CLOEXEC) = 3
766670 openat(AT_FDCWD, "/usr/lib/x86_64-linux-gnu/libgcc_s.so.1", O_RDONLY|O_CLOEXEC) = 3
766670 openat(AT_FDCWD, "/usr/lib/x86_64-linux-gnu/libm.so.6", O_RDONLY|O_CLOEXEC) = 3
766670 openat(AT_FDCWD, "/usr/lib/x86_64-linux-gnu/libc.so.6", O_RDONLY|O_CLOEXEC) = 3
766670 openat(AT_FDCWD, "/usr/lib/x86_64-linux-gnu/libpcre2-8.so.0", O_RDONLY|O_CLOEXEC) = 3
766670 statfs("/sys/fs/selinux", 0x7ffd46d11bf0) = -1 ENOENT (No such file or directory)
766670 statfs("/selinux", 0x7ffd46d11bf0) = -1 ENOENT (No such file or directory)
766670 openat(AT_FDCWD, "/proc/filesystems", O_RDONLY|O_CLOEXEC) = 3
766670 access("/etc/selinux/config", F_OK) = -1 ENOENT (No such file or directory)
766670 openat(AT_FDCWD, "/proc/self/maps", O_RDONLY|O_CLOEXEC) = 3
766670 statx(AT_FDCWD, "/usr/share/coreutils/locales/dirname", AT_STATX_SYNC_AS_STAT, STATX_ALL, {stx_mask=STATX_ALL|STATX_MNT_ID, stx_attributes=0, stx_mode=S_IFDIR|0755, stx_size=4096, ...}) = 0
766670 statx(AT_FDCWD, "/usr/share/coreutils/locales/uucore", AT_STATX_SYNC_AS_STAT, STATX_ALL, {stx_mask=STATX_ALL|STATX_MNT_ID, stx_attributes=0, stx_mode=S_IFDIR|0755, stx_size=4096, ...}) = 0
766670 openat(AT_FDCWD, "/usr/share/coreutils/locales/uucore/en-US.ftl", O_RDONLY|O_CLOEXEC) = 3
766670 statx(3, "", AT_STATX_SYNC_AS_STAT|AT_EMPTY_PATH, STATX_ALL, {stx_mask=STATX_ALL|STATX_MNT_ID, stx_attributes=0, stx_mode=S_IFREG|0644, stx_size=4080, ...}) = 0
766670 statx(AT_FDCWD, "/usr/share/coreutils/locales/dirname", AT_STATX_SYNC_AS_STAT, STATX_ALL, {stx_mask=STATX_ALL|STATX_MNT_ID, stx_attributes=0, stx_mode=S_IFDIR|0755, stx_size=4096, ...}) = 0
766670 openat(AT_FDCWD, "/usr/share/coreutils/locales/dirname/en-US.ftl", O_RDONLY|O_CLOEXEC) = -1 ENOENT (No such file or directory)
766670 +++ exited with 0 +++
766669 --- SIGCHLD {si_signo=SIGCHLD, si_code=CLD_EXITED, si_pid=766670, si_uid=0, si_status=0, si_utime=0, si_stime=0} ---
766669 newfstatat(AT_FDCWD, "/home", {st_mode=S_IFDIR|0755, st_size=4096, ...}, 0) = 0
766669 newfstatat(AT_FDCWD, "/home/firstmate", {st_mode=S_IFDIR|0750, st_size=16384, ...}, 0) = 0
766669 newfstatat(AT_FDCWD, "/home/firstmate/.no-mistakes", {st_mode=S_IFDIR|0755, st_size=4096, ...}, 0) = 0
766669 newfstatat(AT_FDCWD, "/home/firstmate/.no-mistakes/worktrees", {st_mode=S_IFDIR|0755, st_size=4096, ...}, 0) = 0
766669 newfstatat(AT_FDCWD, "/home/firstmate/.no-mistakes/worktrees/8352e211db7e", {st_mode=S_IFDIR|0775, st_size=4096, ...}, 0) = 0
766669 newfstatat(AT_FDCWD, "/home/firstmate/.no-mistakes/worktrees/8352e211db7e/01M4F29HK4JCAKXEQ2F50R6HHX", {st_mode=S_IFDIR|0775, st_size=4096, ...}, 0) = 0
766669 newfstatat(AT_FDCWD, "/home/firstmate/.no-mistakes/worktrees/8352e211db7e/01M4F29HK4JCAKXEQ2F50R6HHX/bin", {st_mode=S_IFDIR|0775, st_size=12288, ...}, 0) = 0
766669 chdir("/home/firstmate/.no-mistakes/worktrees/8352e211db7e/01M4F29HK4JCAKXEQ2F50R6HHX/bin") = 0
766669 +++ exited with 0 +++
766623 --- SIGCHLD {si_signo=SIGCHLD, si_code=CLD_EXITED, si_pid=766669, si_uid=0, si_status=0, si_utime=0, si_stime=0} ---
766689 newfstatat(AT_FDCWD, "/home", {st_mode=S_IFDIR|0755, st_size=4096, ...}, 0) = 0
766689 newfstatat(AT_FDCWD, "/home/firstmate", {st_mode=S_IFDIR|0750, st_size=16384, ...}, 0) = 0
766689 newfstatat(AT_FDCWD, "/home/firstmate/.no-mistakes", {st_mode=S_IFDIR|0755, st_size=4096, ...}, 0) = 0
766689 newfstatat(AT_FDCWD, "/home/firstmate/.no-mistakes/worktrees", {st_mode=S_IFDIR|0755, st_size=4096, ...}, 0) = 0
766689 newfstatat(AT_FDCWD, "/home/firstmate/.no-mistakes/worktrees/8352e211db7e", {st_mode=S_IFDIR|0775, st_size=4096, ...}, 0) = 0
766689 newfstatat(AT_FDCWD, "/home/firstmate/.no-mistakes/worktrees/8352e211db7e/01M4F29HK4JCAKXEQ2F50R6HHX", {st_mode=S_IFDIR|0775, st_size=4096, ...}, 0) = 0
766689 newfstatat(AT_FDCWD, "/home/firstmate/.no-mistakes/worktrees/8352e211db7e/01M4F29HK4JCAKXEQ2F50R6HHX/bin", {st_mode=S_IFDIR|0775, st_size=12288, ...}, 0) = 0
766689 newfstatat(AT_FDCWD, "/home/firstmate/.no-mistakes/worktrees/8352e211db7e/01M4F29HK4JCAKXEQ2F50R6HHX/bin", {st_mode=S_IFDIR|0775, st_size=12288, ...}, 0) = 0
766689 chdir("/home/firstmate/.no-mistakes/worktrees/8352e211db7e/01M4F29HK4JCAKXEQ2F50R6HHX") = 0
766689 +++ exited with 0 +++
766623 --- SIGCHLD {si_signo=SIGCHLD, si_code=CLD_EXITED, si_pid=766689, si_uid=0, si_status=0, si_utime=0, si_stime=0} ---
766692 newfstatat(AT_FDCWD, ".", {st_mode=S_IFDIR|0775, st_size=4096, ...}, 0) = 0
766692 newfstatat(AT_FDCWD, "/home/firstmate/.local/codex-latest/lib/node_modules/@openai/codex/node_modules/@openai/codex-linux-x64/vendor/x86_64-unknown-linux-musl/codex-path/uname", 0x7fff57f26ce0, 0) = -1 ENOENT (No such file or directory)
766692 newfstatat(AT_FDCWD, "/home/firstmate/.codex-5/tmp/arg0/codex-arg065EgpK/uname", 0x7fff57f26ce0, 0) = -1 ENOENT (No such file or directory)
766692 newfstatat(AT_FDCWD, "/home/firstmate/.local/codex-latest/lib/node_modules/@openai/codex/node_modules/@openai/codex-linux-x64/vendor/x86_64-unknown-linux-musl/codex-path/uname", 0x7fff57f26ce0, 0) = -1 ENOENT (No such file or directory)
766692 newfstatat(AT_FDCWD, "/home/firstmate/.local/bin/uname", 0x7fff57f26ce0, 0) = -1 ENOENT (No such file or directory)
766692 newfstatat(AT_FDCWD, "/home/firstmate/go/bin/uname", 0x7fff57f26ce0, 0) = -1 ENOENT (No such file or directory)
766692 newfstatat(AT_FDCWD, "/home/firstmate/.cargo/bin/uname", 0x7fff57f26ce0, 0) = -1 ENOENT (No such file or directory)
766692 newfstatat(AT_FDCWD, "/home/firstmate/bin/uname", 0x7fff57f26ce0, 0) = -1 ENOENT (No such file or directory)
766692 newfstatat(AT_FDCWD, "/opt/homebrew/bin/uname", 0x7fff57f26ce0, 0) = -1 ENOENT (No such file or directory)
766692 newfstatat(AT_FDCWD, "/opt/homebrew/sbin/uname", 0x7fff57f26ce0, 0) = -1 ENOENT (No such file or directory)
766692 newfstatat(AT_FDCWD, "/usr/local/bin/uname", 0x7fff57f26ce0, 0) = -1 ENOENT (No such file or directory)
766692 newfstatat(AT_FDCWD, "/usr/local/sbin/uname", 0x7fff57f26ce0, 0) = -1 ENOENT (No such file or directory)
766692 newfstatat(AT_FDCWD, "/usr/bin/uname", {st_mode=S_IFREG|0755, st_size=11352352, ...}, 0) = 0
766692 newfstatat(AT_FDCWD, "/usr/bin/uname", {st_mode=S_IFREG|0755, st_size=11352352, ...}, 0) = 0
766692 access("/usr/bin/uname", X_OK)   = 0
766692 newfstatat(AT_FDCWD, "/usr/bin/uname", {st_mode=S_IFREG|0755, st_size=11352352, ...}, 0) = 0
766692 access("/usr/bin/uname", R_OK)   = 0
766695 openat(AT_FDCWD, "/dev/null", O_WRONLY|O_CREAT|O_TRUNC, 0666) = 3
766695 execve("/usr/bin/uname", ["uname"], 0x614255d88570 /* 9 vars */) = 0
766695 access("/etc/ld.so.preload", R_OK) = -1 ENOENT (No such file or directory)
766695 openat(AT_FDCWD, "/etc/ld.so.cache", O_RDONLY|O_CLOEXEC) = 3
766695 openat(AT_FDCWD, "/usr/lib/x86_64-linux-gnu/libselinux.so.1", O_RDONLY|O_CLOEXEC) = 3
766695 openat(AT_FDCWD, "/usr/lib/x86_64-linux-gnu/libgcc_s.so.1", O_RDONLY|O_CLOEXEC) = 3
766695 openat(AT_FDCWD, "/usr/lib/x86_64-linux-gnu/libm.so.6", O_RDONLY|O_CLOEXEC) = 3
766695 openat(AT_FDCWD, "/usr/lib/x86_64-linux-gnu/libc.so.6", O_RDONLY|O_CLOEXEC) = 3
766695 openat(AT_FDCWD, "/usr/lib/x86_64-linux-gnu/libpcre2-8.so.0", O_RDONLY|O_CLOEXEC) = 3
766695 statfs("/sys/fs/selinux", 0x7ffcd357ea40) = -1 ENOENT (No such file or directory)
766695 statfs("/selinux", 0x7ffcd357ea40) = -1 ENOENT (No such file or directory)
766695 openat(AT_FDCWD, "/proc/filesystems", O_RDONLY|O_CLOEXEC) = 3
766695 access("/etc/selinux/config", F_OK) = -1 ENOENT (No such file or directory)
766695 openat(AT_FDCWD, "/proc/self/maps", O_RDONLY|O_CLOEXEC) = 3
766695 statx(AT_FDCWD, "/usr/share/coreutils/locales/uname", AT_STATX_SYNC_AS_STAT, STATX_ALL, {stx_mask=STATX_ALL|STATX_MNT_ID, stx_attributes=0, stx_mode=S_IFDIR|0755, stx_size=4096, ...}) = 0
766695 statx(AT_FDCWD, "/usr/share/coreutils/locales/uucore", AT_STATX_SYNC_AS_STAT, STATX_ALL, {stx_mask=STATX_ALL|STATX_MNT_ID, stx_attributes=0, stx_mode=S_IFDIR|0755, stx_size=4096, ...}) = 0
766695 openat(AT_FDCWD, "/usr/share/coreutils/locales/uucore/en-US.ftl", O_RDONLY|O_CLOEXEC) = 3
766695 statx(3, "", AT_STATX_SYNC_AS_STAT|AT_EMPTY_PATH, STATX_ALL, {stx_mask=STATX_ALL|STATX_MNT_ID, stx_attributes=0, stx_mode=S_IFREG|0644, stx_size=4080, ...}) = 0
766695 statx(AT_FDCWD, "/usr/share/coreutils/locales/uname", AT_STATX_SYNC_AS_STAT, STATX_ALL, {stx_mask=STATX_ALL|STATX_MNT_ID, stx_attributes=0, stx_mode=S_IFDIR|0755, stx_size=4096, ...}) = 0
766695 openat(AT_FDCWD, "/usr/share/coreutils/locales/uname/en-US.ftl", O_RDONLY|O_CLOEXEC) = -1 ENOENT (No such file or directory)
766695 +++ exited with 0 +++
766692 --- SIGCHLD {si_signo=SIGCHLD, si_code=CLD_EXITED, si_pid=766695, si_uid=0, si_status=0, si_utime=0, si_stime=0} ---
766692 +++ exited with 0 +++
766623 --- SIGCHLD {si_signo=SIGCHLD, si_code=CLD_EXITED, si_pid=766692, si_uid=0, si_status=0, si_utime=0, si_stime=0} ---
766623 newfstatat(AT_FDCWD, ".", {st_mode=S_IFDIR|0775, st_size=4096, ...}, 0) = 0
766623 newfstatat(AT_FDCWD, "/home/firstmate/.local/codex-latest/lib/node_modules/@openai/codex/node_modules/@openai/codex-linux-x64/vendor/x86_64-unknown-linux-musl/codex-path/mkdir", 0x7fff57f275f0, 0) = -1 ENOENT (No such file or directory)
766623 newfstatat(AT_FDCWD, "/home/firstmate/.codex-5/tmp/arg0/codex-arg065EgpK/mkdir", 0x7fff57f275f0, 0) = -1 ENOENT (No such file or directory)
766623 newfstatat(AT_FDCWD, "/home/firstmate/.local/codex-latest/lib/node_modules/@openai/codex/node_modules/@openai/codex-linux-x64/vendor/x86_64-unknown-linux-musl/codex-path/mkdir", 0x7fff57f275f0, 0) = -1 ENOENT (No such file or directory)
766623 newfstatat(AT_FDCWD, "/home/firstmate/.local/bin/mkdir", 0x7fff57f275f0, 0) = -1 ENOENT (No such file or directory)
766623 newfstatat(AT_FDCWD, "/home/firstmate/go/bin/mkdir", 0x7fff57f275f0, 0) = -1 ENOENT (No such file or directory)
766623 newfstatat(AT_FDCWD, "/home/firstmate/.cargo/bin/mkdir", 0x7fff57f275f0, 0) = -1 ENOENT (No such file or directory)
766623 newfstatat(AT_FDCWD, "/home/firstmate/bin/mkdir", 0x7fff57f275f0, 0) = -1 ENOENT (No such file or directory)
766623 newfstatat(AT_FDCWD, "/opt/homebrew/bin/mkdir", 0x7fff57f275f0, 0) = -1 ENOENT (No such file or directory)
766623 newfstatat(AT_FDCWD, "/opt/homebrew/sbin/mkdir", 0x7fff57f275f0, 0) = -1 ENOENT (No such file or directory)
766623 newfstatat(AT_FDCWD, "/usr/local/bin/mkdir", 0x7fff57f275f0, 0) = -1 ENOENT (No such file or directory)
766623 newfstatat(AT_FDCWD, "/usr/local/sbin/mkdir", 0x7fff57f275f0, 0) = -1 ENOENT (No such file or directory)
766623 newfstatat(AT_FDCWD, "/usr/bin/mkdir", {st_mode=S_IFREG|0755, st_size=11352352, ...}, 0) = 0
766623 newfstatat(AT_FDCWD, "/usr/bin/mkdir", {st_mode=S_IFREG|0755, st_size=11352352, ...}, 0) = 0
766623 access("/usr/bin/mkdir", X_OK)   = 0
766623 newfstatat(AT_FDCWD, "/usr/bin/mkdir", {st_mode=S_IFREG|0755, st_size=11352352, ...}, 0) = 0
766623 access("/usr/bin/mkdir", R_OK)   = 0
766709 execve("/usr/bin/mkdir", ["mkdir", "-p", "/home/firstmate/.no-mistakes/wor"...], 0x614255d88570 /* 9 vars */) = 0
766709 access("/etc/ld.so.preload", R_OK) = -1 ENOENT (No such file or directory)
766709 openat(AT_FDCWD, "/etc/ld.so.cache", O_RDONLY|O_CLOEXEC) = 3
766709 openat(AT_FDCWD, "/usr/lib/x86_64-linux-gnu/libselinux.so.1", O_RDONLY|O_CLOEXEC) = 3
766709 openat(AT_FDCWD, "/usr/lib/x86_64-linux-gnu/libgcc_s.so.1", O_RDONLY|O_CLOEXEC) = 3
766709 openat(AT_FDCWD, "/usr/lib/x86_64-linux-gnu/libm.so.6", O_RDONLY|O_CLOEXEC) = 3
766709 openat(AT_FDCWD, "/usr/lib/x86_64-linux-gnu/libc.so.6", O_RDONLY|O_CLOEXEC) = 3
766709 openat(AT_FDCWD, "/usr/lib/x86_64-linux-gnu/libpcre2-8.so.0", O_RDONLY|O_CLOEXEC) = 3
766709 statfs("/sys/fs/selinux", 0x7ffca65d2060) = -1 ENOENT (No such file or directory)
766709 statfs("/selinux", 0x7ffca65d2060) = -1 ENOENT (No such file or directory)
766709 openat(AT_FDCWD, "/proc/filesystems", O_RDONLY|O_CLOEXEC) = 3
766709 access("/etc/selinux/config", F_OK) = -1 ENOENT (No such file or directory)
766709 openat(AT_FDCWD, "/proc/self/maps", O_RDONLY|O_CLOEXEC) = 3
766709 statx(AT_FDCWD, "/usr/share/coreutils/locales/mkdir", AT_STATX_SYNC_AS_STAT, STATX_ALL, {stx_mask=STATX_ALL|STATX_MNT_ID, stx_attributes=0, stx_mode=S_IFDIR|0755, stx_size=4096, ...}) = 0
766709 statx(AT_FDCWD, "/usr/share/coreutils/locales/uucore", AT_STATX_SYNC_AS_STAT, STATX_ALL, {stx_mask=STATX_ALL|STATX_MNT_ID, stx_attributes=0, stx_mode=S_IFDIR|0755, stx_size=4096, ...}) = 0
766709 openat(AT_FDCWD, "/usr/share/coreutils/locales/uucore/en-US.ftl", O_RDONLY|O_CLOEXEC) = 3
766709 statx(3, "", AT_STATX_SYNC_AS_STAT|AT_EMPTY_PATH, STATX_ALL, {stx_mask=STATX_ALL|STATX_MNT_ID, stx_attributes=0, stx_mode=S_IFREG|0644, stx_size=4080, ...}) = 0
766709 statx(AT_FDCWD, "/usr/share/coreutils/locales/mkdir", AT_STATX_SYNC_AS_STAT, STATX_ALL, {stx_mask=STATX_ALL|STATX_MNT_ID, stx_attributes=0, stx_mode=S_IFDIR|0755, stx_size=4096, ...}) = 0
766709 openat(AT_FDCWD, "/usr/share/coreutils/locales/mkdir/en-US.ftl", O_RDONLY|O_CLOEXEC) = -1 ENOENT (No such file or directory)
766709 statx(AT_FDCWD, "/home/firstmate/.no-mistakes/worktrees/8352e211db7e/01M4F29HK4JCAKXEQ2F50R6HHX/.test-tmp/boundary/home/state", AT_STATX_SYNC_AS_STAT, STATX_ALL, {stx_mask=STATX_ALL|STATX_MNT_ID, stx_attributes=0, stx_mode=S_IFDIR|0700, stx_size=4096, ...}) = 0
766709 statx(AT_FDCWD, "/", AT_STATX_SYNC_AS_STAT, STATX_ALL, {stx_mask=STATX_ALL|STATX_MNT_ID, stx_attributes=STATX_ATTR_MOUNT_ROOT, stx_mode=S_IFDIR|0755, stx_size=4096, ...}) = 0
766709 statx(AT_FDCWD, "/home", AT_STATX_SYNC_AS_STAT, STATX_ALL, {stx_mask=STATX_ALL|STATX_MNT_ID, stx_attributes=0, stx_mode=S_IFDIR|0755, stx_size=4096, ...}) = 0
766709 statx(AT_FDCWD, "/home/firstmate", AT_STATX_SYNC_AS_STAT, STATX_ALL, {stx_mask=STATX_ALL|STATX_MNT_ID, stx_attributes=0, stx_mode=S_IFDIR|0750, stx_size=16384, ...}) = 0
766709 statx(AT_FDCWD, "/home/firstmate/.no-mistakes", AT_STATX_SYNC_AS_STAT, STATX_ALL, {stx_mask=STATX_ALL|STATX_MNT_ID, stx_attributes=0, stx_mode=S_IFDIR|0755, stx_size=4096, ...}) = 0
766709 statx(AT_FDCWD, "/home/firstmate/.no-mistakes/worktrees", AT_STATX_SYNC_AS_STAT, STATX_ALL, {stx_mask=STATX_ALL|STATX_MNT_ID, stx_attributes=0, stx_mode=S_IFDIR|0755, stx_size=4096, ...}) = 0
766709 statx(AT_FDCWD, "/home/firstmate/.no-mistakes/worktrees/8352e211db7e", AT_STATX_SYNC_AS_STAT, STATX_ALL, {stx_mask=STATX_ALL|STATX_MNT_ID, stx_attributes=0, stx_mode=S_IFDIR|0775, stx_size=4096, ...}) = 0
766709 statx(AT_FDCWD, "/home/firstmate/.no-mistakes/worktrees/8352e211db7e/01M4F29HK4JCAKXEQ2F50R6HHX", AT_STATX_SYNC_AS_STAT, STATX_ALL, {stx_mask=STATX_ALL|STATX_MNT_ID, stx_attributes=0, stx_mode=S_IFDIR|0775, stx_size=4096, ...}) = 0
766709 statx(AT_FDCWD, "/home/firstmate/.no-mistakes/worktrees/8352e211db7e/01M4F29HK4JCAKXEQ2F50R6HHX/.test-tmp", AT_STATX_SYNC_AS_STAT, STATX_ALL, {stx_mask=STATX_ALL|STATX_MNT_ID, stx_attributes=0, stx_mode=S_IFDIR|0775, stx_size=4096, ...}) = 0
766709 statx(AT_FDCWD, "/home/firstmate/.no-mistakes/worktrees/8352e211db7e/01M4F29HK4JCAKXEQ2F50R6HHX/.test-tmp/boundary", AT_STATX_SYNC_AS_STAT, STATX_ALL, {stx_mask=STATX_ALL|STATX_MNT_ID, stx_attributes=0, stx_mode=S_IFDIR|0700, stx_size=4096, ...}) = 0
766709 statx(AT_FDCWD, "/home/firstmate/.no-mistakes/worktrees/8352e211db7e/01M4F29HK4JCAKXEQ2F50R6HHX/.test-tmp/boundary/home", AT_STATX_SYNC_AS_STAT, STATX_ALL, {stx_mask=STATX_ALL|STATX_MNT_ID, stx_attributes=STATX_ATTR_MOUNT_ROOT, stx_mode=S_IFDIR|0700, stx_size=4096, ...}) = 0
766709 statx(AT_FDCWD, "/home/firstmate/.no-mistakes/worktrees/8352e211db7e/01M4F29HK4JCAKXEQ2F50R6HHX/.test-tmp/boundary/home/state", AT_STATX_SYNC_AS_STAT, STATX_ALL, {stx_mask=STATX_ALL|STATX_MNT_ID, stx_attributes=0, stx_mode=S_IFDIR|0700, stx_size=4096, ...}) = 0
766709 mkdir("/home/firstmate/.no-mistakes/worktrees/8352e211db7e/01M4F29HK4JCAKXEQ2F50R6HHX/.test-tmp/boundary/home/state", 0700) = -1 EEXIST (File exists)
766709 statx(AT_FDCWD, "/home/firstmate/.no-mistakes/worktrees/8352e211db7e/01M4F29HK4JCAKXEQ2F50R6HHX/.test-tmp/boundary/home/state", AT_STATX_SYNC_AS_STAT, STATX_ALL, {stx_mask=STATX_ALL|STATX_MNT_ID, stx_attributes=0, stx_mode=S_IFDIR|0700, stx_size=4096, ...}) = 0
766709 +++ exited with 0 +++
766623 --- SIGCHLD {si_signo=SIGCHLD, si_code=CLD_EXITED, si_pid=766709, si_uid=0, si_status=0, si_utime=0, si_stime=0} ---
766734 newfstatat(AT_FDCWD, ".", {st_mode=S_IFDIR|0775, st_size=4096, ...}, 0) = 0
766734 newfstatat(AT_FDCWD, "/home/firstmate/.local/codex-latest/lib/node_modules/@openai/codex/node_modules/@openai/codex-linux-x64/vendor/x86_64-unknown-linux-musl/codex-path/cat", 0x7fff57f27350, 0) = -1 ENOENT (No such file or directory)
766734 newfstatat(AT_FDCWD, "/home/firstmate/.codex-5/tmp/arg0/codex-arg065EgpK/cat", 0x7fff57f27350, 0) = -1 ENOENT (No such file or directory)
766734 newfstatat(AT_FDCWD, "/home/firstmate/.local/codex-latest/lib/node_modules/@openai/codex/node_modules/@openai/codex-linux-x64/vendor/x86_64-unknown-linux-musl/codex-path/cat", 0x7fff57f27350, 0) = -1 ENOENT (No such file or directory)
766734 newfstatat(AT_FDCWD, "/home/firstmate/.local/bin/cat", 0x7fff57f27350, 0) = -1 ENOENT (No such file or directory)
766734 newfstatat(AT_FDCWD, "/home/firstmate/go/bin/cat", 0x7fff57f27350, 0) = -1 ENOENT (No such file or directory)
766734 newfstatat(AT_FDCWD, "/home/firstmate/.cargo/bin/cat", 0x7fff57f27350, 0) = -1 ENOENT (No such file or directory)
766734 newfstatat(AT_FDCWD, "/home/firstmate/bin/cat", 0x7fff57f27350, 0) = -1 ENOENT (No such file or directory)
766734 newfstatat(AT_FDCWD, "/opt/homebrew/bin/cat", 0x7fff57f27350, 0) = -1 ENOENT (No such file or directory)
766734 newfstatat(AT_FDCWD, "/opt/homebrew/sbin/cat", 0x7fff57f27350, 0) = -1 ENOENT (No such file or directory)
766734 newfstatat(AT_FDCWD, "/usr/local/bin/cat", 0x7fff57f27350, 0) = -1 ENOENT (No such file or directory)
766734 newfstatat(AT_FDCWD, "/usr/local/sbin/cat", 0x7fff57f27350, 0) = -1 ENOENT (No such file or directory)
766734 newfstatat(AT_FDCWD, "/usr/bin/cat", {st_mode=S_IFREG|0755, st_size=11352352, ...}, 0) = 0
766734 newfstatat(AT_FDCWD, "/usr/bin/cat", {st_mode=S_IFREG|0755, st_size=11352352, ...}, 0) = 0
766734 access("/usr/bin/cat", X_OK)     = 0
766734 newfstatat(AT_FDCWD, "/usr/bin/cat", {st_mode=S_IFREG|0755, st_size=11352352, ...}, 0) = 0
766734 access("/usr/bin/cat", R_OK)     = 0
766744 openat(AT_FDCWD, "/dev/null", O_WRONLY|O_CREAT|O_TRUNC, 0666) = 3
766744 execve("/usr/bin/cat", ["cat", "/home/firstmate/.no-mistakes/wor"...], 0x614255d88570 /* 9 vars */) = 0
766744 access("/etc/ld.so.preload", R_OK) = -1 ENOENT (No such file or directory)
766744 openat(AT_FDCWD, "/etc/ld.so.cache", O_RDONLY|O_CLOEXEC) = 3
766744 openat(AT_FDCWD, "/usr/lib/x86_64-linux-gnu/libselinux.so.1", O_RDONLY|O_CLOEXEC) = 3
766744 openat(AT_FDCWD, "/usr/lib/x86_64-linux-gnu/libgcc_s.so.1", O_RDONLY|O_CLOEXEC) = 3
766744 openat(AT_FDCWD, "/usr/lib/x86_64-linux-gnu/libm.so.6", O_RDONLY|O_CLOEXEC) = 3
766744 openat(AT_FDCWD, "/usr/lib/x86_64-linux-gnu/libc.so.6", O_RDONLY|O_CLOEXEC) = 3
766744 openat(AT_FDCWD, "/usr/lib/x86_64-linux-gnu/libpcre2-8.so.0", O_RDONLY|O_CLOEXEC) = 3
766744 statfs("/sys/fs/selinux", 0x7ffd16b87b10) = -1 ENOENT (No such file or directory)
766744 statfs("/selinux", 0x7ffd16b87b10) = -1 ENOENT (No such file or directory)
766744 openat(AT_FDCWD, "/proc/filesystems", O_RDONLY|O_CLOEXEC) = 3
766744 access("/etc/selinux/config", F_OK) = -1 ENOENT (No such file or directory)
766744 openat(AT_FDCWD, "/proc/self/maps", O_RDONLY|O_CLOEXEC) = 3
766744 statx(AT_FDCWD, "/usr/share/coreutils/locales/cat", AT_STATX_SYNC_AS_STAT, STATX_ALL, {stx_mask=STATX_ALL|STATX_MNT_ID, stx_attributes=0, stx_mode=S_IFDIR|0755, stx_size=4096, ...}) = 0
766744 statx(AT_FDCWD, "/usr/share/coreutils/locales/uucore", AT_STATX_SYNC_AS_STAT, STATX_ALL, {stx_mask=STATX_ALL|STATX_MNT_ID, stx_attributes=0, stx_mode=S_IFDIR|0755, stx_size=4096, ...}) = 0
766744 openat(AT_FDCWD, "/usr/share/coreutils/locales/uucore/en-US.ftl", O_RDONLY|O_CLOEXEC) = 3
766744 statx(3, "", AT_STATX_SYNC_AS_STAT|AT_EMPTY_PATH, STATX_ALL, {stx_mask=STATX_ALL|STATX_MNT_ID, stx_attributes=0, stx_mode=S_IFREG|0644, stx_size=4080, ...}) = 0
766744 statx(AT_FDCWD, "/usr/share/coreutils/locales/cat", AT_STATX_SYNC_AS_STAT, STATX_ALL, {stx_mask=STATX_ALL|STATX_MNT_ID, stx_attributes=0, stx_mode=S_IFDIR|0755, stx_size=4096, ...}) = 0
766744 openat(AT_FDCWD, "/usr/share/coreutils/locales/cat/en-US.ftl", O_RDONLY|O_CLOEXEC) = -1 ENOENT (No such file or directory)
766744 statx(AT_FDCWD, "/home/firstmate/.no-mistakes/worktrees/8352e211db7e/01M4F29HK4JCAKXEQ2F50R6HHX/.test-tmp/boundary/home/state/.lock", AT_STATX_SYNC_AS_STAT, STATX_ALL, {stx_mask=STATX_ALL|STATX_MNT_ID, stx_attributes=0, stx_mode=S_IFREG|0600, stx_size=7, ...}) = 0
766744 openat(AT_FDCWD, "/home/firstmate/.no-mistakes/worktrees/8352e211db7e/01M4F29HK4JCAKXEQ2F50R6HHX/.test-tmp/boundary/home/state/.lock", O_RDONLY|O_CLOEXEC) = 3
766744 +++ exited with 0 +++
766734 --- SIGCHLD {si_signo=SIGCHLD, si_code=CLD_EXITED, si_pid=766744, si_uid=0, si_status=0, si_utime=0, si_stime=0} ---
766734 +++ exited with 0 +++
766623 --- SIGCHLD {si_signo=SIGCHLD, si_code=CLD_EXITED, si_pid=766734, si_uid=0, si_status=0, si_utime=0, si_stime=0} ---
766623 openat(AT_FDCWD, "/dev/null", O_WRONLY|O_CREAT|O_TRUNC, 0666) = 3
766623 faccessat2(AT_FDCWD, "/proc/760355/stat", R_OK, AT_EACCESS) = 0
766623 faccessat2(AT_FDCWD, "/proc/760355/cmdline", R_OK, AT_EACCESS) = 0
766759 newfstatat(AT_FDCWD, ".", {st_mode=S_IFDIR|0775, st_size=4096, ...}, 0) = 0
766759 newfstatat(AT_FDCWD, "/home/firstmate/.local/codex-latest/lib/node_modules/@openai/codex/node_modules/@openai/codex-linux-x64/vendor/x86_64-unknown-linux-musl/codex-path/cat", 0x7fff57f25f60, 0) = -1 ENOENT (No such file or directory)
766759 newfstatat(AT_FDCWD, "/home/firstmate/.codex-5/tmp/arg0/codex-arg065EgpK/cat", 0x7fff57f25f60, 0) = -1 ENOENT (No such file or directory)
766759 newfstatat(AT_FDCWD, "/home/firstmate/.local/codex-latest/lib/node_modules/@openai/codex/node_modules/@openai/codex-linux-x64/vendor/x86_64-unknown-linux-musl/codex-path/cat", 0x7fff57f25f60, 0) = -1 ENOENT (No such file or directory)
766759 newfstatat(AT_FDCWD, "/home/firstmate/.local/bin/cat", 0x7fff57f25f60, 0) = -1 ENOENT (No such file or directory)
766759 newfstatat(AT_FDCWD, "/home/firstmate/go/bin/cat", 0x7fff57f25f60, 0) = -1 ENOENT (No such file or directory)
766759 newfstatat(AT_FDCWD, "/home/firstmate/.cargo/bin/cat", 0x7fff57f25f60, 0) = -1 ENOENT (No such file or directory)
766759 newfstatat(AT_FDCWD, "/home/firstmate/bin/cat", 0x7fff57f25f60, 0) = -1 ENOENT (No such file or directory)
766759 newfstatat(AT_FDCWD, "/opt/homebrew/bin/cat", 0x7fff57f25f60, 0) = -1 ENOENT (No such file or directory)
766759 newfstatat(AT_FDCWD, "/opt/homebrew/sbin/cat", 0x7fff57f25f60, 0) = -1 ENOENT (No such file or directory)
766759 newfstatat(AT_FDCWD, "/usr/local/bin/cat", 0x7fff57f25f60, 0) = -1 ENOENT (No such file or directory)
766759 newfstatat(AT_FDCWD, "/usr/local/sbin/cat", 0x7fff57f25f60, 0) = -1 ENOENT (No such file or directory)
766759 newfstatat(AT_FDCWD, "/usr/bin/cat", {st_mode=S_IFREG|0755, st_size=11352352, ...}, 0) = 0
766759 newfstatat(AT_FDCWD, "/usr/bin/cat", {st_mode=S_IFREG|0755, st_size=11352352, ...}, 0) = 0
766759 access("/usr/bin/cat", X_OK)     = 0
766759 newfstatat(AT_FDCWD, "/usr/bin/cat", {st_mode=S_IFREG|0755, st_size=11352352, ...}, 0) = 0
766759 access("/usr/bin/cat", R_OK)     = 0
766761 openat(AT_FDCWD, "/dev/null", O_WRONLY|O_CREAT|O_TRUNC, 0666) = 3
766761 execve("/usr/bin/cat", ["cat", "/proc/760355/stat"], 0x614255d88570 /* 9 vars */) = 0
766761 access("/etc/ld.so.preload", R_OK) = -1 ENOENT (No such file or directory)
766761 openat(AT_FDCWD, "/etc/ld.so.cache", O_RDONLY|O_CLOEXEC) = 3
766761 openat(AT_FDCWD, "/usr/lib/x86_64-linux-gnu/libselinux.so.1", O_RDONLY|O_CLOEXEC) = 3
766761 openat(AT_FDCWD, "/usr/lib/x86_64-linux-gnu/libgcc_s.so.1", O_RDONLY|O_CLOEXEC) = 3
766761 openat(AT_FDCWD, "/usr/lib/x86_64-linux-gnu/libm.so.6", O_RDONLY|O_CLOEXEC) = 3
766761 openat(AT_FDCWD, "/usr/lib/x86_64-linux-gnu/libc.so.6", O_RDONLY|O_CLOEXEC) = 3
766761 openat(AT_FDCWD, "/usr/lib/x86_64-linux-gnu/libpcre2-8.so.0", O_RDONLY|O_CLOEXEC) = 3
766761 statfs("/sys/fs/selinux", 0x7ffeb3786ea0) = -1 ENOENT (No such file or directory)
766761 statfs("/selinux", 0x7ffeb3786ea0) = -1 ENOENT (No such file or directory)
766761 openat(AT_FDCWD, "/proc/filesystems", O_RDONLY|O_CLOEXEC) = 3
766761 access("/etc/selinux/config", F_OK) = -1 ENOENT (No such file or directory)
766761 openat(AT_FDCWD, "/proc/self/maps", O_RDONLY|O_CLOEXEC) = 3
766761 statx(AT_FDCWD, "/usr/share/coreutils/locales/cat", AT_STATX_SYNC_AS_STAT, STATX_ALL, {stx_mask=STATX_ALL|STATX_MNT_ID, stx_attributes=0, stx_mode=S_IFDIR|0755, stx_size=4096, ...}) = 0
766761 statx(AT_FDCWD, "/usr/share/coreutils/locales/uucore", AT_STATX_SYNC_AS_STAT, STATX_ALL, {stx_mask=STATX_ALL|STATX_MNT_ID, stx_attributes=0, stx_mode=S_IFDIR|0755, stx_size=4096, ...}) = 0
766761 openat(AT_FDCWD, "/usr/share/coreutils/locales/uucore/en-US.ftl", O_RDONLY|O_CLOEXEC) = 3
766761 statx(3, "", AT_STATX_SYNC_AS_STAT|AT_EMPTY_PATH, STATX_ALL, {stx_mask=STATX_ALL|STATX_MNT_ID, stx_attributes=0, stx_mode=S_IFREG|0644, stx_size=4080, ...}) = 0
766761 statx(AT_FDCWD, "/usr/share/coreutils/locales/cat", AT_STATX_SYNC_AS_STAT, STATX_ALL, {stx_mask=STATX_ALL|STATX_MNT_ID, stx_attributes=0, stx_mode=S_IFDIR|0755, stx_size=4096, ...}) = 0
766761 openat(AT_FDCWD, "/usr/share/coreutils/locales/cat/en-US.ftl", O_RDONLY|O_CLOEXEC) = -1 ENOENT (No such file or directory)
766761 statx(AT_FDCWD, "/proc/760355/stat", AT_STATX_SYNC_AS_STAT, STATX_ALL, {stx_mask=STATX_BASIC_STATS|STATX_MNT_ID, stx_attributes=0, stx_mode=S_IFREG|0444, stx_size=0, ...}) = 0
766761 openat(AT_FDCWD, "/proc/760355/stat", O_RDONLY|O_CLOEXEC) = 3
766761 +++ exited with 0 +++
766759 --- SIGCHLD {si_signo=SIGCHLD, si_code=CLD_EXITED, si_pid=766761, si_uid=0, si_status=0, si_utime=0, si_stime=1 /* 0.01 s */} ---
766759 +++ exited with 0 +++
766623 --- SIGCHLD {si_signo=SIGCHLD, si_code=CLD_EXITED, si_pid=766759, si_uid=0, si_status=0, si_utime=0, si_stime=0} ---
766784 newfstatat(AT_FDCWD, ".", {st_mode=S_IFDIR|0775, st_size=4096, ...}, 0) = 0
766784 newfstatat(AT_FDCWD, "/home/firstmate/.local/codex-latest/lib/node_modules/@openai/codex/node_modules/@openai/codex-linux-x64/vendor/x86_64-unknown-linux-musl/codex-path/od", 0x7fff57f26130, 0) = -1 ENOENT (No such file or directory)
766784 newfstatat(AT_FDCWD, "/home/firstmate/.codex-5/tmp/arg0/codex-arg065EgpK/od", 0x7fff57f26130, 0) = -1 ENOENT (No such file or directory)
766784 newfstatat(AT_FDCWD, "/home/firstmate/.local/codex-latest/lib/node_modules/@openai/codex/node_modules/@openai/codex-linux-x64/vendor/x86_64-unknown-linux-musl/codex-path/od", 0x7fff57f26130, 0) = -1 ENOENT (No such file or directory)
766784 newfstatat(AT_FDCWD, "/home/firstmate/.local/bin/od", 0x7fff57f26130, 0) = -1 ENOENT (No such file or directory)
766784 newfstatat(AT_FDCWD, "/home/firstmate/go/bin/od", 0x7fff57f26130, 0) = -1 ENOENT (No such file or directory)
766784 newfstatat(AT_FDCWD, "/home/firstmate/.cargo/bin/od", 0x7fff57f26130, 0) = -1 ENOENT (No such file or directory)
766784 newfstatat(AT_FDCWD, "/home/firstmate/bin/od", 0x7fff57f26130, 0) = -1 ENOENT (No such file or directory)
766784 newfstatat(AT_FDCWD, "/opt/homebrew/bin/od", 0x7fff57f26130, 0) = -1 ENOENT (No such file or directory)
766784 newfstatat(AT_FDCWD, "/opt/homebrew/sbin/od", 0x7fff57f26130, 0) = -1 ENOENT (No such file or directory)
766784 newfstatat(AT_FDCWD, "/usr/local/bin/od", 0x7fff57f26130, 0) = -1 ENOENT (No such file or directory)
766784 newfstatat(AT_FDCWD, "/usr/local/sbin/od", 0x7fff57f26130, 0) = -1 ENOENT (No such file or directory)
766784 newfstatat(AT_FDCWD, "/usr/bin/od", {st_mode=S_IFREG|0755, st_size=11352352, ...}, 0) = 0
766784 newfstatat(AT_FDCWD, "/usr/bin/od", {st_mode=S_IFREG|0755, st_size=11352352, ...}, 0) = 0
766784 access("/usr/bin/od", X_OK)      = 0
766784 newfstatat(AT_FDCWD, "/usr/bin/od", {st_mode=S_IFREG|0755, st_size=11352352, ...}, 0) = 0
766784 access("/usr/bin/od", R_OK)      = 0
766784 openat(AT_FDCWD, "/dev/null", O_WRONLY|O_CREAT|O_TRUNC, 0666) = 3
766786 newfstatat(AT_FDCWD, ".", {st_mode=S_IFDIR|0775, st_size=4096, ...}, 0) = 0
766786 newfstatat(AT_FDCWD, "/home/firstmate/.local/codex-latest/lib/node_modules/@openai/codex/node_modules/@openai/codex-linux-x64/vendor/x86_64-unknown-linux-musl/codex-path/tr", 0x7fff57f26130, 0) = -1 ENOENT (No such file or directory)
766786 newfstatat(AT_FDCWD, "/home/firstmate/.codex-5/tmp/arg0/codex-arg065EgpK/tr", 0x7fff57f26130, 0) = -1 ENOENT (No such file or directory)
766784 execve("/usr/bin/od", ["od", "-An", "-v", "-tx1", "/proc/760355/cmdline"], 0x614255d88570 /* 9 vars */ <unfinished ...>
766786 newfstatat(AT_FDCWD, "/home/firstmate/.local/codex-latest/lib/node_modules/@openai/codex/node_modules/@openai/codex-linux-x64/vendor/x86_64-unknown-linux-musl/codex-path/tr", 0x7fff57f26130, 0) = -1 ENOENT (No such file or directory)
766786 newfstatat(AT_FDCWD, "/home/firstmate/.local/bin/tr", 0x7fff57f26130, 0) = -1 ENOENT (No such file or directory)
766786 newfstatat(AT_FDCWD, "/home/firstmate/go/bin/tr", 0x7fff57f26130, 0) = -1 ENOENT (No such file or directory)
766786 newfstatat(AT_FDCWD, "/home/firstmate/.cargo/bin/tr", 0x7fff57f26130, 0) = -1 ENOENT (No such file or directory)
766786 newfstatat(AT_FDCWD, "/home/firstmate/bin/tr", 0x7fff57f26130, 0) = -1 ENOENT (No such file or directory)
766786 newfstatat(AT_FDCWD, "/opt/homebrew/bin/tr", 0x7fff57f26130, 0) = -1 ENOENT (No such file or directory)
766786 newfstatat(AT_FDCWD, "/opt/homebrew/sbin/tr", 0x7fff57f26130, 0) = -1 ENOENT (No such file or directory)
766786 newfstatat(AT_FDCWD, "/usr/local/bin/tr", 0x7fff57f26130, 0) = -1 ENOENT (No such file or directory)
766786 newfstatat(AT_FDCWD, "/usr/local/sbin/tr", 0x7fff57f26130, 0) = -1 ENOENT (No such file or directory)
766784 <... execve resumed>)            = 0
766786 newfstatat(AT_FDCWD, "/usr/bin/tr", {st_mode=S_IFREG|0755, st_size=11352352, ...}, 0) = 0
766786 newfstatat(AT_FDCWD, "/usr/bin/tr", {st_mode=S_IFREG|0755, st_size=11352352, ...}, 0) = 0
766786 access("/usr/bin/tr", X_OK)      = 0
766786 newfstatat(AT_FDCWD, "/usr/bin/tr", {st_mode=S_IFREG|0755, st_size=11352352, ...}, 0) = 0
766784 access("/etc/ld.so.preload", R_OK) = -1 ENOENT (No such file or directory)
766784 openat(AT_FDCWD, "/etc/ld.so.cache", O_RDONLY|O_CLOEXEC <unfinished ...>
766786 access("/usr/bin/tr", R_OK <unfinished ...>
766784 <... openat resumed>)            = 3
766786 <... access resumed>)            = 0
766786 execve("/usr/bin/tr", ["tr", "-d", "[:space:]"], 0x614255d88570 /* 9 vars */ <unfinished ...>
766784 openat(AT_FDCWD, "/usr/lib/x86_64-linux-gnu/libselinux.so.1", O_RDONLY|O_CLOEXEC) = 3
766786 <... execve resumed>)            = 0
766786 access("/etc/ld.so.preload", R_OK) = -1 ENOENT (No such file or directory)
766786 openat(AT_FDCWD, "/etc/ld.so.cache", O_RDONLY|O_CLOEXEC) = 3
766786 openat(AT_FDCWD, "/usr/lib/x86_64-linux-gnu/libselinux.so.1", O_RDONLY|O_CLOEXEC) = 3
766784 openat(AT_FDCWD, "/usr/lib/x86_64-linux-gnu/libgcc_s.so.1", O_RDONLY|O_CLOEXEC) = 3
766786 openat(AT_FDCWD, "/usr/lib/x86_64-linux-gnu/libgcc_s.so.1", O_RDONLY|O_CLOEXEC) = 3
766784 openat(AT_FDCWD, "/usr/lib/x86_64-linux-gnu/libm.so.6", O_RDONLY|O_CLOEXEC) = 3
766786 openat(AT_FDCWD, "/usr/lib/x86_64-linux-gnu/libm.so.6", O_RDONLY|O_CLOEXEC) = 3
766784 openat(AT_FDCWD, "/usr/lib/x86_64-linux-gnu/libc.so.6", O_RDONLY|O_CLOEXEC) = 3
766786 openat(AT_FDCWD, "/usr/lib/x86_64-linux-gnu/libc.so.6", O_RDONLY|O_CLOEXEC) = 3
766784 openat(AT_FDCWD, "/usr/lib/x86_64-linux-gnu/libpcre2-8.so.0", O_RDONLY|O_CLOEXEC) = 3
766786 openat(AT_FDCWD, "/usr/lib/x86_64-linux-gnu/libpcre2-8.so.0", O_RDONLY|O_CLOEXEC) = 3
766784 statfs("/sys/fs/selinux" <unfinished ...>
766786 statfs("/sys/fs/selinux" <unfinished ...>
766784 <... statfs resumed>, 0x7fff3a51af10) = -1 ENOENT (No such file or directory)
766786 <... statfs resumed>, 0x7ffc78759430) = -1 ENOENT (No such file or directory)
766786 statfs("/selinux" <unfinished ...>
766784 statfs("/selinux" <unfinished ...>
766786 <... statfs resumed>, 0x7ffc78759430) = -1 ENOENT (No such file or directory)
766784 <... statfs resumed>, 0x7fff3a51af10) = -1 ENOENT (No such file or directory)
766786 openat(AT_FDCWD, "/proc/filesystems", O_RDONLY|O_CLOEXEC <unfinished ...>
766784 openat(AT_FDCWD, "/proc/filesystems", O_RDONLY|O_CLOEXEC <unfinished ...>
766786 <... openat resumed>)            = 3
766784 <... openat resumed>)            = 3
766786 access("/etc/selinux/config", F_OK) = -1 ENOENT (No such file or directory)
766784 access("/etc/selinux/config", F_OK) = -1 ENOENT (No such file or directory)
766786 openat(AT_FDCWD, "/proc/self/maps", O_RDONLY|O_CLOEXEC) = 3
766784 openat(AT_FDCWD, "/proc/self/maps", O_RDONLY|O_CLOEXEC) = 3
766786 statx(AT_FDCWD, "/usr/share/coreutils/locales/tr", AT_STATX_SYNC_AS_STAT, STATX_ALL, {stx_mask=STATX_ALL|STATX_MNT_ID, stx_attributes=0, stx_mode=S_IFDIR|0755, stx_size=4096, ...}) = 0
766786 statx(AT_FDCWD, "/usr/share/coreutils/locales/uucore", AT_STATX_SYNC_AS_STAT, STATX_ALL, {stx_mask=STATX_ALL|STATX_MNT_ID, stx_attributes=0, stx_mode=S_IFDIR|0755, stx_size=4096, ...}) = 0
766784 statx(AT_FDCWD, "/usr/share/coreutils/locales/od", AT_STATX_SYNC_AS_STAT, STATX_ALL <unfinished ...>
766786 openat(AT_FDCWD, "/usr/share/coreutils/locales/uucore/en-US.ftl", O_RDONLY|O_CLOEXEC <unfinished ...>
766784 <... statx resumed>, {stx_mask=STATX_ALL|STATX_MNT_ID, stx_attributes=0, stx_mode=S_IFDIR|0755, stx_size=4096, ...}) = 0
766786 <... openat resumed>)            = 3
766784 statx(AT_FDCWD, "/usr/share/coreutils/locales/uucore", AT_STATX_SYNC_AS_STAT, STATX_ALL <unfinished ...>
766786 statx(3, "", AT_STATX_SYNC_AS_STAT|AT_EMPTY_PATH, STATX_ALL <unfinished ...>
766784 <... statx resumed>, {stx_mask=STATX_ALL|STATX_MNT_ID, stx_attributes=0, stx_mode=S_IFDIR|0755, stx_size=4096, ...}) = 0
766786 <... statx resumed>, {stx_mask=STATX_ALL|STATX_MNT_ID, stx_attributes=0, stx_mode=S_IFREG|0644, stx_size=4080, ...}) = 0
766784 openat(AT_FDCWD, "/usr/share/coreutils/locales/uucore/en-US.ftl", O_RDONLY|O_CLOEXEC) = 3
766784 statx(3, "", AT_STATX_SYNC_AS_STAT|AT_EMPTY_PATH, STATX_ALL, {stx_mask=STATX_ALL|STATX_MNT_ID, stx_attributes=0, stx_mode=S_IFREG|0644, stx_size=4080, ...}) = 0
766786 statx(AT_FDCWD, "/usr/share/coreutils/locales/tr", AT_STATX_SYNC_AS_STAT, STATX_ALL, {stx_mask=STATX_ALL|STATX_MNT_ID, stx_attributes=0, stx_mode=S_IFDIR|0755, stx_size=4096, ...}) = 0
766786 openat(AT_FDCWD, "/usr/share/coreutils/locales/tr/en-US.ftl", O_RDONLY|O_CLOEXEC) = -1 ENOENT (No such file or directory)
766784 statx(AT_FDCWD, "/usr/share/coreutils/locales/od", AT_STATX_SYNC_AS_STAT, STATX_ALL, {stx_mask=STATX_ALL|STATX_MNT_ID, stx_attributes=0, stx_mode=S_IFDIR|0755, stx_size=4096, ...}) = 0
766784 openat(AT_FDCWD, "/usr/share/coreutils/locales/od/en-US.ftl", O_RDONLY|O_CLOEXEC) = -1 ENOENT (No such file or directory)
766784 openat(AT_FDCWD, "/proc/760355/cmdline", O_RDONLY|O_CLOEXEC) = 3
766784 +++ exited with 0 +++
766786 +++ exited with 0 +++
766780 --- SIGCHLD {si_signo=SIGCHLD, si_code=CLD_EXITED, si_pid=766784, si_uid=0, si_status=0, si_utime=0, si_stime=1 /* 0.01 s */} ---
766780 +++ exited with 0 +++
766623 --- SIGCHLD {si_signo=SIGCHLD, si_code=CLD_EXITED, si_pid=766780, si_uid=0, si_status=0, si_utime=0, si_stime=0} ---
766799 newfstatat(AT_FDCWD, ".", {st_mode=S_IFDIR|0775, st_size=4096, ...}, 0) = 0
766799 newfstatat(AT_FDCWD, "/home/firstmate/.local/codex-latest/lib/node_modules/@openai/codex/node_modules/@openai/codex-linux-x64/vendor/x86_64-unknown-linux-musl/codex-path/cat", 0x7fff57f27450, 0) = -1 ENOENT (No such file or directory)
766799 newfstatat(AT_FDCWD, "/home/firstmate/.codex-5/tmp/arg0/codex-arg065EgpK/cat", 0x7fff57f27450, 0) = -1 ENOENT (No such file or directory)
766799 newfstatat(AT_FDCWD, "/home/firstmate/.local/codex-latest/lib/node_modules/@openai/codex/node_modules/@openai/codex-linux-x64/vendor/x86_64-unknown-linux-musl/codex-path/cat", 0x7fff57f27450, 0) = -1 ENOENT (No such file or directory)
766799 newfstatat(AT_FDCWD, "/home/firstmate/.local/bin/cat", 0x7fff57f27450, 0) = -1 ENOENT (No such file or directory)
766799 newfstatat(AT_FDCWD, "/home/firstmate/go/bin/cat", 0x7fff57f27450, 0) = -1 ENOENT (No such file or directory)
766799 newfstatat(AT_FDCWD, "/home/firstmate/.cargo/bin/cat", 0x7fff57f27450, 0) = -1 ENOENT (No such file or directory)
766799 newfstatat(AT_FDCWD, "/home/firstmate/bin/cat", 0x7fff57f27450, 0) = -1 ENOENT (No such file or directory)
766799 newfstatat(AT_FDCWD, "/opt/homebrew/bin/cat", 0x7fff57f27450, 0) = -1 ENOENT (No such file or directory)
766799 newfstatat(AT_FDCWD, "/opt/homebrew/sbin/cat", 0x7fff57f27450, 0) = -1 ENOENT (No such file or directory)
766799 newfstatat(AT_FDCWD, "/usr/local/bin/cat", 0x7fff57f27450, 0) = -1 ENOENT (No such file or directory)
766799 newfstatat(AT_FDCWD, "/usr/local/sbin/cat", 0x7fff57f27450, 0) = -1 ENOENT (No such file or directory)
766799 newfstatat(AT_FDCWD, "/usr/bin/cat", {st_mode=S_IFREG|0755, st_size=11352352, ...}, 0) = 0
766799 newfstatat(AT_FDCWD, "/usr/bin/cat", {st_mode=S_IFREG|0755, st_size=11352352, ...}, 0) = 0
766799 access("/usr/bin/cat", X_OK)     = 0
766799 newfstatat(AT_FDCWD, "/usr/bin/cat", {st_mode=S_IFREG|0755, st_size=11352352, ...}, 0) = 0
766799 access("/usr/bin/cat", R_OK)     = 0
766799 execve("/usr/bin/cat", ["cat", "/home/firstmate/.no-mistakes/wor"...], 0x614255d71170 /* 9 vars */) = 0
766799 access("/etc/ld.so.preload", R_OK) = -1 ENOENT (No such file or directory)
766799 openat(AT_FDCWD, "/etc/ld.so.cache", O_RDONLY|O_CLOEXEC) = 3
766799 openat(AT_FDCWD, "/usr/lib/x86_64-linux-gnu/libselinux.so.1", O_RDONLY|O_CLOEXEC) = 3
766799 openat(AT_FDCWD, "/usr/lib/x86_64-linux-gnu/libgcc_s.so.1", O_RDONLY|O_CLOEXEC) = 3
766799 openat(AT_FDCWD, "/usr/lib/x86_64-linux-gnu/libm.so.6", O_RDONLY|O_CLOEXEC) = 3
766799 openat(AT_FDCWD, "/usr/lib/x86_64-linux-gnu/libc.so.6", O_RDONLY|O_CLOEXEC) = 3
766799 openat(AT_FDCWD, "/usr/lib/x86_64-linux-gnu/libpcre2-8.so.0", O_RDONLY|O_CLOEXEC) = 3
766799 statfs("/sys/fs/selinux", 0x7fff2e6d9380) = -1 ENOENT (No such file or directory)
766799 statfs("/selinux", 0x7fff2e6d9380) = -1 ENOENT (No such file or directory)
766799 openat(AT_FDCWD, "/proc/filesystems", O_RDONLY|O_CLOEXEC) = 3
766799 access("/etc/selinux/config", F_OK) = -1 ENOENT (No such file or directory)
766799 openat(AT_FDCWD, "/proc/self/maps", O_RDONLY|O_CLOEXEC) = 3
766799 statx(AT_FDCWD, "/usr/share/coreutils/locales/cat", AT_STATX_SYNC_AS_STAT, STATX_ALL, {stx_mask=STATX_ALL|STATX_MNT_ID, stx_attributes=0, stx_mode=S_IFDIR|0755, stx_size=4096, ...}) = 0
766799 statx(AT_FDCWD, "/usr/share/coreutils/locales/uucore", AT_STATX_SYNC_AS_STAT, STATX_ALL, {stx_mask=STATX_ALL|STATX_MNT_ID, stx_attributes=0, stx_mode=S_IFDIR|0755, stx_size=4096, ...}) = 0
766799 openat(AT_FDCWD, "/usr/share/coreutils/locales/uucore/en-US.ftl", O_RDONLY|O_CLOEXEC) = 3
766799 statx(3, "", AT_STATX_SYNC_AS_STAT|AT_EMPTY_PATH, STATX_ALL, {stx_mask=STATX_ALL|STATX_MNT_ID, stx_attributes=0, stx_mode=S_IFREG|0644, stx_size=4080, ...}) = 0
766799 statx(AT_FDCWD, "/usr/share/coreutils/locales/cat", AT_STATX_SYNC_AS_STAT, STATX_ALL, {stx_mask=STATX_ALL|STATX_MNT_ID, stx_attributes=0, stx_mode=S_IFDIR|0755, stx_size=4096, ...}) = 0
766799 openat(AT_FDCWD, "/usr/share/coreutils/locales/cat/en-US.ftl", O_RDONLY|O_CLOEXEC) = -1 ENOENT (No such file or directory)
766799 statx(AT_FDCWD, "/home/firstmate/.no-mistakes/worktrees/8352e211db7e/01M4F29HK4JCAKXEQ2F50R6HHX/.test-tmp/boundary/home/state/.lock", AT_STATX_SYNC_AS_STAT, STATX_ALL, {stx_mask=STATX_ALL|STATX_MNT_ID, stx_attributes=0, stx_mode=S_IFREG|0600, stx_size=7, ...}) = 0
766799 openat(AT_FDCWD, "/home/firstmate/.no-mistakes/worktrees/8352e211db7e/01M4F29HK4JCAKXEQ2F50R6HHX/.test-tmp/boundary/home/state/.lock", O_RDONLY|O_CLOEXEC) = 3
766799 +++ exited with 0 +++
766623 --- SIGCHLD {si_signo=SIGCHLD, si_code=CLD_EXITED, si_pid=766799, si_uid=0, si_status=0, si_utime=0, si_stime=0} ---
766623 newfstatat(AT_FDCWD, ".", {st_mode=S_IFDIR|0775, st_size=4096, ...}, 0) = 0
766623 newfstatat(AT_FDCWD, "/home/firstmate/.local/codex-latest/lib/node_modules/@openai/codex/node_modules/@openai/codex-linux-x64/vendor/x86_64-unknown-linux-musl/codex-path/python3", 0x7fff57f28140, 0) = -1 ENOENT (No such file or directory)
766623 newfstatat(AT_FDCWD, "/home/firstmate/.codex-5/tmp/arg0/codex-arg065EgpK/python3", 0x7fff57f28140, 0) = -1 ENOENT (No such file or directory)
766623 newfstatat(AT_FDCWD, "/home/firstmate/.local/codex-latest/lib/node_modules/@openai/codex/node_modules/@openai/codex-linux-x64/vendor/x86_64-unknown-linux-musl/codex-path/python3", 0x7fff57f28140, 0) = -1 ENOENT (No such file or directory)
766623 newfstatat(AT_FDCWD, "/home/firstmate/.local/bin/python3", 0x7fff57f28140, 0) = -1 ENOENT (No such file or directory)
766623 newfstatat(AT_FDCWD, "/home/firstmate/go/bin/python3", 0x7fff57f28140, 0) = -1 ENOENT (No such file or directory)
766623 newfstatat(AT_FDCWD, "/home/firstmate/.cargo/bin/python3", 0x7fff57f28140, 0) = -1 ENOENT (No such file or directory)
766623 newfstatat(AT_FDCWD, "/home/firstmate/bin/python3", 0x7fff57f28140, 0) = -1 ENOENT (No such file or directory)
766623 newfstatat(AT_FDCWD, "/opt/homebrew/bin/python3", 0x7fff57f28140, 0) = -1 ENOENT (No such file or directory)
766623 newfstatat(AT_FDCWD, "/opt/homebrew/sbin/python3", 0x7fff57f28140, 0) = -1 ENOENT (No such file or directory)
766623 newfstatat(AT_FDCWD, "/usr/local/bin/python3", 0x7fff57f28140, 0) = -1 ENOENT (No such file or directory)
766623 newfstatat(AT_FDCWD, "/usr/local/sbin/python3", 0x7fff57f28140, 0) = -1 ENOENT (No such file or directory)
766623 newfstatat(AT_FDCWD, "/usr/bin/python3", {st_mode=S_IFREG|0755, st_size=7477160, ...}, 0) = 0
766623 newfstatat(AT_FDCWD, "/usr/bin/python3", {st_mode=S_IFREG|0755, st_size=7477160, ...}, 0) = 0
766623 access("/usr/bin/python3", X_OK) = 0
766623 newfstatat(AT_FDCWD, "/usr/bin/python3", {st_mode=S_IFREG|0755, st_size=7477160, ...}, 0) = 0
766623 access("/usr/bin/python3", R_OK) = 0
766623 execve("/usr/bin/python3", ["python3", "/home/firstmate/.no-mistakes/wor"..., "poll"], 0x614255d71170 /* 8 vars */) = 0
766623 access("/etc/ld.so.preload", R_OK) = -1 ENOENT (No such file or directory)
766623 openat(AT_FDCWD, "/etc/ld.so.cache", O_RDONLY|O_CLOEXEC) = 3
766623 openat(AT_FDCWD, "/usr/lib/x86_64-linux-gnu/libm.so.6", O_RDONLY|O_CLOEXEC) = 3
766623 openat(AT_FDCWD, "/usr/lib/x86_64-linux-gnu/libz.so.1", O_RDONLY|O_CLOEXEC) = 3
766623 openat(AT_FDCWD, "/usr/lib/x86_64-linux-gnu/libexpat.so.1", O_RDONLY|O_CLOEXEC) = 3
766623 openat(AT_FDCWD, "/usr/lib/x86_64-linux-gnu/libc.so.6", O_RDONLY|O_CLOEXEC) = 3
766623 open("/proc/sys/vm/overcommit_memory", O_RDONLY) = 3
766623 openat(AT_FDCWD, "/usr/lib/locale/locale-archive", O_RDONLY|O_CLOEXEC) = 3
766623 openat(AT_FDCWD, "/usr/share/locale/locale.alias", O_RDONLY|O_CLOEXEC) = -1 ENOENT (No such file or directory)
766623 openat(AT_FDCWD, "/usr/lib/locale/C.UTF-8/LC_CTYPE", O_RDONLY|O_CLOEXEC) = -1 ENOENT (No such file or directory)
766623 openat(AT_FDCWD, "/usr/lib/locale/C.utf8/LC_CTYPE", O_RDONLY|O_CLOEXEC) = 3
766623 openat(AT_FDCWD, "/usr/lib/x86_64-linux-gnu/gconv/gconv-modules.cache", O_RDONLY|O_CLOEXEC) = 3
766623 openat(AT_FDCWD, "/proc/self/maps", O_RDONLY|O_CLOEXEC) = 3
766623 newfstatat(AT_FDCWD, "/home/firstmate/.local/codex-latest/lib/node_modules/@openai/codex/node_modules/@openai/codex-linux-x64/vendor/x86_64-unknown-linux-musl/codex-path/python3", 0x7ffd0ab14950, 0) = -1 ENOENT (No such file or directory)
766623 newfstatat(AT_FDCWD, "/home/firstmate/.codex-5/tmp/arg0/codex-arg065EgpK/python3", 0x7ffd0ab14950, 0) = -1 ENOENT (No such file or directory)
766623 newfstatat(AT_FDCWD, "/home/firstmate/.local/codex-latest/lib/node_modules/@openai/codex/node_modules/@openai/codex-linux-x64/vendor/x86_64-unknown-linux-musl/codex-path/python3", 0x7ffd0ab14950, 0) = -1 ENOENT (No such file or directory)
766623 newfstatat(AT_FDCWD, "/home/firstmate/.local/bin/python3", 0x7ffd0ab14950, 0) = -1 ENOENT (No such file or directory)
766623 newfstatat(AT_FDCWD, "/home/firstmate/go/bin/python3", 0x7ffd0ab14950, 0) = -1 ENOENT (No such file or directory)
766623 newfstatat(AT_FDCWD, "/home/firstmate/.cargo/bin/python3", 0x7ffd0ab14950, 0) = -1 ENOENT (No such file or directory)
766623 newfstatat(AT_FDCWD, "/home/firstmate/bin/python3", 0x7ffd0ab14950, 0) = -1 ENOENT (No such file or directory)
766623 newfstatat(AT_FDCWD, "/opt/homebrew/bin/python3", 0x7ffd0ab14950, 0) = -1 ENOENT (No such file or directory)
766623 newfstatat(AT_FDCWD, "/opt/homebrew/sbin/python3", 0x7ffd0ab14950, 0) = -1 ENOENT (No such file or directory)
766623 newfstatat(AT_FDCWD, "/usr/local/bin/python3", 0x7ffd0ab14950, 0) = -1 ENOENT (No such file or directory)
766623 newfstatat(AT_FDCWD, "/usr/local/sbin/python3", 0x7ffd0ab14950, 0) = -1 ENOENT (No such file or directory)
766623 newfstatat(AT_FDCWD, "/usr/bin/python3", {st_mode=S_IFREG|0755, st_size=7477160, ...}, 0) = 0
766623 openat(AT_FDCWD, "/usr/pyvenv.cfg", O_RDONLY) = -1 ENOENT (No such file or directory)
766623 openat(AT_FDCWD, "/usr/bin/pyvenv.cfg", O_RDONLY) = -1 ENOENT (No such file or directory)
766623 readlink("/usr/bin/python3", "python3.14", 4096) = 10
766623 readlink("/usr/bin/python3.14", 0x7ffd0ab0f970, 4096) = -1 EINVAL (Invalid argument)
766623 openat(AT_FDCWD, "/usr/bin/python3._pth", O_RDONLY) = -1 ENOENT (No such file or directory)
766623 openat(AT_FDCWD, "/usr/bin/python3.14._pth", O_RDONLY) = -1 ENOENT (No such file or directory)
766623 openat(AT_FDCWD, "/usr/bin/pybuilddir.txt", O_RDONLY) = -1 ENOENT (No such file or directory)
766623 newfstatat(AT_FDCWD, "/usr/bin/Modules/Setup.local", 0x7ffd0ab14950, 0) = -1 ENOENT (No such file or directory)
766623 newfstatat(AT_FDCWD, "/usr/bin/lib/python314.zip", 0x7ffd0ab14630, 0) = -1 ENOENT (No such file or directory)
766623 newfstatat(AT_FDCWD, "/usr/lib/python314.zip", 0x7ffd0ab14950, 0) = -1 ENOENT (No such file or directory)
766623 newfstatat(AT_FDCWD, "/usr/bin/lib/python3.14/os.py", 0x7ffd0ab14950, 0) = -1 ENOENT (No such file or directory)
766623 newfstatat(AT_FDCWD, "/usr/bin/lib/python3.14/os.pyc", 0x7ffd0ab14950, 0) = -1 ENOENT (No such file or directory)
766623 newfstatat(AT_FDCWD, "/usr/lib/python3.14/os.py", {st_mode=S_IFREG|0644, st_size=41959, ...}, 0) = 0
766623 newfstatat(AT_FDCWD, "/usr/lib/python3.14/lib-dynload", {st_mode=S_IFDIR|0755, st_size=16384, ...}, 0) = 0
766623 newfstatat(AT_FDCWD, "/usr/lib/python3.14/lib-dynload", {st_mode=S_IFDIR|0755, st_size=16384, ...}, 0) = 0
766623 openat(AT_FDCWD, "/etc/localtime", O_RDONLY|O_CLOEXEC) = 3
766623 newfstatat(AT_FDCWD, "/usr/lib/python314.zip", 0x7ffd0ab14110, 0) = -1 ENOENT (No such file or directory)
766623 newfstatat(AT_FDCWD, "/usr/lib", {st_mode=S_IFDIR|0755, st_size=4096, ...}, 0) = 0
766623 newfstatat(AT_FDCWD, "/usr/lib/python314.zip", 0x7ffd0ab145f0, 0) = -1 ENOENT (No such file or directory)
766623 newfstatat(AT_FDCWD, "/usr/lib/python3.14", {st_mode=S_IFDIR|0755, st_size=20480, ...}, 0) = 0
766623 newfstatat(AT_FDCWD, "/usr/lib/python3.14", {st_mode=S_IFDIR|0755, st_size=20480, ...}, 0) = 0
766623 newfstatat(AT_FDCWD, "/usr/lib/python3.14", {st_mode=S_IFDIR|0755, st_size=20480, ...}, 0) = 0
766623 openat(AT_FDCWD, "/usr/lib/python3.14", O_RDONLY|O_NONBLOCK|O_CLOEXEC|O_DIRECTORY) = 3
766623 newfstatat(AT_FDCWD, "/usr/lib/python3.14/encodings/__init__.cpython-314-x86_64-linux-gnu.so", 0x7ffd0ab145f0, 0) = -1 ENOENT (No such file or directory)
766623 newfstatat(AT_FDCWD, "/usr/lib/python3.14/encodings/__init__.abi3.so", 0x7ffd0ab145f0, 0) = -1 ENOENT (No such file or directory)
766623 newfstatat(AT_FDCWD, "/usr/lib/python3.14/encodings/__init__.abi3-x86_64-linux-gnu.so", 0x7ffd0ab145f0, 0) = -1 ENOENT (No such file or directory)
766623 newfstatat(AT_FDCWD, "/usr/lib/python3.14/encodings/__init__.so", 0x7ffd0ab145f0, 0) = -1 ENOENT (No such file or directory)
766623 newfstatat(AT_FDCWD, "/usr/lib/python3.14/encodings/__init__.py", {st_mode=S_IFREG|0644, st_size=5945, ...}, 0) = 0
766623 newfstatat(AT_FDCWD, "/usr/lib/python3.14/encodings/__init__.py", {st_mode=S_IFREG|0644, st_size=5945, ...}, 0) = 0
766623 openat(AT_FDCWD, "/usr/lib/python3.14/encodings/__pycache__/__init__.cpython-314.pyc", O_RDONLY|O_CLOEXEC) = 3
766623 newfstatat(AT_FDCWD, "/usr/lib/python3.14/encodings", {st_mode=S_IFDIR|0755, st_size=20480, ...}, 0) = 0
766623 newfstatat(AT_FDCWD, "/usr/lib/python3.14/encodings", {st_mode=S_IFDIR|0755, st_size=20480, ...}, 0) = 0
766623 newfstatat(AT_FDCWD, "/usr/lib/python3.14/encodings", {st_mode=S_IFDIR|0755, st_size=20480, ...}, 0) = 0
766623 openat(AT_FDCWD, "/usr/lib/python3.14/encodings", O_RDONLY|O_NONBLOCK|O_CLOEXEC|O_DIRECTORY) = 3
766623 newfstatat(AT_FDCWD, "/usr/lib/python3.14/encodings/aliases.py", {st_mode=S_IFREG|0644, st_size=15957, ...}, 0) = 0
766623 newfstatat(AT_FDCWD, "/usr/lib/python3.14/encodings/aliases.py", {st_mode=S_IFREG|0644, st_size=15957, ...}, 0) = 0
766623 openat(AT_FDCWD, "/usr/lib/python3.14/encodings/__pycache__/aliases.cpython-314.pyc", O_RDONLY|O_CLOEXEC) = 3
766623 newfstatat(AT_FDCWD, "/usr/lib/python3.14/encodings", {st_mode=S_IFDIR|0755, st_size=20480, ...}, 0) = 0
766623 newfstatat(AT_FDCWD, "/usr/lib/python3.14/encodings/utf_8.py", {st_mode=S_IFREG|0644, st_size=1005, ...}, 0) = 0
766623 newfstatat(AT_FDCWD, "/usr/lib/python3.14/encodings/utf_8.py", {st_mode=S_IFREG|0644, st_size=1005, ...}, 0) = 0
766623 openat(AT_FDCWD, "/usr/lib/python3.14/encodings/__pycache__/utf_8.cpython-314.pyc", O_RDONLY|O_CLOEXEC) = 3
766623 newfstatat(AT_FDCWD, "/usr/bin/pyvenv.cfg", 0x7ffd0ab13e50, 0) = -1 ENOENT (No such file or directory)
766623 newfstatat(AT_FDCWD, "/usr/pyvenv.cfg", 0x7ffd0ab13e70, 0) = -1 ENOENT (No such file or directory)
766623 newfstatat(AT_FDCWD, "/home/firstmate/.local/lib/python3.14/site-packages", {st_mode=S_IFDIR|0775, st_size=4096, ...}, 0) = 0
766623 openat(AT_FDCWD, "/home/firstmate/.local/lib/python3.14/site-packages", O_RDONLY|O_NONBLOCK|O_CLOEXEC|O_DIRECTORY) = 3
766623 newfstatat(AT_FDCWD, "/usr/local/lib/python3.14/dist-packages", {st_mode=S_IFDIR|0755, st_size=4096, ...}, 0) = 0
766623 openat(AT_FDCWD, "/usr/local/lib/python3.14/dist-packages", O_RDONLY|O_NONBLOCK|O_CLOEXEC|O_DIRECTORY) = 3
766623 newfstatat(AT_FDCWD, "/usr/lib/python3/dist-packages", {st_mode=S_IFDIR|0755, st_size=12288, ...}, 0) = 0
766623 openat(AT_FDCWD, "/usr/lib/python3/dist-packages", O_RDONLY|O_NONBLOCK|O_CLOEXEC|O_DIRECTORY) = 3
766623 newfstatat(AT_FDCWD, "/usr/lib/python3/dist-packages/distutils-precedence.pth", {st_mode=S_IFREG|0644, st_size=151, ...}, AT_SYMLINK_NOFOLLOW) = 0
766623 openat(AT_FDCWD, "/usr/lib/python3/dist-packages/distutils-precedence.pth", O_RDONLY|O_CLOEXEC) = 3
766623 newfstatat(AT_FDCWD, "/usr/lib/python3.14/encodings", {st_mode=S_IFDIR|0755, st_size=20480, ...}, 0) = 0
766623 newfstatat(AT_FDCWD, "/usr/lib/python3.14/encodings/utf_8_sig.py", {st_mode=S_IFREG|0644, st_size=4133, ...}, 0) = 0
766623 newfstatat(AT_FDCWD, "/usr/lib/python3.14/encodings/utf_8_sig.py", {st_mode=S_IFREG|0644, st_size=4133, ...}, 0) = 0
766623 openat(AT_FDCWD, "/usr/lib/python3.14/encodings/__pycache__/utf_8_sig.cpython-314.pyc", O_RDONLY|O_CLOEXEC) = 3
766623 newfstatat(AT_FDCWD, "/usr/lib/python3.14", {st_mode=S_IFDIR|0755, st_size=20480, ...}, 0) = 0
766623 newfstatat(AT_FDCWD, "/usr/lib/python3.14/lib-dynload", {st_mode=S_IFDIR|0755, st_size=16384, ...}, 0) = 0
766623 newfstatat(AT_FDCWD, "/usr/lib/python3.14/lib-dynload", {st_mode=S_IFDIR|0755, st_size=16384, ...}, 0) = 0
766623 newfstatat(AT_FDCWD, "/usr/lib/python3.14/lib-dynload", {st_mode=S_IFDIR|0755, st_size=16384, ...}, 0) = 0
766623 openat(AT_FDCWD, "/usr/lib/python3.14/lib-dynload", O_RDONLY|O_NONBLOCK|O_CLOEXEC|O_DIRECTORY) = 3
766623 newfstatat(AT_FDCWD, "/home/firstmate/.local/lib/python3.14/site-packages", {st_mode=S_IFDIR|0775, st_size=4096, ...}, 0) = 0
766623 newfstatat(AT_FDCWD, "/home/firstmate/.local/lib/python3.14/site-packages", {st_mode=S_IFDIR|0775, st_size=4096, ...}, 0) = 0
766623 newfstatat(AT_FDCWD, "/home/firstmate/.local/lib/python3.14/site-packages", {st_mode=S_IFDIR|0775, st_size=4096, ...}, 0) = 0
766623 openat(AT_FDCWD, "/home/firstmate/.local/lib/python3.14/site-packages", O_RDONLY|O_NONBLOCK|O_CLOEXEC|O_DIRECTORY) = 3
766623 newfstatat(AT_FDCWD, "/usr/local/lib/python3.14/dist-packages", {st_mode=S_IFDIR|0755, st_size=4096, ...}, 0) = 0
766623 newfstatat(AT_FDCWD, "/usr/local/lib/python3.14/dist-packages", {st_mode=S_IFDIR|0755, st_size=4096, ...}, 0) = 0
766623 newfstatat(AT_FDCWD, "/usr/local/lib/python3.14/dist-packages", {st_mode=S_IFDIR|0755, st_size=4096, ...}, 0) = 0
766623 openat(AT_FDCWD, "/usr/local/lib/python3.14/dist-packages", O_RDONLY|O_NONBLOCK|O_CLOEXEC|O_DIRECTORY) = 3
766623 newfstatat(AT_FDCWD, "/usr/lib/python3/dist-packages", {st_mode=S_IFDIR|0755, st_size=12288, ...}, 0) = 0
766623 newfstatat(AT_FDCWD, "/usr/lib/python3/dist-packages", {st_mode=S_IFDIR|0755, st_size=12288, ...}, 0) = 0
766623 newfstatat(AT_FDCWD, "/usr/lib/python3/dist-packages", {st_mode=S_IFDIR|0755, st_size=12288, ...}, 0) = 0
766623 openat(AT_FDCWD, "/usr/lib/python3/dist-packages", O_RDONLY|O_NONBLOCK|O_CLOEXEC|O_DIRECTORY) = 3
766623 newfstatat(AT_FDCWD, "/usr/lib/python3/dist-packages/_distutils_hack/__init__.cpython-314-x86_64-linux-gnu.so", 0x7ffd0ab13600, 0) = -1 ENOENT (No such file or directory)
766623 newfstatat(AT_FDCWD, "/usr/lib/python3/dist-packages/_distutils_hack/__init__.abi3.so", 0x7ffd0ab13600, 0) = -1 ENOENT (No such file or directory)
766623 newfstatat(AT_FDCWD, "/usr/lib/python3/dist-packages/_distutils_hack/__init__.abi3-x86_64-linux-gnu.so", 0x7ffd0ab13600, 0) = -1 ENOENT (No such file or directory)
766623 newfstatat(AT_FDCWD, "/usr/lib/python3/dist-packages/_distutils_hack/__init__.so", 0x7ffd0ab13600, 0) = -1 ENOENT (No such file or directory)
766623 newfstatat(AT_FDCWD, "/usr/lib/python3/dist-packages/_distutils_hack/__init__.py", {st_mode=S_IFREG|0644, st_size=6755, ...}, 0) = 0
766623 newfstatat(AT_FDCWD, "/usr/lib/python3/dist-packages/_distutils_hack/__init__.py", {st_mode=S_IFREG|0644, st_size=6755, ...}, 0) = 0
766623 openat(AT_FDCWD, "/usr/lib/python3/dist-packages/_distutils_hack/__pycache__/__init__.cpython-314.pyc", O_RDONLY|O_CLOEXEC) = 3
766623 newfstatat(AT_FDCWD, "/usr/lib/python3.14/dist-packages", 0x7ffd0ab141c0, 0) = -1 ENOENT (No such file or directory)
766623 newfstatat(AT_FDCWD, "/usr/lib/python3.14", {st_mode=S_IFDIR|0755, st_size=20480, ...}, 0) = 0
766623 newfstatat(AT_FDCWD, "/usr/lib/python3.14/sitecustomize.py", {st_mode=S_IFREG|0644, st_size=155, ...}, 0) = 0
766623 newfstatat(AT_FDCWD, "/usr/lib/python3.14/sitecustomize.py", {st_mode=S_IFREG|0644, st_size=155, ...}, 0) = 0
766623 openat(AT_FDCWD, "/usr/lib/python3.14/__pycache__/sitecustomize.cpython-314.pyc", O_RDONLY|O_CLOEXEC) = 3
766623 newfstatat(AT_FDCWD, "/usr/lib/python3.14", {st_mode=S_IFDIR|0755, st_size=20480, ...}, 0) = 0
766623 newfstatat(AT_FDCWD, "/usr/lib/python3.14/lib-dynload", {st_mode=S_IFDIR|0755, st_size=16384, ...}, 0) = 0
766623 newfstatat(AT_FDCWD, "/home/firstmate/.local/lib/python3.14/site-packages", {st_mode=S_IFDIR|0775, st_size=4096, ...}, 0) = 0
766623 newfstatat(AT_FDCWD, "/usr/local/lib/python3.14/dist-packages", {st_mode=S_IFDIR|0755, st_size=4096, ...}, 0) = 0
766623 newfstatat(AT_FDCWD, "/usr/lib/python3/dist-packages", {st_mode=S_IFDIR|0755, st_size=12288, ...}, 0) = 0
766623 newfstatat(AT_FDCWD, "/usr/lib/python3/dist-packages/apport_python_hook.py", {st_mode=S_IFREG|0644, st_size=8896, ...}, 0) = 0
766623 newfstatat(AT_FDCWD, "/usr/lib/python3/dist-packages/apport_python_hook.py", {st_mode=S_IFREG|0644, st_size=8896, ...}, 0) = 0
766623 openat(AT_FDCWD, "/usr/lib/python3/dist-packages/__pycache__/apport_python_hook.cpython-314.pyc", O_RDONLY|O_CLOEXEC) = 3
766623 newfstatat(AT_FDCWD, "/usr/lib/python3.14", {st_mode=S_IFDIR|0755, st_size=20480, ...}, 0) = 0
766623 newfstatat(AT_FDCWD, "/usr/lib/python3.14/types.py", {st_mode=S_IFREG|0644, st_size=11459, ...}, 0) = 0
766623 newfstatat(AT_FDCWD, "/usr/lib/python3.14/types.py", {st_mode=S_IFREG|0644, st_size=11459, ...}, 0) = 0
766623 openat(AT_FDCWD, "/usr/lib/python3.14/__pycache__/types.cpython-314.pyc", O_RDONLY|O_CLOEXEC) = 3
766623 newfstatat(AT_FDCWD, "/usr/lib/python3.14", {st_mode=S_IFDIR|0755, st_size=20480, ...}, 0) = 0
766623 newfstatat(AT_FDCWD, "/usr/lib/python3.14/lib-dynload", {st_mode=S_IFDIR|0755, st_size=16384, ...}, 0) = 0
766623 newfstatat(AT_FDCWD, "/home/firstmate/.local/lib/python3.14/site-packages", {st_mode=S_IFDIR|0775, st_size=4096, ...}, 0) = 0
766623 newfstatat(AT_FDCWD, "/usr/local/lib/python3.14/dist-packages", {st_mode=S_IFDIR|0755, st_size=4096, ...}, 0) = 0
766623 newfstatat(AT_FDCWD, "/usr/lib/python3/dist-packages", {st_mode=S_IFDIR|0755, st_size=12288, ...}, 0) = 0
766623 newfstatat(AT_FDCWD, "/home/firstmate/.no-mistakes/worktrees/8352e211db7e/01M4F29HK4JCAKXEQ2F50R6HHX/bin/fm_inbox_conversation.py", {st_mode=S_IFREG|0664, st_size=33410, ...}, 0) = 0
766623 openat(AT_FDCWD, "/home/firstmate/.no-mistakes/worktrees/8352e211db7e/01M4F29HK4JCAKXEQ2F50R6HHX/bin/fm_inbox_conversation.py", O_RDONLY|O_CLOEXEC) = 3
766623 newfstatat(AT_FDCWD, "/home/firstmate/.no-mistakes/worktrees/8352e211db7e/01M4F29HK4JCAKXEQ2F50R6HHX/bin/fm_inbox_conversation.py", {st_mode=S_IFREG|0664, st_size=33410, ...}, 0) = 0
766623 readlink("/home/firstmate/.no-mistakes/worktrees/8352e211db7e/01M4F29HK4JCAKXEQ2F50R6HHX/bin/fm_inbox_conversation.py", 0x7ffd0ab031d0, 4096) = -1 EINVAL (Invalid argument)
766623 readlink("/home", 0x7ffd0ab03db0, 1023) = -1 EINVAL (Invalid argument)
766623 readlink("/home/firstmate", 0x7ffd0ab03db0, 1023) = -1 EINVAL (Invalid argument)
766623 readlink("/home/firstmate/.no-mistakes", 0x7ffd0ab03db0, 1023) = -1 EINVAL (Invalid argument)
766623 readlink("/home/firstmate/.no-mistakes/worktrees", 0x7ffd0ab03db0, 1023) = -1 EINVAL (Invalid argument)
766623 readlink("/home/firstmate/.no-mistakes/worktrees/8352e211db7e", 0x7ffd0ab03db0, 1023) = -1 EINVAL (Invalid argument)
766623 readlink("/home/firstmate/.no-mistakes/worktrees/8352e211db7e/01M4F29HK4JCAKXEQ2F50R6HHX", 0x7ffd0ab03db0, 1023) = -1 EINVAL (Invalid argument)
766623 readlink("/home/firstmate/.no-mistakes/worktrees/8352e211db7e/01M4F29HK4JCAKXEQ2F50R6HHX/bin", 0x7ffd0ab03db0, 1023) = -1 EINVAL (Invalid argument)
766623 readlink("/home/firstmate/.no-mistakes/worktrees/8352e211db7e/01M4F29HK4JCAKXEQ2F50R6HHX/bin/fm_inbox_conversation.py", 0x7ffd0ab03db0, 1023) = -1 EINVAL (Invalid argument)
766623 openat(AT_FDCWD, "/home/firstmate/.no-mistakes/worktrees/8352e211db7e/01M4F29HK4JCAKXEQ2F50R6HHX/bin/fm_inbox_conversation.py", O_RDONLY) = 3
766623 newfstatat(AT_FDCWD, "/home/firstmate/.no-mistakes/worktrees/8352e211db7e/01M4F29HK4JCAKXEQ2F50R6HHX/bin", {st_mode=S_IFDIR|0775, st_size=12288, ...}, 0) = 0
766623 newfstatat(AT_FDCWD, "/home/firstmate/.no-mistakes/worktrees/8352e211db7e/01M4F29HK4JCAKXEQ2F50R6HHX/bin", {st_mode=S_IFDIR|0775, st_size=12288, ...}, 0) = 0
766623 newfstatat(AT_FDCWD, "/home/firstmate/.no-mistakes/worktrees/8352e211db7e/01M4F29HK4JCAKXEQ2F50R6HHX/bin", {st_mode=S_IFDIR|0775, st_size=12288, ...}, 0) = 0
766623 openat(AT_FDCWD, "/home/firstmate/.no-mistakes/worktrees/8352e211db7e/01M4F29HK4JCAKXEQ2F50R6HHX/bin", O_RDONLY|O_NONBLOCK|O_CLOEXEC|O_DIRECTORY) = 3
766623 newfstatat(AT_FDCWD, "/usr/lib/python3.14", {st_mode=S_IFDIR|0755, st_size=20480, ...}, 0) = 0
766623 newfstatat(AT_FDCWD, "/usr/lib/python3.14/hashlib.py", {st_mode=S_IFREG|0644, st_size=9459, ...}, 0) = 0
766623 newfstatat(AT_FDCWD, "/usr/lib/python3.14/hashlib.py", {st_mode=S_IFREG|0644, st_size=9459, ...}, 0) = 0
766623 openat(AT_FDCWD, "/usr/lib/python3.14/__pycache__/hashlib.cpython-314.pyc", O_RDONLY|O_CLOEXEC) = 3
766623 newfstatat(AT_FDCWD, "/home/firstmate/.no-mistakes/worktrees/8352e211db7e/01M4F29HK4JCAKXEQ2F50R6HHX/bin", {st_mode=S_IFDIR|0775, st_size=12288, ...}, 0) = 0
766623 newfstatat(AT_FDCWD, "/usr/lib/python3.14", {st_mode=S_IFDIR|0755, st_size=20480, ...}, 0) = 0
766623 newfstatat(AT_FDCWD, "/usr/lib/python3.14/lib-dynload", {st_mode=S_IFDIR|0755, st_size=16384, ...}, 0) = 0
766623 newfstatat(AT_FDCWD, "/usr/lib/python3.14/lib-dynload/_hashlib.cpython-314-x86_64-linux-gnu.so", {st_mode=S_IFREG|0644, st_size=64448, ...}, 0) = 0
766623 openat(AT_FDCWD, "/usr/lib/python3.14/lib-dynload/_hashlib.cpython-314-x86_64-linux-gnu.so", O_RDONLY|O_CLOEXEC) = 3
766623 openat(AT_FDCWD, "/etc/ld.so.cache", O_RDONLY|O_CLOEXEC) = 3
766623 openat(AT_FDCWD, "/usr/lib/x86_64-linux-gnu/libcrypto.so.3", O_RDONLY|O_CLOEXEC) = 3
766623 openat(AT_FDCWD, "/usr/lib/x86_64-linux-gnu/libzstd.so.1", O_RDONLY|O_CLOEXEC) = 3
766623 openat(AT_FDCWD, "/proc/sys/crypto/fips_enabled", O_RDONLY) = -1 ENOENT (No such file or directory)
766623 openat(AT_FDCWD, "/etc/ubuntu-fips", O_RDONLY) = -1 ENOENT (No such file or directory)
766623 openat(AT_FDCWD, "/usr/lib/ssl/openssl.cnf", O_RDONLY) = 3
766623 newfstatat(AT_FDCWD, "/var/lib/crypto-config/profiles/current/openssl.conf.d", 0x7ffd0ab135b0, 0) = -1 ENOENT (No such file or directory)
766623 newfstatat(AT_FDCWD, "/etc/ssl/openssl.conf.d", 0x7ffd0ab135b0, 0) = -1 ENOENT (No such file or directory)
766623 newfstatat(AT_FDCWD, "/home/firstmate/.no-mistakes/worktrees/8352e211db7e/01M4F29HK4JCAKXEQ2F50R6HHX/bin", {st_mode=S_IFDIR|0775, st_size=12288, ...}, 0) = 0
766623 newfstatat(AT_FDCWD, "/usr/lib/python3.14", {st_mode=S_IFDIR|0755, st_size=20480, ...}, 0) = 0
766623 newfstatat(AT_FDCWD, "/usr/lib/python3.14/json/__init__.cpython-314-x86_64-linux-gnu.so", 0x7ffd0ab145e0, 0) = -1 ENOENT (No such file or directory)
766623 newfstatat(AT_FDCWD, "/usr/lib/python3.14/json/__init__.abi3.so", 0x7ffd0ab145e0, 0) = -1 ENOENT (No such file or directory)
766623 newfstatat(AT_FDCWD, "/usr/lib/python3.14/json/__init__.abi3-x86_64-linux-gnu.so", 0x7ffd0ab145e0, 0) = -1 ENOENT (No such file or directory)
766623 newfstatat(AT_FDCWD, "/usr/lib/python3.14/json/__init__.so", 0x7ffd0ab145e0, 0) = -1 ENOENT (No such file or directory)
766623 newfstatat(AT_FDCWD, "/usr/lib/python3.14/json/__init__.py", {st_mode=S_IFREG|0644, st_size=14066, ...}, 0) = 0
766623 newfstatat(AT_FDCWD, "/usr/lib/python3.14/json/__init__.py", {st_mode=S_IFREG|0644, st_size=14066, ...}, 0) = 0
766623 openat(AT_FDCWD, "/usr/lib/python3.14/json/__pycache__/__init__.cpython-314.pyc", O_RDONLY|O_CLOEXEC) = 3
766623 newfstatat(AT_FDCWD, "/usr/lib/python3.14/json", {st_mode=S_IFDIR|0755, st_size=4096, ...}, 0) = 0
766623 newfstatat(AT_FDCWD, "/usr/lib/python3.14/json", {st_mode=S_IFDIR|0755, st_size=4096, ...}, 0) = 0
766623 newfstatat(AT_FDCWD, "/usr/lib/python3.14/json", {st_mode=S_IFDIR|0755, st_size=4096, ...}, 0) = 0
766623 openat(AT_FDCWD, "/usr/lib/python3.14/json", O_RDONLY|O_NONBLOCK|O_CLOEXEC|O_DIRECTORY) = 3
766623 newfstatat(AT_FDCWD, "/usr/lib/python3.14/json/decoder.py", {st_mode=S_IFREG|0644, st_size=12873, ...}, 0) = 0
766623 newfstatat(AT_FDCWD, "/usr/lib/python3.14/json/decoder.py", {st_mode=S_IFREG|0644, st_size=12873, ...}, 0) = 0
766623 openat(AT_FDCWD, "/usr/lib/python3.14/json/__pycache__/decoder.cpython-314.pyc", O_RDONLY|O_CLOEXEC) = 3
766623 newfstatat(AT_FDCWD, "/home/firstmate/.no-mistakes/worktrees/8352e211db7e/01M4F29HK4JCAKXEQ2F50R6HHX/bin", {st_mode=S_IFDIR|0775, st_size=12288, ...}, 0) = 0
766623 newfstatat(AT_FDCWD, "/usr/lib/python3.14", {st_mode=S_IFDIR|0755, st_size=20480, ...}, 0) = 0
766623 newfstatat(AT_FDCWD, "/usr/lib/python3.14/re/__init__.cpython-314-x86_64-linux-gnu.so", 0x7ffd0ab130a0, 0) = -1 ENOENT (No such file or directory)
766623 newfstatat(AT_FDCWD, "/usr/lib/python3.14/re/__init__.abi3.so", 0x7ffd0ab130a0, 0) = -1 ENOENT (No such file or directory)
766623 newfstatat(AT_FDCWD, "/usr/lib/python3.14/re/__init__.abi3-x86_64-linux-gnu.so", 0x7ffd0ab130a0, 0) = -1 ENOENT (No such file or directory)
766623 newfstatat(AT_FDCWD, "/usr/lib/python3.14/re/__init__.so", 0x7ffd0ab130a0, 0) = -1 ENOENT (No such file or directory)
766623 newfstatat(AT_FDCWD, "/usr/lib/python3.14/re/__init__.py", {st_mode=S_IFREG|0644, st_size=17876, ...}, 0) = 0
766623 newfstatat(AT_FDCWD, "/usr/lib/python3.14/re/__init__.py", {st_mode=S_IFREG|0644, st_size=17876, ...}, 0) = 0
766623 openat(AT_FDCWD, "/usr/lib/python3.14/re/__pycache__/__init__.cpython-314.pyc", O_RDONLY|O_CLOEXEC) = 3
766623 newfstatat(AT_FDCWD, "/home/firstmate/.no-mistakes/worktrees/8352e211db7e/01M4F29HK4JCAKXEQ2F50R6HHX/bin", {st_mode=S_IFDIR|0775, st_size=12288, ...}, 0) = 0
766623 newfstatat(AT_FDCWD, "/usr/lib/python3.14", {st_mode=S_IFDIR|0755, st_size=20480, ...}, 0) = 0
766623 newfstatat(AT_FDCWD, "/usr/lib/python3.14/enum.py", {st_mode=S_IFREG|0644, st_size=85442, ...}, 0) = 0
766623 newfstatat(AT_FDCWD, "/usr/lib/python3.14/enum.py", {st_mode=S_IFREG|0644, st_size=85442, ...}, 0) = 0
766623 openat(AT_FDCWD, "/usr/lib/python3.14/__pycache__/enum.cpython-314.pyc", O_RDONLY|O_CLOEXEC) = 3
766623 newfstatat(AT_FDCWD, "/usr/lib/python3.14/re", {st_mode=S_IFDIR|0755, st_size=4096, ...}, 0) = 0
766623 newfstatat(AT_FDCWD, "/usr/lib/python3.14/re", {st_mode=S_IFDIR|0755, st_size=4096, ...}, 0) = 0
766623 newfstatat(AT_FDCWD, "/usr/lib/python3.14/re", {st_mode=S_IFDIR|0755, st_size=4096, ...}, 0) = 0
766623 openat(AT_FDCWD, "/usr/lib/python3.14/re", O_RDONLY|O_NONBLOCK|O_CLOEXEC|O_DIRECTORY) = 3
766623 newfstatat(AT_FDCWD, "/usr/lib/python3.14/re/_compiler.py", {st_mode=S_IFREG|0644, st_size=26855, ...}, 0) = 0
766623 newfstatat(AT_FDCWD, "/usr/lib/python3.14/re/_compiler.py", {st_mode=S_IFREG|0644, st_size=26855, ...}, 0) = 0
766623 openat(AT_FDCWD, "/usr/lib/python3.14/re/__pycache__/_compiler.cpython-314.pyc", O_RDONLY|O_CLOEXEC) = 3
766623 newfstatat(AT_FDCWD, "/usr/lib/python3.14/re", {st_mode=S_IFDIR|0755, st_size=4096, ...}, 0) = 0
766623 newfstatat(AT_FDCWD, "/usr/lib/python3.14/re/_parser.py", {st_mode=S_IFREG|0644, st_size=40353, ...}, 0) = 0
766623 newfstatat(AT_FDCWD, "/usr/lib/python3.14/re/_parser.py", {st_mode=S_IFREG|0644, st_size=40353, ...}, 0) = 0
766623 openat(AT_FDCWD, "/usr/lib/python3.14/re/__pycache__/_parser.cpython-314.pyc", O_RDONLY|O_CLOEXEC) = 3
766623 newfstatat(AT_FDCWD, "/usr/lib/python3.14/re", {st_mode=S_IFDIR|0755, st_size=4096, ...}, 0) = 0
766623 newfstatat(AT_FDCWD, "/usr/lib/python3.14/re/_constants.py", {st_mode=S_IFREG|0644, st_size=6036, ...}, 0) = 0
766623 newfstatat(AT_FDCWD, "/usr/lib/python3.14/re/_constants.py", {st_mode=S_IFREG|0644, st_size=6036, ...}, 0) = 0
766623 openat(AT_FDCWD, "/usr/lib/python3.14/re/__pycache__/_constants.cpython-314.pyc", O_RDONLY|O_CLOEXEC) = 3
766623 newfstatat(AT_FDCWD, "/usr/lib/python3.14/re", {st_mode=S_IFDIR|0755, st_size=4096, ...}, 0) = 0
766623 newfstatat(AT_FDCWD, "/usr/lib/python3.14/re/_casefix.py", {st_mode=S_IFREG|0644, st_size=5444, ...}, 0) = 0
766623 newfstatat(AT_FDCWD, "/usr/lib/python3.14/re/_casefix.py", {st_mode=S_IFREG|0644, st_size=5444, ...}, 0) = 0
766623 openat(AT_FDCWD, "/usr/lib/python3.14/re/__pycache__/_casefix.cpython-314.pyc", O_RDONLY|O_CLOEXEC) = 3
766623 newfstatat(AT_FDCWD, "/home/firstmate/.no-mistakes/worktrees/8352e211db7e/01M4F29HK4JCAKXEQ2F50R6HHX/bin", {st_mode=S_IFDIR|0775, st_size=12288, ...}, 0) = 0
766623 newfstatat(AT_FDCWD, "/usr/lib/python3.14", {st_mode=S_IFDIR|0755, st_size=20480, ...}, 0) = 0
766623 newfstatat(AT_FDCWD, "/usr/lib/python3.14/functools.py", {st_mode=S_IFREG|0644, st_size=43561, ...}, 0) = 0
766623 newfstatat(AT_FDCWD, "/usr/lib/python3.14/functools.py", {st_mode=S_IFREG|0644, st_size=43561, ...}, 0) = 0
766623 openat(AT_FDCWD, "/usr/lib/python3.14/__pycache__/functools.cpython-314.pyc", O_RDONLY|O_CLOEXEC) = 3
766623 newfstatat(AT_FDCWD, "/home/firstmate/.no-mistakes/worktrees/8352e211db7e/01M4F29HK4JCAKXEQ2F50R6HHX/bin", {st_mode=S_IFDIR|0775, st_size=12288, ...}, 0) = 0
766623 newfstatat(AT_FDCWD, "/usr/lib/python3.14", {st_mode=S_IFDIR|0755, st_size=20480, ...}, 0) = 0
766623 newfstatat(AT_FDCWD, "/usr/lib/python3.14/collections/__init__.cpython-314-x86_64-linux-gnu.so", 0x7ffd0ab11b60, 0) = -1 ENOENT (No such file or directory)
766623 newfstatat(AT_FDCWD, "/usr/lib/python3.14/collections/__init__.abi3.so", 0x7ffd0ab11b60, 0) = -1 ENOENT (No such file or directory)
766623 newfstatat(AT_FDCWD, "/usr/lib/python3.14/collections/__init__.abi3-x86_64-linux-gnu.so", 0x7ffd0ab11b60, 0) = -1 ENOENT (No such file or directory)
766623 newfstatat(AT_FDCWD, "/usr/lib/python3.14/collections/__init__.so", 0x7ffd0ab11b60, 0) = -1 ENOENT (No such file or directory)
766623 newfstatat(AT_FDCWD, "/usr/lib/python3.14/collections/__init__.py", {st_mode=S_IFREG|0644, st_size=52903, ...}, 0) = 0
766623 newfstatat(AT_FDCWD, "/usr/lib/python3.14/collections/__init__.py", {st_mode=S_IFREG|0644, st_size=52903, ...}, 0) = 0
766623 openat(AT_FDCWD, "/usr/lib/python3.14/collections/__pycache__/__init__.cpython-314.pyc", O_RDONLY|O_CLOEXEC) = 3
766623 newfstatat(AT_FDCWD, "/home/firstmate/.no-mistakes/worktrees/8352e211db7e/01M4F29HK4JCAKXEQ2F50R6HHX/bin", {st_mode=S_IFDIR|0775, st_size=12288, ...}, 0) = 0
766623 newfstatat(AT_FDCWD, "/usr/lib/python3.14", {st_mode=S_IFDIR|0755, st_size=20480, ...}, 0) = 0
766623 newfstatat(AT_FDCWD, "/usr/lib/python3.14/keyword.py", {st_mode=S_IFREG|0644, st_size=1073, ...}, 0) = 0
766623 newfstatat(AT_FDCWD, "/usr/lib/python3.14/keyword.py", {st_mode=S_IFREG|0644, st_size=1073, ...}, 0) = 0
766623 openat(AT_FDCWD, "/usr/lib/python3.14/__pycache__/keyword.cpython-314.pyc", O_RDONLY|O_CLOEXEC) = 3
766623 newfstatat(AT_FDCWD, "/home/firstmate/.no-mistakes/worktrees/8352e211db7e/01M4F29HK4JCAKXEQ2F50R6HHX/bin", {st_mode=S_IFDIR|0775, st_size=12288, ...}, 0) = 0
766623 newfstatat(AT_FDCWD, "/usr/lib/python3.14", {st_mode=S_IFDIR|0755, st_size=20480, ...}, 0) = 0
766623 newfstatat(AT_FDCWD, "/usr/lib/python3.14/operator.py", {st_mode=S_IFREG|0644, st_size=11158, ...}, 0) = 0
766623 newfstatat(AT_FDCWD, "/usr/lib/python3.14/operator.py", {st_mode=S_IFREG|0644, st_size=11158, ...}, 0) = 0
766623 openat(AT_FDCWD, "/usr/lib/python3.14/__pycache__/operator.cpython-314.pyc", O_RDONLY|O_CLOEXEC) = 3
766623 newfstatat(AT_FDCWD, "/home/firstmate/.no-mistakes/worktrees/8352e211db7e/01M4F29HK4JCAKXEQ2F50R6HHX/bin", {st_mode=S_IFDIR|0775, st_size=12288, ...}, 0) = 0
766623 newfstatat(AT_FDCWD, "/usr/lib/python3.14", {st_mode=S_IFDIR|0755, st_size=20480, ...}, 0) = 0
766623 newfstatat(AT_FDCWD, "/usr/lib/python3.14/reprlib.py", {st_mode=S_IFREG|0644, st_size=8064, ...}, 0) = 0
766623 newfstatat(AT_FDCWD, "/usr/lib/python3.14/reprlib.py", {st_mode=S_IFREG|0644, st_size=8064, ...}, 0) = 0
766623 openat(AT_FDCWD, "/usr/lib/python3.14/__pycache__/reprlib.cpython-314.pyc", O_RDONLY|O_CLOEXEC) = 3
766623 newfstatat(AT_FDCWD, "/home/firstmate/.no-mistakes/worktrees/8352e211db7e/01M4F29HK4JCAKXEQ2F50R6HHX/bin", {st_mode=S_IFDIR|0775, st_size=12288, ...}, 0) = 0
766623 newfstatat(AT_FDCWD, "/usr/lib/python3.14", {st_mode=S_IFDIR|0755, st_size=20480, ...}, 0) = 0
766623 newfstatat(AT_FDCWD, "/usr/lib/python3.14/copyreg.py", {st_mode=S_IFREG|0644, st_size=7716, ...}, 0) = 0
766623 newfstatat(AT_FDCWD, "/usr/lib/python3.14/copyreg.py", {st_mode=S_IFREG|0644, st_size=7716, ...}, 0) = 0
766623 openat(AT_FDCWD, "/usr/lib/python3.14/__pycache__/copyreg.cpython-314.pyc", O_RDONLY|O_CLOEXEC) = 3
766623 newfstatat(AT_FDCWD, "/usr/lib/python3.14/json", {st_mode=S_IFDIR|0755, st_size=4096, ...}, 0) = 0
766623 newfstatat(AT_FDCWD, "/usr/lib/python3.14/json/scanner.py", {st_mode=S_IFREG|0644, st_size=2434, ...}, 0) = 0
766623 newfstatat(AT_FDCWD, "/usr/lib/python3.14/json/scanner.py", {st_mode=S_IFREG|0644, st_size=2434, ...}, 0) = 0
766623 openat(AT_FDCWD, "/usr/lib/python3.14/json/__pycache__/scanner.cpython-314.pyc", O_RDONLY|O_CLOEXEC) = 3
766623 newfstatat(AT_FDCWD, "/usr/lib/python3.14/json", {st_mode=S_IFDIR|0755, st_size=4096, ...}, 0) = 0
766623 newfstatat(AT_FDCWD, "/usr/lib/python3.14/json/encoder.py", {st_mode=S_IFREG|0644, st_size=16990, ...}, 0) = 0
766623 newfstatat(AT_FDCWD, "/usr/lib/python3.14/json/encoder.py", {st_mode=S_IFREG|0644, st_size=16990, ...}, 0) = 0
766623 openat(AT_FDCWD, "/usr/lib/python3.14/json/__pycache__/encoder.cpython-314.pyc", O_RDONLY|O_CLOEXEC) = 3
766623 newfstatat(AT_FDCWD, "/home/firstmate/.no-mistakes/worktrees/8352e211db7e/01M4F29HK4JCAKXEQ2F50R6HHX/bin", {st_mode=S_IFDIR|0775, st_size=12288, ...}, 0) = 0
766623 newfstatat(AT_FDCWD, "/usr/lib/python3.14", {st_mode=S_IFDIR|0755, st_size=20480, ...}, 0) = 0
766623 newfstatat(AT_FDCWD, "/usr/lib/python3.14/pathlib/__init__.cpython-314-x86_64-linux-gnu.so", 0x7ffd0ab145e0, 0) = -1 ENOENT (No such file or directory)
766623 newfstatat(AT_FDCWD, "/usr/lib/python3.14/pathlib/__init__.abi3.so", 0x7ffd0ab145e0, 0) = -1 ENOENT (No such file or directory)
766623 newfstatat(AT_FDCWD, "/usr/lib/python3.14/pathlib/__init__.abi3-x86_64-linux-gnu.so", 0x7ffd0ab145e0, 0) = -1 ENOENT (No such file or directory)
766623 newfstatat(AT_FDCWD, "/usr/lib/python3.14/pathlib/__init__.so", 0x7ffd0ab145e0, 0) = -1 ENOENT (No such file or directory)
766623 newfstatat(AT_FDCWD, "/usr/lib/python3.14/pathlib/__init__.py", {st_mode=S_IFREG|0644, st_size=46833, ...}, 0) = 0
766623 newfstatat(AT_FDCWD, "/usr/lib/python3.14/pathlib/__init__.py", {st_mode=S_IFREG|0644, st_size=46833, ...}, 0) = 0
766623 openat(AT_FDCWD, "/usr/lib/python3.14/pathlib/__pycache__/__init__.cpython-314.pyc", O_RDONLY|O_CLOEXEC) = 3
766623 newfstatat(AT_FDCWD, "/home/firstmate/.no-mistakes/worktrees/8352e211db7e/01M4F29HK4JCAKXEQ2F50R6HHX/bin", {st_mode=S_IFDIR|0775, st_size=12288, ...}, 0) = 0
766623 newfstatat(AT_FDCWD, "/usr/lib/python3.14", {st_mode=S_IFDIR|0755, st_size=20480, ...}, 0) = 0
766623 newfstatat(AT_FDCWD, "/usr/lib/python3.14/glob.py", {st_mode=S_IFREG|0644, st_size=20768, ...}, 0) = 0
766623 newfstatat(AT_FDCWD, "/usr/lib/python3.14/glob.py", {st_mode=S_IFREG|0644, st_size=20768, ...}, 0) = 0
766623 openat(AT_FDCWD, "/usr/lib/python3.14/__pycache__/glob.cpython-314.pyc", O_RDONLY|O_CLOEXEC) = 3
766623 newfstatat(AT_FDCWD, "/home/firstmate/.no-mistakes/worktrees/8352e211db7e/01M4F29HK4JCAKXEQ2F50R6HHX/bin", {st_mode=S_IFDIR|0775, st_size=12288, ...}, 0) = 0
766623 newfstatat(AT_FDCWD, "/usr/lib/python3.14", {st_mode=S_IFDIR|0755, st_size=20480, ...}, 0) = 0
766623 newfstatat(AT_FDCWD, "/usr/lib/python3.14/contextlib.py", {st_mode=S_IFREG|0644, st_size=27801, ...}, 0) = 0
766623 newfstatat(AT_FDCWD, "/usr/lib/python3.14/contextlib.py", {st_mode=S_IFREG|0644, st_size=27801, ...}, 0) = 0
766623 openat(AT_FDCWD, "/usr/lib/python3.14/__pycache__/contextlib.cpython-314.pyc", O_RDONLY|O_CLOEXEC) = 3
766623 newfstatat(AT_FDCWD, "/home/firstmate/.no-mistakes/worktrees/8352e211db7e/01M4F29HK4JCAKXEQ2F50R6HHX/bin", {st_mode=S_IFDIR|0775, st_size=12288, ...}, 0) = 0
766623 newfstatat(AT_FDCWD, "/usr/lib/python3.14", {st_mode=S_IFDIR|0755, st_size=20480, ...}, 0) = 0
766623 newfstatat(AT_FDCWD, "/usr/lib/python3.14/fnmatch.py", {st_mode=S_IFREG|0644, st_size=6791, ...}, 0) = 0
766623 newfstatat(AT_FDCWD, "/usr/lib/python3.14/fnmatch.py", {st_mode=S_IFREG|0644, st_size=6791, ...}, 0) = 0
766623 openat(AT_FDCWD, "/usr/lib/python3.14/__pycache__/fnmatch.cpython-314.pyc", O_RDONLY|O_CLOEXEC) = 3
766623 newfstatat(AT_FDCWD, "/usr/lib/python3.14/pathlib", {st_mode=S_IFDIR|0755, st_size=4096, ...}, 0) = 0
766623 newfstatat(AT_FDCWD, "/usr/lib/python3.14/pathlib", {st_mode=S_IFDIR|0755, st_size=4096, ...}, 0) = 0
766623 newfstatat(AT_FDCWD, "/usr/lib/python3.14/pathlib", {st_mode=S_IFDIR|0755, st_size=4096, ...}, 0) = 0
766623 openat(AT_FDCWD, "/usr/lib/python3.14/pathlib", O_RDONLY|O_NONBLOCK|O_CLOEXEC|O_DIRECTORY) = 3
766623 newfstatat(AT_FDCWD, "/usr/lib/python3.14/pathlib/_os.py", {st_mode=S_IFREG|0644, st_size=18161, ...}, 0) = 0
766623 newfstatat(AT_FDCWD, "/usr/lib/python3.14/pathlib/_os.py", {st_mode=S_IFREG|0644, st_size=18161, ...}, 0) = 0
766623 openat(AT_FDCWD, "/usr/lib/python3.14/pathlib/__pycache__/_os.cpython-314.pyc", O_RDONLY|O_CLOEXEC) = 3
766623 newfstatat(AT_FDCWD, "/home/firstmate/.no-mistakes/worktrees/8352e211db7e/01M4F29HK4JCAKXEQ2F50R6HHX/bin", {st_mode=S_IFDIR|0775, st_size=12288, ...}, 0) = 0
766623 newfstatat(AT_FDCWD, "/usr/lib/python3.14", {st_mode=S_IFDIR|0755, st_size=20480, ...}, 0) = 0
766623 newfstatat(AT_FDCWD, "/usr/lib/python3.14/lib-dynload", {st_mode=S_IFDIR|0755, st_size=16384, ...}, 0) = 0
766623 newfstatat(AT_FDCWD, "/home/firstmate/.local/lib/python3.14/site-packages", {st_mode=S_IFDIR|0775, st_size=4096, ...}, 0) = 0
766623 newfstatat(AT_FDCWD, "/usr/local/lib/python3.14/dist-packages", {st_mode=S_IFDIR|0755, st_size=4096, ...}, 0) = 0
766623 newfstatat(AT_FDCWD, "/usr/lib/python3/dist-packages", {st_mode=S_IFDIR|0755, st_size=12288, ...}, 0) = 0
766623 newfstatat(AT_FDCWD, "/home/firstmate/.no-mistakes/worktrees/8352e211db7e/01M4F29HK4JCAKXEQ2F50R6HHX/bin", {st_mode=S_IFDIR|0775, st_size=12288, ...}, 0) = 0
766623 newfstatat(AT_FDCWD, "/usr/lib/python3.14", {st_mode=S_IFDIR|0755, st_size=20480, ...}, 0) = 0
766623 newfstatat(AT_FDCWD, "/usr/lib/python3.14/lib-dynload", {st_mode=S_IFDIR|0755, st_size=16384, ...}, 0) = 0
766623 newfstatat(AT_FDCWD, "/home/firstmate/.local/lib/python3.14/site-packages", {st_mode=S_IFDIR|0775, st_size=4096, ...}, 0) = 0
766623 newfstatat(AT_FDCWD, "/usr/local/lib/python3.14/dist-packages", {st_mode=S_IFDIR|0755, st_size=4096, ...}, 0) = 0
766623 newfstatat(AT_FDCWD, "/usr/lib/python3/dist-packages", {st_mode=S_IFDIR|0755, st_size=12288, ...}, 0) = 0
766623 newfstatat(AT_FDCWD, "/home/firstmate/.no-mistakes/worktrees/8352e211db7e/01M4F29HK4JCAKXEQ2F50R6HHX/bin", {st_mode=S_IFDIR|0775, st_size=12288, ...}, 0) = 0
766623 newfstatat(AT_FDCWD, "/usr/lib/python3.14", {st_mode=S_IFDIR|0755, st_size=20480, ...}, 0) = 0
766623 newfstatat(AT_FDCWD, "/usr/lib/python3.14/lib-dynload", {st_mode=S_IFDIR|0755, st_size=16384, ...}, 0) = 0
766623 newfstatat(AT_FDCWD, "/home/firstmate/.local/lib/python3.14/site-packages", {st_mode=S_IFDIR|0775, st_size=4096, ...}, 0) = 0
766623 newfstatat(AT_FDCWD, "/usr/local/lib/python3.14/dist-packages", {st_mode=S_IFDIR|0755, st_size=4096, ...}, 0) = 0
766623 newfstatat(AT_FDCWD, "/usr/lib/python3/dist-packages", {st_mode=S_IFDIR|0755, st_size=12288, ...}, 0) = 0
766623 newfstatat(AT_FDCWD, "/home/firstmate/.no-mistakes/worktrees/8352e211db7e/01M4F29HK4JCAKXEQ2F50R6HHX/bin", {st_mode=S_IFDIR|0775, st_size=12288, ...}, 0) = 0
766623 newfstatat(AT_FDCWD, "/usr/lib/python3.14", {st_mode=S_IFDIR|0755, st_size=20480, ...}, 0) = 0
766623 newfstatat(AT_FDCWD, "/usr/lib/python3.14/lib-dynload", {st_mode=S_IFDIR|0755, st_size=16384, ...}, 0) = 0
766623 newfstatat(AT_FDCWD, "/home/firstmate/.local/lib/python3.14/site-packages", {st_mode=S_IFDIR|0775, st_size=4096, ...}, 0) = 0
766623 newfstatat(AT_FDCWD, "/usr/local/lib/python3.14/dist-packages", {st_mode=S_IFDIR|0755, st_size=4096, ...}, 0) = 0
766623 newfstatat(AT_FDCWD, "/usr/lib/python3/dist-packages", {st_mode=S_IFDIR|0755, st_size=12288, ...}, 0) = 0
766623 newfstatat(AT_FDCWD, "/home/firstmate/.no-mistakes/worktrees/8352e211db7e/01M4F29HK4JCAKXEQ2F50R6HHX/bin", {st_mode=S_IFDIR|0775, st_size=12288, ...}, 0) = 0
766623 newfstatat(AT_FDCWD, "/usr/lib/python3.14", {st_mode=S_IFDIR|0755, st_size=20480, ...}, 0) = 0
766623 newfstatat(AT_FDCWD, "/usr/lib/python3.14/lib-dynload", {st_mode=S_IFDIR|0755, st_size=16384, ...}, 0) = 0
766623 newfstatat(AT_FDCWD, "/home/firstmate/.local/lib/python3.14/site-packages", {st_mode=S_IFDIR|0775, st_size=4096, ...}, 0) = 0
766623 newfstatat(AT_FDCWD, "/usr/local/lib/python3.14/dist-packages", {st_mode=S_IFDIR|0755, st_size=4096, ...}, 0) = 0
766623 newfstatat(AT_FDCWD, "/usr/lib/python3/dist-packages", {st_mode=S_IFDIR|0755, st_size=12288, ...}, 0) = 0
766623 newfstatat(AT_FDCWD, "/home/firstmate/.no-mistakes/worktrees/8352e211db7e/01M4F29HK4JCAKXEQ2F50R6HHX/bin", {st_mode=S_IFDIR|0775, st_size=12288, ...}, 0) = 0
766623 newfstatat(AT_FDCWD, "/usr/lib/python3.14", {st_mode=S_IFDIR|0755, st_size=20480, ...}, 0) = 0
766623 newfstatat(AT_FDCWD, "/usr/lib/python3.14/lib-dynload", {st_mode=S_IFDIR|0755, st_size=16384, ...}, 0) = 0
766623 newfstatat(AT_FDCWD, "/home/firstmate/.local/lib/python3.14/site-packages", {st_mode=S_IFDIR|0775, st_size=4096, ...}, 0) = 0
766623 newfstatat(AT_FDCWD, "/usr/local/lib/python3.14/dist-packages", {st_mode=S_IFDIR|0755, st_size=4096, ...}, 0) = 0
766623 newfstatat(AT_FDCWD, "/usr/lib/python3/dist-packages", {st_mode=S_IFDIR|0755, st_size=12288, ...}, 0) = 0
766623 newfstatat(AT_FDCWD, "/home/firstmate/.no-mistakes/worktrees/8352e211db7e/01M4F29HK4JCAKXEQ2F50R6HHX/bin", {st_mode=S_IFDIR|0775, st_size=12288, ...}, 0) = 0
766623 newfstatat(AT_FDCWD, "/usr/lib/python3.14", {st_mode=S_IFDIR|0755, st_size=20480, ...}, 0) = 0
766623 newfstatat(AT_FDCWD, "/usr/lib/python3.14/lib-dynload", {st_mode=S_IFDIR|0755, st_size=16384, ...}, 0) = 0
766623 newfstatat(AT_FDCWD, "/home/firstmate/.local/lib/python3.14/site-packages", {st_mode=S_IFDIR|0775, st_size=4096, ...}, 0) = 0
766623 newfstatat(AT_FDCWD, "/usr/local/lib/python3.14/dist-packages", {st_mode=S_IFDIR|0755, st_size=4096, ...}, 0) = 0
766623 newfstatat(AT_FDCWD, "/usr/lib/python3/dist-packages", {st_mode=S_IFDIR|0755, st_size=12288, ...}, 0) = 0
766623 newfstatat(AT_FDCWD, "/home/firstmate/.no-mistakes/worktrees/8352e211db7e/01M4F29HK4JCAKXEQ2F50R6HHX/bin", {st_mode=S_IFDIR|0775, st_size=12288, ...}, 0) = 0
766623 newfstatat(AT_FDCWD, "/usr/lib/python3.14", {st_mode=S_IFDIR|0755, st_size=20480, ...}, 0) = 0
766623 newfstatat(AT_FDCWD, "/usr/lib/python3.14/lib-dynload", {st_mode=S_IFDIR|0755, st_size=16384, ...}, 0) = 0
766623 newfstatat(AT_FDCWD, "/home/firstmate/.local/lib/python3.14/site-packages", {st_mode=S_IFDIR|0775, st_size=4096, ...}, 0) = 0
766623 newfstatat(AT_FDCWD, "/usr/local/lib/python3.14/dist-packages", {st_mode=S_IFDIR|0755, st_size=4096, ...}, 0) = 0
766623 newfstatat(AT_FDCWD, "/usr/lib/python3/dist-packages", {st_mode=S_IFDIR|0755, st_size=12288, ...}, 0) = 0
766623 newfstatat(AT_FDCWD, "/home/firstmate/.no-mistakes/worktrees/8352e211db7e/01M4F29HK4JCAKXEQ2F50R6HHX/bin", {st_mode=S_IFDIR|0775, st_size=12288, ...}, 0) = 0
766623 newfstatat(AT_FDCWD, "/usr/lib/python3.14", {st_mode=S_IFDIR|0755, st_size=20480, ...}, 0) = 0
766623 newfstatat(AT_FDCWD, "/usr/lib/python3.14/lib-dynload", {st_mode=S_IFDIR|0755, st_size=16384, ...}, 0) = 0
766623 newfstatat(AT_FDCWD, "/home/firstmate/.local/lib/python3.14/site-packages", {st_mode=S_IFDIR|0775, st_size=4096, ...}, 0) = 0
766623 newfstatat(AT_FDCWD, "/usr/local/lib/python3.14/dist-packages", {st_mode=S_IFDIR|0755, st_size=4096, ...}, 0) = 0
766623 newfstatat(AT_FDCWD, "/usr/lib/python3/dist-packages", {st_mode=S_IFDIR|0755, st_size=12288, ...}, 0) = 0
766623 newfstatat(AT_FDCWD, "/home/firstmate/.no-mistakes/worktrees/8352e211db7e/01M4F29HK4JCAKXEQ2F50R6HHX/bin", {st_mode=S_IFDIR|0775, st_size=12288, ...}, 0) = 0
766623 newfstatat(AT_FDCWD, "/usr/lib/python3.14", {st_mode=S_IFDIR|0755, st_size=20480, ...}, 0) = 0
766623 newfstatat(AT_FDCWD, "/usr/lib/python3.14/secrets.py", {st_mode=S_IFREG|0644, st_size=1984, ...}, 0) = 0
766623 newfstatat(AT_FDCWD, "/usr/lib/python3.14/secrets.py", {st_mode=S_IFREG|0644, st_size=1984, ...}, 0) = 0
766623 openat(AT_FDCWD, "/usr/lib/python3.14/__pycache__/secrets.cpython-314.pyc", O_RDONLY|O_CLOEXEC) = 3
766623 newfstatat(AT_FDCWD, "/home/firstmate/.no-mistakes/worktrees/8352e211db7e/01M4F29HK4JCAKXEQ2F50R6HHX/bin", {st_mode=S_IFDIR|0775, st_size=12288, ...}, 0) = 0
766623 newfstatat(AT_FDCWD, "/usr/lib/python3.14", {st_mode=S_IFDIR|0755, st_size=20480, ...}, 0) = 0
766623 newfstatat(AT_FDCWD, "/usr/lib/python3.14/base64.py", {st_mode=S_IFREG|0644, st_size=22029, ...}, 0) = 0
766623 newfstatat(AT_FDCWD, "/usr/lib/python3.14/base64.py", {st_mode=S_IFREG|0644, st_size=22029, ...}, 0) = 0
766623 openat(AT_FDCWD, "/usr/lib/python3.14/__pycache__/base64.cpython-314.pyc", O_RDONLY|O_CLOEXEC) = 3
766623 newfstatat(AT_FDCWD, "/home/firstmate/.no-mistakes/worktrees/8352e211db7e/01M4F29HK4JCAKXEQ2F50R6HHX/bin", {st_mode=S_IFDIR|0775, st_size=12288, ...}, 0) = 0
766623 newfstatat(AT_FDCWD, "/usr/lib/python3.14", {st_mode=S_IFDIR|0755, st_size=20480, ...}, 0) = 0
766623 newfstatat(AT_FDCWD, "/usr/lib/python3.14/struct.py", {st_mode=S_IFREG|0644, st_size=285, ...}, 0) = 0
766623 newfstatat(AT_FDCWD, "/usr/lib/python3.14/struct.py", {st_mode=S_IFREG|0644, st_size=285, ...}, 0) = 0
766623 openat(AT_FDCWD, "/usr/lib/python3.14/__pycache__/struct.cpython-314.pyc", O_RDONLY|O_CLOEXEC) = 3
766623 newfstatat(AT_FDCWD, "/home/firstmate/.no-mistakes/worktrees/8352e211db7e/01M4F29HK4JCAKXEQ2F50R6HHX/bin", {st_mode=S_IFDIR|0775, st_size=12288, ...}, 0) = 0
766623 newfstatat(AT_FDCWD, "/usr/lib/python3.14", {st_mode=S_IFDIR|0755, st_size=20480, ...}, 0) = 0
766623 newfstatat(AT_FDCWD, "/usr/lib/python3.14/hmac.py", {st_mode=S_IFREG|0644, st_size=9589, ...}, 0) = 0
766623 newfstatat(AT_FDCWD, "/usr/lib/python3.14/hmac.py", {st_mode=S_IFREG|0644, st_size=9589, ...}, 0) = 0
766623 openat(AT_FDCWD, "/usr/lib/python3.14/__pycache__/hmac.cpython-314.pyc", O_RDONLY|O_CLOEXEC) = 3
766623 newfstatat(AT_FDCWD, "/home/firstmate/.no-mistakes/worktrees/8352e211db7e/01M4F29HK4JCAKXEQ2F50R6HHX/bin", {st_mode=S_IFDIR|0775, st_size=12288, ...}, 0) = 0
766623 newfstatat(AT_FDCWD, "/usr/lib/python3.14", {st_mode=S_IFDIR|0755, st_size=20480, ...}, 0) = 0
766623 newfstatat(AT_FDCWD, "/usr/lib/python3.14/lib-dynload", {st_mode=S_IFDIR|0755, st_size=16384, ...}, 0) = 0
766623 newfstatat(AT_FDCWD, "/usr/lib/python3.14/lib-dynload/_hmac.cpython-314-x86_64-linux-gnu.so", {st_mode=S_IFREG|0644, st_size=151584, ...}, 0) = 0
766623 openat(AT_FDCWD, "/usr/lib/python3.14/lib-dynload/_hmac.cpython-314-x86_64-linux-gnu.so", O_RDONLY|O_CLOEXEC) = 3
766623 newfstatat(AT_FDCWD, "/home/firstmate/.no-mistakes/worktrees/8352e211db7e/01M4F29HK4JCAKXEQ2F50R6HHX/bin", {st_mode=S_IFDIR|0775, st_size=12288, ...}, 0) = 0
766623 newfstatat(AT_FDCWD, "/usr/lib/python3.14", {st_mode=S_IFDIR|0755, st_size=20480, ...}, 0) = 0
766623 newfstatat(AT_FDCWD, "/usr/lib/python3.14/random.py", {st_mode=S_IFREG|0644, st_size=37259, ...}, 0) = 0
766623 newfstatat(AT_FDCWD, "/usr/lib/python3.14/random.py", {st_mode=S_IFREG|0644, st_size=37259, ...}, 0) = 0
766623 openat(AT_FDCWD, "/usr/lib/python3.14/__pycache__/random.cpython-314.pyc", O_RDONLY|O_CLOEXEC) = 3
766623 newfstatat(AT_FDCWD, "/home/firstmate/.no-mistakes/worktrees/8352e211db7e/01M4F29HK4JCAKXEQ2F50R6HHX/bin", {st_mode=S_IFDIR|0775, st_size=12288, ...}, 0) = 0
766623 newfstatat(AT_FDCWD, "/usr/lib/python3.14", {st_mode=S_IFDIR|0755, st_size=20480, ...}, 0) = 0
766623 newfstatat(AT_FDCWD, "/usr/lib/python3.14/bisect.py", {st_mode=S_IFREG|0644, st_size=3423, ...}, 0) = 0
766623 newfstatat(AT_FDCWD, "/usr/lib/python3.14/bisect.py", {st_mode=S_IFREG|0644, st_size=3423, ...}, 0) = 0
766623 openat(AT_FDCWD, "/usr/lib/python3.14/__pycache__/bisect.cpython-314.pyc", O_RDONLY|O_CLOEXEC) = 3
766623 newfstatat(AT_FDCWD, "/home/firstmate/.no-mistakes/worktrees/8352e211db7e/01M4F29HK4JCAKXEQ2F50R6HHX/bin", {st_mode=S_IFDIR|0775, st_size=12288, ...}, 0) = 0
766623 newfstatat(AT_FDCWD, "/usr/lib/python3.14", {st_mode=S_IFDIR|0755, st_size=20480, ...}, 0) = 0
766623 newfstatat(AT_FDCWD, "/usr/lib/python3.14/subprocess.py", {st_mode=S_IFREG|0644, st_size=90732, ...}, 0) = 0
766623 newfstatat(AT_FDCWD, "/usr/lib/python3.14/subprocess.py", {st_mode=S_IFREG|0644, st_size=90732, ...}, 0) = 0
766623 openat(AT_FDCWD, "/usr/lib/python3.14/__pycache__/subprocess.cpython-314.pyc", O_RDONLY|O_CLOEXEC) = 3
766623 newfstatat(AT_FDCWD, "/home/firstmate/.no-mistakes/worktrees/8352e211db7e/01M4F29HK4JCAKXEQ2F50R6HHX/bin", {st_mode=S_IFDIR|0775, st_size=12288, ...}, 0) = 0
766623 newfstatat(AT_FDCWD, "/usr/lib/python3.14", {st_mode=S_IFDIR|0755, st_size=20480, ...}, 0) = 0
766623 newfstatat(AT_FDCWD, "/usr/lib/python3.14/locale.py", {st_mode=S_IFREG|0644, st_size=79129, ...}, 0) = 0
766623 newfstatat(AT_FDCWD, "/usr/lib/python3.14/locale.py", {st_mode=S_IFREG|0644, st_size=79129, ...}, 0) = 0
766623 openat(AT_FDCWD, "/usr/lib/python3.14/__pycache__/locale.cpython-314.pyc", O_RDONLY|O_CLOEXEC) = 3
766623 newfstatat(AT_FDCWD, "/home/firstmate/.no-mistakes/worktrees/8352e211db7e/01M4F29HK4JCAKXEQ2F50R6HHX/bin", {st_mode=S_IFDIR|0775, st_size=12288, ...}, 0) = 0
766623 newfstatat(AT_FDCWD, "/usr/lib/python3.14", {st_mode=S_IFDIR|0755, st_size=20480, ...}, 0) = 0
766623 newfstatat(AT_FDCWD, "/usr/lib/python3.14/signal.py", {st_mode=S_IFREG|0644, st_size=2495, ...}, 0) = 0
766623 newfstatat(AT_FDCWD, "/usr/lib/python3.14/signal.py", {st_mode=S_IFREG|0644, st_size=2495, ...}, 0) = 0
766623 openat(AT_FDCWD, "/usr/lib/python3.14/__pycache__/signal.cpython-314.pyc", O_RDONLY|O_CLOEXEC) = 3
766623 newfstatat(AT_FDCWD, "/home/firstmate/.no-mistakes/worktrees/8352e211db7e/01M4F29HK4JCAKXEQ2F50R6HHX/bin", {st_mode=S_IFDIR|0775, st_size=12288, ...}, 0) = 0
766623 newfstatat(AT_FDCWD, "/usr/lib/python3.14", {st_mode=S_IFDIR|0755, st_size=20480, ...}, 0) = 0
766623 newfstatat(AT_FDCWD, "/usr/lib/python3.14/threading.py", {st_mode=S_IFREG|0644, st_size=56923, ...}, 0) = 0
766623 newfstatat(AT_FDCWD, "/usr/lib/python3.14/threading.py", {st_mode=S_IFREG|0644, st_size=56923, ...}, 0) = 0
766623 openat(AT_FDCWD, "/usr/lib/python3.14/__pycache__/threading.cpython-314.pyc", O_RDONLY|O_CLOEXEC) = 3
766623 newfstatat(AT_FDCWD, "/home/firstmate/.no-mistakes/worktrees/8352e211db7e/01M4F29HK4JCAKXEQ2F50R6HHX/bin", {st_mode=S_IFDIR|0775, st_size=12288, ...}, 0) = 0
766623 newfstatat(AT_FDCWD, "/usr/lib/python3.14", {st_mode=S_IFDIR|0755, st_size=20480, ...}, 0) = 0
766623 newfstatat(AT_FDCWD, "/usr/lib/python3.14/_weakrefset.py", {st_mode=S_IFREG|0644, st_size=3962, ...}, 0) = 0
766623 newfstatat(AT_FDCWD, "/usr/lib/python3.14/_weakrefset.py", {st_mode=S_IFREG|0644, st_size=3962, ...}, 0) = 0
766623 openat(AT_FDCWD, "/usr/lib/python3.14/__pycache__/_weakrefset.cpython-314.pyc", O_RDONLY|O_CLOEXEC) = 3
766623 newfstatat(AT_FDCWD, "/home/firstmate/.no-mistakes/worktrees/8352e211db7e/01M4F29HK4JCAKXEQ2F50R6HHX/bin", {st_mode=S_IFDIR|0775, st_size=12288, ...}, 0) = 0
766623 newfstatat(AT_FDCWD, "/usr/lib/python3.14", {st_mode=S_IFDIR|0755, st_size=20480, ...}, 0) = 0
766623 newfstatat(AT_FDCWD, "/usr/lib/python3.14/warnings.py", {st_mode=S_IFREG|0644, st_size=1966, ...}, 0) = 0
766623 newfstatat(AT_FDCWD, "/usr/lib/python3.14/warnings.py", {st_mode=S_IFREG|0644, st_size=1966, ...}, 0) = 0
766623 openat(AT_FDCWD, "/usr/lib/python3.14/__pycache__/warnings.cpython-314.pyc", O_RDONLY|O_CLOEXEC) = 3
766623 newfstatat(AT_FDCWD, "/home/firstmate/.no-mistakes/worktrees/8352e211db7e/01M4F29HK4JCAKXEQ2F50R6HHX/bin", {st_mode=S_IFDIR|0775, st_size=12288, ...}, 0) = 0
766623 newfstatat(AT_FDCWD, "/usr/lib/python3.14", {st_mode=S_IFDIR|0755, st_size=20480, ...}, 0) = 0
766623 newfstatat(AT_FDCWD, "/usr/lib/python3.14/_py_warnings.py", {st_mode=S_IFREG|0644, st_size=30631, ...}, 0) = 0
766623 newfstatat(AT_FDCWD, "/usr/lib/python3.14/_py_warnings.py", {st_mode=S_IFREG|0644, st_size=30631, ...}, 0) = 0
766623 openat(AT_FDCWD, "/usr/lib/python3.14/__pycache__/_py_warnings.cpython-314.pyc", O_RDONLY|O_CLOEXEC) = 3
766623 newfstatat(AT_FDCWD, "/home/firstmate/.no-mistakes/worktrees/8352e211db7e/01M4F29HK4JCAKXEQ2F50R6HHX/bin", {st_mode=S_IFDIR|0775, st_size=12288, ...}, 0) = 0
766623 newfstatat(AT_FDCWD, "/usr/lib/python3.14", {st_mode=S_IFDIR|0755, st_size=20480, ...}, 0) = 0
766623 newfstatat(AT_FDCWD, "/usr/lib/python3.14/lib-dynload", {st_mode=S_IFDIR|0755, st_size=16384, ...}, 0) = 0
766623 newfstatat(AT_FDCWD, "/home/firstmate/.local/lib/python3.14/site-packages", {st_mode=S_IFDIR|0775, st_size=4096, ...}, 0) = 0
766623 newfstatat(AT_FDCWD, "/usr/local/lib/python3.14/dist-packages", {st_mode=S_IFDIR|0755, st_size=4096, ...}, 0) = 0
766623 newfstatat(AT_FDCWD, "/usr/lib/python3/dist-packages", {st_mode=S_IFDIR|0755, st_size=12288, ...}, 0) = 0
766623 newfstatat(AT_FDCWD, "/home/firstmate/.no-mistakes/worktrees/8352e211db7e/01M4F29HK4JCAKXEQ2F50R6HHX/bin", {st_mode=S_IFDIR|0775, st_size=12288, ...}, 0) = 0
766623 newfstatat(AT_FDCWD, "/usr/lib/python3.14", {st_mode=S_IFDIR|0755, st_size=20480, ...}, 0) = 0
766623 newfstatat(AT_FDCWD, "/usr/lib/python3.14/selectors.py", {st_mode=S_IFREG|0644, st_size=19457, ...}, 0) = 0
766623 newfstatat(AT_FDCWD, "/usr/lib/python3.14/selectors.py", {st_mode=S_IFREG|0644, st_size=19457, ...}, 0) = 0
766623 openat(AT_FDCWD, "/usr/lib/python3.14/__pycache__/selectors.cpython-314.pyc", O_RDONLY|O_CLOEXEC) = 3
766623 newfstatat(AT_FDCWD, "/home/firstmate/.no-mistakes/worktrees/8352e211db7e/01M4F29HK4JCAKXEQ2F50R6HHX/.test-tmp/boundary/home/.voice-conversation-lab", 0x7ffd0ab14770, 0) = -1 ENOENT (No such file or directory)
766623 openat(AT_FDCWD, "/home/firstmate/.no-mistakes/worktrees/8352e211db7e/01M4F29HK4JCAKXEQ2F50R6HHX/.test-tmp/boundary/home/state/voice-conversation/policy.json", O_RDONLY|O_CLOEXEC) = 3
766623 openat(AT_FDCWD, "/home/firstmate/.no-mistakes/worktrees/8352e211db7e/01M4F29HK4JCAKXEQ2F50R6HHX/.test-tmp/boundary/home/state/voice-conversation/lock", O_WRONLY|O_CREAT|O_NOFOLLOW|O_CLOEXEC, 0600) = 3
766623 newfstatat(AT_FDCWD, "/home/firstmate/.no-mistakes/worktrees/8352e211db7e/01M4F29HK4JCAKXEQ2F50R6HHX/.test-tmp/boundary/home/state/voice-conversation/journal.json", {st_mode=S_IFREG|0600, st_size=2799, ...}, 0) = 0
766623 openat(AT_FDCWD, "/home/firstmate/.no-mistakes/worktrees/8352e211db7e/01M4F29HK4JCAKXEQ2F50R6HHX/.test-tmp/boundary/home/state/voice-conversation/journal.json", O_RDONLY|O_CLOEXEC) = 4
766623 openat(AT_FDCWD, "/home/firstmate/.no-mistakes/worktrees/8352e211db7e/01M4F29HK4JCAKXEQ2F50R6HHX/.test-tmp/boundary/home/state/inbox/", O_RDONLY|O_NONBLOCK|O_CLOEXEC|O_DIRECTORY) = 4
766623 openat(AT_FDCWD, "/home/firstmate/.no-mistakes/worktrees/8352e211db7e/01M4F29HK4JCAKXEQ2F50R6HHX/.test-tmp/boundary/home/state/inbox/handled/", O_RDONLY|O_NONBLOCK|O_CLOEXEC|O_DIRECTORY) = 4
766623 openat(AT_FDCWD, "/home/firstmate/.no-mistakes/worktrees/8352e211db7e/01M4F29HK4JCAKXEQ2F50R6HHX/.test-tmp/boundary/home/state/inbox/handled/vc-72fcee7d40e2626eb6bcb0284ad62c4465312ee139309aa2a4c12c917b8650a2.note", O_RDONLY|O_CLOEXEC) = 4
766623 newfstatat(AT_FDCWD, "/home/firstmate/.no-mistakes/worktrees/8352e211db7e/01M4F29HK4JCAKXEQ2F50R6HHX/.test-tmp/boundary/home/state/inbox/vc-72fcee7d40e2626eb6bcb0284ad62c4465312ee139309aa2a4c12c917b8650a2.note", 0x7ffd0ab14790, 0) = -1 ENOENT (No such file or directory)
766623 newfstatat(AT_FDCWD, "/home/firstmate/.no-mistakes/worktrees/8352e211db7e/01M4F29HK4JCAKXEQ2F50R6HHX/.test-tmp/boundary/home/state/inbox/handled/vc-72fcee7d40e2626eb6bcb0284ad62c4465312ee139309aa2a4c12c917b8650a2.note", {st_mode=S_IFREG|0600, st_size=399, ...}, 0) = 0
766623 newfstatat(AT_FDCWD, "/home/firstmate/.no-mistakes/worktrees/8352e211db7e/01M4F29HK4JCAKXEQ2F50R6HHX/.test-tmp/boundary/home/state/inbox/vc-72fcee7d40e2626eb6bcb0284ad62c4465312ee139309aa2a4c12c917b8650a2.note", 0x7ffd0ab14790, 0) = -1 ENOENT (No such file or directory)
766623 newfstatat(AT_FDCWD, "/home/firstmate/.no-mistakes/worktrees/8352e211db7e/01M4F29HK4JCAKXEQ2F50R6HHX/.test-tmp/boundary/home/state/inbox/vc-72fcee7d40e2626eb6bcb0284ad62c4465312ee139309aa2a4c12c917b8650a2.note", 0x7ffd0ab14c50, 0) = -1 ENOENT (No such file or directory)
766623 openat(AT_FDCWD, "/home/firstmate/.no-mistakes/worktrees/8352e211db7e/01M4F29HK4JCAKXEQ2F50R6HHX/.test-tmp/boundary/home/state/inbox/handled/vc-72fcee7d40e2626eb6bcb0284ad62c4465312ee139309aa2a4c12c917b8650a2.note", O_RDONLY|O_CLOEXEC) = 4
766623 +++ exited with 0 +++
766486 --- SIGCHLD {si_signo=SIGCHLD, si_code=CLD_EXITED, si_pid=766623, si_uid=0, si_status=0, si_utime=15 /* 0.15 s */, si_stime=7 /* 0.07 s */} ---
766892 execve("/home/firstmate/.no-mistakes/worktrees/8352e211db7e/01M4F29HK4JCAKXEQ2F50R6HHX/bin/fm-inbox.sh", ["/home/firstmate/.no-mistakes/wor"..., "conversation", "deliver"], 0x748618935930 /* 6 vars */) = 0
766892 access("/etc/ld.so.preload", R_OK) = -1 ENOENT (No such file or directory)
766892 openat(AT_FDCWD, "/etc/ld.so.cache", O_RDONLY|O_CLOEXEC) = 3
766892 openat(AT_FDCWD, "/usr/lib/x86_64-linux-gnu/libselinux.so.1", O_RDONLY|O_CLOEXEC) = 3
766892 openat(AT_FDCWD, "/usr/lib/x86_64-linux-gnu/libgcc_s.so.1", O_RDONLY|O_CLOEXEC) = 3
766892 openat(AT_FDCWD, "/usr/lib/x86_64-linux-gnu/libm.so.6", O_RDONLY|O_CLOEXEC) = 3
766892 openat(AT_FDCWD, "/usr/lib/x86_64-linux-gnu/libc.so.6", O_RDONLY|O_CLOEXEC) = 3
766892 openat(AT_FDCWD, "/usr/lib/x86_64-linux-gnu/libpcre2-8.so.0", O_RDONLY|O_CLOEXEC) = 3
766892 statfs("/sys/fs/selinux", 0x7ffc58070d20) = -1 ENOENT (No such file or directory)
766892 statfs("/selinux", 0x7ffc58070d20) = -1 ENOENT (No such file or directory)
766892 openat(AT_FDCWD, "/proc/filesystems", O_RDONLY|O_CLOEXEC) = 3
766892 access("/etc/selinux/config", F_OK) = -1 ENOENT (No such file or directory)
766892 openat(AT_FDCWD, "/proc/self/maps", O_RDONLY|O_CLOEXEC) = 3
766892 openat(AT_FDCWD, "/home/firstmate/.no-mistakes/worktrees/8352e211db7e/01M4F29HK4JCAKXEQ2F50R6HHX/bin/fm-inbox.sh", O_RDONLY|O_CLOEXEC) = 3
766892 statx(AT_FDCWD, "/usr/share/coreutils/locales/env", AT_STATX_SYNC_AS_STAT, STATX_ALL, {stx_mask=STATX_ALL|STATX_MNT_ID, stx_attributes=0, stx_mode=S_IFDIR|0755, stx_size=4096, ...}) = 0
766892 statx(AT_FDCWD, "/usr/share/coreutils/locales/uucore", AT_STATX_SYNC_AS_STAT, STATX_ALL, {stx_mask=STATX_ALL|STATX_MNT_ID, stx_attributes=0, stx_mode=S_IFDIR|0755, stx_size=4096, ...}) = 0
766892 openat(AT_FDCWD, "/usr/share/coreutils/locales/uucore/en-US.ftl", O_RDONLY|O_CLOEXEC) = 3
766892 statx(3, "", AT_STATX_SYNC_AS_STAT|AT_EMPTY_PATH, STATX_ALL, {stx_mask=STATX_ALL|STATX_MNT_ID, stx_attributes=0, stx_mode=S_IFREG|0644, stx_size=4080, ...}) = 0
766892 statx(AT_FDCWD, "/usr/share/coreutils/locales/env", AT_STATX_SYNC_AS_STAT, STATX_ALL, {stx_mask=STATX_ALL|STATX_MNT_ID, stx_attributes=0, stx_mode=S_IFDIR|0755, stx_size=4096, ...}) = 0
766892 openat(AT_FDCWD, "/usr/share/coreutils/locales/env/en-US.ftl", O_RDONLY|O_CLOEXEC) = -1 ENOENT (No such file or directory)
766892 execve("/home/firstmate/.local/codex-latest/lib/node_modules/@openai/codex/node_modules/@openai/codex-linux-x64/vendor/x86_64-unknown-linux-musl/codex-path/bash", ["bash", "/home/firstmate/.no-mistakes/wor"..., "conversation", "deliver"], 0x7ffc58070ef8 /* 6 vars */) = -1 ENOENT (No such file or directory)
766892 execve("/home/firstmate/.codex-5/tmp/arg0/codex-arg065EgpK/bash", ["bash", "/home/firstmate/.no-mistakes/wor"..., "conversation", "deliver"], 0x7ffc58070ef8 /* 6 vars */) = -1 ENOENT (No such file or directory)
766892 execve("/home/firstmate/.local/codex-latest/lib/node_modules/@openai/codex/node_modules/@openai/codex-linux-x64/vendor/x86_64-unknown-linux-musl/codex-path/bash", ["bash", "/home/firstmate/.no-mistakes/wor"..., "conversation", "deliver"], 0x7ffc58070ef8 /* 6 vars */) = -1 ENOENT (No such file or directory)
766892 execve("/home/firstmate/.local/bin/bash", ["bash", "/home/firstmate/.no-mistakes/wor"..., "conversation", "deliver"], 0x7ffc58070ef8 /* 6 vars */) = -1 ENOENT (No such file or directory)
766892 execve("/home/firstmate/go/bin/bash", ["bash", "/home/firstmate/.no-mistakes/wor"..., "conversation", "deliver"], 0x7ffc58070ef8 /* 6 vars */) = -1 ENOENT (No such file or directory)
766892 execve("/home/firstmate/.cargo/bin/bash", ["bash", "/home/firstmate/.no-mistakes/wor"..., "conversation", "deliver"], 0x7ffc58070ef8 /* 6 vars */) = -1 ENOENT (No such file or directory)
766892 execve("/home/firstmate/bin/bash", ["bash", "/home/firstmate/.no-mistakes/wor"..., "conversation", "deliver"], 0x7ffc58070ef8 /* 6 vars */) = -1 ENOENT (No such file or directory)
766892 execve("/opt/homebrew/bin/bash", ["bash", "/home/firstmate/.no-mistakes/wor"..., "conversation", "deliver"], 0x7ffc58070ef8 /* 6 vars */) = -1 ENOENT (No such file or directory)
766892 execve("/opt/homebrew/sbin/bash", ["bash", "/home/firstmate/.no-mistakes/wor"..., "conversation", "deliver"], 0x7ffc58070ef8 /* 6 vars */) = -1 ENOENT (No such file or directory)
766892 execve("/usr/local/bin/bash", ["bash", "/home/firstmate/.no-mistakes/wor"..., "conversation", "deliver"], 0x7ffc58070ef8 /* 6 vars */) = -1 ENOENT (No such file or directory)
766892 execve("/usr/local/sbin/bash", ["bash", "/home/firstmate/.no-mistakes/wor"..., "conversation", "deliver"], 0x7ffc58070ef8 /* 6 vars */) = -1 ENOENT (No such file or directory)
766892 execve("/usr/bin/bash", ["bash", "/home/firstmate/.no-mistakes/wor"..., "conversation", "deliver"], 0x7ffc58070ef8 /* 6 vars */) = 0
766892 access("/etc/ld.so.preload", R_OK) = -1 ENOENT (No such file or directory)
766892 openat(AT_FDCWD, "/etc/ld.so.cache", O_RDONLY|O_CLOEXEC) = 3
766892 openat(AT_FDCWD, "/usr/lib/x86_64-linux-gnu/libtinfo.so.6", O_RDONLY|O_CLOEXEC) = 3
766892 openat(AT_FDCWD, "/usr/lib/x86_64-linux-gnu/libc.so.6", O_RDONLY|O_CLOEXEC) = 3
766892 openat(AT_FDCWD, "/dev/tty", O_RDWR|O_NONBLOCK) = -1 ENXIO (No such device or address)
766892 openat(AT_FDCWD, "/usr/lib/locale/locale-archive", O_RDONLY|O_CLOEXEC) = 3
766892 openat(AT_FDCWD, "/usr/share/locale/locale.alias", O_RDONLY|O_CLOEXEC) = -1 ENOENT (No such file or directory)
766892 openat(AT_FDCWD, "/usr/lib/locale/C.UTF-8/LC_IDENTIFICATION", O_RDONLY|O_CLOEXEC) = -1 ENOENT (No such file or directory)
766892 openat(AT_FDCWD, "/usr/lib/locale/C.utf8/LC_IDENTIFICATION", O_RDONLY|O_CLOEXEC) = 3
766892 openat(AT_FDCWD, "/usr/lib/x86_64-linux-gnu/gconv/gconv-modules.cache", O_RDONLY|O_CLOEXEC) = 3
766892 openat(AT_FDCWD, "/usr/lib/locale/C.UTF-8/LC_MEASUREMENT", O_RDONLY|O_CLOEXEC) = -1 ENOENT (No such file or directory)
766892 openat(AT_FDCWD, "/usr/lib/locale/C.utf8/LC_MEASUREMENT", O_RDONLY|O_CLOEXEC) = 3
766892 openat(AT_FDCWD, "/usr/lib/locale/C.UTF-8/LC_TELEPHONE", O_RDONLY|O_CLOEXEC) = -1 ENOENT (No such file or directory)
766892 openat(AT_FDCWD, "/usr/lib/locale/C.utf8/LC_TELEPHONE", O_RDONLY|O_CLOEXEC) = 3
766892 openat(AT_FDCWD, "/usr/lib/locale/C.UTF-8/LC_ADDRESS", O_RDONLY|O_CLOEXEC) = -1 ENOENT (No such file or directory)
766892 openat(AT_FDCWD, "/usr/lib/locale/C.utf8/LC_ADDRESS", O_RDONLY|O_CLOEXEC) = 3
766892 openat(AT_FDCWD, "/usr/lib/locale/C.UTF-8/LC_NAME", O_RDONLY|O_CLOEXEC) = -1 ENOENT (No such file or directory)
766892 openat(AT_FDCWD, "/usr/lib/locale/C.utf8/LC_NAME", O_RDONLY|O_CLOEXEC) = 3
766892 openat(AT_FDCWD, "/usr/lib/locale/C.UTF-8/LC_PAPER", O_RDONLY|O_CLOEXEC) = -1 ENOENT (No such file or directory)
766892 openat(AT_FDCWD, "/usr/lib/locale/C.utf8/LC_PAPER", O_RDONLY|O_CLOEXEC) = 3
766892 openat(AT_FDCWD, "/usr/lib/locale/C.UTF-8/LC_MESSAGES", O_RDONLY|O_CLOEXEC) = -1 ENOENT (No such file or directory)
766892 openat(AT_FDCWD, "/usr/lib/locale/C.utf8/LC_MESSAGES", O_RDONLY|O_CLOEXEC) = 3
766892 openat(AT_FDCWD, "/usr/lib/locale/C.utf8/LC_MESSAGES/SYS_LC_MESSAGES", O_RDONLY|O_CLOEXEC) = 3
766892 openat(AT_FDCWD, "/usr/lib/locale/C.UTF-8/LC_MONETARY", O_RDONLY|O_CLOEXEC) = -1 ENOENT (No such file or directory)
766892 openat(AT_FDCWD, "/usr/lib/locale/C.utf8/LC_MONETARY", O_RDONLY|O_CLOEXEC) = 3
766892 openat(AT_FDCWD, "/usr/lib/locale/C.UTF-8/LC_COLLATE", O_RDONLY|O_CLOEXEC) = -1 ENOENT (No such file or directory)
766892 openat(AT_FDCWD, "/usr/lib/locale/C.utf8/LC_COLLATE", O_RDONLY|O_CLOEXEC) = 3
766892 openat(AT_FDCWD, "/usr/lib/locale/C.UTF-8/LC_TIME", O_RDONLY|O_CLOEXEC) = -1 ENOENT (No such file or directory)
766892 openat(AT_FDCWD, "/usr/lib/locale/C.utf8/LC_TIME", O_RDONLY|O_CLOEXEC) = 3
766892 openat(AT_FDCWD, "/usr/lib/locale/C.UTF-8/LC_NUMERIC", O_RDONLY|O_CLOEXEC) = -1 ENOENT (No such file or directory)
766892 openat(AT_FDCWD, "/usr/lib/locale/C.utf8/LC_NUMERIC", O_RDONLY|O_CLOEXEC) = 3
766892 openat(AT_FDCWD, "/usr/lib/locale/C.UTF-8/LC_CTYPE", O_RDONLY|O_CLOEXEC) = -1 ENOENT (No such file or directory)
766892 openat(AT_FDCWD, "/usr/lib/locale/C.utf8/LC_CTYPE", O_RDONLY|O_CLOEXEC) = 3
766892 getcwd("/home/firstmate/.no-mistakes/worktrees/8352e211db7e/01M4F29HK4JCAKXEQ2F50R6HHX", 4096) = 79
766892 newfstatat(AT_FDCWD, ".", {st_mode=S_IFDIR|0775, st_size=4096, ...}, 0) = 0
766892 newfstatat(AT_FDCWD, "/home/firstmate/.local/codex-latest/lib/node_modules/@openai/codex/node_modules/@openai/codex-linux-x64/vendor/x86_64-unknown-linux-musl/codex-path/bash", 0x7fffc39f8db0, 0) = -1 ENOENT (No such file or directory)
766892 newfstatat(AT_FDCWD, "/home/firstmate/.codex-5/tmp/arg0/codex-arg065EgpK/bash", 0x7fffc39f8db0, 0) = -1 ENOENT (No such file or directory)
766892 newfstatat(AT_FDCWD, "/home/firstmate/.local/codex-latest/lib/node_modules/@openai/codex/node_modules/@openai/codex-linux-x64/vendor/x86_64-unknown-linux-musl/codex-path/bash", 0x7fffc39f8db0, 0) = -1 ENOENT (No such file or directory)
766892 newfstatat(AT_FDCWD, "/home/firstmate/.local/bin/bash", 0x7fffc39f8db0, 0) = -1 ENOENT (No such file or directory)
766892 newfstatat(AT_FDCWD, "/home/firstmate/go/bin/bash", 0x7fffc39f8db0, 0) = -1 ENOENT (No such file or directory)
766892 newfstatat(AT_FDCWD, "/home/firstmate/.cargo/bin/bash", 0x7fffc39f8db0, 0) = -1 ENOENT (No such file or directory)
766892 newfstatat(AT_FDCWD, "/home/firstmate/bin/bash", 0x7fffc39f8db0, 0) = -1 ENOENT (No such file or directory)
766892 newfstatat(AT_FDCWD, "/opt/homebrew/bin/bash", 0x7fffc39f8db0, 0) = -1 ENOENT (No such file or directory)
766892 newfstatat(AT_FDCWD, "/opt/homebrew/sbin/bash", 0x7fffc39f8db0, 0) = -1 ENOENT (No such file or directory)
766892 newfstatat(AT_FDCWD, "/usr/local/bin/bash", 0x7fffc39f8db0, 0) = -1 ENOENT (No such file or directory)
766892 newfstatat(AT_FDCWD, "/usr/local/sbin/bash", 0x7fffc39f8db0, 0) = -1 ENOENT (No such file or directory)
766892 newfstatat(AT_FDCWD, "/usr/bin/bash", {st_mode=S_IFREG|0755, st_size=1540520, ...}, 0) = 0
766892 newfstatat(AT_FDCWD, "/usr/bin/bash", {st_mode=S_IFREG|0755, st_size=1540520, ...}, 0) = 0
766892 access("/usr/bin/bash", X_OK)    = 0
766892 newfstatat(AT_FDCWD, "/usr/bin/bash", {st_mode=S_IFREG|0755, st_size=1540520, ...}, 0) = 0
766892 access("/usr/bin/bash", R_OK)    = 0
766892 newfstatat(AT_FDCWD, "/etc/nsswitch.conf", {st_mode=S_IFREG|0644, st_size=526, ...}, 0) = 0
766892 newfstatat(AT_FDCWD, "/", {st_mode=S_IFDIR|0755, st_size=4096, ...}, 0) = 0
766892 openat(AT_FDCWD, "/etc/nsswitch.conf", O_RDONLY|O_CLOEXEC) = 3
766892 openat(AT_FDCWD, "/etc/passwd", O_RDONLY|O_CLOEXEC) = 3
766892 openat(AT_FDCWD, "/home/firstmate/.no-mistakes/worktrees/8352e211db7e/01M4F29HK4JCAKXEQ2F50R6HHX/bin/fm-inbox.sh", O_RDONLY) = 3
766892 newfstatat(AT_FDCWD, "/home/firstmate/.no-mistakes/worktrees/8352e211db7e/01M4F29HK4JCAKXEQ2F50R6HHX/bin/fm-inbox.sh", {st_mode=S_IFREG|0775, st_size=17467, ...}, 0) = 0
766892 newfstatat(AT_FDCWD, "/home/firstmate/.toolbox/bin", 0x7fffc39f8bb0, 0) = -1 ENOENT (No such file or directory)
766909 newfstatat(AT_FDCWD, ".", {st_mode=S_IFDIR|0775, st_size=4096, ...}, 0) = 0
766909 newfstatat(AT_FDCWD, "/home/firstmate/.local/codex-latest/lib/node_modules/@openai/codex/node_modules/@openai/codex-linux-x64/vendor/x86_64-unknown-linux-musl/codex-path/dirname", 0x7fffc39f7970, 0) = -1 ENOENT (No such file or directory)
766909 newfstatat(AT_FDCWD, "/home/firstmate/.codex-5/tmp/arg0/codex-arg065EgpK/dirname", 0x7fffc39f7970, 0) = -1 ENOENT (No such file or directory)
766909 newfstatat(AT_FDCWD, "/home/firstmate/.local/codex-latest/lib/node_modules/@openai/codex/node_modules/@openai/codex-linux-x64/vendor/x86_64-unknown-linux-musl/codex-path/dirname", 0x7fffc39f7970, 0) = -1 ENOENT (No such file or directory)
766909 newfstatat(AT_FDCWD, "/home/firstmate/.local/bin/dirname", 0x7fffc39f7970, 0) = -1 ENOENT (No such file or directory)
766909 newfstatat(AT_FDCWD, "/home/firstmate/go/bin/dirname", 0x7fffc39f7970, 0) = -1 ENOENT (No such file or directory)
766909 newfstatat(AT_FDCWD, "/home/firstmate/.cargo/bin/dirname", 0x7fffc39f7970, 0) = -1 ENOENT (No such file or directory)
766909 newfstatat(AT_FDCWD, "/home/firstmate/bin/dirname", 0x7fffc39f7970, 0) = -1 ENOENT (No such file or directory)
766909 newfstatat(AT_FDCWD, "/opt/homebrew/bin/dirname", 0x7fffc39f7970, 0) = -1 ENOENT (No such file or directory)
766909 newfstatat(AT_FDCWD, "/opt/homebrew/sbin/dirname", 0x7fffc39f7970, 0) = -1 ENOENT (No such file or directory)
766909 newfstatat(AT_FDCWD, "/usr/local/bin/dirname", 0x7fffc39f7970, 0) = -1 ENOENT (No such file or directory)
766909 newfstatat(AT_FDCWD, "/usr/local/sbin/dirname", 0x7fffc39f7970, 0) = -1 ENOENT (No such file or directory)
766909 newfstatat(AT_FDCWD, "/usr/bin/dirname", {st_mode=S_IFREG|0755, st_size=11352352, ...}, 0) = 0
766909 newfstatat(AT_FDCWD, "/usr/bin/dirname", {st_mode=S_IFREG|0755, st_size=11352352, ...}, 0) = 0
766909 access("/usr/bin/dirname", X_OK) = 0
766909 newfstatat(AT_FDCWD, "/usr/bin/dirname", {st_mode=S_IFREG|0755, st_size=11352352, ...}, 0) = 0
766909 access("/usr/bin/dirname", R_OK) = 0
766909 execve("/usr/bin/dirname", ["dirname", "/home/firstmate/.no-mistakes/wor"...], 0x5c16a1e28090 /* 9 vars */) = 0
766909 access("/etc/ld.so.preload", R_OK) = -1 ENOENT (No such file or directory)
766909 openat(AT_FDCWD, "/etc/ld.so.cache", O_RDONLY|O_CLOEXEC) = 3
766909 openat(AT_FDCWD, "/usr/lib/x86_64-linux-gnu/libselinux.so.1", O_RDONLY|O_CLOEXEC) = 3
766909 openat(AT_FDCWD, "/usr/lib/x86_64-linux-gnu/libgcc_s.so.1", O_RDONLY|O_CLOEXEC) = 3
766909 openat(AT_FDCWD, "/usr/lib/x86_64-linux-gnu/libm.so.6", O_RDONLY|O_CLOEXEC) = 3
766909 openat(AT_FDCWD, "/usr/lib/x86_64-linux-gnu/libc.so.6", O_RDONLY|O_CLOEXEC) = 3
766909 openat(AT_FDCWD, "/usr/lib/x86_64-linux-gnu/libpcre2-8.so.0", O_RDONLY|O_CLOEXEC) = 3
766909 statfs("/sys/fs/selinux", 0x7ffc5b10f6c0) = -1 ENOENT (No such file or directory)
766909 statfs("/selinux", 0x7ffc5b10f6c0) = -1 ENOENT (No such file or directory)
766909 openat(AT_FDCWD, "/proc/filesystems", O_RDONLY|O_CLOEXEC) = 3
766909 access("/etc/selinux/config", F_OK) = -1 ENOENT (No such file or directory)
766909 openat(AT_FDCWD, "/proc/self/maps", O_RDONLY|O_CLOEXEC) = 3
766909 statx(AT_FDCWD, "/usr/share/coreutils/locales/dirname", AT_STATX_SYNC_AS_STAT, STATX_ALL, {stx_mask=STATX_ALL|STATX_MNT_ID, stx_attributes=0, stx_mode=S_IFDIR|0755, stx_size=4096, ...}) = 0
766909 statx(AT_FDCWD, "/usr/share/coreutils/locales/uucore", AT_STATX_SYNC_AS_STAT, STATX_ALL, {stx_mask=STATX_ALL|STATX_MNT_ID, stx_attributes=0, stx_mode=S_IFDIR|0755, stx_size=4096, ...}) = 0
766909 openat(AT_FDCWD, "/usr/share/coreutils/locales/uucore/en-US.ftl", O_RDONLY|O_CLOEXEC) = 3
766909 statx(3, "", AT_STATX_SYNC_AS_STAT|AT_EMPTY_PATH, STATX_ALL, {stx_mask=STATX_ALL|STATX_MNT_ID, stx_attributes=0, stx_mode=S_IFREG|0644, stx_size=4080, ...}) = 0
766909 statx(AT_FDCWD, "/usr/share/coreutils/locales/dirname", AT_STATX_SYNC_AS_STAT, STATX_ALL, {stx_mask=STATX_ALL|STATX_MNT_ID, stx_attributes=0, stx_mode=S_IFDIR|0755, stx_size=4096, ...}) = 0
766909 openat(AT_FDCWD, "/usr/share/coreutils/locales/dirname/en-US.ftl", O_RDONLY|O_CLOEXEC) = -1 ENOENT (No such file or directory)
766909 +++ exited with 0 +++
766907 --- SIGCHLD {si_signo=SIGCHLD, si_code=CLD_EXITED, si_pid=766909, si_uid=0, si_status=0, si_utime=0, si_stime=0} ---
766907 newfstatat(AT_FDCWD, "/home", {st_mode=S_IFDIR|0755, st_size=4096, ...}, 0) = 0
766907 newfstatat(AT_FDCWD, "/home/firstmate", {st_mode=S_IFDIR|0750, st_size=16384, ...}, 0) = 0
766907 newfstatat(AT_FDCWD, "/home/firstmate/.no-mistakes", {st_mode=S_IFDIR|0755, st_size=4096, ...}, 0) = 0
766907 newfstatat(AT_FDCWD, "/home/firstmate/.no-mistakes/worktrees", {st_mode=S_IFDIR|0755, st_size=4096, ...}, 0) = 0
766907 newfstatat(AT_FDCWD, "/home/firstmate/.no-mistakes/worktrees/8352e211db7e", {st_mode=S_IFDIR|0775, st_size=4096, ...}, 0) = 0
766907 newfstatat(AT_FDCWD, "/home/firstmate/.no-mistakes/worktrees/8352e211db7e/01M4F29HK4JCAKXEQ2F50R6HHX", {st_mode=S_IFDIR|0775, st_size=4096, ...}, 0) = 0
766907 newfstatat(AT_FDCWD, "/home/firstmate/.no-mistakes/worktrees/8352e211db7e/01M4F29HK4JCAKXEQ2F50R6HHX/bin", {st_mode=S_IFDIR|0775, st_size=12288, ...}, 0) = 0
766907 chdir("/home/firstmate/.no-mistakes/worktrees/8352e211db7e/01M4F29HK4JCAKXEQ2F50R6HHX/bin") = 0
766907 +++ exited with 0 +++
766892 --- SIGCHLD {si_signo=SIGCHLD, si_code=CLD_EXITED, si_pid=766907, si_uid=0, si_status=0, si_utime=0, si_stime=0} ---
766916 newfstatat(AT_FDCWD, "/home", {st_mode=S_IFDIR|0755, st_size=4096, ...}, 0) = 0
766916 newfstatat(AT_FDCWD, "/home/firstmate", {st_mode=S_IFDIR|0750, st_size=16384, ...}, 0) = 0
766916 newfstatat(AT_FDCWD, "/home/firstmate/.no-mistakes", {st_mode=S_IFDIR|0755, st_size=4096, ...}, 0) = 0
766916 newfstatat(AT_FDCWD, "/home/firstmate/.no-mistakes/worktrees", {st_mode=S_IFDIR|0755, st_size=4096, ...}, 0) = 0
766916 newfstatat(AT_FDCWD, "/home/firstmate/.no-mistakes/worktrees/8352e211db7e", {st_mode=S_IFDIR|0775, st_size=4096, ...}, 0) = 0
766916 newfstatat(AT_FDCWD, "/home/firstmate/.no-mistakes/worktrees/8352e211db7e/01M4F29HK4JCAKXEQ2F50R6HHX", {st_mode=S_IFDIR|0775, st_size=4096, ...}, 0) = 0
766916 newfstatat(AT_FDCWD, "/home/firstmate/.no-mistakes/worktrees/8352e211db7e/01M4F29HK4JCAKXEQ2F50R6HHX/bin", {st_mode=S_IFDIR|0775, st_size=12288, ...}, 0) = 0
766916 newfstatat(AT_FDCWD, "/home/firstmate/.no-mistakes/worktrees/8352e211db7e/01M4F29HK4JCAKXEQ2F50R6HHX/bin", {st_mode=S_IFDIR|0775, st_size=12288, ...}, 0) = 0
766916 chdir("/home/firstmate/.no-mistakes/worktrees/8352e211db7e/01M4F29HK4JCAKXEQ2F50R6HHX") = 0
766916 +++ exited with 0 +++
766892 --- SIGCHLD {si_signo=SIGCHLD, si_code=CLD_EXITED, si_pid=766916, si_uid=0, si_status=0, si_utime=0, si_stime=0} ---
766919 faccessat2(AT_FDCWD, "/home/firstmate/.no-mistakes/worktrees/8352e211db7e/01M4F29HK4JCAKXEQ2F50R6HHX/.test-tmp/boundary/home/config/inbox-profile", R_OK, AT_EACCESS) = -1 ENOENT (No such file or directory)
766919 +++ exited with 0 +++
766892 --- SIGCHLD {si_signo=SIGCHLD, si_code=CLD_EXITED, si_pid=766919, si_uid=0, si_status=0, si_utime=0, si_stime=0} ---
766892 newfstatat(AT_FDCWD, "/home/firstmate/.no-mistakes/worktrees/8352e211db7e/01M4F29HK4JCAKXEQ2F50R6HHX/.test-tmp/boundary/home/.voice-conversation-lab", 0x7fffc39f88c0, 0) = -1 ENOENT (No such file or directory)
766892 openat(AT_FDCWD, "/home/firstmate/.no-mistakes/worktrees/8352e211db7e/01M4F29HK4JCAKXEQ2F50R6HHX/bin/fm-wake-lib.sh", O_RDONLY) = 3
766925 newfstatat(AT_FDCWD, ".", {st_mode=S_IFDIR|0775, st_size=4096, ...}, 0) = 0
766925 newfstatat(AT_FDCWD, "/home/firstmate/.local/codex-latest/lib/node_modules/@openai/codex/node_modules/@openai/codex-linux-x64/vendor/x86_64-unknown-linux-musl/codex-path/dirname", 0x7fffc39f6b60, 0) = -1 ENOENT (No such file or directory)
766925 newfstatat(AT_FDCWD, "/home/firstmate/.codex-5/tmp/arg0/codex-arg065EgpK/dirname", 0x7fffc39f6b60, 0) = -1 ENOENT (No such file or directory)
766925 newfstatat(AT_FDCWD, "/home/firstmate/.local/codex-latest/lib/node_modules/@openai/codex/node_modules/@openai/codex-linux-x64/vendor/x86_64-unknown-linux-musl/codex-path/dirname", 0x7fffc39f6b60, 0) = -1 ENOENT (No such file or directory)
766925 newfstatat(AT_FDCWD, "/home/firstmate/.local/bin/dirname", 0x7fffc39f6b60, 0) = -1 ENOENT (No such file or directory)
766925 newfstatat(AT_FDCWD, "/home/firstmate/go/bin/dirname", 0x7fffc39f6b60, 0) = -1 ENOENT (No such file or directory)
766925 newfstatat(AT_FDCWD, "/home/firstmate/.cargo/bin/dirname", 0x7fffc39f6b60, 0) = -1 ENOENT (No such file or directory)
766925 newfstatat(AT_FDCWD, "/home/firstmate/bin/dirname", 0x7fffc39f6b60, 0) = -1 ENOENT (No such file or directory)
766925 newfstatat(AT_FDCWD, "/opt/homebrew/bin/dirname", 0x7fffc39f6b60, 0) = -1 ENOENT (No such file or directory)
766925 newfstatat(AT_FDCWD, "/opt/homebrew/sbin/dirname", 0x7fffc39f6b60, 0) = -1 ENOENT (No such file or directory)
766925 newfstatat(AT_FDCWD, "/usr/local/bin/dirname", 0x7fffc39f6b60, 0) = -1 ENOENT (No such file or directory)
766925 newfstatat(AT_FDCWD, "/usr/local/sbin/dirname", 0x7fffc39f6b60, 0) = -1 ENOENT (No such file or directory)
766925 newfstatat(AT_FDCWD, "/usr/bin/dirname", {st_mode=S_IFREG|0755, st_size=11352352, ...}, 0) = 0
766925 newfstatat(AT_FDCWD, "/usr/bin/dirname", {st_mode=S_IFREG|0755, st_size=11352352, ...}, 0) = 0
766925 access("/usr/bin/dirname", X_OK) = 0
766925 newfstatat(AT_FDCWD, "/usr/bin/dirname", {st_mode=S_IFREG|0755, st_size=11352352, ...}, 0) = 0
766925 access("/usr/bin/dirname", R_OK) = 0
766925 execve("/usr/bin/dirname", ["dirname", "/home/firstmate/.no-mistakes/wor"...], 0x5c16a1e61640 /* 9 vars */) = 0
766925 access("/etc/ld.so.preload", R_OK) = -1 ENOENT (No such file or directory)
766925 openat(AT_FDCWD, "/etc/ld.so.cache", O_RDONLY|O_CLOEXEC) = 3
766925 openat(AT_FDCWD, "/usr/lib/x86_64-linux-gnu/libselinux.so.1", O_RDONLY|O_CLOEXEC) = 3
766925 openat(AT_FDCWD, "/usr/lib/x86_64-linux-gnu/libgcc_s.so.1", O_RDONLY|O_CLOEXEC) = 3
766925 openat(AT_FDCWD, "/usr/lib/x86_64-linux-gnu/libm.so.6", O_RDONLY|O_CLOEXEC) = 3
766925 openat(AT_FDCWD, "/usr/lib/x86_64-linux-gnu/libc.so.6", O_RDONLY|O_CLOEXEC) = 3
766925 openat(AT_FDCWD, "/usr/lib/x86_64-linux-gnu/libpcre2-8.so.0", O_RDONLY|O_CLOEXEC) = 3
766925 statfs("/sys/fs/selinux", 0x7ffea80349b0) = -1 ENOENT (No such file or directory)
766925 statfs("/selinux", 0x7ffea80349b0) = -1 ENOENT (No such file or directory)
766925 openat(AT_FDCWD, "/proc/filesystems", O_RDONLY|O_CLOEXEC) = 3
766925 access("/etc/selinux/config", F_OK) = -1 ENOENT (No such file or directory)
766925 openat(AT_FDCWD, "/proc/self/maps", O_RDONLY|O_CLOEXEC) = 3
766925 statx(AT_FDCWD, "/usr/share/coreutils/locales/dirname", AT_STATX_SYNC_AS_STAT, STATX_ALL, {stx_mask=STATX_ALL|STATX_MNT_ID, stx_attributes=0, stx_mode=S_IFDIR|0755, stx_size=4096, ...}) = 0
766925 statx(AT_FDCWD, "/usr/share/coreutils/locales/uucore", AT_STATX_SYNC_AS_STAT, STATX_ALL, {stx_mask=STATX_ALL|STATX_MNT_ID, stx_attributes=0, stx_mode=S_IFDIR|0755, stx_size=4096, ...}) = 0
766925 openat(AT_FDCWD, "/usr/share/coreutils/locales/uucore/en-US.ftl", O_RDONLY|O_CLOEXEC) = 3
766925 statx(3, "", AT_STATX_SYNC_AS_STAT|AT_EMPTY_PATH, STATX_ALL, {stx_mask=STATX_ALL|STATX_MNT_ID, stx_attributes=0, stx_mode=S_IFREG|0644, stx_size=4080, ...}) = 0
766925 statx(AT_FDCWD, "/usr/share/coreutils/locales/dirname", AT_STATX_SYNC_AS_STAT, STATX_ALL, {stx_mask=STATX_ALL|STATX_MNT_ID, stx_attributes=0, stx_mode=S_IFDIR|0755, stx_size=4096, ...}) = 0
766925 openat(AT_FDCWD, "/usr/share/coreutils/locales/dirname/en-US.ftl", O_RDONLY|O_CLOEXEC) = -1 ENOENT (No such file or directory)
766925 +++ exited with 0 +++
766923 --- SIGCHLD {si_signo=SIGCHLD, si_code=CLD_EXITED, si_pid=766925, si_uid=0, si_status=0, si_utime=0, si_stime=0} ---
766923 newfstatat(AT_FDCWD, "/home", {st_mode=S_IFDIR|0755, st_size=4096, ...}, 0) = 0
766923 newfstatat(AT_FDCWD, "/home/firstmate", {st_mode=S_IFDIR|0750, st_size=16384, ...}, 0) = 0
766923 newfstatat(AT_FDCWD, "/home/firstmate/.no-mistakes", {st_mode=S_IFDIR|0755, st_size=4096, ...}, 0) = 0
766923 newfstatat(AT_FDCWD, "/home/firstmate/.no-mistakes/worktrees", {st_mode=S_IFDIR|0755, st_size=4096, ...}, 0) = 0
766923 newfstatat(AT_FDCWD, "/home/firstmate/.no-mistakes/worktrees/8352e211db7e", {st_mode=S_IFDIR|0775, st_size=4096, ...}, 0) = 0
766923 newfstatat(AT_FDCWD, "/home/firstmate/.no-mistakes/worktrees/8352e211db7e/01M4F29HK4JCAKXEQ2F50R6HHX", {st_mode=S_IFDIR|0775, st_size=4096, ...}, 0) = 0
766923 newfstatat(AT_FDCWD, "/home/firstmate/.no-mistakes/worktrees/8352e211db7e/01M4F29HK4JCAKXEQ2F50R6HHX/bin", {st_mode=S_IFDIR|0775, st_size=12288, ...}, 0) = 0
766923 chdir("/home/firstmate/.no-mistakes/worktrees/8352e211db7e/01M4F29HK4JCAKXEQ2F50R6HHX/bin") = 0
766923 +++ exited with 0 +++
766892 --- SIGCHLD {si_signo=SIGCHLD, si_code=CLD_EXITED, si_pid=766923, si_uid=0, si_status=0, si_utime=0, si_stime=0} ---
766929 newfstatat(AT_FDCWD, "/home", {st_mode=S_IFDIR|0755, st_size=4096, ...}, 0) = 0
766929 newfstatat(AT_FDCWD, "/home/firstmate", {st_mode=S_IFDIR|0750, st_size=16384, ...}, 0) = 0
766929 newfstatat(AT_FDCWD, "/home/firstmate/.no-mistakes", {st_mode=S_IFDIR|0755, st_size=4096, ...}, 0) = 0
766929 newfstatat(AT_FDCWD, "/home/firstmate/.no-mistakes/worktrees", {st_mode=S_IFDIR|0755, st_size=4096, ...}, 0) = 0
766929 newfstatat(AT_FDCWD, "/home/firstmate/.no-mistakes/worktrees/8352e211db7e", {st_mode=S_IFDIR|0775, st_size=4096, ...}, 0) = 0
766929 newfstatat(AT_FDCWD, "/home/firstmate/.no-mistakes/worktrees/8352e211db7e/01M4F29HK4JCAKXEQ2F50R6HHX", {st_mode=S_IFDIR|0775, st_size=4096, ...}, 0) = 0
766929 newfstatat(AT_FDCWD, "/home/firstmate/.no-mistakes/worktrees/8352e211db7e/01M4F29HK4JCAKXEQ2F50R6HHX/bin", {st_mode=S_IFDIR|0775, st_size=12288, ...}, 0) = 0
766929 newfstatat(AT_FDCWD, "/home/firstmate/.no-mistakes/worktrees/8352e211db7e/01M4F29HK4JCAKXEQ2F50R6HHX/bin", {st_mode=S_IFDIR|0775, st_size=12288, ...}, 0) = 0
766929 chdir("/home/firstmate/.no-mistakes/worktrees/8352e211db7e/01M4F29HK4JCAKXEQ2F50R6HHX") = 0
766929 +++ exited with 0 +++
766892 --- SIGCHLD {si_signo=SIGCHLD, si_code=CLD_EXITED, si_pid=766929, si_uid=0, si_status=0, si_utime=0, si_stime=0} ---
766930 newfstatat(AT_FDCWD, ".", {st_mode=S_IFDIR|0775, st_size=4096, ...}, 0) = 0
766930 newfstatat(AT_FDCWD, "/home/firstmate/.local/codex-latest/lib/node_modules/@openai/codex/node_modules/@openai/codex-linux-x64/vendor/x86_64-unknown-linux-musl/codex-path/uname", 0x7fffc39f7570, 0) = -1 ENOENT (No such file or directory)
766930 newfstatat(AT_FDCWD, "/home/firstmate/.codex-5/tmp/arg0/codex-arg065EgpK/uname", 0x7fffc39f7570, 0) = -1 ENOENT (No such file or directory)
766930 newfstatat(AT_FDCWD, "/home/firstmate/.local/codex-latest/lib/node_modules/@openai/codex/node_modules/@openai/codex-linux-x64/vendor/x86_64-unknown-linux-musl/codex-path/uname", 0x7fffc39f7570, 0) = -1 ENOENT (No such file or directory)
766930 newfstatat(AT_FDCWD, "/home/firstmate/.local/bin/uname", 0x7fffc39f7570, 0) = -1 ENOENT (No such file or directory)
766930 newfstatat(AT_FDCWD, "/home/firstmate/go/bin/uname", 0x7fffc39f7570, 0) = -1 ENOENT (No such file or directory)
766930 newfstatat(AT_FDCWD, "/home/firstmate/.cargo/bin/uname", 0x7fffc39f7570, 0) = -1 ENOENT (No such file or directory)
766930 newfstatat(AT_FDCWD, "/home/firstmate/bin/uname", 0x7fffc39f7570, 0) = -1 ENOENT (No such file or directory)
766930 newfstatat(AT_FDCWD, "/opt/homebrew/bin/uname", 0x7fffc39f7570, 0) = -1 ENOENT (No such file or directory)
766930 newfstatat(AT_FDCWD, "/opt/homebrew/sbin/uname", 0x7fffc39f7570, 0) = -1 ENOENT (No such file or directory)
766930 newfstatat(AT_FDCWD, "/usr/local/bin/uname", 0x7fffc39f7570, 0) = -1 ENOENT (No such file or directory)
766930 newfstatat(AT_FDCWD, "/usr/local/sbin/uname", 0x7fffc39f7570, 0) = -1 ENOENT (No such file or directory)
766930 newfstatat(AT_FDCWD, "/usr/bin/uname", {st_mode=S_IFREG|0755, st_size=11352352, ...}, 0) = 0
766930 newfstatat(AT_FDCWD, "/usr/bin/uname", {st_mode=S_IFREG|0755, st_size=11352352, ...}, 0) = 0
766930 access("/usr/bin/uname", X_OK)   = 0
766930 newfstatat(AT_FDCWD, "/usr/bin/uname", {st_mode=S_IFREG|0755, st_size=11352352, ...}, 0) = 0
766930 access("/usr/bin/uname", R_OK)   = 0
766933 openat(AT_FDCWD, "/dev/null", O_WRONLY|O_CREAT|O_TRUNC, 0666) = 3
766933 execve("/usr/bin/uname", ["uname"], 0x5c16a1e60570 /* 9 vars */) = 0
766933 access("/etc/ld.so.preload", R_OK) = -1 ENOENT (No such file or directory)
766933 openat(AT_FDCWD, "/etc/ld.so.cache", O_RDONLY|O_CLOEXEC) = 3
766933 openat(AT_FDCWD, "/usr/lib/x86_64-linux-gnu/libselinux.so.1", O_RDONLY|O_CLOEXEC) = 3
766933 openat(AT_FDCWD, "/usr/lib/x86_64-linux-gnu/libgcc_s.so.1", O_RDONLY|O_CLOEXEC) = 3
766933 openat(AT_FDCWD, "/usr/lib/x86_64-linux-gnu/libm.so.6", O_RDONLY|O_CLOEXEC) = 3
766933 openat(AT_FDCWD, "/usr/lib/x86_64-linux-gnu/libc.so.6", O_RDONLY|O_CLOEXEC) = 3
766933 openat(AT_FDCWD, "/usr/lib/x86_64-linux-gnu/libpcre2-8.so.0", O_RDONLY|O_CLOEXEC) = 3
766933 statfs("/sys/fs/selinux", 0x7ffe44c579c0) = -1 ENOENT (No such file or directory)
766933 statfs("/selinux", 0x7ffe44c579c0) = -1 ENOENT (No such file or directory)
766933 openat(AT_FDCWD, "/proc/filesystems", O_RDONLY|O_CLOEXEC) = 3
766933 access("/etc/selinux/config", F_OK) = -1 ENOENT (No such file or directory)
766933 openat(AT_FDCWD, "/proc/self/maps", O_RDONLY|O_CLOEXEC) = 3
766933 statx(AT_FDCWD, "/usr/share/coreutils/locales/uname", AT_STATX_SYNC_AS_STAT, STATX_ALL, {stx_mask=STATX_ALL|STATX_MNT_ID, stx_attributes=0, stx_mode=S_IFDIR|0755, stx_size=4096, ...}) = 0
766933 statx(AT_FDCWD, "/usr/share/coreutils/locales/uucore", AT_STATX_SYNC_AS_STAT, STATX_ALL, {stx_mask=STATX_ALL|STATX_MNT_ID, stx_attributes=0, stx_mode=S_IFDIR|0755, stx_size=4096, ...}) = 0
766933 openat(AT_FDCWD, "/usr/share/coreutils/locales/uucore/en-US.ftl", O_RDONLY|O_CLOEXEC) = 3
766933 statx(3, "", AT_STATX_SYNC_AS_STAT|AT_EMPTY_PATH, STATX_ALL, {stx_mask=STATX_ALL|STATX_MNT_ID, stx_attributes=0, stx_mode=S_IFREG|0644, stx_size=4080, ...}) = 0
766933 statx(AT_FDCWD, "/usr/share/coreutils/locales/uname", AT_STATX_SYNC_AS_STAT, STATX_ALL, {stx_mask=STATX_ALL|STATX_MNT_ID, stx_attributes=0, stx_mode=S_IFDIR|0755, stx_size=4096, ...}) = 0
766933 openat(AT_FDCWD, "/usr/share/coreutils/locales/uname/en-US.ftl", O_RDONLY|O_CLOEXEC) = -1 ENOENT (No such file or directory)
766933 +++ exited with 0 +++
766930 --- SIGCHLD {si_signo=SIGCHLD, si_code=CLD_EXITED, si_pid=766933, si_uid=0, si_status=0, si_utime=0, si_stime=0} ---
766930 +++ exited with 0 +++
766892 --- SIGCHLD {si_signo=SIGCHLD, si_code=CLD_EXITED, si_pid=766930, si_uid=0, si_status=0, si_utime=0, si_stime=0} ---
766892 newfstatat(AT_FDCWD, ".", {st_mode=S_IFDIR|0775, st_size=4096, ...}, 0) = 0
766892 newfstatat(AT_FDCWD, "/home/firstmate/.local/codex-latest/lib/node_modules/@openai/codex/node_modules/@openai/codex-linux-x64/vendor/x86_64-unknown-linux-musl/codex-path/mkdir", 0x7fffc39f7e80, 0) = -1 ENOENT (No such file or directory)
766892 newfstatat(AT_FDCWD, "/home/firstmate/.codex-5/tmp/arg0/codex-arg065EgpK/mkdir", 0x7fffc39f7e80, 0) = -1 ENOENT (No such file or directory)
766892 newfstatat(AT_FDCWD, "/home/firstmate/.local/codex-latest/lib/node_modules/@openai/codex/node_modules/@openai/codex-linux-x64/vendor/x86_64-unknown-linux-musl/codex-path/mkdir", 0x7fffc39f7e80, 0) = -1 ENOENT (No such file or directory)
766892 newfstatat(AT_FDCWD, "/home/firstmate/.local/bin/mkdir", 0x7fffc39f7e80, 0) = -1 ENOENT (No such file or directory)
766892 newfstatat(AT_FDCWD, "/home/firstmate/go/bin/mkdir", 0x7fffc39f7e80, 0) = -1 ENOENT (No such file or directory)
766892 newfstatat(AT_FDCWD, "/home/firstmate/.cargo/bin/mkdir", 0x7fffc39f7e80, 0) = -1 ENOENT (No such file or directory)
766892 newfstatat(AT_FDCWD, "/home/firstmate/bin/mkdir", 0x7fffc39f7e80, 0) = -1 ENOENT (No such file or directory)
766892 newfstatat(AT_FDCWD, "/opt/homebrew/bin/mkdir", 0x7fffc39f7e80, 0) = -1 ENOENT (No such file or directory)
766892 newfstatat(AT_FDCWD, "/opt/homebrew/sbin/mkdir", 0x7fffc39f7e80, 0) = -1 ENOENT (No such file or directory)
766892 newfstatat(AT_FDCWD, "/usr/local/bin/mkdir", 0x7fffc39f7e80, 0) = -1 ENOENT (No such file or directory)
766892 newfstatat(AT_FDCWD, "/usr/local/sbin/mkdir", 0x7fffc39f7e80, 0) = -1 ENOENT (No such file or directory)
766892 newfstatat(AT_FDCWD, "/usr/bin/mkdir", {st_mode=S_IFREG|0755, st_size=11352352, ...}, 0) = 0
766892 newfstatat(AT_FDCWD, "/usr/bin/mkdir", {st_mode=S_IFREG|0755, st_size=11352352, ...}, 0) = 0
766892 access("/usr/bin/mkdir", X_OK)   = 0
766892 newfstatat(AT_FDCWD, "/usr/bin/mkdir", {st_mode=S_IFREG|0755, st_size=11352352, ...}, 0) = 0
766892 access("/usr/bin/mkdir", R_OK)   = 0
766942 execve("/usr/bin/mkdir", ["mkdir", "-p", "/home/firstmate/.no-mistakes/wor"...], 0x5c16a1e60570 /* 9 vars */) = 0
766942 access("/etc/ld.so.preload", R_OK) = -1 ENOENT (No such file or directory)
766942 openat(AT_FDCWD, "/etc/ld.so.cache", O_RDONLY|O_CLOEXEC) = 3
766942 openat(AT_FDCWD, "/usr/lib/x86_64-linux-gnu/libselinux.so.1", O_RDONLY|O_CLOEXEC) = 3
766942 openat(AT_FDCWD, "/usr/lib/x86_64-linux-gnu/libgcc_s.so.1", O_RDONLY|O_CLOEXEC) = 3
766942 openat(AT_FDCWD, "/usr/lib/x86_64-linux-gnu/libm.so.6", O_RDONLY|O_CLOEXEC) = 3
766942 openat(AT_FDCWD, "/usr/lib/x86_64-linux-gnu/libc.so.6", O_RDONLY|O_CLOEXEC) = 3
766942 openat(AT_FDCWD, "/usr/lib/x86_64-linux-gnu/libpcre2-8.so.0", O_RDONLY|O_CLOEXEC) = 3
766942 statfs("/sys/fs/selinux", 0x7ffc919107f0) = -1 ENOENT (No such file or directory)
766942 statfs("/selinux", 0x7ffc919107f0) = -1 ENOENT (No such file or directory)
766942 openat(AT_FDCWD, "/proc/filesystems", O_RDONLY|O_CLOEXEC) = 3
766942 access("/etc/selinux/config", F_OK) = -1 ENOENT (No such file or directory)
766942 openat(AT_FDCWD, "/proc/self/maps", O_RDONLY|O_CLOEXEC) = 3
766942 statx(AT_FDCWD, "/usr/share/coreutils/locales/mkdir", AT_STATX_SYNC_AS_STAT, STATX_ALL, {stx_mask=STATX_ALL|STATX_MNT_ID, stx_attributes=0, stx_mode=S_IFDIR|0755, stx_size=4096, ...}) = 0
766942 statx(AT_FDCWD, "/usr/share/coreutils/locales/uucore", AT_STATX_SYNC_AS_STAT, STATX_ALL, {stx_mask=STATX_ALL|STATX_MNT_ID, stx_attributes=0, stx_mode=S_IFDIR|0755, stx_size=4096, ...}) = 0
766942 openat(AT_FDCWD, "/usr/share/coreutils/locales/uucore/en-US.ftl", O_RDONLY|O_CLOEXEC) = 3
766942 statx(3, "", AT_STATX_SYNC_AS_STAT|AT_EMPTY_PATH, STATX_ALL, {stx_mask=STATX_ALL|STATX_MNT_ID, stx_attributes=0, stx_mode=S_IFREG|0644, stx_size=4080, ...}) = 0
766942 statx(AT_FDCWD, "/usr/share/coreutils/locales/mkdir", AT_STATX_SYNC_AS_STAT, STATX_ALL, {stx_mask=STATX_ALL|STATX_MNT_ID, stx_attributes=0, stx_mode=S_IFDIR|0755, stx_size=4096, ...}) = 0
766942 openat(AT_FDCWD, "/usr/share/coreutils/locales/mkdir/en-US.ftl", O_RDONLY|O_CLOEXEC) = -1 ENOENT (No such file or directory)
766942 statx(AT_FDCWD, "/home/firstmate/.no-mistakes/worktrees/8352e211db7e/01M4F29HK4JCAKXEQ2F50R6HHX/.test-tmp/boundary/home/state", AT_STATX_SYNC_AS_STAT, STATX_ALL, {stx_mask=STATX_ALL|STATX_MNT_ID, stx_attributes=0, stx_mode=S_IFDIR|0700, stx_size=4096, ...}) = 0
766942 statx(AT_FDCWD, "/", AT_STATX_SYNC_AS_STAT, STATX_ALL, {stx_mask=STATX_ALL|STATX_MNT_ID, stx_attributes=STATX_ATTR_MOUNT_ROOT, stx_mode=S_IFDIR|0755, stx_size=4096, ...}) = 0
766942 statx(AT_FDCWD, "/home", AT_STATX_SYNC_AS_STAT, STATX_ALL, {stx_mask=STATX_ALL|STATX_MNT_ID, stx_attributes=0, stx_mode=S_IFDIR|0755, stx_size=4096, ...}) = 0
766942 statx(AT_FDCWD, "/home/firstmate", AT_STATX_SYNC_AS_STAT, STATX_ALL, {stx_mask=STATX_ALL|STATX_MNT_ID, stx_attributes=0, stx_mode=S_IFDIR|0750, stx_size=16384, ...}) = 0
766942 statx(AT_FDCWD, "/home/firstmate/.no-mistakes", AT_STATX_SYNC_AS_STAT, STATX_ALL, {stx_mask=STATX_ALL|STATX_MNT_ID, stx_attributes=0, stx_mode=S_IFDIR|0755, stx_size=4096, ...}) = 0
766942 statx(AT_FDCWD, "/home/firstmate/.no-mistakes/worktrees", AT_STATX_SYNC_AS_STAT, STATX_ALL, {stx_mask=STATX_ALL|STATX_MNT_ID, stx_attributes=0, stx_mode=S_IFDIR|0755, stx_size=4096, ...}) = 0
766942 statx(AT_FDCWD, "/home/firstmate/.no-mistakes/worktrees/8352e211db7e", AT_STATX_SYNC_AS_STAT, STATX_ALL, {stx_mask=STATX_ALL|STATX_MNT_ID, stx_attributes=0, stx_mode=S_IFDIR|0775, stx_size=4096, ...}) = 0
766942 statx(AT_FDCWD, "/home/firstmate/.no-mistakes/worktrees/8352e211db7e/01M4F29HK4JCAKXEQ2F50R6HHX", AT_STATX_SYNC_AS_STAT, STATX_ALL, {stx_mask=STATX_ALL|STATX_MNT_ID, stx_attributes=0, stx_mode=S_IFDIR|0775, stx_size=4096, ...}) = 0
766942 statx(AT_FDCWD, "/home/firstmate/.no-mistakes/worktrees/8352e211db7e/01M4F29HK4JCAKXEQ2F50R6HHX/.test-tmp", AT_STATX_SYNC_AS_STAT, STATX_ALL, {stx_mask=STATX_ALL|STATX_MNT_ID, stx_attributes=0, stx_mode=S_IFDIR|0775, stx_size=4096, ...}) = 0
766942 statx(AT_FDCWD, "/home/firstmate/.no-mistakes/worktrees/8352e211db7e/01M4F29HK4JCAKXEQ2F50R6HHX/.test-tmp/boundary", AT_STATX_SYNC_AS_STAT, STATX_ALL, {stx_mask=STATX_ALL|STATX_MNT_ID, stx_attributes=0, stx_mode=S_IFDIR|0700, stx_size=4096, ...}) = 0
766942 statx(AT_FDCWD, "/home/firstmate/.no-mistakes/worktrees/8352e211db7e/01M4F29HK4JCAKXEQ2F50R6HHX/.test-tmp/boundary/home", AT_STATX_SYNC_AS_STAT, STATX_ALL, {stx_mask=STATX_ALL|STATX_MNT_ID, stx_attributes=STATX_ATTR_MOUNT_ROOT, stx_mode=S_IFDIR|0700, stx_size=4096, ...}) = 0
766942 statx(AT_FDCWD, "/home/firstmate/.no-mistakes/worktrees/8352e211db7e/01M4F29HK4JCAKXEQ2F50R6HHX/.test-tmp/boundary/home/state", AT_STATX_SYNC_AS_STAT, STATX_ALL, {stx_mask=STATX_ALL|STATX_MNT_ID, stx_attributes=0, stx_mode=S_IFDIR|0700, stx_size=4096, ...}) = 0
766942 mkdir("/home/firstmate/.no-mistakes/worktrees/8352e211db7e/01M4F29HK4JCAKXEQ2F50R6HHX/.test-tmp/boundary/home/state", 0700) = -1 EEXIST (File exists)
766942 statx(AT_FDCWD, "/home/firstmate/.no-mistakes/worktrees/8352e211db7e/01M4F29HK4JCAKXEQ2F50R6HHX/.test-tmp/boundary/home/state", AT_STATX_SYNC_AS_STAT, STATX_ALL, {stx_mask=STATX_ALL|STATX_MNT_ID, stx_attributes=0, stx_mode=S_IFDIR|0700, stx_size=4096, ...}) = 0
766942 +++ exited with 0 +++
766892 --- SIGCHLD {si_signo=SIGCHLD, si_code=CLD_EXITED, si_pid=766942, si_uid=0, si_status=0, si_utime=0, si_stime=0} ---
766971 newfstatat(AT_FDCWD, ".", {st_mode=S_IFDIR|0775, st_size=4096, ...}, 0) = 0
766971 newfstatat(AT_FDCWD, "/home/firstmate/.local/codex-latest/lib/node_modules/@openai/codex/node_modules/@openai/codex-linux-x64/vendor/x86_64-unknown-linux-musl/codex-path/cat", 0x7fffc39f7be0, 0) = -1 ENOENT (No such file or directory)
766971 newfstatat(AT_FDCWD, "/home/firstmate/.codex-5/tmp/arg0/codex-arg065EgpK/cat", 0x7fffc39f7be0, 0) = -1 ENOENT (No such file or directory)
766971 newfstatat(AT_FDCWD, "/home/firstmate/.local/codex-latest/lib/node_modules/@openai/codex/node_modules/@openai/codex-linux-x64/vendor/x86_64-unknown-linux-musl/codex-path/cat", 0x7fffc39f7be0, 0) = -1 ENOENT (No such file or directory)
766971 newfstatat(AT_FDCWD, "/home/firstmate/.local/bin/cat", 0x7fffc39f7be0, 0) = -1 ENOENT (No such file or directory)
766971 newfstatat(AT_FDCWD, "/home/firstmate/go/bin/cat", 0x7fffc39f7be0, 0) = -1 ENOENT (No such file or directory)
766971 newfstatat(AT_FDCWD, "/home/firstmate/.cargo/bin/cat", 0x7fffc39f7be0, 0) = -1 ENOENT (No such file or directory)
766971 newfstatat(AT_FDCWD, "/home/firstmate/bin/cat", 0x7fffc39f7be0, 0) = -1 ENOENT (No such file or directory)
766971 newfstatat(AT_FDCWD, "/opt/homebrew/bin/cat", 0x7fffc39f7be0, 0) = -1 ENOENT (No such file or directory)
766971 newfstatat(AT_FDCWD, "/opt/homebrew/sbin/cat", 0x7fffc39f7be0, 0) = -1 ENOENT (No such file or directory)
766971 newfstatat(AT_FDCWD, "/usr/local/bin/cat", 0x7fffc39f7be0, 0) = -1 ENOENT (No such file or directory)
766971 newfstatat(AT_FDCWD, "/usr/local/sbin/cat", 0x7fffc39f7be0, 0) = -1 ENOENT (No such file or directory)
766971 newfstatat(AT_FDCWD, "/usr/bin/cat", {st_mode=S_IFREG|0755, st_size=11352352, ...}, 0) = 0
766971 newfstatat(AT_FDCWD, "/usr/bin/cat", {st_mode=S_IFREG|0755, st_size=11352352, ...}, 0) = 0
766971 access("/usr/bin/cat", X_OK)     = 0
766971 newfstatat(AT_FDCWD, "/usr/bin/cat", {st_mode=S_IFREG|0755, st_size=11352352, ...}, 0) = 0
766971 access("/usr/bin/cat", R_OK)     = 0
766984 openat(AT_FDCWD, "/dev/null", O_WRONLY|O_CREAT|O_TRUNC, 0666) = 3
766984 execve("/usr/bin/cat", ["cat", "/home/firstmate/.no-mistakes/wor"...], 0x5c16a1e60570 /* 9 vars */) = 0
766984 access("/etc/ld.so.preload", R_OK) = -1 ENOENT (No such file or directory)
766984 openat(AT_FDCWD, "/etc/ld.so.cache", O_RDONLY|O_CLOEXEC) = 3
766984 openat(AT_FDCWD, "/usr/lib/x86_64-linux-gnu/libselinux.so.1", O_RDONLY|O_CLOEXEC) = 3
766984 openat(AT_FDCWD, "/usr/lib/x86_64-linux-gnu/libgcc_s.so.1", O_RDONLY|O_CLOEXEC) = 3
766984 openat(AT_FDCWD, "/usr/lib/x86_64-linux-gnu/libm.so.6", O_RDONLY|O_CLOEXEC) = 3
766984 openat(AT_FDCWD, "/usr/lib/x86_64-linux-gnu/libc.so.6", O_RDONLY|O_CLOEXEC) = 3
766984 openat(AT_FDCWD, "/usr/lib/x86_64-linux-gnu/libpcre2-8.so.0", O_RDONLY|O_CLOEXEC) = 3
766984 statfs("/sys/fs/selinux", 0x7ffdf66033d0) = -1 ENOENT (No such file or directory)
766984 statfs("/selinux", 0x7ffdf66033d0) = -1 ENOENT (No such file or directory)
766984 openat(AT_FDCWD, "/proc/filesystems", O_RDONLY|O_CLOEXEC) = 3
766984 access("/etc/selinux/config", F_OK) = -1 ENOENT (No such file or directory)
766984 openat(AT_FDCWD, "/proc/self/maps", O_RDONLY|O_CLOEXEC) = 3
766984 statx(AT_FDCWD, "/usr/share/coreutils/locales/cat", AT_STATX_SYNC_AS_STAT, STATX_ALL, {stx_mask=STATX_ALL|STATX_MNT_ID, stx_attributes=0, stx_mode=S_IFDIR|0755, stx_size=4096, ...}) = 0
766984 statx(AT_FDCWD, "/usr/share/coreutils/locales/uucore", AT_STATX_SYNC_AS_STAT, STATX_ALL, {stx_mask=STATX_ALL|STATX_MNT_ID, stx_attributes=0, stx_mode=S_IFDIR|0755, stx_size=4096, ...}) = 0
766984 openat(AT_FDCWD, "/usr/share/coreutils/locales/uucore/en-US.ftl", O_RDONLY|O_CLOEXEC) = 3
766984 statx(3, "", AT_STATX_SYNC_AS_STAT|AT_EMPTY_PATH, STATX_ALL, {stx_mask=STATX_ALL|STATX_MNT_ID, stx_attributes=0, stx_mode=S_IFREG|0644, stx_size=4080, ...}) = 0
766984 statx(AT_FDCWD, "/usr/share/coreutils/locales/cat", AT_STATX_SYNC_AS_STAT, STATX_ALL, {stx_mask=STATX_ALL|STATX_MNT_ID, stx_attributes=0, stx_mode=S_IFDIR|0755, stx_size=4096, ...}) = 0
766984 openat(AT_FDCWD, "/usr/share/coreutils/locales/cat/en-US.ftl", O_RDONLY|O_CLOEXEC) = -1 ENOENT (No such file or directory)
766984 statx(AT_FDCWD, "/home/firstmate/.no-mistakes/worktrees/8352e211db7e/01M4F29HK4JCAKXEQ2F50R6HHX/.test-tmp/boundary/home/state/.lock", AT_STATX_SYNC_AS_STAT, STATX_ALL, {stx_mask=STATX_ALL|STATX_MNT_ID, stx_attributes=0, stx_mode=S_IFREG|0600, stx_size=7, ...}) = 0
766984 openat(AT_FDCWD, "/home/firstmate/.no-mistakes/worktrees/8352e211db7e/01M4F29HK4JCAKXEQ2F50R6HHX/.test-tmp/boundary/home/state/.lock", O_RDONLY|O_CLOEXEC) = 3
766984 +++ exited with 0 +++
766971 --- SIGCHLD {si_signo=SIGCHLD, si_code=CLD_EXITED, si_pid=766984, si_uid=0, si_status=0, si_utime=0, si_stime=0} ---
766971 +++ exited with 0 +++
766892 --- SIGCHLD {si_signo=SIGCHLD, si_code=CLD_EXITED, si_pid=766971, si_uid=0, si_status=0, si_utime=0, si_stime=0} ---
766892 openat(AT_FDCWD, "/dev/null", O_WRONLY|O_CREAT|O_TRUNC, 0666) = 3
766892 faccessat2(AT_FDCWD, "/proc/760355/stat", R_OK, AT_EACCESS) = 0
766892 faccessat2(AT_FDCWD, "/proc/760355/cmdline", R_OK, AT_EACCESS) = 0
766991 newfstatat(AT_FDCWD, ".", {st_mode=S_IFDIR|0775, st_size=4096, ...}, 0) = 0
766991 newfstatat(AT_FDCWD, "/home/firstmate/.local/codex-latest/lib/node_modules/@openai/codex/node_modules/@openai/codex-linux-x64/vendor/x86_64-unknown-linux-musl/codex-path/cat", 0x7fffc39f67f0, 0) = -1 ENOENT (No such file or directory)
766991 newfstatat(AT_FDCWD, "/home/firstmate/.codex-5/tmp/arg0/codex-arg065EgpK/cat", 0x7fffc39f67f0, 0) = -1 ENOENT (No such file or directory)
766991 newfstatat(AT_FDCWD, "/home/firstmate/.local/codex-latest/lib/node_modules/@openai/codex/node_modules/@openai/codex-linux-x64/vendor/x86_64-unknown-linux-musl/codex-path/cat", 0x7fffc39f67f0, 0) = -1 ENOENT (No such file or directory)
766991 newfstatat(AT_FDCWD, "/home/firstmate/.local/bin/cat", 0x7fffc39f67f0, 0) = -1 ENOENT (No such file or directory)
766991 newfstatat(AT_FDCWD, "/home/firstmate/go/bin/cat", 0x7fffc39f67f0, 0) = -1 ENOENT (No such file or directory)
766991 newfstatat(AT_FDCWD, "/home/firstmate/.cargo/bin/cat", 0x7fffc39f67f0, 0) = -1 ENOENT (No such file or directory)
766991 newfstatat(AT_FDCWD, "/home/firstmate/bin/cat", 0x7fffc39f67f0, 0) = -1 ENOENT (No such file or directory)
766991 newfstatat(AT_FDCWD, "/opt/homebrew/bin/cat", 0x7fffc39f67f0, 0) = -1 ENOENT (No such file or directory)
766991 newfstatat(AT_FDCWD, "/opt/homebrew/sbin/cat", 0x7fffc39f67f0, 0) = -1 ENOENT (No such file or directory)
766991 newfstatat(AT_FDCWD, "/usr/local/bin/cat", 0x7fffc39f67f0, 0) = -1 ENOENT (No such file or directory)
766991 newfstatat(AT_FDCWD, "/usr/local/sbin/cat", 0x7fffc39f67f0, 0) = -1 ENOENT (No such file or directory)
766991 newfstatat(AT_FDCWD, "/usr/bin/cat", {st_mode=S_IFREG|0755, st_size=11352352, ...}, 0) = 0
766991 newfstatat(AT_FDCWD, "/usr/bin/cat", {st_mode=S_IFREG|0755, st_size=11352352, ...}, 0) = 0
766991 access("/usr/bin/cat", X_OK)     = 0
766991 newfstatat(AT_FDCWD, "/usr/bin/cat", {st_mode=S_IFREG|0755, st_size=11352352, ...}, 0) = 0
766991 access("/usr/bin/cat", R_OK)     = 0
766999 openat(AT_FDCWD, "/dev/null", O_WRONLY|O_CREAT|O_TRUNC, 0666) = 3
766999 execve("/usr/bin/cat", ["cat", "/proc/760355/stat"], 0x5c16a1e60570 /* 9 vars */) = 0
766999 access("/etc/ld.so.preload", R_OK) = -1 ENOENT (No such file or directory)
766999 openat(AT_FDCWD, "/etc/ld.so.cache", O_RDONLY|O_CLOEXEC) = 3
766999 openat(AT_FDCWD, "/usr/lib/x86_64-linux-gnu/libselinux.so.1", O_RDONLY|O_CLOEXEC) = 3
766999 openat(AT_FDCWD, "/usr/lib/x86_64-linux-gnu/libgcc_s.so.1", O_RDONLY|O_CLOEXEC) = 3
766999 openat(AT_FDCWD, "/usr/lib/x86_64-linux-gnu/libm.so.6", O_RDONLY|O_CLOEXEC) = 3
766999 openat(AT_FDCWD, "/usr/lib/x86_64-linux-gnu/libc.so.6", O_RDONLY|O_CLOEXEC) = 3
766999 openat(AT_FDCWD, "/usr/lib/x86_64-linux-gnu/libpcre2-8.so.0", O_RDONLY|O_CLOEXEC) = 3
766999 statfs("/sys/fs/selinux", 0x7ffeaeb06eb0) = -1 ENOENT (No such file or directory)
766999 statfs("/selinux", 0x7ffeaeb06eb0) = -1 ENOENT (No such file or directory)
766999 openat(AT_FDCWD, "/proc/filesystems", O_RDONLY|O_CLOEXEC) = 3
766999 access("/etc/selinux/config", F_OK) = -1 ENOENT (No such file or directory)
766999 openat(AT_FDCWD, "/proc/self/maps", O_RDONLY|O_CLOEXEC) = 3
766999 statx(AT_FDCWD, "/usr/share/coreutils/locales/cat", AT_STATX_SYNC_AS_STAT, STATX_ALL, {stx_mask=STATX_ALL|STATX_MNT_ID, stx_attributes=0, stx_mode=S_IFDIR|0755, stx_size=4096, ...}) = 0
766999 statx(AT_FDCWD, "/usr/share/coreutils/locales/uucore", AT_STATX_SYNC_AS_STAT, STATX_ALL, {stx_mask=STATX_ALL|STATX_MNT_ID, stx_attributes=0, stx_mode=S_IFDIR|0755, stx_size=4096, ...}) = 0
766999 openat(AT_FDCWD, "/usr/share/coreutils/locales/uucore/en-US.ftl", O_RDONLY|O_CLOEXEC) = 3
766999 statx(3, "", AT_STATX_SYNC_AS_STAT|AT_EMPTY_PATH, STATX_ALL, {stx_mask=STATX_ALL|STATX_MNT_ID, stx_attributes=0, stx_mode=S_IFREG|0644, stx_size=4080, ...}) = 0
766999 statx(AT_FDCWD, "/usr/share/coreutils/locales/cat", AT_STATX_SYNC_AS_STAT, STATX_ALL, {stx_mask=STATX_ALL|STATX_MNT_ID, stx_attributes=0, stx_mode=S_IFDIR|0755, stx_size=4096, ...}) = 0
766999 openat(AT_FDCWD, "/usr/share/coreutils/locales/cat/en-US.ftl", O_RDONLY|O_CLOEXEC) = -1 ENOENT (No such file or directory)
766999 statx(AT_FDCWD, "/proc/760355/stat", AT_STATX_SYNC_AS_STAT, STATX_ALL, {stx_mask=STATX_BASIC_STATS|STATX_MNT_ID, stx_attributes=0, stx_mode=S_IFREG|0444, stx_size=0, ...}) = 0
766999 openat(AT_FDCWD, "/proc/760355/stat", O_RDONLY|O_CLOEXEC) = 3
766999 +++ exited with 0 +++
766991 --- SIGCHLD {si_signo=SIGCHLD, si_code=CLD_EXITED, si_pid=766999, si_uid=0, si_status=0, si_utime=0, si_stime=0} ---
766991 +++ exited with 0 +++
766892 --- SIGCHLD {si_signo=SIGCHLD, si_code=CLD_EXITED, si_pid=766991, si_uid=0, si_status=0, si_utime=0, si_stime=0} ---
767031 newfstatat(AT_FDCWD, ".", {st_mode=S_IFDIR|0775, st_size=4096, ...}, 0) = 0
767031 newfstatat(AT_FDCWD, "/home/firstmate/.local/codex-latest/lib/node_modules/@openai/codex/node_modules/@openai/codex-linux-x64/vendor/x86_64-unknown-linux-musl/codex-path/od", 0x7fffc39f69c0, 0) = -1 ENOENT (No such file or directory)
767031 newfstatat(AT_FDCWD, "/home/firstmate/.codex-5/tmp/arg0/codex-arg065EgpK/od", 0x7fffc39f69c0, 0) = -1 ENOENT (No such file or directory)
767031 newfstatat(AT_FDCWD, "/home/firstmate/.local/codex-latest/lib/node_modules/@openai/codex/node_modules/@openai/codex-linux-x64/vendor/x86_64-unknown-linux-musl/codex-path/od", 0x7fffc39f69c0, 0) = -1 ENOENT (No such file or directory)
767031 newfstatat(AT_FDCWD, "/home/firstmate/.local/bin/od", 0x7fffc39f69c0, 0) = -1 ENOENT (No such file or directory)
767031 newfstatat(AT_FDCWD, "/home/firstmate/go/bin/od", 0x7fffc39f69c0, 0) = -1 ENOENT (No such file or directory)
767031 newfstatat(AT_FDCWD, "/home/firstmate/.cargo/bin/od", 0x7fffc39f69c0, 0) = -1 ENOENT (No such file or directory)
767031 newfstatat(AT_FDCWD, "/home/firstmate/bin/od" <unfinished ...>
767032 newfstatat(AT_FDCWD, "." <unfinished ...>
767031 <... newfstatat resumed>, 0x7fffc39f69c0, 0) = -1 ENOENT (No such file or directory)
767032 <... newfstatat resumed>, {st_mode=S_IFDIR|0775, st_size=4096, ...}, 0) = 0
767031 newfstatat(AT_FDCWD, "/opt/homebrew/bin/od" <unfinished ...>
767032 newfstatat(AT_FDCWD, "/home/firstmate/.local/codex-latest/lib/node_modules/@openai/codex/node_modules/@openai/codex-linux-x64/vendor/x86_64-unknown-linux-musl/codex-path/tr" <unfinished ...>
767031 <... newfstatat resumed>, 0x7fffc39f69c0, 0) = -1 ENOENT (No such file or directory)
767032 <... newfstatat resumed>, 0x7fffc39f69c0, 0) = -1 ENOENT (No such file or directory)
767031 newfstatat(AT_FDCWD, "/opt/homebrew/sbin/od" <unfinished ...>
767032 newfstatat(AT_FDCWD, "/home/firstmate/.codex-5/tmp/arg0/codex-arg065EgpK/tr" <unfinished ...>
767031 <... newfstatat resumed>, 0x7fffc39f69c0, 0) = -1 ENOENT (No such file or directory)
767032 <... newfstatat resumed>, 0x7fffc39f69c0, 0) = -1 ENOENT (No such file or directory)
767031 newfstatat(AT_FDCWD, "/usr/local/bin/od" <unfinished ...>
767032 newfstatat(AT_FDCWD, "/home/firstmate/.local/codex-latest/lib/node_modules/@openai/codex/node_modules/@openai/codex-linux-x64/vendor/x86_64-unknown-linux-musl/codex-path/tr" <unfinished ...>
767031 <... newfstatat resumed>, 0x7fffc39f69c0, 0) = -1 ENOENT (No such file or directory)
767032 <... newfstatat resumed>, 0x7fffc39f69c0, 0) = -1 ENOENT (No such file or directory)
767031 newfstatat(AT_FDCWD, "/usr/local/sbin/od" <unfinished ...>
767032 newfstatat(AT_FDCWD, "/home/firstmate/.local/bin/tr" <unfinished ...>
767031 <... newfstatat resumed>, 0x7fffc39f69c0, 0) = -1 ENOENT (No such file or directory)
767032 <... newfstatat resumed>, 0x7fffc39f69c0, 0) = -1 ENOENT (No such file or directory)
767031 newfstatat(AT_FDCWD, "/usr/bin/od" <unfinished ...>
767032 newfstatat(AT_FDCWD, "/home/firstmate/go/bin/tr" <unfinished ...>
767031 <... newfstatat resumed>, {st_mode=S_IFREG|0755, st_size=11352352, ...}, 0) = 0
767032 <... newfstatat resumed>, 0x7fffc39f69c0, 0) = -1 ENOENT (No such file or directory)
767031 newfstatat(AT_FDCWD, "/usr/bin/od" <unfinished ...>
767032 newfstatat(AT_FDCWD, "/home/firstmate/.cargo/bin/tr" <unfinished ...>
767031 <... newfstatat resumed>, {st_mode=S_IFREG|0755, st_size=11352352, ...}, 0) = 0
767032 <... newfstatat resumed>, 0x7fffc39f69c0, 0) = -1 ENOENT (No such file or directory)
767032 newfstatat(AT_FDCWD, "/home/firstmate/bin/tr", 0x7fffc39f69c0, 0) = -1 ENOENT (No such file or directory)
767032 newfstatat(AT_FDCWD, "/opt/homebrew/bin/tr", 0x7fffc39f69c0, 0) = -1 ENOENT (No such file or directory)
767032 newfstatat(AT_FDCWD, "/opt/homebrew/sbin/tr", 0x7fffc39f69c0, 0) = -1 ENOENT (No such file or directory)
767032 newfstatat(AT_FDCWD, "/usr/local/bin/tr", 0x7fffc39f69c0, 0) = -1 ENOENT (No such file or directory)
767031 access("/usr/bin/od", X_OK <unfinished ...>
767032 newfstatat(AT_FDCWD, "/usr/local/sbin/tr", 0x7fffc39f69c0, 0) = -1 ENOENT (No such file or directory)
767031 <... access resumed>)            = 0
767032 newfstatat(AT_FDCWD, "/usr/bin/tr" <unfinished ...>
767031 newfstatat(AT_FDCWD, "/usr/bin/od" <unfinished ...>
767032 <... newfstatat resumed>, {st_mode=S_IFREG|0755, st_size=11352352, ...}, 0) = 0
767031 <... newfstatat resumed>, {st_mode=S_IFREG|0755, st_size=11352352, ...}, 0) = 0
767032 newfstatat(AT_FDCWD, "/usr/bin/tr", {st_mode=S_IFREG|0755, st_size=11352352, ...}, 0) = 0
767031 access("/usr/bin/od", R_OK)      = 0
767032 access("/usr/bin/tr", X_OK)      = 0
767032 newfstatat(AT_FDCWD, "/usr/bin/tr", {st_mode=S_IFREG|0755, st_size=11352352, ...}, 0) = 0
767031 openat(AT_FDCWD, "/dev/null", O_WRONLY|O_CREAT|O_TRUNC, 0666) = 3
767032 access("/usr/bin/tr", R_OK)      = 0
767031 execve("/usr/bin/od", ["od", "-An", "-v", "-tx1", "/proc/760355/cmdline"], 0x5c16a1e60570 /* 9 vars */ <unfinished ...>
767032 execve("/usr/bin/tr", ["tr", "-d", "[:space:]"], 0x5c16a1e60570 /* 9 vars */) = 0
767031 <... execve resumed>)            = 0
767032 access("/etc/ld.so.preload", R_OK <unfinished ...>
767031 access("/etc/ld.so.preload", R_OK <unfinished ...>
767032 <... access resumed>)            = -1 ENOENT (No such file or directory)
767031 <... access resumed>)            = -1 ENOENT (No such file or directory)
767032 openat(AT_FDCWD, "/etc/ld.so.cache", O_RDONLY|O_CLOEXEC <unfinished ...>
767031 openat(AT_FDCWD, "/etc/ld.so.cache", O_RDONLY|O_CLOEXEC <unfinished ...>
767032 <... openat resumed>)            = 3
767031 <... openat resumed>)            = 3
767032 openat(AT_FDCWD, "/usr/lib/x86_64-linux-gnu/libselinux.so.1", O_RDONLY|O_CLOEXEC) = 3
767031 openat(AT_FDCWD, "/usr/lib/x86_64-linux-gnu/libselinux.so.1", O_RDONLY|O_CLOEXEC) = 3
767032 openat(AT_FDCWD, "/usr/lib/x86_64-linux-gnu/libgcc_s.so.1", O_RDONLY|O_CLOEXEC) = 3
767031 openat(AT_FDCWD, "/usr/lib/x86_64-linux-gnu/libgcc_s.so.1", O_RDONLY|O_CLOEXEC) = 3
767032 openat(AT_FDCWD, "/usr/lib/x86_64-linux-gnu/libm.so.6", O_RDONLY|O_CLOEXEC) = 3
767031 openat(AT_FDCWD, "/usr/lib/x86_64-linux-gnu/libm.so.6", O_RDONLY|O_CLOEXEC) = 3
767032 openat(AT_FDCWD, "/usr/lib/x86_64-linux-gnu/libc.so.6", O_RDONLY|O_CLOEXEC) = 3
767032 openat(AT_FDCWD, "/usr/lib/x86_64-linux-gnu/libpcre2-8.so.0", O_RDONLY|O_CLOEXEC) = 3
767031 openat(AT_FDCWD, "/usr/lib/x86_64-linux-gnu/libc.so.6", O_RDONLY|O_CLOEXEC) = 3
767032 statfs("/sys/fs/selinux" <unfinished ...>
767031 openat(AT_FDCWD, "/usr/lib/x86_64-linux-gnu/libpcre2-8.so.0", O_RDONLY|O_CLOEXEC <unfinished ...>
767032 <... statfs resumed>, 0x7fff8c2e1200) = -1 ENOENT (No such file or directory)
767032 statfs("/selinux" <unfinished ...>
767031 <... openat resumed>)            = 3
767032 <... statfs resumed>, 0x7fff8c2e1200) = -1 ENOENT (No such file or directory)
767032 openat(AT_FDCWD, "/proc/filesystems", O_RDONLY|O_CLOEXEC) = 3
767032 access("/etc/selinux/config", F_OK) = -1 ENOENT (No such file or directory)
767032 openat(AT_FDCWD, "/proc/self/maps", O_RDONLY|O_CLOEXEC) = 3
767031 statfs("/sys/fs/selinux", 0x7ffc6682ca10) = -1 ENOENT (No such file or directory)
767031 statfs("/selinux", 0x7ffc6682ca10) = -1 ENOENT (No such file or directory)
767031 openat(AT_FDCWD, "/proc/filesystems", O_RDONLY|O_CLOEXEC) = 3
767032 statx(AT_FDCWD, "/usr/share/coreutils/locales/tr", AT_STATX_SYNC_AS_STAT, STATX_ALL, {stx_mask=STATX_ALL|STATX_MNT_ID, stx_attributes=0, stx_mode=S_IFDIR|0755, stx_size=4096, ...}) = 0
767032 statx(AT_FDCWD, "/usr/share/coreutils/locales/uucore", AT_STATX_SYNC_AS_STAT, STATX_ALL, {stx_mask=STATX_ALL|STATX_MNT_ID, stx_attributes=0, stx_mode=S_IFDIR|0755, stx_size=4096, ...}) = 0
767031 access("/etc/selinux/config", F_OK <unfinished ...>
767032 openat(AT_FDCWD, "/usr/share/coreutils/locales/uucore/en-US.ftl", O_RDONLY|O_CLOEXEC <unfinished ...>
767031 <... access resumed>)            = -1 ENOENT (No such file or directory)
767032 <... openat resumed>)            = 3
767032 statx(3, "", AT_STATX_SYNC_AS_STAT|AT_EMPTY_PATH, STATX_ALL, {stx_mask=STATX_ALL|STATX_MNT_ID, stx_attributes=0, stx_mode=S_IFREG|0644, stx_size=4080, ...}) = 0
767032 statx(AT_FDCWD, "/usr/share/coreutils/locales/tr", AT_STATX_SYNC_AS_STAT, STATX_ALL, {stx_mask=STATX_ALL|STATX_MNT_ID, stx_attributes=0, stx_mode=S_IFDIR|0755, stx_size=4096, ...}) = 0
767032 openat(AT_FDCWD, "/usr/share/coreutils/locales/tr/en-US.ftl", O_RDONLY|O_CLOEXEC) = -1 ENOENT (No such file or directory)
767031 openat(AT_FDCWD, "/proc/self/maps", O_RDONLY|O_CLOEXEC) = 3
767031 statx(AT_FDCWD, "/usr/share/coreutils/locales/od", AT_STATX_SYNC_AS_STAT, STATX_ALL, {stx_mask=STATX_ALL|STATX_MNT_ID, stx_attributes=0, stx_mode=S_IFDIR|0755, stx_size=4096, ...}) = 0
767031 statx(AT_FDCWD, "/usr/share/coreutils/locales/uucore", AT_STATX_SYNC_AS_STAT, STATX_ALL, {stx_mask=STATX_ALL|STATX_MNT_ID, stx_attributes=0, stx_mode=S_IFDIR|0755, stx_size=4096, ...}) = 0
767031 openat(AT_FDCWD, "/usr/share/coreutils/locales/uucore/en-US.ftl", O_RDONLY|O_CLOEXEC) = 3
767031 statx(3, "", AT_STATX_SYNC_AS_STAT|AT_EMPTY_PATH, STATX_ALL, {stx_mask=STATX_ALL|STATX_MNT_ID, stx_attributes=0, stx_mode=S_IFREG|0644, stx_size=4080, ...}) = 0
767031 statx(AT_FDCWD, "/usr/share/coreutils/locales/od", AT_STATX_SYNC_AS_STAT, STATX_ALL, {stx_mask=STATX_ALL|STATX_MNT_ID, stx_attributes=0, stx_mode=S_IFDIR|0755, stx_size=4096, ...}) = 0
767031 openat(AT_FDCWD, "/usr/share/coreutils/locales/od/en-US.ftl", O_RDONLY|O_CLOEXEC) = -1 ENOENT (No such file or directory)
767031 openat(AT_FDCWD, "/proc/760355/cmdline", O_RDONLY|O_CLOEXEC) = 3
767031 +++ exited with 0 +++
767032 +++ exited with 0 +++
767028 --- SIGCHLD {si_signo=SIGCHLD, si_code=CLD_EXITED, si_pid=767031, si_uid=0, si_status=0, si_utime=0, si_stime=0} ---
767028 +++ exited with 0 +++
766892 --- SIGCHLD {si_signo=SIGCHLD, si_code=CLD_EXITED, si_pid=767028, si_uid=0, si_status=0, si_utime=0, si_stime=0} ---
767063 newfstatat(AT_FDCWD, ".", {st_mode=S_IFDIR|0775, st_size=4096, ...}, 0) = 0
767063 newfstatat(AT_FDCWD, "/home/firstmate/.local/codex-latest/lib/node_modules/@openai/codex/node_modules/@openai/codex-linux-x64/vendor/x86_64-unknown-linux-musl/codex-path/cat", 0x7fffc39f7ce0, 0) = -1 ENOENT (No such file or directory)
767063 newfstatat(AT_FDCWD, "/home/firstmate/.codex-5/tmp/arg0/codex-arg065EgpK/cat", 0x7fffc39f7ce0, 0) = -1 ENOENT (No such file or directory)
767063 newfstatat(AT_FDCWD, "/home/firstmate/.local/codex-latest/lib/node_modules/@openai/codex/node_modules/@openai/codex-linux-x64/vendor/x86_64-unknown-linux-musl/codex-path/cat", 0x7fffc39f7ce0, 0) = -1 ENOENT (No such file or directory)
767063 newfstatat(AT_FDCWD, "/home/firstmate/.local/bin/cat", 0x7fffc39f7ce0, 0) = -1 ENOENT (No such file or directory)
767063 newfstatat(AT_FDCWD, "/home/firstmate/go/bin/cat", 0x7fffc39f7ce0, 0) = -1 ENOENT (No such file or directory)
767063 newfstatat(AT_FDCWD, "/home/firstmate/.cargo/bin/cat", 0x7fffc39f7ce0, 0) = -1 ENOENT (No such file or directory)
767063 newfstatat(AT_FDCWD, "/home/firstmate/bin/cat", 0x7fffc39f7ce0, 0) = -1 ENOENT (No such file or directory)
767063 newfstatat(AT_FDCWD, "/opt/homebrew/bin/cat", 0x7fffc39f7ce0, 0) = -1 ENOENT (No such file or directory)
767063 newfstatat(AT_FDCWD, "/opt/homebrew/sbin/cat", 0x7fffc39f7ce0, 0) = -1 ENOENT (No such file or directory)
767063 newfstatat(AT_FDCWD, "/usr/local/bin/cat", 0x7fffc39f7ce0, 0) = -1 ENOENT (No such file or directory)
767063 newfstatat(AT_FDCWD, "/usr/local/sbin/cat", 0x7fffc39f7ce0, 0) = -1 ENOENT (No such file or directory)
767063 newfstatat(AT_FDCWD, "/usr/bin/cat", {st_mode=S_IFREG|0755, st_size=11352352, ...}, 0) = 0
767063 newfstatat(AT_FDCWD, "/usr/bin/cat", {st_mode=S_IFREG|0755, st_size=11352352, ...}, 0) = 0
767063 access("/usr/bin/cat", X_OK)     = 0
767063 newfstatat(AT_FDCWD, "/usr/bin/cat", {st_mode=S_IFREG|0755, st_size=11352352, ...}, 0) = 0
767063 access("/usr/bin/cat", R_OK)     = 0
767063 execve("/usr/bin/cat", ["cat", "/home/firstmate/.no-mistakes/wor"...], 0x5c16a1e49170 /* 9 vars */) = 0
767063 access("/etc/ld.so.preload", R_OK) = -1 ENOENT (No such file or directory)
767063 openat(AT_FDCWD, "/etc/ld.so.cache", O_RDONLY|O_CLOEXEC) = 3
767063 openat(AT_FDCWD, "/usr/lib/x86_64-linux-gnu/libselinux.so.1", O_RDONLY|O_CLOEXEC) = 3
767063 openat(AT_FDCWD, "/usr/lib/x86_64-linux-gnu/libgcc_s.so.1", O_RDONLY|O_CLOEXEC) = 3
767063 openat(AT_FDCWD, "/usr/lib/x86_64-linux-gnu/libm.so.6", O_RDONLY|O_CLOEXEC) = 3
767063 openat(AT_FDCWD, "/usr/lib/x86_64-linux-gnu/libc.so.6", O_RDONLY|O_CLOEXEC) = 3
767063 openat(AT_FDCWD, "/usr/lib/x86_64-linux-gnu/libpcre2-8.so.0", O_RDONLY|O_CLOEXEC) = 3
767063 statfs("/sys/fs/selinux", 0x7fff6b76efa0) = -1 ENOENT (No such file or directory)
767063 statfs("/selinux", 0x7fff6b76efa0) = -1 ENOENT (No such file or directory)
767063 openat(AT_FDCWD, "/proc/filesystems", O_RDONLY|O_CLOEXEC) = 3
767063 access("/etc/selinux/config", F_OK) = -1 ENOENT (No such file or directory)
767063 openat(AT_FDCWD, "/proc/self/maps", O_RDONLY|O_CLOEXEC) = 3
767063 statx(AT_FDCWD, "/usr/share/coreutils/locales/cat", AT_STATX_SYNC_AS_STAT, STATX_ALL, {stx_mask=STATX_ALL|STATX_MNT_ID, stx_attributes=0, stx_mode=S_IFDIR|0755, stx_size=4096, ...}) = 0
767063 statx(AT_FDCWD, "/usr/share/coreutils/locales/uucore", AT_STATX_SYNC_AS_STAT, STATX_ALL, {stx_mask=STATX_ALL|STATX_MNT_ID, stx_attributes=0, stx_mode=S_IFDIR|0755, stx_size=4096, ...}) = 0
767063 openat(AT_FDCWD, "/usr/share/coreutils/locales/uucore/en-US.ftl", O_RDONLY|O_CLOEXEC) = 3
767063 statx(3, "", AT_STATX_SYNC_AS_STAT|AT_EMPTY_PATH, STATX_ALL, {stx_mask=STATX_ALL|STATX_MNT_ID, stx_attributes=0, stx_mode=S_IFREG|0644, stx_size=4080, ...}) = 0
767063 statx(AT_FDCWD, "/usr/share/coreutils/locales/cat", AT_STATX_SYNC_AS_STAT, STATX_ALL, {stx_mask=STATX_ALL|STATX_MNT_ID, stx_attributes=0, stx_mode=S_IFDIR|0755, stx_size=4096, ...}) = 0
767063 openat(AT_FDCWD, "/usr/share/coreutils/locales/cat/en-US.ftl", O_RDONLY|O_CLOEXEC) = -1 ENOENT (No such file or directory)
767063 statx(AT_FDCWD, "/home/firstmate/.no-mistakes/worktrees/8352e211db7e/01M4F29HK4JCAKXEQ2F50R6HHX/.test-tmp/boundary/home/state/.lock", AT_STATX_SYNC_AS_STAT, STATX_ALL, {stx_mask=STATX_ALL|STATX_MNT_ID, stx_attributes=0, stx_mode=S_IFREG|0600, stx_size=7, ...}) = 0
767063 openat(AT_FDCWD, "/home/firstmate/.no-mistakes/worktrees/8352e211db7e/01M4F29HK4JCAKXEQ2F50R6HHX/.test-tmp/boundary/home/state/.lock", O_RDONLY|O_CLOEXEC) = 3
767063 +++ exited with 0 +++
766892 --- SIGCHLD {si_signo=SIGCHLD, si_code=CLD_EXITED, si_pid=767063, si_uid=0, si_status=0, si_utime=0, si_stime=0} ---
766892 newfstatat(AT_FDCWD, ".", {st_mode=S_IFDIR|0775, st_size=4096, ...}, 0) = 0
766892 newfstatat(AT_FDCWD, "/home/firstmate/.local/codex-latest/lib/node_modules/@openai/codex/node_modules/@openai/codex-linux-x64/vendor/x86_64-unknown-linux-musl/codex-path/python3", 0x7fffc39f89d0, 0) = -1 ENOENT (No such file or directory)
766892 newfstatat(AT_FDCWD, "/home/firstmate/.codex-5/tmp/arg0/codex-arg065EgpK/python3", 0x7fffc39f89d0, 0) = -1 ENOENT (No such file or directory)
766892 newfstatat(AT_FDCWD, "/home/firstmate/.local/codex-latest/lib/node_modules/@openai/codex/node_modules/@openai/codex-linux-x64/vendor/x86_64-unknown-linux-musl/codex-path/python3", 0x7fffc39f89d0, 0) = -1 ENOENT (No such file or directory)
766892 newfstatat(AT_FDCWD, "/home/firstmate/.local/bin/python3", 0x7fffc39f89d0, 0) = -1 ENOENT (No such file or directory)
766892 newfstatat(AT_FDCWD, "/home/firstmate/go/bin/python3", 0x7fffc39f89d0, 0) = -1 ENOENT (No such file or directory)
766892 newfstatat(AT_FDCWD, "/home/firstmate/.cargo/bin/python3", 0x7fffc39f89d0, 0) = -1 ENOENT (No such file or directory)
766892 newfstatat(AT_FDCWD, "/home/firstmate/bin/python3", 0x7fffc39f89d0, 0) = -1 ENOENT (No such file or directory)
766892 newfstatat(AT_FDCWD, "/opt/homebrew/bin/python3", 0x7fffc39f89d0, 0) = -1 ENOENT (No such file or directory)
766892 newfstatat(AT_FDCWD, "/opt/homebrew/sbin/python3", 0x7fffc39f89d0, 0) = -1 ENOENT (No such file or directory)
766892 newfstatat(AT_FDCWD, "/usr/local/bin/python3", 0x7fffc39f89d0, 0) = -1 ENOENT (No such file or directory)
766892 newfstatat(AT_FDCWD, "/usr/local/sbin/python3", 0x7fffc39f89d0, 0) = -1 ENOENT (No such file or directory)
766892 newfstatat(AT_FDCWD, "/usr/bin/python3", {st_mode=S_IFREG|0755, st_size=7477160, ...}, 0) = 0
766892 newfstatat(AT_FDCWD, "/usr/bin/python3", {st_mode=S_IFREG|0755, st_size=7477160, ...}, 0) = 0
766892 access("/usr/bin/python3", X_OK) = 0
766892 newfstatat(AT_FDCWD, "/usr/bin/python3", {st_mode=S_IFREG|0755, st_size=7477160, ...}, 0) = 0
766892 access("/usr/bin/python3", R_OK) = 0
766892 execve("/usr/bin/python3", ["python3", "/home/firstmate/.no-mistakes/wor"..., "deliver"], 0x5c16a1e49170 /* 8 vars */) = 0
766892 access("/etc/ld.so.preload", R_OK) = -1 ENOENT (No such file or directory)
766892 openat(AT_FDCWD, "/etc/ld.so.cache", O_RDONLY|O_CLOEXEC) = 3
766892 openat(AT_FDCWD, "/usr/lib/x86_64-linux-gnu/libm.so.6", O_RDONLY|O_CLOEXEC) = 3
766892 openat(AT_FDCWD, "/usr/lib/x86_64-linux-gnu/libz.so.1", O_RDONLY|O_CLOEXEC) = 3
766892 openat(AT_FDCWD, "/usr/lib/x86_64-linux-gnu/libexpat.so.1", O_RDONLY|O_CLOEXEC) = 3
766892 openat(AT_FDCWD, "/usr/lib/x86_64-linux-gnu/libc.so.6", O_RDONLY|O_CLOEXEC) = 3
766892 open("/proc/sys/vm/overcommit_memory", O_RDONLY) = 3
766892 openat(AT_FDCWD, "/usr/lib/locale/locale-archive", O_RDONLY|O_CLOEXEC) = 3
766892 openat(AT_FDCWD, "/usr/share/locale/locale.alias", O_RDONLY|O_CLOEXEC) = -1 ENOENT (No such file or directory)
766892 openat(AT_FDCWD, "/usr/lib/locale/C.UTF-8/LC_CTYPE", O_RDONLY|O_CLOEXEC) = -1 ENOENT (No such file or directory)
766892 openat(AT_FDCWD, "/usr/lib/locale/C.utf8/LC_CTYPE", O_RDONLY|O_CLOEXEC) = 3
766892 openat(AT_FDCWD, "/usr/lib/x86_64-linux-gnu/gconv/gconv-modules.cache", O_RDONLY|O_CLOEXEC) = 3
766892 openat(AT_FDCWD, "/proc/self/maps", O_RDONLY|O_CLOEXEC) = 3
766892 newfstatat(AT_FDCWD, "/home/firstmate/.local/codex-latest/lib/node_modules/@openai/codex/node_modules/@openai/codex-linux-x64/vendor/x86_64-unknown-linux-musl/codex-path/python3", 0x7ffddea559b0, 0) = -1 ENOENT (No such file or directory)
766892 newfstatat(AT_FDCWD, "/home/firstmate/.codex-5/tmp/arg0/codex-arg065EgpK/python3", 0x7ffddea559b0, 0) = -1 ENOENT (No such file or directory)
766892 newfstatat(AT_FDCWD, "/home/firstmate/.local/codex-latest/lib/node_modules/@openai/codex/node_modules/@openai/codex-linux-x64/vendor/x86_64-unknown-linux-musl/codex-path/python3", 0x7ffddea559b0, 0) = -1 ENOENT (No such file or directory)
766892 newfstatat(AT_FDCWD, "/home/firstmate/.local/bin/python3", 0x7ffddea559b0, 0) = -1 ENOENT (No such file or directory)
766892 newfstatat(AT_FDCWD, "/home/firstmate/go/bin/python3", 0x7ffddea559b0, 0) = -1 ENOENT (No such file or directory)
766892 newfstatat(AT_FDCWD, "/home/firstmate/.cargo/bin/python3", 0x7ffddea559b0, 0) = -1 ENOENT (No such file or directory)
766892 newfstatat(AT_FDCWD, "/home/firstmate/bin/python3", 0x7ffddea559b0, 0) = -1 ENOENT (No such file or directory)
766892 newfstatat(AT_FDCWD, "/opt/homebrew/bin/python3", 0x7ffddea559b0, 0) = -1 ENOENT (No such file or directory)
766892 newfstatat(AT_FDCWD, "/opt/homebrew/sbin/python3", 0x7ffddea559b0, 0) = -1 ENOENT (No such file or directory)
766892 newfstatat(AT_FDCWD, "/usr/local/bin/python3", 0x7ffddea559b0, 0) = -1 ENOENT (No such file or directory)
766892 newfstatat(AT_FDCWD, "/usr/local/sbin/python3", 0x7ffddea559b0, 0) = -1 ENOENT (No such file or directory)
766892 newfstatat(AT_FDCWD, "/usr/bin/python3", {st_mode=S_IFREG|0755, st_size=7477160, ...}, 0) = 0
766892 openat(AT_FDCWD, "/usr/pyvenv.cfg", O_RDONLY) = -1 ENOENT (No such file or directory)
766892 openat(AT_FDCWD, "/usr/bin/pyvenv.cfg", O_RDONLY) = -1 ENOENT (No such file or directory)
766892 readlink("/usr/bin/python3", "python3.14", 4096) = 10
766892 readlink("/usr/bin/python3.14", 0x7ffddea509d0, 4096) = -1 EINVAL (Invalid argument)
766892 openat(AT_FDCWD, "/usr/bin/python3._pth", O_RDONLY) = -1 ENOENT (No such file or directory)
766892 openat(AT_FDCWD, "/usr/bin/python3.14._pth", O_RDONLY) = -1 ENOENT (No such file or directory)
766892 openat(AT_FDCWD, "/usr/bin/pybuilddir.txt", O_RDONLY) = -1 ENOENT (No such file or directory)
766892 newfstatat(AT_FDCWD, "/usr/bin/Modules/Setup.local", 0x7ffddea559b0, 0) = -1 ENOENT (No such file or directory)
766892 newfstatat(AT_FDCWD, "/usr/bin/lib/python314.zip", 0x7ffddea55690, 0) = -1 ENOENT (No such file or directory)
766892 newfstatat(AT_FDCWD, "/usr/lib/python314.zip", 0x7ffddea559b0, 0) = -1 ENOENT (No such file or directory)
766892 newfstatat(AT_FDCWD, "/usr/bin/lib/python3.14/os.py", 0x7ffddea559b0, 0) = -1 ENOENT (No such file or directory)
766892 newfstatat(AT_FDCWD, "/usr/bin/lib/python3.14/os.pyc", 0x7ffddea559b0, 0) = -1 ENOENT (No such file or directory)
766892 newfstatat(AT_FDCWD, "/usr/lib/python3.14/os.py", {st_mode=S_IFREG|0644, st_size=41959, ...}, 0) = 0
766892 newfstatat(AT_FDCWD, "/usr/lib/python3.14/lib-dynload", {st_mode=S_IFDIR|0755, st_size=16384, ...}, 0) = 0
766892 newfstatat(AT_FDCWD, "/usr/lib/python3.14/lib-dynload", {st_mode=S_IFDIR|0755, st_size=16384, ...}, 0) = 0
766892 openat(AT_FDCWD, "/etc/localtime", O_RDONLY|O_CLOEXEC) = 3
766892 newfstatat(AT_FDCWD, "/usr/lib/python314.zip", 0x7ffddea55170, 0) = -1 ENOENT (No such file or directory)
766892 newfstatat(AT_FDCWD, "/usr/lib", {st_mode=S_IFDIR|0755, st_size=4096, ...}, 0) = 0
766892 newfstatat(AT_FDCWD, "/usr/lib/python314.zip", 0x7ffddea55650, 0) = -1 ENOENT (No such file or directory)
766892 newfstatat(AT_FDCWD, "/usr/lib/python3.14", {st_mode=S_IFDIR|0755, st_size=20480, ...}, 0) = 0
766892 newfstatat(AT_FDCWD, "/usr/lib/python3.14", {st_mode=S_IFDIR|0755, st_size=20480, ...}, 0) = 0
766892 newfstatat(AT_FDCWD, "/usr/lib/python3.14", {st_mode=S_IFDIR|0755, st_size=20480, ...}, 0) = 0
766892 openat(AT_FDCWD, "/usr/lib/python3.14", O_RDONLY|O_NONBLOCK|O_CLOEXEC|O_DIRECTORY) = 3
766892 newfstatat(AT_FDCWD, "/usr/lib/python3.14/encodings/__init__.cpython-314-x86_64-linux-gnu.so", 0x7ffddea55650, 0) = -1 ENOENT (No such file or directory)
766892 newfstatat(AT_FDCWD, "/usr/lib/python3.14/encodings/__init__.abi3.so", 0x7ffddea55650, 0) = -1 ENOENT (No such file or directory)
766892 newfstatat(AT_FDCWD, "/usr/lib/python3.14/encodings/__init__.abi3-x86_64-linux-gnu.so", 0x7ffddea55650, 0) = -1 ENOENT (No such file or directory)
766892 newfstatat(AT_FDCWD, "/usr/lib/python3.14/encodings/__init__.so", 0x7ffddea55650, 0) = -1 ENOENT (No such file or directory)
766892 newfstatat(AT_FDCWD, "/usr/lib/python3.14/encodings/__init__.py", {st_mode=S_IFREG|0644, st_size=5945, ...}, 0) = 0
766892 newfstatat(AT_FDCWD, "/usr/lib/python3.14/encodings/__init__.py", {st_mode=S_IFREG|0644, st_size=5945, ...}, 0) = 0
766892 openat(AT_FDCWD, "/usr/lib/python3.14/encodings/__pycache__/__init__.cpython-314.pyc", O_RDONLY|O_CLOEXEC) = 3
766892 newfstatat(AT_FDCWD, "/usr/lib/python3.14/encodings", {st_mode=S_IFDIR|0755, st_size=20480, ...}, 0) = 0
766892 newfstatat(AT_FDCWD, "/usr/lib/python3.14/encodings", {st_mode=S_IFDIR|0755, st_size=20480, ...}, 0) = 0
766892 newfstatat(AT_FDCWD, "/usr/lib/python3.14/encodings", {st_mode=S_IFDIR|0755, st_size=20480, ...}, 0) = 0
766892 openat(AT_FDCWD, "/usr/lib/python3.14/encodings", O_RDONLY|O_NONBLOCK|O_CLOEXEC|O_DIRECTORY) = 3
766892 newfstatat(AT_FDCWD, "/usr/lib/python3.14/encodings/aliases.py", {st_mode=S_IFREG|0644, st_size=15957, ...}, 0) = 0
766892 newfstatat(AT_FDCWD, "/usr/lib/python3.14/encodings/aliases.py", {st_mode=S_IFREG|0644, st_size=15957, ...}, 0) = 0
766892 openat(AT_FDCWD, "/usr/lib/python3.14/encodings/__pycache__/aliases.cpython-314.pyc", O_RDONLY|O_CLOEXEC) = 3
766892 newfstatat(AT_FDCWD, "/usr/lib/python3.14/encodings", {st_mode=S_IFDIR|0755, st_size=20480, ...}, 0) = 0
766892 newfstatat(AT_FDCWD, "/usr/lib/python3.14/encodings/utf_8.py", {st_mode=S_IFREG|0644, st_size=1005, ...}, 0) = 0
766892 newfstatat(AT_FDCWD, "/usr/lib/python3.14/encodings/utf_8.py", {st_mode=S_IFREG|0644, st_size=1005, ...}, 0) = 0
766892 openat(AT_FDCWD, "/usr/lib/python3.14/encodings/__pycache__/utf_8.cpython-314.pyc", O_RDONLY|O_CLOEXEC) = 3
766892 newfstatat(AT_FDCWD, "/usr/bin/pyvenv.cfg", 0x7ffddea54eb0, 0) = -1 ENOENT (No such file or directory)
766892 newfstatat(AT_FDCWD, "/usr/pyvenv.cfg", 0x7ffddea54ed0, 0) = -1 ENOENT (No such file or directory)
766892 newfstatat(AT_FDCWD, "/home/firstmate/.local/lib/python3.14/site-packages", {st_mode=S_IFDIR|0775, st_size=4096, ...}, 0) = 0
766892 openat(AT_FDCWD, "/home/firstmate/.local/lib/python3.14/site-packages", O_RDONLY|O_NONBLOCK|O_CLOEXEC|O_DIRECTORY) = 3
766892 newfstatat(AT_FDCWD, "/usr/local/lib/python3.14/dist-packages", {st_mode=S_IFDIR|0755, st_size=4096, ...}, 0) = 0
766892 openat(AT_FDCWD, "/usr/local/lib/python3.14/dist-packages", O_RDONLY|O_NONBLOCK|O_CLOEXEC|O_DIRECTORY) = 3
766892 newfstatat(AT_FDCWD, "/usr/lib/python3/dist-packages", {st_mode=S_IFDIR|0755, st_size=12288, ...}, 0) = 0
766892 openat(AT_FDCWD, "/usr/lib/python3/dist-packages", O_RDONLY|O_NONBLOCK|O_CLOEXEC|O_DIRECTORY) = 3
766892 newfstatat(AT_FDCWD, "/usr/lib/python3/dist-packages/distutils-precedence.pth", {st_mode=S_IFREG|0644, st_size=151, ...}, AT_SYMLINK_NOFOLLOW) = 0
766892 openat(AT_FDCWD, "/usr/lib/python3/dist-packages/distutils-precedence.pth", O_RDONLY|O_CLOEXEC) = 3
766892 newfstatat(AT_FDCWD, "/usr/lib/python3.14/encodings", {st_mode=S_IFDIR|0755, st_size=20480, ...}, 0) = 0
766892 newfstatat(AT_FDCWD, "/usr/lib/python3.14/encodings/utf_8_sig.py", {st_mode=S_IFREG|0644, st_size=4133, ...}, 0) = 0
766892 newfstatat(AT_FDCWD, "/usr/lib/python3.14/encodings/utf_8_sig.py", {st_mode=S_IFREG|0644, st_size=4133, ...}, 0) = 0
766892 openat(AT_FDCWD, "/usr/lib/python3.14/encodings/__pycache__/utf_8_sig.cpython-314.pyc", O_RDONLY|O_CLOEXEC) = 3
766892 newfstatat(AT_FDCWD, "/usr/lib/python3.14", {st_mode=S_IFDIR|0755, st_size=20480, ...}, 0) = 0
766892 newfstatat(AT_FDCWD, "/usr/lib/python3.14/lib-dynload", {st_mode=S_IFDIR|0755, st_size=16384, ...}, 0) = 0
766892 newfstatat(AT_FDCWD, "/usr/lib/python3.14/lib-dynload", {st_mode=S_IFDIR|0755, st_size=16384, ...}, 0) = 0
766892 newfstatat(AT_FDCWD, "/usr/lib/python3.14/lib-dynload", {st_mode=S_IFDIR|0755, st_size=16384, ...}, 0) = 0
766892 openat(AT_FDCWD, "/usr/lib/python3.14/lib-dynload", O_RDONLY|O_NONBLOCK|O_CLOEXEC|O_DIRECTORY) = 3
766892 newfstatat(AT_FDCWD, "/home/firstmate/.local/lib/python3.14/site-packages", {st_mode=S_IFDIR|0775, st_size=4096, ...}, 0) = 0
766892 newfstatat(AT_FDCWD, "/home/firstmate/.local/lib/python3.14/site-packages", {st_mode=S_IFDIR|0775, st_size=4096, ...}, 0) = 0
766892 newfstatat(AT_FDCWD, "/home/firstmate/.local/lib/python3.14/site-packages", {st_mode=S_IFDIR|0775, st_size=4096, ...}, 0) = 0
766892 openat(AT_FDCWD, "/home/firstmate/.local/lib/python3.14/site-packages", O_RDONLY|O_NONBLOCK|O_CLOEXEC|O_DIRECTORY) = 3
766892 newfstatat(AT_FDCWD, "/usr/local/lib/python3.14/dist-packages", {st_mode=S_IFDIR|0755, st_size=4096, ...}, 0) = 0
766892 newfstatat(AT_FDCWD, "/usr/local/lib/python3.14/dist-packages", {st_mode=S_IFDIR|0755, st_size=4096, ...}, 0) = 0
766892 newfstatat(AT_FDCWD, "/usr/local/lib/python3.14/dist-packages", {st_mode=S_IFDIR|0755, st_size=4096, ...}, 0) = 0
766892 openat(AT_FDCWD, "/usr/local/lib/python3.14/dist-packages", O_RDONLY|O_NONBLOCK|O_CLOEXEC|O_DIRECTORY) = 3
766892 newfstatat(AT_FDCWD, "/usr/lib/python3/dist-packages", {st_mode=S_IFDIR|0755, st_size=12288, ...}, 0) = 0
766892 newfstatat(AT_FDCWD, "/usr/lib/python3/dist-packages", {st_mode=S_IFDIR|0755, st_size=12288, ...}, 0) = 0
766892 newfstatat(AT_FDCWD, "/usr/lib/python3/dist-packages", {st_mode=S_IFDIR|0755, st_size=12288, ...}, 0) = 0
766892 openat(AT_FDCWD, "/usr/lib/python3/dist-packages", O_RDONLY|O_NONBLOCK|O_CLOEXEC|O_DIRECTORY) = 3
766892 newfstatat(AT_FDCWD, "/usr/lib/python3/dist-packages/_distutils_hack/__init__.cpython-314-x86_64-linux-gnu.so", 0x7ffddea54660, 0) = -1 ENOENT (No such file or directory)
766892 newfstatat(AT_FDCWD, "/usr/lib/python3/dist-packages/_distutils_hack/__init__.abi3.so", 0x7ffddea54660, 0) = -1 ENOENT (No such file or directory)
766892 newfstatat(AT_FDCWD, "/usr/lib/python3/dist-packages/_distutils_hack/__init__.abi3-x86_64-linux-gnu.so", 0x7ffddea54660, 0) = -1 ENOENT (No such file or directory)
766892 newfstatat(AT_FDCWD, "/usr/lib/python3/dist-packages/_distutils_hack/__init__.so", 0x7ffddea54660, 0) = -1 ENOENT (No such file or directory)
766892 newfstatat(AT_FDCWD, "/usr/lib/python3/dist-packages/_distutils_hack/__init__.py", {st_mode=S_IFREG|0644, st_size=6755, ...}, 0) = 0
766892 newfstatat(AT_FDCWD, "/usr/lib/python3/dist-packages/_distutils_hack/__init__.py", {st_mode=S_IFREG|0644, st_size=6755, ...}, 0) = 0
766892 openat(AT_FDCWD, "/usr/lib/python3/dist-packages/_distutils_hack/__pycache__/__init__.cpython-314.pyc", O_RDONLY|O_CLOEXEC) = 3
766892 newfstatat(AT_FDCWD, "/usr/lib/python3.14/dist-packages", 0x7ffddea55220, 0) = -1 ENOENT (No such file or directory)
766892 newfstatat(AT_FDCWD, "/usr/lib/python3.14", {st_mode=S_IFDIR|0755, st_size=20480, ...}, 0) = 0
766892 newfstatat(AT_FDCWD, "/usr/lib/python3.14/sitecustomize.py", {st_mode=S_IFREG|0644, st_size=155, ...}, 0) = 0
766892 newfstatat(AT_FDCWD, "/usr/lib/python3.14/sitecustomize.py", {st_mode=S_IFREG|0644, st_size=155, ...}, 0) = 0
766892 openat(AT_FDCWD, "/usr/lib/python3.14/__pycache__/sitecustomize.cpython-314.pyc", O_RDONLY|O_CLOEXEC) = 3
766892 newfstatat(AT_FDCWD, "/usr/lib/python3.14", {st_mode=S_IFDIR|0755, st_size=20480, ...}, 0) = 0
766892 newfstatat(AT_FDCWD, "/usr/lib/python3.14/lib-dynload", {st_mode=S_IFDIR|0755, st_size=16384, ...}, 0) = 0
766892 newfstatat(AT_FDCWD, "/home/firstmate/.local/lib/python3.14/site-packages", {st_mode=S_IFDIR|0775, st_size=4096, ...}, 0) = 0
766892 newfstatat(AT_FDCWD, "/usr/local/lib/python3.14/dist-packages", {st_mode=S_IFDIR|0755, st_size=4096, ...}, 0) = 0
766892 newfstatat(AT_FDCWD, "/usr/lib/python3/dist-packages", {st_mode=S_IFDIR|0755, st_size=12288, ...}, 0) = 0
766892 newfstatat(AT_FDCWD, "/usr/lib/python3/dist-packages/apport_python_hook.py", {st_mode=S_IFREG|0644, st_size=8896, ...}, 0) = 0
766892 newfstatat(AT_FDCWD, "/usr/lib/python3/dist-packages/apport_python_hook.py", {st_mode=S_IFREG|0644, st_size=8896, ...}, 0) = 0
766892 openat(AT_FDCWD, "/usr/lib/python3/dist-packages/__pycache__/apport_python_hook.cpython-314.pyc", O_RDONLY|O_CLOEXEC) = 3
766892 newfstatat(AT_FDCWD, "/usr/lib/python3.14", {st_mode=S_IFDIR|0755, st_size=20480, ...}, 0) = 0
766892 newfstatat(AT_FDCWD, "/usr/lib/python3.14/types.py", {st_mode=S_IFREG|0644, st_size=11459, ...}, 0) = 0
766892 newfstatat(AT_FDCWD, "/usr/lib/python3.14/types.py", {st_mode=S_IFREG|0644, st_size=11459, ...}, 0) = 0
766892 openat(AT_FDCWD, "/usr/lib/python3.14/__pycache__/types.cpython-314.pyc", O_RDONLY|O_CLOEXEC) = 3
766892 newfstatat(AT_FDCWD, "/usr/lib/python3.14", {st_mode=S_IFDIR|0755, st_size=20480, ...}, 0) = 0
766892 newfstatat(AT_FDCWD, "/usr/lib/python3.14/lib-dynload", {st_mode=S_IFDIR|0755, st_size=16384, ...}, 0) = 0
766892 newfstatat(AT_FDCWD, "/home/firstmate/.local/lib/python3.14/site-packages", {st_mode=S_IFDIR|0775, st_size=4096, ...}, 0) = 0
766892 newfstatat(AT_FDCWD, "/usr/local/lib/python3.14/dist-packages", {st_mode=S_IFDIR|0755, st_size=4096, ...}, 0) = 0
766892 newfstatat(AT_FDCWD, "/usr/lib/python3/dist-packages", {st_mode=S_IFDIR|0755, st_size=12288, ...}, 0) = 0
766892 newfstatat(AT_FDCWD, "/home/firstmate/.no-mistakes/worktrees/8352e211db7e/01M4F29HK4JCAKXEQ2F50R6HHX/bin/fm_inbox_conversation.py", {st_mode=S_IFREG|0664, st_size=33410, ...}, 0) = 0
766892 openat(AT_FDCWD, "/home/firstmate/.no-mistakes/worktrees/8352e211db7e/01M4F29HK4JCAKXEQ2F50R6HHX/bin/fm_inbox_conversation.py", O_RDONLY|O_CLOEXEC) = 3
766892 newfstatat(AT_FDCWD, "/home/firstmate/.no-mistakes/worktrees/8352e211db7e/01M4F29HK4JCAKXEQ2F50R6HHX/bin/fm_inbox_conversation.py", {st_mode=S_IFREG|0664, st_size=33410, ...}, 0) = 0
766892 readlink("/home/firstmate/.no-mistakes/worktrees/8352e211db7e/01M4F29HK4JCAKXEQ2F50R6HHX/bin/fm_inbox_conversation.py", 0x7ffddea44230, 4096) = -1 EINVAL (Invalid argument)
766892 readlink("/home", 0x7ffddea44e10, 1023) = -1 EINVAL (Invalid argument)
766892 readlink("/home/firstmate", 0x7ffddea44e10, 1023) = -1 EINVAL (Invalid argument)
766892 readlink("/home/firstmate/.no-mistakes", 0x7ffddea44e10, 1023) = -1 EINVAL (Invalid argument)
766892 readlink("/home/firstmate/.no-mistakes/worktrees", 0x7ffddea44e10, 1023) = -1 EINVAL (Invalid argument)
766892 readlink("/home/firstmate/.no-mistakes/worktrees/8352e211db7e", 0x7ffddea44e10, 1023) = -1 EINVAL (Invalid argument)
766892 readlink("/home/firstmate/.no-mistakes/worktrees/8352e211db7e/01M4F29HK4JCAKXEQ2F50R6HHX", 0x7ffddea44e10, 1023) = -1 EINVAL (Invalid argument)
766892 readlink("/home/firstmate/.no-mistakes/worktrees/8352e211db7e/01M4F29HK4JCAKXEQ2F50R6HHX/bin", 0x7ffddea44e10, 1023) = -1 EINVAL (Invalid argument)
766892 readlink("/home/firstmate/.no-mistakes/worktrees/8352e211db7e/01M4F29HK4JCAKXEQ2F50R6HHX/bin/fm_inbox_conversation.py", 0x7ffddea44e10, 1023) = -1 EINVAL (Invalid argument)
766892 openat(AT_FDCWD, "/home/firstmate/.no-mistakes/worktrees/8352e211db7e/01M4F29HK4JCAKXEQ2F50R6HHX/bin/fm_inbox_conversation.py", O_RDONLY) = 3
766892 newfstatat(AT_FDCWD, "/home/firstmate/.no-mistakes/worktrees/8352e211db7e/01M4F29HK4JCAKXEQ2F50R6HHX/bin", {st_mode=S_IFDIR|0775, st_size=12288, ...}, 0) = 0
766892 newfstatat(AT_FDCWD, "/home/firstmate/.no-mistakes/worktrees/8352e211db7e/01M4F29HK4JCAKXEQ2F50R6HHX/bin", {st_mode=S_IFDIR|0775, st_size=12288, ...}, 0) = 0
766892 newfstatat(AT_FDCWD, "/home/firstmate/.no-mistakes/worktrees/8352e211db7e/01M4F29HK4JCAKXEQ2F50R6HHX/bin", {st_mode=S_IFDIR|0775, st_size=12288, ...}, 0) = 0
766892 openat(AT_FDCWD, "/home/firstmate/.no-mistakes/worktrees/8352e211db7e/01M4F29HK4JCAKXEQ2F50R6HHX/bin", O_RDONLY|O_NONBLOCK|O_CLOEXEC|O_DIRECTORY) = 3
766892 newfstatat(AT_FDCWD, "/usr/lib/python3.14", {st_mode=S_IFDIR|0755, st_size=20480, ...}, 0) = 0
766892 newfstatat(AT_FDCWD, "/usr/lib/python3.14/hashlib.py", {st_mode=S_IFREG|0644, st_size=9459, ...}, 0) = 0
766892 newfstatat(AT_FDCWD, "/usr/lib/python3.14/hashlib.py", {st_mode=S_IFREG|0644, st_size=9459, ...}, 0) = 0
766892 openat(AT_FDCWD, "/usr/lib/python3.14/__pycache__/hashlib.cpython-314.pyc", O_RDONLY|O_CLOEXEC) = 3
766892 newfstatat(AT_FDCWD, "/home/firstmate/.no-mistakes/worktrees/8352e211db7e/01M4F29HK4JCAKXEQ2F50R6HHX/bin", {st_mode=S_IFDIR|0775, st_size=12288, ...}, 0) = 0
766892 newfstatat(AT_FDCWD, "/usr/lib/python3.14", {st_mode=S_IFDIR|0755, st_size=20480, ...}, 0) = 0
766892 newfstatat(AT_FDCWD, "/usr/lib/python3.14/lib-dynload", {st_mode=S_IFDIR|0755, st_size=16384, ...}, 0) = 0
766892 newfstatat(AT_FDCWD, "/usr/lib/python3.14/lib-dynload/_hashlib.cpython-314-x86_64-linux-gnu.so", {st_mode=S_IFREG|0644, st_size=64448, ...}, 0) = 0
766892 openat(AT_FDCWD, "/usr/lib/python3.14/lib-dynload/_hashlib.cpython-314-x86_64-linux-gnu.so", O_RDONLY|O_CLOEXEC) = 3
766892 openat(AT_FDCWD, "/etc/ld.so.cache", O_RDONLY|O_CLOEXEC) = 3
766892 openat(AT_FDCWD, "/usr/lib/x86_64-linux-gnu/libcrypto.so.3", O_RDONLY|O_CLOEXEC) = 3
766892 openat(AT_FDCWD, "/usr/lib/x86_64-linux-gnu/libzstd.so.1", O_RDONLY|O_CLOEXEC) = 3
766892 openat(AT_FDCWD, "/proc/sys/crypto/fips_enabled", O_RDONLY) = -1 ENOENT (No such file or directory)
766892 openat(AT_FDCWD, "/etc/ubuntu-fips", O_RDONLY) = -1 ENOENT (No such file or directory)
766892 openat(AT_FDCWD, "/usr/lib/ssl/openssl.cnf", O_RDONLY) = 3
766892 newfstatat(AT_FDCWD, "/var/lib/crypto-config/profiles/current/openssl.conf.d", 0x7ffddea54610, 0) = -1 ENOENT (No such file or directory)
766892 newfstatat(AT_FDCWD, "/etc/ssl/openssl.conf.d", 0x7ffddea54610, 0) = -1 ENOENT (No such file or directory)
766892 newfstatat(AT_FDCWD, "/home/firstmate/.no-mistakes/worktrees/8352e211db7e/01M4F29HK4JCAKXEQ2F50R6HHX/bin", {st_mode=S_IFDIR|0775, st_size=12288, ...}, 0) = 0
766892 newfstatat(AT_FDCWD, "/usr/lib/python3.14", {st_mode=S_IFDIR|0755, st_size=20480, ...}, 0) = 0
766892 newfstatat(AT_FDCWD, "/usr/lib/python3.14/json/__init__.cpython-314-x86_64-linux-gnu.so", 0x7ffddea55640, 0) = -1 ENOENT (No such file or directory)
766892 newfstatat(AT_FDCWD, "/usr/lib/python3.14/json/__init__.abi3.so", 0x7ffddea55640, 0) = -1 ENOENT (No such file or directory)
766892 newfstatat(AT_FDCWD, "/usr/lib/python3.14/json/__init__.abi3-x86_64-linux-gnu.so", 0x7ffddea55640, 0) = -1 ENOENT (No such file or directory)
766892 newfstatat(AT_FDCWD, "/usr/lib/python3.14/json/__init__.so", 0x7ffddea55640, 0) = -1 ENOENT (No such file or directory)
766892 newfstatat(AT_FDCWD, "/usr/lib/python3.14/json/__init__.py", {st_mode=S_IFREG|0644, st_size=14066, ...}, 0) = 0
766892 newfstatat(AT_FDCWD, "/usr/lib/python3.14/json/__init__.py", {st_mode=S_IFREG|0644, st_size=14066, ...}, 0) = 0
766892 openat(AT_FDCWD, "/usr/lib/python3.14/json/__pycache__/__init__.cpython-314.pyc", O_RDONLY|O_CLOEXEC) = 3
766892 newfstatat(AT_FDCWD, "/usr/lib/python3.14/json", {st_mode=S_IFDIR|0755, st_size=4096, ...}, 0) = 0
766892 newfstatat(AT_FDCWD, "/usr/lib/python3.14/json", {st_mode=S_IFDIR|0755, st_size=4096, ...}, 0) = 0
766892 newfstatat(AT_FDCWD, "/usr/lib/python3.14/json", {st_mode=S_IFDIR|0755, st_size=4096, ...}, 0) = 0
766892 openat(AT_FDCWD, "/usr/lib/python3.14/json", O_RDONLY|O_NONBLOCK|O_CLOEXEC|O_DIRECTORY) = 3
766892 newfstatat(AT_FDCWD, "/usr/lib/python3.14/json/decoder.py", {st_mode=S_IFREG|0644, st_size=12873, ...}, 0) = 0
766892 newfstatat(AT_FDCWD, "/usr/lib/python3.14/json/decoder.py", {st_mode=S_IFREG|0644, st_size=12873, ...}, 0) = 0
766892 openat(AT_FDCWD, "/usr/lib/python3.14/json/__pycache__/decoder.cpython-314.pyc", O_RDONLY|O_CLOEXEC) = 3
766892 newfstatat(AT_FDCWD, "/home/firstmate/.no-mistakes/worktrees/8352e211db7e/01M4F29HK4JCAKXEQ2F50R6HHX/bin", {st_mode=S_IFDIR|0775, st_size=12288, ...}, 0) = 0
766892 newfstatat(AT_FDCWD, "/usr/lib/python3.14", {st_mode=S_IFDIR|0755, st_size=20480, ...}, 0) = 0
766892 newfstatat(AT_FDCWD, "/usr/lib/python3.14/re/__init__.cpython-314-x86_64-linux-gnu.so", 0x7ffddea54100, 0) = -1 ENOENT (No such file or directory)
766892 newfstatat(AT_FDCWD, "/usr/lib/python3.14/re/__init__.abi3.so", 0x7ffddea54100, 0) = -1 ENOENT (No such file or directory)
766892 newfstatat(AT_FDCWD, "/usr/lib/python3.14/re/__init__.abi3-x86_64-linux-gnu.so", 0x7ffddea54100, 0) = -1 ENOENT (No such file or directory)
766892 newfstatat(AT_FDCWD, "/usr/lib/python3.14/re/__init__.so", 0x7ffddea54100, 0) = -1 ENOENT (No such file or directory)
766892 newfstatat(AT_FDCWD, "/usr/lib/python3.14/re/__init__.py", {st_mode=S_IFREG|0644, st_size=17876, ...}, 0) = 0
766892 newfstatat(AT_FDCWD, "/usr/lib/python3.14/re/__init__.py", {st_mode=S_IFREG|0644, st_size=17876, ...}, 0) = 0
766892 openat(AT_FDCWD, "/usr/lib/python3.14/re/__pycache__/__init__.cpython-314.pyc", O_RDONLY|O_CLOEXEC) = 3
766892 newfstatat(AT_FDCWD, "/home/firstmate/.no-mistakes/worktrees/8352e211db7e/01M4F29HK4JCAKXEQ2F50R6HHX/bin", {st_mode=S_IFDIR|0775, st_size=12288, ...}, 0) = 0
766892 newfstatat(AT_FDCWD, "/usr/lib/python3.14", {st_mode=S_IFDIR|0755, st_size=20480, ...}, 0) = 0
766892 newfstatat(AT_FDCWD, "/usr/lib/python3.14/enum.py", {st_mode=S_IFREG|0644, st_size=85442, ...}, 0) = 0
766892 newfstatat(AT_FDCWD, "/usr/lib/python3.14/enum.py", {st_mode=S_IFREG|0644, st_size=85442, ...}, 0) = 0
766892 openat(AT_FDCWD, "/usr/lib/python3.14/__pycache__/enum.cpython-314.pyc", O_RDONLY|O_CLOEXEC) = 3
766892 newfstatat(AT_FDCWD, "/usr/lib/python3.14/re", {st_mode=S_IFDIR|0755, st_size=4096, ...}, 0) = 0
766892 newfstatat(AT_FDCWD, "/usr/lib/python3.14/re", {st_mode=S_IFDIR|0755, st_size=4096, ...}, 0) = 0
766892 newfstatat(AT_FDCWD, "/usr/lib/python3.14/re", {st_mode=S_IFDIR|0755, st_size=4096, ...}, 0) = 0
766892 openat(AT_FDCWD, "/usr/lib/python3.14/re", O_RDONLY|O_NONBLOCK|O_CLOEXEC|O_DIRECTORY) = 3
766892 newfstatat(AT_FDCWD, "/usr/lib/python3.14/re/_compiler.py", {st_mode=S_IFREG|0644, st_size=26855, ...}, 0) = 0
766892 newfstatat(AT_FDCWD, "/usr/lib/python3.14/re/_compiler.py", {st_mode=S_IFREG|0644, st_size=26855, ...}, 0) = 0
766892 openat(AT_FDCWD, "/usr/lib/python3.14/re/__pycache__/_compiler.cpython-314.pyc", O_RDONLY|O_CLOEXEC) = 3
766892 newfstatat(AT_FDCWD, "/usr/lib/python3.14/re", {st_mode=S_IFDIR|0755, st_size=4096, ...}, 0) = 0
766892 newfstatat(AT_FDCWD, "/usr/lib/python3.14/re/_parser.py", {st_mode=S_IFREG|0644, st_size=40353, ...}, 0) = 0
766892 newfstatat(AT_FDCWD, "/usr/lib/python3.14/re/_parser.py", {st_mode=S_IFREG|0644, st_size=40353, ...}, 0) = 0
766892 openat(AT_FDCWD, "/usr/lib/python3.14/re/__pycache__/_parser.cpython-314.pyc", O_RDONLY|O_CLOEXEC) = 3
766892 newfstatat(AT_FDCWD, "/usr/lib/python3.14/re", {st_mode=S_IFDIR|0755, st_size=4096, ...}, 0) = 0
766892 newfstatat(AT_FDCWD, "/usr/lib/python3.14/re/_constants.py", {st_mode=S_IFREG|0644, st_size=6036, ...}, 0) = 0
766892 newfstatat(AT_FDCWD, "/usr/lib/python3.14/re/_constants.py", {st_mode=S_IFREG|0644, st_size=6036, ...}, 0) = 0
766892 openat(AT_FDCWD, "/usr/lib/python3.14/re/__pycache__/_constants.cpython-314.pyc", O_RDONLY|O_CLOEXEC) = 3
766892 newfstatat(AT_FDCWD, "/usr/lib/python3.14/re", {st_mode=S_IFDIR|0755, st_size=4096, ...}, 0) = 0
766892 newfstatat(AT_FDCWD, "/usr/lib/python3.14/re/_casefix.py", {st_mode=S_IFREG|0644, st_size=5444, ...}, 0) = 0
766892 newfstatat(AT_FDCWD, "/usr/lib/python3.14/re/_casefix.py", {st_mode=S_IFREG|0644, st_size=5444, ...}, 0) = 0
766892 openat(AT_FDCWD, "/usr/lib/python3.14/re/__pycache__/_casefix.cpython-314.pyc", O_RDONLY|O_CLOEXEC) = 3
766892 newfstatat(AT_FDCWD, "/home/firstmate/.no-mistakes/worktrees/8352e211db7e/01M4F29HK4JCAKXEQ2F50R6HHX/bin", {st_mode=S_IFDIR|0775, st_size=12288, ...}, 0) = 0
766892 newfstatat(AT_FDCWD, "/usr/lib/python3.14", {st_mode=S_IFDIR|0755, st_size=20480, ...}, 0) = 0
766892 newfstatat(AT_FDCWD, "/usr/lib/python3.14/functools.py", {st_mode=S_IFREG|0644, st_size=43561, ...}, 0) = 0
766892 newfstatat(AT_FDCWD, "/usr/lib/python3.14/functools.py", {st_mode=S_IFREG|0644, st_size=43561, ...}, 0) = 0
766892 openat(AT_FDCWD, "/usr/lib/python3.14/__pycache__/functools.cpython-314.pyc", O_RDONLY|O_CLOEXEC) = 3
766892 newfstatat(AT_FDCWD, "/home/firstmate/.no-mistakes/worktrees/8352e211db7e/01M4F29HK4JCAKXEQ2F50R6HHX/bin", {st_mode=S_IFDIR|0775, st_size=12288, ...}, 0) = 0
766892 newfstatat(AT_FDCWD, "/usr/lib/python3.14", {st_mode=S_IFDIR|0755, st_size=20480, ...}, 0) = 0
766892 newfstatat(AT_FDCWD, "/usr/lib/python3.14/collections/__init__.cpython-314-x86_64-linux-gnu.so", 0x7ffddea52bc0, 0) = -1 ENOENT (No such file or directory)
766892 newfstatat(AT_FDCWD, "/usr/lib/python3.14/collections/__init__.abi3.so", 0x7ffddea52bc0, 0) = -1 ENOENT (No such file or directory)
766892 newfstatat(AT_FDCWD, "/usr/lib/python3.14/collections/__init__.abi3-x86_64-linux-gnu.so", 0x7ffddea52bc0, 0) = -1 ENOENT (No such file or directory)
766892 newfstatat(AT_FDCWD, "/usr/lib/python3.14/collections/__init__.so", 0x7ffddea52bc0, 0) = -1 ENOENT (No such file or directory)
766892 newfstatat(AT_FDCWD, "/usr/lib/python3.14/collections/__init__.py", {st_mode=S_IFREG|0644, st_size=52903, ...}, 0) = 0
766892 newfstatat(AT_FDCWD, "/usr/lib/python3.14/collections/__init__.py", {st_mode=S_IFREG|0644, st_size=52903, ...}, 0) = 0
766892 openat(AT_FDCWD, "/usr/lib/python3.14/collections/__pycache__/__init__.cpython-314.pyc", O_RDONLY|O_CLOEXEC) = 3
766892 newfstatat(AT_FDCWD, "/home/firstmate/.no-mistakes/worktrees/8352e211db7e/01M4F29HK4JCAKXEQ2F50R6HHX/bin", {st_mode=S_IFDIR|0775, st_size=12288, ...}, 0) = 0
766892 newfstatat(AT_FDCWD, "/usr/lib/python3.14", {st_mode=S_IFDIR|0755, st_size=20480, ...}, 0) = 0
766892 newfstatat(AT_FDCWD, "/usr/lib/python3.14/keyword.py", {st_mode=S_IFREG|0644, st_size=1073, ...}, 0) = 0
766892 newfstatat(AT_FDCWD, "/usr/lib/python3.14/keyword.py", {st_mode=S_IFREG|0644, st_size=1073, ...}, 0) = 0
766892 openat(AT_FDCWD, "/usr/lib/python3.14/__pycache__/keyword.cpython-314.pyc", O_RDONLY|O_CLOEXEC) = 3
766892 newfstatat(AT_FDCWD, "/home/firstmate/.no-mistakes/worktrees/8352e211db7e/01M4F29HK4JCAKXEQ2F50R6HHX/bin", {st_mode=S_IFDIR|0775, st_size=12288, ...}, 0) = 0
766892 newfstatat(AT_FDCWD, "/usr/lib/python3.14", {st_mode=S_IFDIR|0755, st_size=20480, ...}, 0) = 0
766892 newfstatat(AT_FDCWD, "/usr/lib/python3.14/operator.py", {st_mode=S_IFREG|0644, st_size=11158, ...}, 0) = 0
766892 newfstatat(AT_FDCWD, "/usr/lib/python3.14/operator.py", {st_mode=S_IFREG|0644, st_size=11158, ...}, 0) = 0
766892 openat(AT_FDCWD, "/usr/lib/python3.14/__pycache__/operator.cpython-314.pyc", O_RDONLY|O_CLOEXEC) = 3
766892 newfstatat(AT_FDCWD, "/home/firstmate/.no-mistakes/worktrees/8352e211db7e/01M4F29HK4JCAKXEQ2F50R6HHX/bin", {st_mode=S_IFDIR|0775, st_size=12288, ...}, 0) = 0
766892 newfstatat(AT_FDCWD, "/usr/lib/python3.14", {st_mode=S_IFDIR|0755, st_size=20480, ...}, 0) = 0
766892 newfstatat(AT_FDCWD, "/usr/lib/python3.14/reprlib.py", {st_mode=S_IFREG|0644, st_size=8064, ...}, 0) = 0
766892 newfstatat(AT_FDCWD, "/usr/lib/python3.14/reprlib.py", {st_mode=S_IFREG|0644, st_size=8064, ...}, 0) = 0
766892 openat(AT_FDCWD, "/usr/lib/python3.14/__pycache__/reprlib.cpython-314.pyc", O_RDONLY|O_CLOEXEC) = 3
766892 newfstatat(AT_FDCWD, "/home/firstmate/.no-mistakes/worktrees/8352e211db7e/01M4F29HK4JCAKXEQ2F50R6HHX/bin", {st_mode=S_IFDIR|0775, st_size=12288, ...}, 0) = 0
766892 newfstatat(AT_FDCWD, "/usr/lib/python3.14", {st_mode=S_IFDIR|0755, st_size=20480, ...}, 0) = 0
766892 newfstatat(AT_FDCWD, "/usr/lib/python3.14/copyreg.py", {st_mode=S_IFREG|0644, st_size=7716, ...}, 0) = 0
766892 newfstatat(AT_FDCWD, "/usr/lib/python3.14/copyreg.py", {st_mode=S_IFREG|0644, st_size=7716, ...}, 0) = 0
766892 openat(AT_FDCWD, "/usr/lib/python3.14/__pycache__/copyreg.cpython-314.pyc", O_RDONLY|O_CLOEXEC) = 3
766892 newfstatat(AT_FDCWD, "/usr/lib/python3.14/json", {st_mode=S_IFDIR|0755, st_size=4096, ...}, 0) = 0
766892 newfstatat(AT_FDCWD, "/usr/lib/python3.14/json/scanner.py", {st_mode=S_IFREG|0644, st_size=2434, ...}, 0) = 0
766892 newfstatat(AT_FDCWD, "/usr/lib/python3.14/json/scanner.py", {st_mode=S_IFREG|0644, st_size=2434, ...}, 0) = 0
766892 openat(AT_FDCWD, "/usr/lib/python3.14/json/__pycache__/scanner.cpython-314.pyc", O_RDONLY|O_CLOEXEC) = 3
766892 newfstatat(AT_FDCWD, "/usr/lib/python3.14/json", {st_mode=S_IFDIR|0755, st_size=4096, ...}, 0) = 0
766892 newfstatat(AT_FDCWD, "/usr/lib/python3.14/json/encoder.py", {st_mode=S_IFREG|0644, st_size=16990, ...}, 0) = 0
766892 newfstatat(AT_FDCWD, "/usr/lib/python3.14/json/encoder.py", {st_mode=S_IFREG|0644, st_size=16990, ...}, 0) = 0
766892 openat(AT_FDCWD, "/usr/lib/python3.14/json/__pycache__/encoder.cpython-314.pyc", O_RDONLY|O_CLOEXEC) = 3
766892 newfstatat(AT_FDCWD, "/home/firstmate/.no-mistakes/worktrees/8352e211db7e/01M4F29HK4JCAKXEQ2F50R6HHX/bin", {st_mode=S_IFDIR|0775, st_size=12288, ...}, 0) = 0
766892 newfstatat(AT_FDCWD, "/usr/lib/python3.14", {st_mode=S_IFDIR|0755, st_size=20480, ...}, 0) = 0
766892 newfstatat(AT_FDCWD, "/usr/lib/python3.14/pathlib/__init__.cpython-314-x86_64-linux-gnu.so", 0x7ffddea55640, 0) = -1 ENOENT (No such file or directory)
766892 newfstatat(AT_FDCWD, "/usr/lib/python3.14/pathlib/__init__.abi3.so", 0x7ffddea55640, 0) = -1 ENOENT (No such file or directory)
766892 newfstatat(AT_FDCWD, "/usr/lib/python3.14/pathlib/__init__.abi3-x86_64-linux-gnu.so", 0x7ffddea55640, 0) = -1 ENOENT (No such file or directory)
766892 newfstatat(AT_FDCWD, "/usr/lib/python3.14/pathlib/__init__.so", 0x7ffddea55640, 0) = -1 ENOENT (No such file or directory)
766892 newfstatat(AT_FDCWD, "/usr/lib/python3.14/pathlib/__init__.py", {st_mode=S_IFREG|0644, st_size=46833, ...}, 0) = 0
766892 newfstatat(AT_FDCWD, "/usr/lib/python3.14/pathlib/__init__.py", {st_mode=S_IFREG|0644, st_size=46833, ...}, 0) = 0
766892 openat(AT_FDCWD, "/usr/lib/python3.14/pathlib/__pycache__/__init__.cpython-314.pyc", O_RDONLY|O_CLOEXEC) = 3
766892 newfstatat(AT_FDCWD, "/home/firstmate/.no-mistakes/worktrees/8352e211db7e/01M4F29HK4JCAKXEQ2F50R6HHX/bin", {st_mode=S_IFDIR|0775, st_size=12288, ...}, 0) = 0
766892 newfstatat(AT_FDCWD, "/usr/lib/python3.14", {st_mode=S_IFDIR|0755, st_size=20480, ...}, 0) = 0
766892 newfstatat(AT_FDCWD, "/usr/lib/python3.14/glob.py", {st_mode=S_IFREG|0644, st_size=20768, ...}, 0) = 0
766892 newfstatat(AT_FDCWD, "/usr/lib/python3.14/glob.py", {st_mode=S_IFREG|0644, st_size=20768, ...}, 0) = 0
766892 openat(AT_FDCWD, "/usr/lib/python3.14/__pycache__/glob.cpython-314.pyc", O_RDONLY|O_CLOEXEC) = 3
766892 newfstatat(AT_FDCWD, "/home/firstmate/.no-mistakes/worktrees/8352e211db7e/01M4F29HK4JCAKXEQ2F50R6HHX/bin", {st_mode=S_IFDIR|0775, st_size=12288, ...}, 0) = 0
766892 newfstatat(AT_FDCWD, "/usr/lib/python3.14", {st_mode=S_IFDIR|0755, st_size=20480, ...}, 0) = 0
766892 newfstatat(AT_FDCWD, "/usr/lib/python3.14/contextlib.py", {st_mode=S_IFREG|0644, st_size=27801, ...}, 0) = 0
766892 newfstatat(AT_FDCWD, "/usr/lib/python3.14/contextlib.py", {st_mode=S_IFREG|0644, st_size=27801, ...}, 0) = 0
766892 openat(AT_FDCWD, "/usr/lib/python3.14/__pycache__/contextlib.cpython-314.pyc", O_RDONLY|O_CLOEXEC) = 3
766892 newfstatat(AT_FDCWD, "/home/firstmate/.no-mistakes/worktrees/8352e211db7e/01M4F29HK4JCAKXEQ2F50R6HHX/bin", {st_mode=S_IFDIR|0775, st_size=12288, ...}, 0) = 0
766892 newfstatat(AT_FDCWD, "/usr/lib/python3.14", {st_mode=S_IFDIR|0755, st_size=20480, ...}, 0) = 0
766892 newfstatat(AT_FDCWD, "/usr/lib/python3.14/fnmatch.py", {st_mode=S_IFREG|0644, st_size=6791, ...}, 0) = 0
766892 newfstatat(AT_FDCWD, "/usr/lib/python3.14/fnmatch.py", {st_mode=S_IFREG|0644, st_size=6791, ...}, 0) = 0
766892 openat(AT_FDCWD, "/usr/lib/python3.14/__pycache__/fnmatch.cpython-314.pyc", O_RDONLY|O_CLOEXEC) = 3
766892 newfstatat(AT_FDCWD, "/usr/lib/python3.14/pathlib", {st_mode=S_IFDIR|0755, st_size=4096, ...}, 0) = 0
766892 newfstatat(AT_FDCWD, "/usr/lib/python3.14/pathlib", {st_mode=S_IFDIR|0755, st_size=4096, ...}, 0) = 0
766892 newfstatat(AT_FDCWD, "/usr/lib/python3.14/pathlib", {st_mode=S_IFDIR|0755, st_size=4096, ...}, 0) = 0
766892 openat(AT_FDCWD, "/usr/lib/python3.14/pathlib", O_RDONLY|O_NONBLOCK|O_CLOEXEC|O_DIRECTORY) = 3
766892 newfstatat(AT_FDCWD, "/usr/lib/python3.14/pathlib/_os.py", {st_mode=S_IFREG|0644, st_size=18161, ...}, 0) = 0
766892 newfstatat(AT_FDCWD, "/usr/lib/python3.14/pathlib/_os.py", {st_mode=S_IFREG|0644, st_size=18161, ...}, 0) = 0
766892 openat(AT_FDCWD, "/usr/lib/python3.14/pathlib/__pycache__/_os.cpython-314.pyc", O_RDONLY|O_CLOEXEC) = 3
766892 newfstatat(AT_FDCWD, "/home/firstmate/.no-mistakes/worktrees/8352e211db7e/01M4F29HK4JCAKXEQ2F50R6HHX/bin", {st_mode=S_IFDIR|0775, st_size=12288, ...}, 0) = 0
766892 newfstatat(AT_FDCWD, "/usr/lib/python3.14", {st_mode=S_IFDIR|0755, st_size=20480, ...}, 0) = 0
766892 newfstatat(AT_FDCWD, "/usr/lib/python3.14/lib-dynload", {st_mode=S_IFDIR|0755, st_size=16384, ...}, 0) = 0
766892 newfstatat(AT_FDCWD, "/home/firstmate/.local/lib/python3.14/site-packages", {st_mode=S_IFDIR|0775, st_size=4096, ...}, 0) = 0
766892 newfstatat(AT_FDCWD, "/usr/local/lib/python3.14/dist-packages", {st_mode=S_IFDIR|0755, st_size=4096, ...}, 0) = 0
766892 newfstatat(AT_FDCWD, "/usr/lib/python3/dist-packages", {st_mode=S_IFDIR|0755, st_size=12288, ...}, 0) = 0
766892 newfstatat(AT_FDCWD, "/home/firstmate/.no-mistakes/worktrees/8352e211db7e/01M4F29HK4JCAKXEQ2F50R6HHX/bin", {st_mode=S_IFDIR|0775, st_size=12288, ...}, 0) = 0
766892 newfstatat(AT_FDCWD, "/usr/lib/python3.14", {st_mode=S_IFDIR|0755, st_size=20480, ...}, 0) = 0
766892 newfstatat(AT_FDCWD, "/usr/lib/python3.14/lib-dynload", {st_mode=S_IFDIR|0755, st_size=16384, ...}, 0) = 0
766892 newfstatat(AT_FDCWD, "/home/firstmate/.local/lib/python3.14/site-packages", {st_mode=S_IFDIR|0775, st_size=4096, ...}, 0) = 0
766892 newfstatat(AT_FDCWD, "/usr/local/lib/python3.14/dist-packages", {st_mode=S_IFDIR|0755, st_size=4096, ...}, 0) = 0
766892 newfstatat(AT_FDCWD, "/usr/lib/python3/dist-packages", {st_mode=S_IFDIR|0755, st_size=12288, ...}, 0) = 0
766892 newfstatat(AT_FDCWD, "/home/firstmate/.no-mistakes/worktrees/8352e211db7e/01M4F29HK4JCAKXEQ2F50R6HHX/bin", {st_mode=S_IFDIR|0775, st_size=12288, ...}, 0) = 0
766892 newfstatat(AT_FDCWD, "/usr/lib/python3.14", {st_mode=S_IFDIR|0755, st_size=20480, ...}, 0) = 0
766892 newfstatat(AT_FDCWD, "/usr/lib/python3.14/lib-dynload", {st_mode=S_IFDIR|0755, st_size=16384, ...}, 0) = 0
766892 newfstatat(AT_FDCWD, "/home/firstmate/.local/lib/python3.14/site-packages", {st_mode=S_IFDIR|0775, st_size=4096, ...}, 0) = 0
766892 newfstatat(AT_FDCWD, "/usr/local/lib/python3.14/dist-packages", {st_mode=S_IFDIR|0755, st_size=4096, ...}, 0) = 0
766892 newfstatat(AT_FDCWD, "/usr/lib/python3/dist-packages", {st_mode=S_IFDIR|0755, st_size=12288, ...}, 0) = 0
766892 newfstatat(AT_FDCWD, "/home/firstmate/.no-mistakes/worktrees/8352e211db7e/01M4F29HK4JCAKXEQ2F50R6HHX/bin", {st_mode=S_IFDIR|0775, st_size=12288, ...}, 0) = 0
766892 newfstatat(AT_FDCWD, "/usr/lib/python3.14", {st_mode=S_IFDIR|0755, st_size=20480, ...}, 0) = 0
766892 newfstatat(AT_FDCWD, "/usr/lib/python3.14/lib-dynload", {st_mode=S_IFDIR|0755, st_size=16384, ...}, 0) = 0
766892 newfstatat(AT_FDCWD, "/home/firstmate/.local/lib/python3.14/site-packages", {st_mode=S_IFDIR|0775, st_size=4096, ...}, 0) = 0
766892 newfstatat(AT_FDCWD, "/usr/local/lib/python3.14/dist-packages", {st_mode=S_IFDIR|0755, st_size=4096, ...}, 0) = 0
766892 newfstatat(AT_FDCWD, "/usr/lib/python3/dist-packages", {st_mode=S_IFDIR|0755, st_size=12288, ...}, 0) = 0
766892 newfstatat(AT_FDCWD, "/home/firstmate/.no-mistakes/worktrees/8352e211db7e/01M4F29HK4JCAKXEQ2F50R6HHX/bin", {st_mode=S_IFDIR|0775, st_size=12288, ...}, 0) = 0
766892 newfstatat(AT_FDCWD, "/usr/lib/python3.14", {st_mode=S_IFDIR|0755, st_size=20480, ...}, 0) = 0
766892 newfstatat(AT_FDCWD, "/usr/lib/python3.14/lib-dynload", {st_mode=S_IFDIR|0755, st_size=16384, ...}, 0) = 0
766892 newfstatat(AT_FDCWD, "/home/firstmate/.local/lib/python3.14/site-packages", {st_mode=S_IFDIR|0775, st_size=4096, ...}, 0) = 0
766892 newfstatat(AT_FDCWD, "/usr/local/lib/python3.14/dist-packages", {st_mode=S_IFDIR|0755, st_size=4096, ...}, 0) = 0
766892 newfstatat(AT_FDCWD, "/usr/lib/python3/dist-packages", {st_mode=S_IFDIR|0755, st_size=12288, ...}, 0) = 0
766892 newfstatat(AT_FDCWD, "/home/firstmate/.no-mistakes/worktrees/8352e211db7e/01M4F29HK4JCAKXEQ2F50R6HHX/bin", {st_mode=S_IFDIR|0775, st_size=12288, ...}, 0) = 0
766892 newfstatat(AT_FDCWD, "/usr/lib/python3.14", {st_mode=S_IFDIR|0755, st_size=20480, ...}, 0) = 0
766892 newfstatat(AT_FDCWD, "/usr/lib/python3.14/lib-dynload", {st_mode=S_IFDIR|0755, st_size=16384, ...}, 0) = 0
766892 newfstatat(AT_FDCWD, "/home/firstmate/.local/lib/python3.14/site-packages", {st_mode=S_IFDIR|0775, st_size=4096, ...}, 0) = 0
766892 newfstatat(AT_FDCWD, "/usr/local/lib/python3.14/dist-packages", {st_mode=S_IFDIR|0755, st_size=4096, ...}, 0) = 0
766892 newfstatat(AT_FDCWD, "/usr/lib/python3/dist-packages", {st_mode=S_IFDIR|0755, st_size=12288, ...}, 0) = 0
766892 newfstatat(AT_FDCWD, "/home/firstmate/.no-mistakes/worktrees/8352e211db7e/01M4F29HK4JCAKXEQ2F50R6HHX/bin", {st_mode=S_IFDIR|0775, st_size=12288, ...}, 0) = 0
766892 newfstatat(AT_FDCWD, "/usr/lib/python3.14", {st_mode=S_IFDIR|0755, st_size=20480, ...}, 0) = 0
766892 newfstatat(AT_FDCWD, "/usr/lib/python3.14/lib-dynload", {st_mode=S_IFDIR|0755, st_size=16384, ...}, 0) = 0
766892 newfstatat(AT_FDCWD, "/home/firstmate/.local/lib/python3.14/site-packages", {st_mode=S_IFDIR|0775, st_size=4096, ...}, 0) = 0
766892 newfstatat(AT_FDCWD, "/usr/local/lib/python3.14/dist-packages", {st_mode=S_IFDIR|0755, st_size=4096, ...}, 0) = 0
766892 newfstatat(AT_FDCWD, "/usr/lib/python3/dist-packages", {st_mode=S_IFDIR|0755, st_size=12288, ...}, 0) = 0
766892 newfstatat(AT_FDCWD, "/home/firstmate/.no-mistakes/worktrees/8352e211db7e/01M4F29HK4JCAKXEQ2F50R6HHX/bin", {st_mode=S_IFDIR|0775, st_size=12288, ...}, 0) = 0
766892 newfstatat(AT_FDCWD, "/usr/lib/python3.14", {st_mode=S_IFDIR|0755, st_size=20480, ...}, 0) = 0
766892 newfstatat(AT_FDCWD, "/usr/lib/python3.14/lib-dynload", {st_mode=S_IFDIR|0755, st_size=16384, ...}, 0) = 0
766892 newfstatat(AT_FDCWD, "/home/firstmate/.local/lib/python3.14/site-packages", {st_mode=S_IFDIR|0775, st_size=4096, ...}, 0) = 0
766892 newfstatat(AT_FDCWD, "/usr/local/lib/python3.14/dist-packages", {st_mode=S_IFDIR|0755, st_size=4096, ...}, 0) = 0
766892 newfstatat(AT_FDCWD, "/usr/lib/python3/dist-packages", {st_mode=S_IFDIR|0755, st_size=12288, ...}, 0) = 0
766892 newfstatat(AT_FDCWD, "/home/firstmate/.no-mistakes/worktrees/8352e211db7e/01M4F29HK4JCAKXEQ2F50R6HHX/bin", {st_mode=S_IFDIR|0775, st_size=12288, ...}, 0) = 0
766892 newfstatat(AT_FDCWD, "/usr/lib/python3.14", {st_mode=S_IFDIR|0755, st_size=20480, ...}, 0) = 0
766892 newfstatat(AT_FDCWD, "/usr/lib/python3.14/lib-dynload", {st_mode=S_IFDIR|0755, st_size=16384, ...}, 0) = 0
766892 newfstatat(AT_FDCWD, "/home/firstmate/.local/lib/python3.14/site-packages", {st_mode=S_IFDIR|0775, st_size=4096, ...}, 0) = 0
766892 newfstatat(AT_FDCWD, "/usr/local/lib/python3.14/dist-packages", {st_mode=S_IFDIR|0755, st_size=4096, ...}, 0) = 0
766892 newfstatat(AT_FDCWD, "/usr/lib/python3/dist-packages", {st_mode=S_IFDIR|0755, st_size=12288, ...}, 0) = 0
766892 newfstatat(AT_FDCWD, "/home/firstmate/.no-mistakes/worktrees/8352e211db7e/01M4F29HK4JCAKXEQ2F50R6HHX/bin", {st_mode=S_IFDIR|0775, st_size=12288, ...}, 0) = 0
766892 newfstatat(AT_FDCWD, "/usr/lib/python3.14", {st_mode=S_IFDIR|0755, st_size=20480, ...}, 0) = 0
766892 newfstatat(AT_FDCWD, "/usr/lib/python3.14/secrets.py", {st_mode=S_IFREG|0644, st_size=1984, ...}, 0) = 0
766892 newfstatat(AT_FDCWD, "/usr/lib/python3.14/secrets.py", {st_mode=S_IFREG|0644, st_size=1984, ...}, 0) = 0
766892 openat(AT_FDCWD, "/usr/lib/python3.14/__pycache__/secrets.cpython-314.pyc", O_RDONLY|O_CLOEXEC) = 3
766892 newfstatat(AT_FDCWD, "/home/firstmate/.no-mistakes/worktrees/8352e211db7e/01M4F29HK4JCAKXEQ2F50R6HHX/bin", {st_mode=S_IFDIR|0775, st_size=12288, ...}, 0) = 0
766892 newfstatat(AT_FDCWD, "/usr/lib/python3.14", {st_mode=S_IFDIR|0755, st_size=20480, ...}, 0) = 0
766892 newfstatat(AT_FDCWD, "/usr/lib/python3.14/base64.py", {st_mode=S_IFREG|0644, st_size=22029, ...}, 0) = 0
766892 newfstatat(AT_FDCWD, "/usr/lib/python3.14/base64.py", {st_mode=S_IFREG|0644, st_size=22029, ...}, 0) = 0
766892 openat(AT_FDCWD, "/usr/lib/python3.14/__pycache__/base64.cpython-314.pyc", O_RDONLY|O_CLOEXEC) = 3
766892 newfstatat(AT_FDCWD, "/home/firstmate/.no-mistakes/worktrees/8352e211db7e/01M4F29HK4JCAKXEQ2F50R6HHX/bin", {st_mode=S_IFDIR|0775, st_size=12288, ...}, 0) = 0
766892 newfstatat(AT_FDCWD, "/usr/lib/python3.14", {st_mode=S_IFDIR|0755, st_size=20480, ...}, 0) = 0
766892 newfstatat(AT_FDCWD, "/usr/lib/python3.14/struct.py", {st_mode=S_IFREG|0644, st_size=285, ...}, 0) = 0
766892 newfstatat(AT_FDCWD, "/usr/lib/python3.14/struct.py", {st_mode=S_IFREG|0644, st_size=285, ...}, 0) = 0
766892 openat(AT_FDCWD, "/usr/lib/python3.14/__pycache__/struct.cpython-314.pyc", O_RDONLY|O_CLOEXEC) = 3
766892 newfstatat(AT_FDCWD, "/home/firstmate/.no-mistakes/worktrees/8352e211db7e/01M4F29HK4JCAKXEQ2F50R6HHX/bin", {st_mode=S_IFDIR|0775, st_size=12288, ...}, 0) = 0
766892 newfstatat(AT_FDCWD, "/usr/lib/python3.14", {st_mode=S_IFDIR|0755, st_size=20480, ...}, 0) = 0
766892 newfstatat(AT_FDCWD, "/usr/lib/python3.14/hmac.py", {st_mode=S_IFREG|0644, st_size=9589, ...}, 0) = 0
766892 newfstatat(AT_FDCWD, "/usr/lib/python3.14/hmac.py", {st_mode=S_IFREG|0644, st_size=9589, ...}, 0) = 0
766892 openat(AT_FDCWD, "/usr/lib/python3.14/__pycache__/hmac.cpython-314.pyc", O_RDONLY|O_CLOEXEC) = 3
766892 newfstatat(AT_FDCWD, "/home/firstmate/.no-mistakes/worktrees/8352e211db7e/01M4F29HK4JCAKXEQ2F50R6HHX/bin", {st_mode=S_IFDIR|0775, st_size=12288, ...}, 0) = 0
766892 newfstatat(AT_FDCWD, "/usr/lib/python3.14", {st_mode=S_IFDIR|0755, st_size=20480, ...}, 0) = 0
766892 newfstatat(AT_FDCWD, "/usr/lib/python3.14/lib-dynload", {st_mode=S_IFDIR|0755, st_size=16384, ...}, 0) = 0
766892 newfstatat(AT_FDCWD, "/usr/lib/python3.14/lib-dynload/_hmac.cpython-314-x86_64-linux-gnu.so", {st_mode=S_IFREG|0644, st_size=151584, ...}, 0) = 0
766892 openat(AT_FDCWD, "/usr/lib/python3.14/lib-dynload/_hmac.cpython-314-x86_64-linux-gnu.so", O_RDONLY|O_CLOEXEC) = 3
766892 newfstatat(AT_FDCWD, "/home/firstmate/.no-mistakes/worktrees/8352e211db7e/01M4F29HK4JCAKXEQ2F50R6HHX/bin", {st_mode=S_IFDIR|0775, st_size=12288, ...}, 0) = 0
766892 newfstatat(AT_FDCWD, "/usr/lib/python3.14", {st_mode=S_IFDIR|0755, st_size=20480, ...}, 0) = 0
766892 newfstatat(AT_FDCWD, "/usr/lib/python3.14/random.py", {st_mode=S_IFREG|0644, st_size=37259, ...}, 0) = 0
766892 newfstatat(AT_FDCWD, "/usr/lib/python3.14/random.py", {st_mode=S_IFREG|0644, st_size=37259, ...}, 0) = 0
766892 openat(AT_FDCWD, "/usr/lib/python3.14/__pycache__/random.cpython-314.pyc", O_RDONLY|O_CLOEXEC) = 3
766892 newfstatat(AT_FDCWD, "/home/firstmate/.no-mistakes/worktrees/8352e211db7e/01M4F29HK4JCAKXEQ2F50R6HHX/bin", {st_mode=S_IFDIR|0775, st_size=12288, ...}, 0) = 0
766892 newfstatat(AT_FDCWD, "/usr/lib/python3.14", {st_mode=S_IFDIR|0755, st_size=20480, ...}, 0) = 0
766892 newfstatat(AT_FDCWD, "/usr/lib/python3.14/bisect.py", {st_mode=S_IFREG|0644, st_size=3423, ...}, 0) = 0
766892 newfstatat(AT_FDCWD, "/usr/lib/python3.14/bisect.py", {st_mode=S_IFREG|0644, st_size=3423, ...}, 0) = 0
766892 openat(AT_FDCWD, "/usr/lib/python3.14/__pycache__/bisect.cpython-314.pyc", O_RDONLY|O_CLOEXEC) = 3
766892 newfstatat(AT_FDCWD, "/home/firstmate/.no-mistakes/worktrees/8352e211db7e/01M4F29HK4JCAKXEQ2F50R6HHX/bin", {st_mode=S_IFDIR|0775, st_size=12288, ...}, 0) = 0
766892 newfstatat(AT_FDCWD, "/usr/lib/python3.14", {st_mode=S_IFDIR|0755, st_size=20480, ...}, 0) = 0
766892 newfstatat(AT_FDCWD, "/usr/lib/python3.14/subprocess.py", {st_mode=S_IFREG|0644, st_size=90732, ...}, 0) = 0
766892 newfstatat(AT_FDCWD, "/usr/lib/python3.14/subprocess.py", {st_mode=S_IFREG|0644, st_size=90732, ...}, 0) = 0
766892 openat(AT_FDCWD, "/usr/lib/python3.14/__pycache__/subprocess.cpython-314.pyc", O_RDONLY|O_CLOEXEC) = 3
766892 newfstatat(AT_FDCWD, "/home/firstmate/.no-mistakes/worktrees/8352e211db7e/01M4F29HK4JCAKXEQ2F50R6HHX/bin", {st_mode=S_IFDIR|0775, st_size=12288, ...}, 0) = 0
766892 newfstatat(AT_FDCWD, "/usr/lib/python3.14", {st_mode=S_IFDIR|0755, st_size=20480, ...}, 0) = 0
766892 newfstatat(AT_FDCWD, "/usr/lib/python3.14/locale.py", {st_mode=S_IFREG|0644, st_size=79129, ...}, 0) = 0
766892 newfstatat(AT_FDCWD, "/usr/lib/python3.14/locale.py", {st_mode=S_IFREG|0644, st_size=79129, ...}, 0) = 0
766892 openat(AT_FDCWD, "/usr/lib/python3.14/__pycache__/locale.cpython-314.pyc", O_RDONLY|O_CLOEXEC) = 3
766892 newfstatat(AT_FDCWD, "/home/firstmate/.no-mistakes/worktrees/8352e211db7e/01M4F29HK4JCAKXEQ2F50R6HHX/bin", {st_mode=S_IFDIR|0775, st_size=12288, ...}, 0) = 0
766892 newfstatat(AT_FDCWD, "/usr/lib/python3.14", {st_mode=S_IFDIR|0755, st_size=20480, ...}, 0) = 0
766892 newfstatat(AT_FDCWD, "/usr/lib/python3.14/signal.py", {st_mode=S_IFREG|0644, st_size=2495, ...}, 0) = 0
766892 newfstatat(AT_FDCWD, "/usr/lib/python3.14/signal.py", {st_mode=S_IFREG|0644, st_size=2495, ...}, 0) = 0
766892 openat(AT_FDCWD, "/usr/lib/python3.14/__pycache__/signal.cpython-314.pyc", O_RDONLY|O_CLOEXEC) = 3
766892 newfstatat(AT_FDCWD, "/home/firstmate/.no-mistakes/worktrees/8352e211db7e/01M4F29HK4JCAKXEQ2F50R6HHX/bin", {st_mode=S_IFDIR|0775, st_size=12288, ...}, 0) = 0
766892 newfstatat(AT_FDCWD, "/usr/lib/python3.14", {st_mode=S_IFDIR|0755, st_size=20480, ...}, 0) = 0
766892 newfstatat(AT_FDCWD, "/usr/lib/python3.14/threading.py", {st_mode=S_IFREG|0644, st_size=56923, ...}, 0) = 0
766892 newfstatat(AT_FDCWD, "/usr/lib/python3.14/threading.py", {st_mode=S_IFREG|0644, st_size=56923, ...}, 0) = 0
766892 openat(AT_FDCWD, "/usr/lib/python3.14/__pycache__/threading.cpython-314.pyc", O_RDONLY|O_CLOEXEC) = 3
766892 newfstatat(AT_FDCWD, "/home/firstmate/.no-mistakes/worktrees/8352e211db7e/01M4F29HK4JCAKXEQ2F50R6HHX/bin", {st_mode=S_IFDIR|0775, st_size=12288, ...}, 0) = 0
766892 newfstatat(AT_FDCWD, "/usr/lib/python3.14", {st_mode=S_IFDIR|0755, st_size=20480, ...}, 0) = 0
766892 newfstatat(AT_FDCWD, "/usr/lib/python3.14/_weakrefset.py", {st_mode=S_IFREG|0644, st_size=3962, ...}, 0) = 0
766892 newfstatat(AT_FDCWD, "/usr/lib/python3.14/_weakrefset.py", {st_mode=S_IFREG|0644, st_size=3962, ...}, 0) = 0
766892 openat(AT_FDCWD, "/usr/lib/python3.14/__pycache__/_weakrefset.cpython-314.pyc", O_RDONLY|O_CLOEXEC) = 3
766892 newfstatat(AT_FDCWD, "/home/firstmate/.no-mistakes/worktrees/8352e211db7e/01M4F29HK4JCAKXEQ2F50R6HHX/bin", {st_mode=S_IFDIR|0775, st_size=12288, ...}, 0) = 0
766892 newfstatat(AT_FDCWD, "/usr/lib/python3.14", {st_mode=S_IFDIR|0755, st_size=20480, ...}, 0) = 0
766892 newfstatat(AT_FDCWD, "/usr/lib/python3.14/warnings.py", {st_mode=S_IFREG|0644, st_size=1966, ...}, 0) = 0
766892 newfstatat(AT_FDCWD, "/usr/lib/python3.14/warnings.py", {st_mode=S_IFREG|0644, st_size=1966, ...}, 0) = 0
766892 openat(AT_FDCWD, "/usr/lib/python3.14/__pycache__/warnings.cpython-314.pyc", O_RDONLY|O_CLOEXEC) = 3
766892 newfstatat(AT_FDCWD, "/home/firstmate/.no-mistakes/worktrees/8352e211db7e/01M4F29HK4JCAKXEQ2F50R6HHX/bin", {st_mode=S_IFDIR|0775, st_size=12288, ...}, 0) = 0
766892 newfstatat(AT_FDCWD, "/usr/lib/python3.14", {st_mode=S_IFDIR|0755, st_size=20480, ...}, 0) = 0
766892 newfstatat(AT_FDCWD, "/usr/lib/python3.14/_py_warnings.py", {st_mode=S_IFREG|0644, st_size=30631, ...}, 0) = 0
766892 newfstatat(AT_FDCWD, "/usr/lib/python3.14/_py_warnings.py", {st_mode=S_IFREG|0644, st_size=30631, ...}, 0) = 0
766892 openat(AT_FDCWD, "/usr/lib/python3.14/__pycache__/_py_warnings.cpython-314.pyc", O_RDONLY|O_CLOEXEC) = 3
766892 newfstatat(AT_FDCWD, "/home/firstmate/.no-mistakes/worktrees/8352e211db7e/01M4F29HK4JCAKXEQ2F50R6HHX/bin", {st_mode=S_IFDIR|0775, st_size=12288, ...}, 0) = 0
766892 newfstatat(AT_FDCWD, "/usr/lib/python3.14", {st_mode=S_IFDIR|0755, st_size=20480, ...}, 0) = 0
766892 newfstatat(AT_FDCWD, "/usr/lib/python3.14/lib-dynload", {st_mode=S_IFDIR|0755, st_size=16384, ...}, 0) = 0
766892 newfstatat(AT_FDCWD, "/home/firstmate/.local/lib/python3.14/site-packages", {st_mode=S_IFDIR|0775, st_size=4096, ...}, 0) = 0
766892 newfstatat(AT_FDCWD, "/usr/local/lib/python3.14/dist-packages", {st_mode=S_IFDIR|0755, st_size=4096, ...}, 0) = 0
766892 newfstatat(AT_FDCWD, "/usr/lib/python3/dist-packages", {st_mode=S_IFDIR|0755, st_size=12288, ...}, 0) = 0
766892 newfstatat(AT_FDCWD, "/home/firstmate/.no-mistakes/worktrees/8352e211db7e/01M4F29HK4JCAKXEQ2F50R6HHX/bin", {st_mode=S_IFDIR|0775, st_size=12288, ...}, 0) = 0
766892 newfstatat(AT_FDCWD, "/usr/lib/python3.14", {st_mode=S_IFDIR|0755, st_size=20480, ...}, 0) = 0
766892 newfstatat(AT_FDCWD, "/usr/lib/python3.14/selectors.py", {st_mode=S_IFREG|0644, st_size=19457, ...}, 0) = 0
766892 newfstatat(AT_FDCWD, "/usr/lib/python3.14/selectors.py", {st_mode=S_IFREG|0644, st_size=19457, ...}, 0) = 0
766892 openat(AT_FDCWD, "/usr/lib/python3.14/__pycache__/selectors.cpython-314.pyc", O_RDONLY|O_CLOEXEC) = 3
766892 newfstatat(AT_FDCWD, "/home/firstmate/.no-mistakes/worktrees/8352e211db7e/01M4F29HK4JCAKXEQ2F50R6HHX/.test-tmp/boundary/home/.voice-conversation-lab", 0x7ffddea557d0, 0) = -1 ENOENT (No such file or directory)
766892 openat(AT_FDCWD, "/home/firstmate/.no-mistakes/worktrees/8352e211db7e/01M4F29HK4JCAKXEQ2F50R6HHX/.test-tmp/boundary/home/state/voice-conversation/policy.json", O_RDONLY|O_CLOEXEC) = 3
766892 openat(AT_FDCWD, "/home/firstmate/.no-mistakes/worktrees/8352e211db7e/01M4F29HK4JCAKXEQ2F50R6HHX/.test-tmp/boundary/home/state/voice-conversation/lock", O_WRONLY|O_CREAT|O_NOFOLLOW|O_CLOEXEC, 0600) = 3
766892 newfstatat(AT_FDCWD, "/home/firstmate/.no-mistakes/worktrees/8352e211db7e/01M4F29HK4JCAKXEQ2F50R6HHX/.test-tmp/boundary/home/state/voice-conversation/journal.json", {st_mode=S_IFREG|0600, st_size=2799, ...}, 0) = 0
766892 openat(AT_FDCWD, "/home/firstmate/.no-mistakes/worktrees/8352e211db7e/01M4F29HK4JCAKXEQ2F50R6HHX/.test-tmp/boundary/home/state/voice-conversation/journal.json", O_RDONLY|O_CLOEXEC) = 4
766892 openat(AT_FDCWD, "/home/firstmate/.no-mistakes/worktrees/8352e211db7e/01M4F29HK4JCAKXEQ2F50R6HHX/.test-tmp/boundary/home/state/inbox/", O_RDONLY|O_NONBLOCK|O_CLOEXEC|O_DIRECTORY) = 4
766892 openat(AT_FDCWD, "/home/firstmate/.no-mistakes/worktrees/8352e211db7e/01M4F29HK4JCAKXEQ2F50R6HHX/.test-tmp/boundary/home/state/inbox/handled/", O_RDONLY|O_NONBLOCK|O_CLOEXEC|O_DIRECTORY) = 4
766892 openat(AT_FDCWD, "/home/firstmate/.no-mistakes/worktrees/8352e211db7e/01M4F29HK4JCAKXEQ2F50R6HHX/.test-tmp/boundary/home/state/inbox/handled/vc-72fcee7d40e2626eb6bcb0284ad62c4465312ee139309aa2a4c12c917b8650a2.note", O_RDONLY|O_CLOEXEC) = 4
766892 newfstatat(AT_FDCWD, "/home/firstmate/.no-mistakes/worktrees/8352e211db7e/01M4F29HK4JCAKXEQ2F50R6HHX/.test-tmp/boundary/home/state/inbox/vc-72fcee7d40e2626eb6bcb0284ad62c4465312ee139309aa2a4c12c917b8650a2.note", 0x7ffddea557f0, 0) = -1 ENOENT (No such file or directory)
766892 newfstatat(AT_FDCWD, "/home/firstmate/.no-mistakes/worktrees/8352e211db7e/01M4F29HK4JCAKXEQ2F50R6HHX/.test-tmp/boundary/home/state/inbox/handled/vc-72fcee7d40e2626eb6bcb0284ad62c4465312ee139309aa2a4c12c917b8650a2.note", {st_mode=S_IFREG|0600, st_size=399, ...}, 0) = 0
766892 newfstatat(AT_FDCWD, "/home/firstmate/.no-mistakes/worktrees/8352e211db7e/01M4F29HK4JCAKXEQ2F50R6HHX/.test-tmp/boundary/home/state/inbox/vc-72fcee7d40e2626eb6bcb0284ad62c4465312ee139309aa2a4c12c917b8650a2.note", 0x7ffddea557f0, 0) = -1 ENOENT (No such file or directory)
766892 openat(AT_FDCWD, "/home/firstmate/.no-mistakes/worktrees/8352e211db7e/01M4F29HK4JCAKXEQ2F50R6HHX/.test-tmp/boundary/home/state/voice-conversation/.journal.json.f9a1b19d5a3f2ab8", O_WRONLY|O_CREAT|O_EXCL|O_CLOEXEC, 0666) = 4
766892 rename("/home/firstmate/.no-mistakes/worktrees/8352e211db7e/01M4F29HK4JCAKXEQ2F50R6HHX/.test-tmp/boundary/home/state/voice-conversation/.journal.json.f9a1b19d5a3f2ab8", "/home/firstmate/.no-mistakes/worktrees/8352e211db7e/01M4F29HK4JCAKXEQ2F50R6HHX/.test-tmp/boundary/home/state/voice-conversation/journal.json") = 0
766892 openat(AT_FDCWD, "/home/firstmate/.no-mistakes/worktrees/8352e211db7e/01M4F29HK4JCAKXEQ2F50R6HHX/.test-tmp/boundary/home/state/voice-conversation", O_RDONLY|O_CLOEXEC) = 4
766892 unlink("/home/firstmate/.no-mistakes/worktrees/8352e211db7e/01M4F29HK4JCAKXEQ2F50R6HHX/.test-tmp/boundary/home/state/voice-conversation/.journal.json.f9a1b19d5a3f2ab8") = -1 ENOENT (No such file or directory)
766892 +++ exited with 0 +++
766486 --- SIGCHLD {si_signo=SIGCHLD, si_code=CLD_EXITED, si_pid=766892, si_uid=0, si_status=0, si_utime=12 /* 0.12 s */, si_stime=10 /* 0.10 s */} ---
766486 openat(AT_FDCWD, "/home/firstmate/.no-mistakes/worktrees/8352e211db7e/01M4F29HK4JCAKXEQ2F50R6HHX/.test-tmp/boundary/home/state/courier-pickup/.state.50f142d2e9abdaba", O_WRONLY|O_CREAT|O_EXCL|O_CLOEXEC, 0666) = 4
766486 rename("/home/firstmate/.no-mistakes/worktrees/8352e211db7e/01M4F29HK4JCAKXEQ2F50R6HHX/.test-tmp/boundary/home/state/courier-pickup/.state.50f142d2e9abdaba", "/home/firstmate/.no-mistakes/worktrees/8352e211db7e/01M4F29HK4JCAKXEQ2F50R6HHX/.test-tmp/boundary/home/state/courier-pickup/state.json") = 0
766486 openat(AT_FDCWD, "/home/firstmate/.no-mistakes/worktrees/8352e211db7e/01M4F29HK4JCAKXEQ2F50R6HHX/.test-tmp/boundary/home/state/courier-pickup", O_RDONLY|O_NOFOLLOW|O_CLOEXEC|O_DIRECTORY) = 4
766486 openat(AT_FDCWD, "/home/firstmate/.no-mistakes/worktrees/8352e211db7e/01M4F29HK4JCAKXEQ2F50R6HHX/.test-tmp/boundary/home/state/courier-pickup/.state.23c3399516f1220b", O_WRONLY|O_CREAT|O_EXCL|O_CLOEXEC, 0666) = 4
766486 rename("/home/firstmate/.no-mistakes/worktrees/8352e211db7e/01M4F29HK4JCAKXEQ2F50R6HHX/.test-tmp/boundary/home/state/courier-pickup/.state.23c3399516f1220b", "/home/firstmate/.no-mistakes/worktrees/8352e211db7e/01M4F29HK4JCAKXEQ2F50R6HHX/.test-tmp/boundary/home/state/courier-pickup/state.json") = 0
766486 openat(AT_FDCWD, "/home/firstmate/.no-mistakes/worktrees/8352e211db7e/01M4F29HK4JCAKXEQ2F50R6HHX/.test-tmp/boundary/home/state/courier-pickup", O_RDONLY|O_NOFOLLOW|O_CLOEXEC|O_DIRECTORY) = 4
766486 newfstatat(AT_FDCWD, "/home/firstmate/.no-mistakes/worktrees/8352e211db7e/01M4F29HK4JCAKXEQ2F50R6HHX/.test-tmp/boundary/courier/etc/courier/policy.toml", {st_mode=S_IFREG|0600, st_size=53, ...}, AT_SYMLINK_NOFOLLOW) = 0
766486 openat(AT_FDCWD, "/home/firstmate/.no-mistakes/worktrees/8352e211db7e/01M4F29HK4JCAKXEQ2F50R6HHX/.test-tmp/boundary/courier/etc/courier/policy.toml", O_RDONLY|O_CLOEXEC) = 4
766486 openat(AT_FDCWD, "/home/firstmate/.no-mistakes/worktrees/8352e211db7e/01M4F29HK4JCAKXEQ2F50R6HHX/.test-tmp/boundary/courier/srv/courier/outbox", O_RDONLY|O_NOFOLLOW|O_CLOEXEC|O_DIRECTORY) = 4
766486 openat(4, ".fm-pickup-5e75d1b455a594ad7b9c6ad8d887437d.tmp", O_WRONLY|O_CREAT|O_EXCL|O_NOFOLLOW|O_CLOEXEC, 0640) = 5
766486 renameat(4, ".fm-pickup-5e75d1b455a594ad7b9c6ad8d887437d.tmp", 4, "fm-8b748b68ca4c8440456505e3c8e95ca8fbdbc9868dc85ea9.json") = 0
766486 unlinkat(4, ".fm-pickup-5e75d1b455a594ad7b9c6ad8d887437d.tmp", 0) = -1 ENOENT (No such file or directory)
766486 openat(AT_FDCWD, "/home/firstmate/.no-mistakes/worktrees/8352e211db7e/01M4F29HK4JCAKXEQ2F50R6HHX/.test-tmp/boundary/home/state/courier-pickup/.state.d2a432e82d164b75", O_WRONLY|O_CREAT|O_EXCL|O_CLOEXEC, 0666) = 4
766486 rename("/home/firstmate/.no-mistakes/worktrees/8352e211db7e/01M4F29HK4JCAKXEQ2F50R6HHX/.test-tmp/boundary/home/state/courier-pickup/.state.d2a432e82d164b75", "/home/firstmate/.no-mistakes/worktrees/8352e211db7e/01M4F29HK4JCAKXEQ2F50R6HHX/.test-tmp/boundary/home/state/courier-pickup/state.json") = 0
766486 openat(AT_FDCWD, "/home/firstmate/.no-mistakes/worktrees/8352e211db7e/01M4F29HK4JCAKXEQ2F50R6HHX/.test-tmp/boundary/home/state/courier-pickup", O_RDONLY|O_NOFOLLOW|O_CLOEXEC|O_DIRECTORY) = 4
766486 openat(AT_FDCWD, "/home/firstmate/.no-mistakes/worktrees/8352e211db7e/01M4F29HK4JCAKXEQ2F50R6HHX/.test-tmp/boundary/courier/srv/courier/inbox", O_RDONLY|O_NOFOLLOW|O_CLOEXEC|O_DIRECTORY) = 4
766486 openat(AT_FDCWD, "/home/firstmate/.no-mistakes/worktrees/8352e211db7e/01M4F29HK4JCAKXEQ2F50R6HHX/.test-tmp/boundary/home/state/courier-pickup/.state.1f5b326fd47fdb3a", O_WRONLY|O_CREAT|O_EXCL|O_CLOEXEC, 0666) = 4
766486 rename("/home/firstmate/.no-mistakes/worktrees/8352e211db7e/01M4F29HK4JCAKXEQ2F50R6HHX/.test-tmp/boundary/home/state/courier-pickup/.state.1f5b326fd47fdb3a", "/home/firstmate/.no-mistakes/worktrees/8352e211db7e/01M4F29HK4JCAKXEQ2F50R6HHX/.test-tmp/boundary/home/state/courier-pickup/state.json") = 0
766486 openat(AT_FDCWD, "/home/firstmate/.no-mistakes/worktrees/8352e211db7e/01M4F29HK4JCAKXEQ2F50R6HHX/.test-tmp/boundary/home/state/courier-pickup", O_RDONLY|O_NOFOLLOW|O_CLOEXEC|O_DIRECTORY) = 4
766486 openat(AT_FDCWD, "/home/firstmate/.no-mistakes/worktrees/8352e211db7e/01M4F29HK4JCAKXEQ2F50R6HHX/.test-tmp/boundary/courier/srv/courier/outbox", O_RDONLY|O_NOFOLLOW|O_CLOEXEC|O_DIRECTORY) = 4
766486 openat(4, ".fm-pickup-2620a22b4fb3d32b7ee0520e239a3176.tmp", O_WRONLY|O_CREAT|O_EXCL|O_NOFOLLOW|O_CLOEXEC, 0640) = 5
766486 renameat(4, ".fm-pickup-2620a22b4fb3d32b7ee0520e239a3176.tmp", 4, "st-000000000002-2f59caeb0475a5d1.stage.json") = 0
766486 unlinkat(4, ".fm-pickup-2620a22b4fb3d32b7ee0520e239a3176.tmp", 0) = -1 ENOENT (No such file or directory)
766486 openat(AT_FDCWD, "/home/firstmate/.no-mistakes/worktrees/8352e211db7e/01M4F29HK4JCAKXEQ2F50R6HHX/.test-tmp/boundary/home/state/courier-pickup/.state.47ac8e85de15c3b9", O_WRONLY|O_CREAT|O_EXCL|O_CLOEXEC, 0666) = 4
766486 rename("/home/firstmate/.no-mistakes/worktrees/8352e211db7e/01M4F29HK4JCAKXEQ2F50R6HHX/.test-tmp/boundary/home/state/courier-pickup/.state.47ac8e85de15c3b9", "/home/firstmate/.no-mistakes/worktrees/8352e211db7e/01M4F29HK4JCAKXEQ2F50R6HHX/.test-tmp/boundary/home/state/courier-pickup/state.json") = 0
766486 openat(AT_FDCWD, "/home/firstmate/.no-mistakes/worktrees/8352e211db7e/01M4F29HK4JCAKXEQ2F50R6HHX/.test-tmp/boundary/home/state/courier-pickup", O_RDONLY|O_NOFOLLOW|O_CLOEXEC|O_DIRECTORY) = 4
766486 +++ exited with 0 +++
