770702 execve("/usr/bin/python3", ["/usr/bin/python3", "/home/firstmate/.no-mistakes/wor"..., "once"], 0x7fff06a60868 /* 50 vars */) = 0
770702 access("/etc/ld.so.preload", R_OK) = -1 ENOENT (No such file or directory)
770702 openat(AT_FDCWD, "/etc/ld.so.cache", O_RDONLY|O_CLOEXEC) = 3
770702 openat(AT_FDCWD, "/usr/lib/x86_64-linux-gnu/libm.so.6", O_RDONLY|O_CLOEXEC) = 3
770702 openat(AT_FDCWD, "/usr/lib/x86_64-linux-gnu/libz.so.1", O_RDONLY|O_CLOEXEC) = 3
770702 openat(AT_FDCWD, "/usr/lib/x86_64-linux-gnu/libexpat.so.1", O_RDONLY|O_CLOEXEC) = 3
770702 openat(AT_FDCWD, "/usr/lib/x86_64-linux-gnu/libc.so.6", O_RDONLY|O_CLOEXEC) = 3
770702 open("/proc/sys/vm/overcommit_memory", O_RDONLY) = 3
770702 openat(AT_FDCWD, "/usr/lib/locale/locale-archive", O_RDONLY|O_CLOEXEC) = 3
770702 openat(AT_FDCWD, "/usr/share/locale/locale.alias", O_RDONLY|O_CLOEXEC) = -1 ENOENT (No such file or directory)
770702 openat(AT_FDCWD, "/usr/lib/locale/C.UTF-8/LC_CTYPE", O_RDONLY|O_CLOEXEC) = -1 ENOENT (No such file or directory)
770702 openat(AT_FDCWD, "/usr/lib/locale/C.utf8/LC_CTYPE", O_RDONLY|O_CLOEXEC) = 3
770702 openat(AT_FDCWD, "/usr/lib/x86_64-linux-gnu/gconv/gconv-modules.cache", O_RDONLY|O_CLOEXEC) = 3
770702 openat(AT_FDCWD, "/proc/self/maps", O_RDONLY|O_CLOEXEC) = 3
770702 openat(AT_FDCWD, "/usr/pyvenv.cfg", O_RDONLY) = -1 ENOENT (No such file or directory)
770702 openat(AT_FDCWD, "/usr/bin/pyvenv.cfg", O_RDONLY) = -1 ENOENT (No such file or directory)
770702 readlink("/usr/bin/python3", "python3.14", 4096) = 10
770702 readlink("/usr/bin/python3.14", 0x7ffc10913520, 4096) = -1 EINVAL (Invalid argument)
770702 openat(AT_FDCWD, "/usr/bin/python3._pth", O_RDONLY) = -1 ENOENT (No such file or directory)
770702 openat(AT_FDCWD, "/usr/bin/python3.14._pth", O_RDONLY) = -1 ENOENT (No such file or directory)
770702 openat(AT_FDCWD, "/usr/bin/pybuilddir.txt", O_RDONLY) = -1 ENOENT (No such file or directory)
770702 newfstatat(AT_FDCWD, "/usr/bin/Modules/Setup.local", 0x7ffc10918500, 0) = -1 ENOENT (No such file or directory)
770702 newfstatat(AT_FDCWD, "/usr/bin/lib/python314.zip", 0x7ffc109181e0, 0) = -1 ENOENT (No such file or directory)
770702 newfstatat(AT_FDCWD, "/usr/lib/python314.zip", 0x7ffc10918500, 0) = -1 ENOENT (No such file or directory)
770702 newfstatat(AT_FDCWD, "/usr/bin/lib/python3.14/os.py", 0x7ffc10918500, 0) = -1 ENOENT (No such file or directory)
770702 newfstatat(AT_FDCWD, "/usr/bin/lib/python3.14/os.pyc", 0x7ffc10918500, 0) = -1 ENOENT (No such file or directory)
770702 newfstatat(AT_FDCWD, "/usr/lib/python3.14/os.py", {st_mode=S_IFREG|0644, st_size=41959, ...}, 0) = 0
770702 newfstatat(AT_FDCWD, "/usr/lib/python3.14/lib-dynload", {st_mode=S_IFDIR|0755, st_size=16384, ...}, 0) = 0
770702 newfstatat(AT_FDCWD, "/usr/lib/python3.14/lib-dynload", {st_mode=S_IFDIR|0755, st_size=16384, ...}, 0) = 0
770702 openat(AT_FDCWD, "/etc/localtime", O_RDONLY|O_CLOEXEC) = 3
770702 newfstatat(AT_FDCWD, "/usr/lib/python314.zip", 0x7ffc10917cc0, 0) = -1 ENOENT (No such file or directory)
770702 newfstatat(AT_FDCWD, "/usr/lib", {st_mode=S_IFDIR|0755, st_size=4096, ...}, 0) = 0
770702 newfstatat(AT_FDCWD, "/usr/lib/python314.zip", 0x7ffc109181a0, 0) = -1 ENOENT (No such file or directory)
770702 newfstatat(AT_FDCWD, "/usr/lib/python3.14", {st_mode=S_IFDIR|0755, st_size=20480, ...}, 0) = 0
770702 newfstatat(AT_FDCWD, "/usr/lib/python3.14", {st_mode=S_IFDIR|0755, st_size=20480, ...}, 0) = 0
770702 newfstatat(AT_FDCWD, "/usr/lib/python3.14", {st_mode=S_IFDIR|0755, st_size=20480, ...}, 0) = 0
770702 openat(AT_FDCWD, "/usr/lib/python3.14", O_RDONLY|O_NONBLOCK|O_CLOEXEC|O_DIRECTORY) = 3
770702 newfstatat(AT_FDCWD, "/usr/lib/python3.14/encodings/__init__.cpython-314-x86_64-linux-gnu.so", 0x7ffc109181a0, 0) = -1 ENOENT (No such file or directory)
770702 newfstatat(AT_FDCWD, "/usr/lib/python3.14/encodings/__init__.abi3.so", 0x7ffc109181a0, 0) = -1 ENOENT (No such file or directory)
770702 newfstatat(AT_FDCWD, "/usr/lib/python3.14/encodings/__init__.abi3-x86_64-linux-gnu.so", 0x7ffc109181a0, 0) = -1 ENOENT (No such file or directory)
770702 newfstatat(AT_FDCWD, "/usr/lib/python3.14/encodings/__init__.so", 0x7ffc109181a0, 0) = -1 ENOENT (No such file or directory)
770702 newfstatat(AT_FDCWD, "/usr/lib/python3.14/encodings/__init__.py", {st_mode=S_IFREG|0644, st_size=5945, ...}, 0) = 0
770702 newfstatat(AT_FDCWD, "/usr/lib/python3.14/encodings/__init__.py", {st_mode=S_IFREG|0644, st_size=5945, ...}, 0) = 0
770702 openat(AT_FDCWD, "/usr/lib/python3.14/encodings/__pycache__/__init__.cpython-314.pyc", O_RDONLY|O_CLOEXEC) = 3
770702 newfstatat(AT_FDCWD, "/usr/lib/python3.14/encodings", {st_mode=S_IFDIR|0755, st_size=20480, ...}, 0) = 0
770702 newfstatat(AT_FDCWD, "/usr/lib/python3.14/encodings", {st_mode=S_IFDIR|0755, st_size=20480, ...}, 0) = 0
770702 newfstatat(AT_FDCWD, "/usr/lib/python3.14/encodings", {st_mode=S_IFDIR|0755, st_size=20480, ...}, 0) = 0
770702 openat(AT_FDCWD, "/usr/lib/python3.14/encodings", O_RDONLY|O_NONBLOCK|O_CLOEXEC|O_DIRECTORY) = 3
770702 newfstatat(AT_FDCWD, "/usr/lib/python3.14/encodings/aliases.py", {st_mode=S_IFREG|0644, st_size=15957, ...}, 0) = 0
770702 newfstatat(AT_FDCWD, "/usr/lib/python3.14/encodings/aliases.py", {st_mode=S_IFREG|0644, st_size=15957, ...}, 0) = 0
770702 openat(AT_FDCWD, "/usr/lib/python3.14/encodings/__pycache__/aliases.cpython-314.pyc", O_RDONLY|O_CLOEXEC) = 3
770702 newfstatat(AT_FDCWD, "/usr/lib/python3.14/encodings", {st_mode=S_IFDIR|0755, st_size=20480, ...}, 0) = 0
770702 newfstatat(AT_FDCWD, "/usr/lib/python3.14/encodings/utf_8.py", {st_mode=S_IFREG|0644, st_size=1005, ...}, 0) = 0
770702 newfstatat(AT_FDCWD, "/usr/lib/python3.14/encodings/utf_8.py", {st_mode=S_IFREG|0644, st_size=1005, ...}, 0) = 0
770702 openat(AT_FDCWD, "/usr/lib/python3.14/encodings/__pycache__/utf_8.cpython-314.pyc", O_RDONLY|O_CLOEXEC) = 3
770702 newfstatat(AT_FDCWD, "/usr/bin/pyvenv.cfg", 0x7ffc10917a00, 0) = -1 ENOENT (No such file or directory)
770702 newfstatat(AT_FDCWD, "/usr/pyvenv.cfg", 0x7ffc10917a20, 0) = -1 ENOENT (No such file or directory)
770702 newfstatat(AT_FDCWD, "/home/firstmate/.local/lib/python3.14/site-packages", {st_mode=S_IFDIR|0775, st_size=4096, ...}, 0) = 0
770702 openat(AT_FDCWD, "/home/firstmate/.local/lib/python3.14/site-packages", O_RDONLY|O_NONBLOCK|O_CLOEXEC|O_DIRECTORY) = 3
770702 newfstatat(AT_FDCWD, "/usr/local/lib/python3.14/dist-packages", {st_mode=S_IFDIR|0755, st_size=4096, ...}, 0) = 0
770702 openat(AT_FDCWD, "/usr/local/lib/python3.14/dist-packages", O_RDONLY|O_NONBLOCK|O_CLOEXEC|O_DIRECTORY) = 3
770702 newfstatat(AT_FDCWD, "/usr/lib/python3/dist-packages", {st_mode=S_IFDIR|0755, st_size=12288, ...}, 0) = 0
770702 openat(AT_FDCWD, "/usr/lib/python3/dist-packages", O_RDONLY|O_NONBLOCK|O_CLOEXEC|O_DIRECTORY) = 3
770702 newfstatat(AT_FDCWD, "/usr/lib/python3/dist-packages/distutils-precedence.pth", {st_mode=S_IFREG|0644, st_size=151, ...}, AT_SYMLINK_NOFOLLOW) = 0
770702 openat(AT_FDCWD, "/usr/lib/python3/dist-packages/distutils-precedence.pth", O_RDONLY|O_CLOEXEC) = 3
770702 newfstatat(AT_FDCWD, "/usr/lib/python3.14/encodings", {st_mode=S_IFDIR|0755, st_size=20480, ...}, 0) = 0
770702 newfstatat(AT_FDCWD, "/usr/lib/python3.14/encodings/utf_8_sig.py", {st_mode=S_IFREG|0644, st_size=4133, ...}, 0) = 0
770702 newfstatat(AT_FDCWD, "/usr/lib/python3.14/encodings/utf_8_sig.py", {st_mode=S_IFREG|0644, st_size=4133, ...}, 0) = 0
770702 openat(AT_FDCWD, "/usr/lib/python3.14/encodings/__pycache__/utf_8_sig.cpython-314.pyc", O_RDONLY|O_CLOEXEC) = 3
770702 newfstatat(AT_FDCWD, "/usr/lib/python3.14", {st_mode=S_IFDIR|0755, st_size=20480, ...}, 0) = 0
770702 newfstatat(AT_FDCWD, "/usr/lib/python3.14/lib-dynload", {st_mode=S_IFDIR|0755, st_size=16384, ...}, 0) = 0
770702 newfstatat(AT_FDCWD, "/usr/lib/python3.14/lib-dynload", {st_mode=S_IFDIR|0755, st_size=16384, ...}, 0) = 0
770702 newfstatat(AT_FDCWD, "/usr/lib/python3.14/lib-dynload", {st_mode=S_IFDIR|0755, st_size=16384, ...}, 0) = 0
770702 openat(AT_FDCWD, "/usr/lib/python3.14/lib-dynload", O_RDONLY|O_NONBLOCK|O_CLOEXEC|O_DIRECTORY) = 3
770702 newfstatat(AT_FDCWD, "/home/firstmate/.local/lib/python3.14/site-packages", {st_mode=S_IFDIR|0775, st_size=4096, ...}, 0) = 0
770702 newfstatat(AT_FDCWD, "/home/firstmate/.local/lib/python3.14/site-packages", {st_mode=S_IFDIR|0775, st_size=4096, ...}, 0) = 0
770702 newfstatat(AT_FDCWD, "/home/firstmate/.local/lib/python3.14/site-packages", {st_mode=S_IFDIR|0775, st_size=4096, ...}, 0) = 0
770702 openat(AT_FDCWD, "/home/firstmate/.local/lib/python3.14/site-packages", O_RDONLY|O_NONBLOCK|O_CLOEXEC|O_DIRECTORY) = 3
770702 newfstatat(AT_FDCWD, "/usr/local/lib/python3.14/dist-packages", {st_mode=S_IFDIR|0755, st_size=4096, ...}, 0) = 0
770702 newfstatat(AT_FDCWD, "/usr/local/lib/python3.14/dist-packages", {st_mode=S_IFDIR|0755, st_size=4096, ...}, 0) = 0
770702 newfstatat(AT_FDCWD, "/usr/local/lib/python3.14/dist-packages", {st_mode=S_IFDIR|0755, st_size=4096, ...}, 0) = 0
770702 openat(AT_FDCWD, "/usr/local/lib/python3.14/dist-packages", O_RDONLY|O_NONBLOCK|O_CLOEXEC|O_DIRECTORY) = 3
770702 newfstatat(AT_FDCWD, "/usr/lib/python3/dist-packages", {st_mode=S_IFDIR|0755, st_size=12288, ...}, 0) = 0
770702 newfstatat(AT_FDCWD, "/usr/lib/python3/dist-packages", {st_mode=S_IFDIR|0755, st_size=12288, ...}, 0) = 0
770702 newfstatat(AT_FDCWD, "/usr/lib/python3/dist-packages", {st_mode=S_IFDIR|0755, st_size=12288, ...}, 0) = 0
770702 openat(AT_FDCWD, "/usr/lib/python3/dist-packages", O_RDONLY|O_NONBLOCK|O_CLOEXEC|O_DIRECTORY) = 3
770702 newfstatat(AT_FDCWD, "/usr/lib/python3/dist-packages/_distutils_hack/__init__.cpython-314-x86_64-linux-gnu.so", 0x7ffc109171b0, 0) = -1 ENOENT (No such file or directory)
770702 newfstatat(AT_FDCWD, "/usr/lib/python3/dist-packages/_distutils_hack/__init__.abi3.so", 0x7ffc109171b0, 0) = -1 ENOENT (No such file or directory)
770702 newfstatat(AT_FDCWD, "/usr/lib/python3/dist-packages/_distutils_hack/__init__.abi3-x86_64-linux-gnu.so", 0x7ffc109171b0, 0) = -1 ENOENT (No such file or directory)
770702 newfstatat(AT_FDCWD, "/usr/lib/python3/dist-packages/_distutils_hack/__init__.so", 0x7ffc109171b0, 0) = -1 ENOENT (No such file or directory)
770702 newfstatat(AT_FDCWD, "/usr/lib/python3/dist-packages/_distutils_hack/__init__.py", {st_mode=S_IFREG|0644, st_size=6755, ...}, 0) = 0
770702 newfstatat(AT_FDCWD, "/usr/lib/python3/dist-packages/_distutils_hack/__init__.py", {st_mode=S_IFREG|0644, st_size=6755, ...}, 0) = 0
770702 openat(AT_FDCWD, "/usr/lib/python3/dist-packages/_distutils_hack/__pycache__/__init__.cpython-314.pyc", O_RDONLY|O_CLOEXEC) = 3
770702 newfstatat(AT_FDCWD, "/usr/lib/python3.14/dist-packages", 0x7ffc10917d70, 0) = -1 ENOENT (No such file or directory)
770702 newfstatat(AT_FDCWD, "/usr/lib/python3.14", {st_mode=S_IFDIR|0755, st_size=20480, ...}, 0) = 0
770702 newfstatat(AT_FDCWD, "/usr/lib/python3.14/sitecustomize.py", {st_mode=S_IFREG|0644, st_size=155, ...}, 0) = 0
770702 newfstatat(AT_FDCWD, "/usr/lib/python3.14/sitecustomize.py", {st_mode=S_IFREG|0644, st_size=155, ...}, 0) = 0
770702 openat(AT_FDCWD, "/usr/lib/python3.14/__pycache__/sitecustomize.cpython-314.pyc", O_RDONLY|O_CLOEXEC) = 3
770702 newfstatat(AT_FDCWD, "/usr/lib/python3.14", {st_mode=S_IFDIR|0755, st_size=20480, ...}, 0) = 0
770702 newfstatat(AT_FDCWD, "/usr/lib/python3.14/lib-dynload", {st_mode=S_IFDIR|0755, st_size=16384, ...}, 0) = 0
770702 newfstatat(AT_FDCWD, "/home/firstmate/.local/lib/python3.14/site-packages", {st_mode=S_IFDIR|0775, st_size=4096, ...}, 0) = 0
770702 newfstatat(AT_FDCWD, "/usr/local/lib/python3.14/dist-packages", {st_mode=S_IFDIR|0755, st_size=4096, ...}, 0) = 0
770702 newfstatat(AT_FDCWD, "/usr/lib/python3/dist-packages", {st_mode=S_IFDIR|0755, st_size=12288, ...}, 0) = 0
770702 newfstatat(AT_FDCWD, "/usr/lib/python3/dist-packages/apport_python_hook.py", {st_mode=S_IFREG|0644, st_size=8896, ...}, 0) = 0
770702 newfstatat(AT_FDCWD, "/usr/lib/python3/dist-packages/apport_python_hook.py", {st_mode=S_IFREG|0644, st_size=8896, ...}, 0) = 0
770702 openat(AT_FDCWD, "/usr/lib/python3/dist-packages/__pycache__/apport_python_hook.cpython-314.pyc", O_RDONLY|O_CLOEXEC) = 3
770702 newfstatat(AT_FDCWD, "/usr/lib/python3.14", {st_mode=S_IFDIR|0755, st_size=20480, ...}, 0) = 0
770702 newfstatat(AT_FDCWD, "/usr/lib/python3.14/types.py", {st_mode=S_IFREG|0644, st_size=11459, ...}, 0) = 0
770702 newfstatat(AT_FDCWD, "/usr/lib/python3.14/types.py", {st_mode=S_IFREG|0644, st_size=11459, ...}, 0) = 0
770702 openat(AT_FDCWD, "/usr/lib/python3.14/__pycache__/types.cpython-314.pyc", O_RDONLY|O_CLOEXEC) = 3
770702 newfstatat(AT_FDCWD, "/usr/lib/python3.14", {st_mode=S_IFDIR|0755, st_size=20480, ...}, 0) = 0
770702 newfstatat(AT_FDCWD, "/usr/lib/python3.14/lib-dynload", {st_mode=S_IFDIR|0755, st_size=16384, ...}, 0) = 0
770702 newfstatat(AT_FDCWD, "/home/firstmate/.local/lib/python3.14/site-packages", {st_mode=S_IFDIR|0775, st_size=4096, ...}, 0) = 0
770702 newfstatat(AT_FDCWD, "/usr/local/lib/python3.14/dist-packages", {st_mode=S_IFDIR|0755, st_size=4096, ...}, 0) = 0
770702 newfstatat(AT_FDCWD, "/usr/lib/python3/dist-packages", {st_mode=S_IFDIR|0755, st_size=12288, ...}, 0) = 0
770702 newfstatat(AT_FDCWD, "/home/firstmate/.no-mistakes/worktrees/8352e211db7e/01M4F29HK4JCAKXEQ2F50R6HHX/bin/fm-courier-pickup.py", {st_mode=S_IFREG|0775, st_size=30953, ...}, 0) = 0
770702 openat(AT_FDCWD, "/home/firstmate/.no-mistakes/worktrees/8352e211db7e/01M4F29HK4JCAKXEQ2F50R6HHX/bin/fm-courier-pickup.py", O_RDONLY|O_CLOEXEC) = 3
770702 newfstatat(AT_FDCWD, "/home/firstmate/.no-mistakes/worktrees/8352e211db7e/01M4F29HK4JCAKXEQ2F50R6HHX/bin/fm-courier-pickup.py", {st_mode=S_IFREG|0775, st_size=30953, ...}, 0) = 0
770702 readlink("/home/firstmate/.no-mistakes/worktrees/8352e211db7e/01M4F29HK4JCAKXEQ2F50R6HHX/bin/fm-courier-pickup.py", 0x7ffc10906d80, 4096) = -1 EINVAL (Invalid argument)
770702 readlink("/home", 0x7ffc10907960, 1023) = -1 EINVAL (Invalid argument)
770702 readlink("/home/firstmate", 0x7ffc10907960, 1023) = -1 EINVAL (Invalid argument)
770702 readlink("/home/firstmate/.no-mistakes", 0x7ffc10907960, 1023) = -1 EINVAL (Invalid argument)
770702 readlink("/home/firstmate/.no-mistakes/worktrees", 0x7ffc10907960, 1023) = -1 EINVAL (Invalid argument)
770702 readlink("/home/firstmate/.no-mistakes/worktrees/8352e211db7e", 0x7ffc10907960, 1023) = -1 EINVAL (Invalid argument)
770702 readlink("/home/firstmate/.no-mistakes/worktrees/8352e211db7e/01M4F29HK4JCAKXEQ2F50R6HHX", 0x7ffc10907960, 1023) = -1 EINVAL (Invalid argument)
770702 readlink("/home/firstmate/.no-mistakes/worktrees/8352e211db7e/01M4F29HK4JCAKXEQ2F50R6HHX/bin", 0x7ffc10907960, 1023) = -1 EINVAL (Invalid argument)
770702 readlink("/home/firstmate/.no-mistakes/worktrees/8352e211db7e/01M4F29HK4JCAKXEQ2F50R6HHX/bin/fm-courier-pickup.py", 0x7ffc10907960, 1023) = -1 EINVAL (Invalid argument)
770702 openat(AT_FDCWD, "/home/firstmate/.no-mistakes/worktrees/8352e211db7e/01M4F29HK4JCAKXEQ2F50R6HHX/bin/fm-courier-pickup.py", O_RDONLY) = 3
770702 newfstatat(AT_FDCWD, "/home/firstmate/.no-mistakes/worktrees/8352e211db7e/01M4F29HK4JCAKXEQ2F50R6HHX/bin", {st_mode=S_IFDIR|0775, st_size=12288, ...}, 0) = 0
770702 newfstatat(AT_FDCWD, "/home/firstmate/.no-mistakes/worktrees/8352e211db7e/01M4F29HK4JCAKXEQ2F50R6HHX/bin", {st_mode=S_IFDIR|0775, st_size=12288, ...}, 0) = 0
770702 newfstatat(AT_FDCWD, "/home/firstmate/.no-mistakes/worktrees/8352e211db7e/01M4F29HK4JCAKXEQ2F50R6HHX/bin", {st_mode=S_IFDIR|0775, st_size=12288, ...}, 0) = 0
770702 openat(AT_FDCWD, "/home/firstmate/.no-mistakes/worktrees/8352e211db7e/01M4F29HK4JCAKXEQ2F50R6HHX/bin", O_RDONLY|O_NONBLOCK|O_CLOEXEC|O_DIRECTORY) = 3
770702 newfstatat(AT_FDCWD, "/usr/lib/python3.14", {st_mode=S_IFDIR|0755, st_size=20480, ...}, 0) = 0
770702 newfstatat(AT_FDCWD, "/usr/lib/python3.14/calendar.py", {st_mode=S_IFREG|0644, st_size=29863, ...}, 0) = 0
770702 newfstatat(AT_FDCWD, "/usr/lib/python3.14/calendar.py", {st_mode=S_IFREG|0644, st_size=29863, ...}, 0) = 0
770702 openat(AT_FDCWD, "/usr/lib/python3.14/__pycache__/calendar.cpython-314.pyc", O_RDONLY|O_CLOEXEC) = 3
770702 newfstatat(AT_FDCWD, "/home/firstmate/.no-mistakes/worktrees/8352e211db7e/01M4F29HK4JCAKXEQ2F50R6HHX/bin", {st_mode=S_IFDIR|0775, st_size=12288, ...}, 0) = 0
770702 newfstatat(AT_FDCWD, "/usr/lib/python3.14", {st_mode=S_IFDIR|0755, st_size=20480, ...}, 0) = 0
770702 newfstatat(AT_FDCWD, "/usr/lib/python3.14/datetime.py", {st_mode=S_IFREG|0644, st_size=331, ...}, 0) = 0
770702 newfstatat(AT_FDCWD, "/usr/lib/python3.14/datetime.py", {st_mode=S_IFREG|0644, st_size=331, ...}, 0) = 0
770702 openat(AT_FDCWD, "/usr/lib/python3.14/__pycache__/datetime.cpython-314.pyc", O_RDONLY|O_CLOEXEC) = 3
770702 newfstatat(AT_FDCWD, "/home/firstmate/.no-mistakes/worktrees/8352e211db7e/01M4F29HK4JCAKXEQ2F50R6HHX/bin", {st_mode=S_IFDIR|0775, st_size=12288, ...}, 0) = 0
770702 newfstatat(AT_FDCWD, "/usr/lib/python3.14", {st_mode=S_IFDIR|0755, st_size=20480, ...}, 0) = 0
770702 newfstatat(AT_FDCWD, "/usr/lib/python3.14/enum.py", {st_mode=S_IFREG|0644, st_size=85442, ...}, 0) = 0
770702 newfstatat(AT_FDCWD, "/usr/lib/python3.14/enum.py", {st_mode=S_IFREG|0644, st_size=85442, ...}, 0) = 0
770702 openat(AT_FDCWD, "/usr/lib/python3.14/__pycache__/enum.cpython-314.pyc", O_RDONLY|O_CLOEXEC) = 3
770702 newfstatat(AT_FDCWD, "/home/firstmate/.no-mistakes/worktrees/8352e211db7e/01M4F29HK4JCAKXEQ2F50R6HHX/bin", {st_mode=S_IFDIR|0775, st_size=12288, ...}, 0) = 0
770702 newfstatat(AT_FDCWD, "/usr/lib/python3.14", {st_mode=S_IFDIR|0755, st_size=20480, ...}, 0) = 0
770702 newfstatat(AT_FDCWD, "/usr/lib/python3.14/locale.py", {st_mode=S_IFREG|0644, st_size=79129, ...}, 0) = 0
770702 newfstatat(AT_FDCWD, "/usr/lib/python3.14/locale.py", {st_mode=S_IFREG|0644, st_size=79129, ...}, 0) = 0
770702 openat(AT_FDCWD, "/usr/lib/python3.14/__pycache__/locale.cpython-314.pyc", O_RDONLY|O_CLOEXEC) = 3
770702 newfstatat(AT_FDCWD, "/home/firstmate/.no-mistakes/worktrees/8352e211db7e/01M4F29HK4JCAKXEQ2F50R6HHX/bin", {st_mode=S_IFDIR|0775, st_size=12288, ...}, 0) = 0
770702 newfstatat(AT_FDCWD, "/usr/lib/python3.14", {st_mode=S_IFDIR|0755, st_size=20480, ...}, 0) = 0
770702 newfstatat(AT_FDCWD, "/usr/lib/python3.14/functools.py", {st_mode=S_IFREG|0644, st_size=43561, ...}, 0) = 0
770702 newfstatat(AT_FDCWD, "/usr/lib/python3.14/functools.py", {st_mode=S_IFREG|0644, st_size=43561, ...}, 0) = 0
770702 openat(AT_FDCWD, "/usr/lib/python3.14/__pycache__/functools.cpython-314.pyc", O_RDONLY|O_CLOEXEC) = 3
770702 newfstatat(AT_FDCWD, "/home/firstmate/.no-mistakes/worktrees/8352e211db7e/01M4F29HK4JCAKXEQ2F50R6HHX/bin", {st_mode=S_IFDIR|0775, st_size=12288, ...}, 0) = 0
770702 newfstatat(AT_FDCWD, "/usr/lib/python3.14", {st_mode=S_IFDIR|0755, st_size=20480, ...}, 0) = 0
770702 newfstatat(AT_FDCWD, "/usr/lib/python3.14/collections/__init__.cpython-314-x86_64-linux-gnu.so", 0x7ffc109161b0, 0) = -1 ENOENT (No such file or directory)
770702 newfstatat(AT_FDCWD, "/usr/lib/python3.14/collections/__init__.abi3.so", 0x7ffc109161b0, 0) = -1 ENOENT (No such file or directory)
770702 newfstatat(AT_FDCWD, "/usr/lib/python3.14/collections/__init__.abi3-x86_64-linux-gnu.so", 0x7ffc109161b0, 0) = -1 ENOENT (No such file or directory)
770702 newfstatat(AT_FDCWD, "/usr/lib/python3.14/collections/__init__.so", 0x7ffc109161b0, 0) = -1 ENOENT (No such file or directory)
770702 newfstatat(AT_FDCWD, "/usr/lib/python3.14/collections/__init__.py", {st_mode=S_IFREG|0644, st_size=52903, ...}, 0) = 0
770702 newfstatat(AT_FDCWD, "/usr/lib/python3.14/collections/__init__.py", {st_mode=S_IFREG|0644, st_size=52903, ...}, 0) = 0
770702 openat(AT_FDCWD, "/usr/lib/python3.14/collections/__pycache__/__init__.cpython-314.pyc", O_RDONLY|O_CLOEXEC) = 3
770702 newfstatat(AT_FDCWD, "/home/firstmate/.no-mistakes/worktrees/8352e211db7e/01M4F29HK4JCAKXEQ2F50R6HHX/bin", {st_mode=S_IFDIR|0775, st_size=12288, ...}, 0) = 0
770702 newfstatat(AT_FDCWD, "/usr/lib/python3.14", {st_mode=S_IFDIR|0755, st_size=20480, ...}, 0) = 0
770702 newfstatat(AT_FDCWD, "/usr/lib/python3.14/keyword.py", {st_mode=S_IFREG|0644, st_size=1073, ...}, 0) = 0
770702 newfstatat(AT_FDCWD, "/usr/lib/python3.14/keyword.py", {st_mode=S_IFREG|0644, st_size=1073, ...}, 0) = 0
770702 openat(AT_FDCWD, "/usr/lib/python3.14/__pycache__/keyword.cpython-314.pyc", O_RDONLY|O_CLOEXEC) = 3
770702 newfstatat(AT_FDCWD, "/home/firstmate/.no-mistakes/worktrees/8352e211db7e/01M4F29HK4JCAKXEQ2F50R6HHX/bin", {st_mode=S_IFDIR|0775, st_size=12288, ...}, 0) = 0
770702 newfstatat(AT_FDCWD, "/usr/lib/python3.14", {st_mode=S_IFDIR|0755, st_size=20480, ...}, 0) = 0
770702 newfstatat(AT_FDCWD, "/usr/lib/python3.14/operator.py", {st_mode=S_IFREG|0644, st_size=11158, ...}, 0) = 0
770702 newfstatat(AT_FDCWD, "/usr/lib/python3.14/operator.py", {st_mode=S_IFREG|0644, st_size=11158, ...}, 0) = 0
770702 openat(AT_FDCWD, "/usr/lib/python3.14/__pycache__/operator.cpython-314.pyc", O_RDONLY|O_CLOEXEC) = 3
770702 newfstatat(AT_FDCWD, "/home/firstmate/.no-mistakes/worktrees/8352e211db7e/01M4F29HK4JCAKXEQ2F50R6HHX/bin", {st_mode=S_IFDIR|0775, st_size=12288, ...}, 0) = 0
770702 newfstatat(AT_FDCWD, "/usr/lib/python3.14", {st_mode=S_IFDIR|0755, st_size=20480, ...}, 0) = 0
770702 newfstatat(AT_FDCWD, "/usr/lib/python3.14/reprlib.py", {st_mode=S_IFREG|0644, st_size=8064, ...}, 0) = 0
770702 newfstatat(AT_FDCWD, "/usr/lib/python3.14/reprlib.py", {st_mode=S_IFREG|0644, st_size=8064, ...}, 0) = 0
770702 openat(AT_FDCWD, "/usr/lib/python3.14/__pycache__/reprlib.cpython-314.pyc", O_RDONLY|O_CLOEXEC) = 3
770702 newfstatat(AT_FDCWD, "/home/firstmate/.no-mistakes/worktrees/8352e211db7e/01M4F29HK4JCAKXEQ2F50R6HHX/bin", {st_mode=S_IFDIR|0775, st_size=12288, ...}, 0) = 0
770702 newfstatat(AT_FDCWD, "/usr/lib/python3.14", {st_mode=S_IFDIR|0755, st_size=20480, ...}, 0) = 0
770702 newfstatat(AT_FDCWD, "/usr/lib/python3.14/hashlib.py", {st_mode=S_IFREG|0644, st_size=9459, ...}, 0) = 0
770702 newfstatat(AT_FDCWD, "/usr/lib/python3.14/hashlib.py", {st_mode=S_IFREG|0644, st_size=9459, ...}, 0) = 0
770702 openat(AT_FDCWD, "/usr/lib/python3.14/__pycache__/hashlib.cpython-314.pyc", O_RDONLY|O_CLOEXEC) = 3
770702 newfstatat(AT_FDCWD, "/home/firstmate/.no-mistakes/worktrees/8352e211db7e/01M4F29HK4JCAKXEQ2F50R6HHX/bin", {st_mode=S_IFDIR|0775, st_size=12288, ...}, 0) = 0
770702 newfstatat(AT_FDCWD, "/usr/lib/python3.14", {st_mode=S_IFDIR|0755, st_size=20480, ...}, 0) = 0
770702 newfstatat(AT_FDCWD, "/usr/lib/python3.14/lib-dynload", {st_mode=S_IFDIR|0755, st_size=16384, ...}, 0) = 0
770702 newfstatat(AT_FDCWD, "/usr/lib/python3.14/lib-dynload/_hashlib.cpython-314-x86_64-linux-gnu.so", {st_mode=S_IFREG|0644, st_size=64448, ...}, 0) = 0
770702 openat(AT_FDCWD, "/usr/lib/python3.14/lib-dynload/_hashlib.cpython-314-x86_64-linux-gnu.so", O_RDONLY|O_CLOEXEC) = 3
770702 openat(AT_FDCWD, "/etc/ld.so.cache", O_RDONLY|O_CLOEXEC) = 3
770702 openat(AT_FDCWD, "/usr/lib/x86_64-linux-gnu/libcrypto.so.3", O_RDONLY|O_CLOEXEC) = 3
770702 openat(AT_FDCWD, "/usr/lib/x86_64-linux-gnu/libzstd.so.1", O_RDONLY|O_CLOEXEC) = 3
770702 openat(AT_FDCWD, "/proc/sys/crypto/fips_enabled", O_RDONLY) = -1 ENOENT (No such file or directory)
770702 openat(AT_FDCWD, "/etc/ubuntu-fips", O_RDONLY) = -1 ENOENT (No such file or directory)
770702 openat(AT_FDCWD, "/usr/lib/ssl/openssl.cnf", O_RDONLY) = 3
770702 newfstatat(AT_FDCWD, "/var/lib/crypto-config/profiles/current/openssl.conf.d", 0x7ffc10917160, 0) = -1 ENOENT (No such file or directory)
770702 newfstatat(AT_FDCWD, "/etc/ssl/openssl.conf.d", 0x7ffc10917160, 0) = -1 ENOENT (No such file or directory)
770702 newfstatat(AT_FDCWD, "/home/firstmate/.no-mistakes/worktrees/8352e211db7e/01M4F29HK4JCAKXEQ2F50R6HHX/bin", {st_mode=S_IFDIR|0775, st_size=12288, ...}, 0) = 0
770702 newfstatat(AT_FDCWD, "/usr/lib/python3.14", {st_mode=S_IFDIR|0755, st_size=20480, ...}, 0) = 0
770702 newfstatat(AT_FDCWD, "/usr/lib/python3.14/json/__init__.cpython-314-x86_64-linux-gnu.so", 0x7ffc10918190, 0) = -1 ENOENT (No such file or directory)
770702 newfstatat(AT_FDCWD, "/usr/lib/python3.14/json/__init__.abi3.so", 0x7ffc10918190, 0) = -1 ENOENT (No such file or directory)
770702 newfstatat(AT_FDCWD, "/usr/lib/python3.14/json/__init__.abi3-x86_64-linux-gnu.so", 0x7ffc10918190, 0) = -1 ENOENT (No such file or directory)
770702 newfstatat(AT_FDCWD, "/usr/lib/python3.14/json/__init__.so", 0x7ffc10918190, 0) = -1 ENOENT (No such file or directory)
770702 newfstatat(AT_FDCWD, "/usr/lib/python3.14/json/__init__.py", {st_mode=S_IFREG|0644, st_size=14066, ...}, 0) = 0
770702 newfstatat(AT_FDCWD, "/usr/lib/python3.14/json/__init__.py", {st_mode=S_IFREG|0644, st_size=14066, ...}, 0) = 0
770702 openat(AT_FDCWD, "/usr/lib/python3.14/json/__pycache__/__init__.cpython-314.pyc", O_RDONLY|O_CLOEXEC) = 3
770702 newfstatat(AT_FDCWD, "/usr/lib/python3.14/json", {st_mode=S_IFDIR|0755, st_size=4096, ...}, 0) = 0
770702 newfstatat(AT_FDCWD, "/usr/lib/python3.14/json", {st_mode=S_IFDIR|0755, st_size=4096, ...}, 0) = 0
770702 newfstatat(AT_FDCWD, "/usr/lib/python3.14/json", {st_mode=S_IFDIR|0755, st_size=4096, ...}, 0) = 0
770702 openat(AT_FDCWD, "/usr/lib/python3.14/json", O_RDONLY|O_NONBLOCK|O_CLOEXEC|O_DIRECTORY) = 3
770702 newfstatat(AT_FDCWD, "/usr/lib/python3.14/json/decoder.py", {st_mode=S_IFREG|0644, st_size=12873, ...}, 0) = 0
770702 newfstatat(AT_FDCWD, "/usr/lib/python3.14/json/decoder.py", {st_mode=S_IFREG|0644, st_size=12873, ...}, 0) = 0
770702 openat(AT_FDCWD, "/usr/lib/python3.14/json/__pycache__/decoder.cpython-314.pyc", O_RDONLY|O_CLOEXEC) = 3
770702 newfstatat(AT_FDCWD, "/home/firstmate/.no-mistakes/worktrees/8352e211db7e/01M4F29HK4JCAKXEQ2F50R6HHX/bin", {st_mode=S_IFDIR|0775, st_size=12288, ...}, 0) = 0
770702 newfstatat(AT_FDCWD, "/usr/lib/python3.14", {st_mode=S_IFDIR|0755, st_size=20480, ...}, 0) = 0
770702 newfstatat(AT_FDCWD, "/usr/lib/python3.14/re/__init__.cpython-314-x86_64-linux-gnu.so", 0x7ffc10916c50, 0) = -1 ENOENT (No such file or directory)
770702 newfstatat(AT_FDCWD, "/usr/lib/python3.14/re/__init__.abi3.so", 0x7ffc10916c50, 0) = -1 ENOENT (No such file or directory)
770702 newfstatat(AT_FDCWD, "/usr/lib/python3.14/re/__init__.abi3-x86_64-linux-gnu.so", 0x7ffc10916c50, 0) = -1 ENOENT (No such file or directory)
770702 newfstatat(AT_FDCWD, "/usr/lib/python3.14/re/__init__.so", 0x7ffc10916c50, 0) = -1 ENOENT (No such file or directory)
770702 newfstatat(AT_FDCWD, "/usr/lib/python3.14/re/__init__.py", {st_mode=S_IFREG|0644, st_size=17876, ...}, 0) = 0
770702 newfstatat(AT_FDCWD, "/usr/lib/python3.14/re/__init__.py", {st_mode=S_IFREG|0644, st_size=17876, ...}, 0) = 0
770702 openat(AT_FDCWD, "/usr/lib/python3.14/re/__pycache__/__init__.cpython-314.pyc", O_RDONLY|O_CLOEXEC) = 3
770702 newfstatat(AT_FDCWD, "/usr/lib/python3.14/re", {st_mode=S_IFDIR|0755, st_size=4096, ...}, 0) = 0
770702 newfstatat(AT_FDCWD, "/usr/lib/python3.14/re", {st_mode=S_IFDIR|0755, st_size=4096, ...}, 0) = 0
770702 newfstatat(AT_FDCWD, "/usr/lib/python3.14/re", {st_mode=S_IFDIR|0755, st_size=4096, ...}, 0) = 0
770702 openat(AT_FDCWD, "/usr/lib/python3.14/re", O_RDONLY|O_NONBLOCK|O_CLOEXEC|O_DIRECTORY) = 3
770702 newfstatat(AT_FDCWD, "/usr/lib/python3.14/re/_compiler.py", {st_mode=S_IFREG|0644, st_size=26855, ...}, 0) = 0
770702 newfstatat(AT_FDCWD, "/usr/lib/python3.14/re/_compiler.py", {st_mode=S_IFREG|0644, st_size=26855, ...}, 0) = 0
770702 openat(AT_FDCWD, "/usr/lib/python3.14/re/__pycache__/_compiler.cpython-314.pyc", O_RDONLY|O_CLOEXEC) = 3
770702 newfstatat(AT_FDCWD, "/usr/lib/python3.14/re", {st_mode=S_IFDIR|0755, st_size=4096, ...}, 0) = 0
770702 newfstatat(AT_FDCWD, "/usr/lib/python3.14/re/_parser.py", {st_mode=S_IFREG|0644, st_size=40353, ...}, 0) = 0
770702 newfstatat(AT_FDCWD, "/usr/lib/python3.14/re/_parser.py", {st_mode=S_IFREG|0644, st_size=40353, ...}, 0) = 0
770702 openat(AT_FDCWD, "/usr/lib/python3.14/re/__pycache__/_parser.cpython-314.pyc", O_RDONLY|O_CLOEXEC) = 3
770702 newfstatat(AT_FDCWD, "/usr/lib/python3.14/re", {st_mode=S_IFDIR|0755, st_size=4096, ...}, 0) = 0
770702 newfstatat(AT_FDCWD, "/usr/lib/python3.14/re/_constants.py", {st_mode=S_IFREG|0644, st_size=6036, ...}, 0) = 0
770702 newfstatat(AT_FDCWD, "/usr/lib/python3.14/re/_constants.py", {st_mode=S_IFREG|0644, st_size=6036, ...}, 0) = 0
770702 openat(AT_FDCWD, "/usr/lib/python3.14/re/__pycache__/_constants.cpython-314.pyc", O_RDONLY|O_CLOEXEC) = 3
770702 newfstatat(AT_FDCWD, "/usr/lib/python3.14/re", {st_mode=S_IFDIR|0755, st_size=4096, ...}, 0) = 0
770702 newfstatat(AT_FDCWD, "/usr/lib/python3.14/re/_casefix.py", {st_mode=S_IFREG|0644, st_size=5444, ...}, 0) = 0
770702 newfstatat(AT_FDCWD, "/usr/lib/python3.14/re/_casefix.py", {st_mode=S_IFREG|0644, st_size=5444, ...}, 0) = 0
770702 openat(AT_FDCWD, "/usr/lib/python3.14/re/__pycache__/_casefix.cpython-314.pyc", O_RDONLY|O_CLOEXEC) = 3
770702 newfstatat(AT_FDCWD, "/home/firstmate/.no-mistakes/worktrees/8352e211db7e/01M4F29HK4JCAKXEQ2F50R6HHX/bin", {st_mode=S_IFDIR|0775, st_size=12288, ...}, 0) = 0
770702 newfstatat(AT_FDCWD, "/usr/lib/python3.14", {st_mode=S_IFDIR|0755, st_size=20480, ...}, 0) = 0
770702 newfstatat(AT_FDCWD, "/usr/lib/python3.14/copyreg.py", {st_mode=S_IFREG|0644, st_size=7716, ...}, 0) = 0
770702 newfstatat(AT_FDCWD, "/usr/lib/python3.14/copyreg.py", {st_mode=S_IFREG|0644, st_size=7716, ...}, 0) = 0
770702 openat(AT_FDCWD, "/usr/lib/python3.14/__pycache__/copyreg.cpython-314.pyc", O_RDONLY|O_CLOEXEC) = 3
770702 newfstatat(AT_FDCWD, "/usr/lib/python3.14/json", {st_mode=S_IFDIR|0755, st_size=4096, ...}, 0) = 0
770702 newfstatat(AT_FDCWD, "/usr/lib/python3.14/json/scanner.py", {st_mode=S_IFREG|0644, st_size=2434, ...}, 0) = 0
770702 newfstatat(AT_FDCWD, "/usr/lib/python3.14/json/scanner.py", {st_mode=S_IFREG|0644, st_size=2434, ...}, 0) = 0
770702 openat(AT_FDCWD, "/usr/lib/python3.14/json/__pycache__/scanner.cpython-314.pyc", O_RDONLY|O_CLOEXEC) = 3
770702 newfstatat(AT_FDCWD, "/usr/lib/python3.14/json", {st_mode=S_IFDIR|0755, st_size=4096, ...}, 0) = 0
770702 newfstatat(AT_FDCWD, "/usr/lib/python3.14/json/encoder.py", {st_mode=S_IFREG|0644, st_size=16990, ...}, 0) = 0
770702 newfstatat(AT_FDCWD, "/usr/lib/python3.14/json/encoder.py", {st_mode=S_IFREG|0644, st_size=16990, ...}, 0) = 0
770702 openat(AT_FDCWD, "/usr/lib/python3.14/json/__pycache__/encoder.cpython-314.pyc", O_RDONLY|O_CLOEXEC) = 3
770702 newfstatat(AT_FDCWD, "/home/firstmate/.no-mistakes/worktrees/8352e211db7e/01M4F29HK4JCAKXEQ2F50R6HHX/bin", {st_mode=S_IFDIR|0775, st_size=12288, ...}, 0) = 0
770702 newfstatat(AT_FDCWD, "/usr/lib/python3.14", {st_mode=S_IFDIR|0755, st_size=20480, ...}, 0) = 0
770702 newfstatat(AT_FDCWD, "/usr/lib/python3.14/pathlib/__init__.cpython-314-x86_64-linux-gnu.so", 0x7ffc10918190, 0) = -1 ENOENT (No such file or directory)
770702 newfstatat(AT_FDCWD, "/usr/lib/python3.14/pathlib/__init__.abi3.so", 0x7ffc10918190, 0) = -1 ENOENT (No such file or directory)
770702 newfstatat(AT_FDCWD, "/usr/lib/python3.14/pathlib/__init__.abi3-x86_64-linux-gnu.so", 0x7ffc10918190, 0) = -1 ENOENT (No such file or directory)
770702 newfstatat(AT_FDCWD, "/usr/lib/python3.14/pathlib/__init__.so", 0x7ffc10918190, 0) = -1 ENOENT (No such file or directory)
770702 newfstatat(AT_FDCWD, "/usr/lib/python3.14/pathlib/__init__.py", {st_mode=S_IFREG|0644, st_size=46833, ...}, 0) = 0
770702 newfstatat(AT_FDCWD, "/usr/lib/python3.14/pathlib/__init__.py", {st_mode=S_IFREG|0644, st_size=46833, ...}, 0) = 0
770702 openat(AT_FDCWD, "/usr/lib/python3.14/pathlib/__pycache__/__init__.cpython-314.pyc", O_RDONLY|O_CLOEXEC) = 3
770702 newfstatat(AT_FDCWD, "/home/firstmate/.no-mistakes/worktrees/8352e211db7e/01M4F29HK4JCAKXEQ2F50R6HHX/bin", {st_mode=S_IFDIR|0775, st_size=12288, ...}, 0) = 0
770702 newfstatat(AT_FDCWD, "/usr/lib/python3.14", {st_mode=S_IFDIR|0755, st_size=20480, ...}, 0) = 0
770702 newfstatat(AT_FDCWD, "/usr/lib/python3.14/glob.py", {st_mode=S_IFREG|0644, st_size=20768, ...}, 0) = 0
770702 newfstatat(AT_FDCWD, "/usr/lib/python3.14/glob.py", {st_mode=S_IFREG|0644, st_size=20768, ...}, 0) = 0
770702 openat(AT_FDCWD, "/usr/lib/python3.14/__pycache__/glob.cpython-314.pyc", O_RDONLY|O_CLOEXEC) = 3
770702 newfstatat(AT_FDCWD, "/home/firstmate/.no-mistakes/worktrees/8352e211db7e/01M4F29HK4JCAKXEQ2F50R6HHX/bin", {st_mode=S_IFDIR|0775, st_size=12288, ...}, 0) = 0
770702 newfstatat(AT_FDCWD, "/usr/lib/python3.14", {st_mode=S_IFDIR|0755, st_size=20480, ...}, 0) = 0
770702 newfstatat(AT_FDCWD, "/usr/lib/python3.14/contextlib.py", {st_mode=S_IFREG|0644, st_size=27801, ...}, 0) = 0
770702 newfstatat(AT_FDCWD, "/usr/lib/python3.14/contextlib.py", {st_mode=S_IFREG|0644, st_size=27801, ...}, 0) = 0
770702 openat(AT_FDCWD, "/usr/lib/python3.14/__pycache__/contextlib.cpython-314.pyc", O_RDONLY|O_CLOEXEC) = 3
770702 newfstatat(AT_FDCWD, "/home/firstmate/.no-mistakes/worktrees/8352e211db7e/01M4F29HK4JCAKXEQ2F50R6HHX/bin", {st_mode=S_IFDIR|0775, st_size=12288, ...}, 0) = 0
770702 newfstatat(AT_FDCWD, "/usr/lib/python3.14", {st_mode=S_IFDIR|0755, st_size=20480, ...}, 0) = 0
770702 newfstatat(AT_FDCWD, "/usr/lib/python3.14/fnmatch.py", {st_mode=S_IFREG|0644, st_size=6791, ...}, 0) = 0
770702 newfstatat(AT_FDCWD, "/usr/lib/python3.14/fnmatch.py", {st_mode=S_IFREG|0644, st_size=6791, ...}, 0) = 0
770702 openat(AT_FDCWD, "/usr/lib/python3.14/__pycache__/fnmatch.cpython-314.pyc", O_RDONLY|O_CLOEXEC) = 3
770702 newfstatat(AT_FDCWD, "/usr/lib/python3.14/pathlib", {st_mode=S_IFDIR|0755, st_size=4096, ...}, 0) = 0
770702 newfstatat(AT_FDCWD, "/usr/lib/python3.14/pathlib", {st_mode=S_IFDIR|0755, st_size=4096, ...}, 0) = 0
770702 newfstatat(AT_FDCWD, "/usr/lib/python3.14/pathlib", {st_mode=S_IFDIR|0755, st_size=4096, ...}, 0) = 0
770702 openat(AT_FDCWD, "/usr/lib/python3.14/pathlib", O_RDONLY|O_NONBLOCK|O_CLOEXEC|O_DIRECTORY) = 3
770702 newfstatat(AT_FDCWD, "/usr/lib/python3.14/pathlib/_os.py", {st_mode=S_IFREG|0644, st_size=18161, ...}, 0) = 0
770702 newfstatat(AT_FDCWD, "/usr/lib/python3.14/pathlib/_os.py", {st_mode=S_IFREG|0644, st_size=18161, ...}, 0) = 0
770702 openat(AT_FDCWD, "/usr/lib/python3.14/pathlib/__pycache__/_os.cpython-314.pyc", O_RDONLY|O_CLOEXEC) = 3
770702 newfstatat(AT_FDCWD, "/home/firstmate/.no-mistakes/worktrees/8352e211db7e/01M4F29HK4JCAKXEQ2F50R6HHX/bin", {st_mode=S_IFDIR|0775, st_size=12288, ...}, 0) = 0
770702 newfstatat(AT_FDCWD, "/usr/lib/python3.14", {st_mode=S_IFDIR|0755, st_size=20480, ...}, 0) = 0
770702 newfstatat(AT_FDCWD, "/usr/lib/python3.14/lib-dynload", {st_mode=S_IFDIR|0755, st_size=16384, ...}, 0) = 0
770702 newfstatat(AT_FDCWD, "/home/firstmate/.local/lib/python3.14/site-packages", {st_mode=S_IFDIR|0775, st_size=4096, ...}, 0) = 0
770702 newfstatat(AT_FDCWD, "/usr/local/lib/python3.14/dist-packages", {st_mode=S_IFDIR|0755, st_size=4096, ...}, 0) = 0
770702 newfstatat(AT_FDCWD, "/usr/lib/python3/dist-packages", {st_mode=S_IFDIR|0755, st_size=12288, ...}, 0) = 0
770702 newfstatat(AT_FDCWD, "/home/firstmate/.no-mistakes/worktrees/8352e211db7e/01M4F29HK4JCAKXEQ2F50R6HHX/bin", {st_mode=S_IFDIR|0775, st_size=12288, ...}, 0) = 0
770702 newfstatat(AT_FDCWD, "/usr/lib/python3.14", {st_mode=S_IFDIR|0755, st_size=20480, ...}, 0) = 0
770702 newfstatat(AT_FDCWD, "/usr/lib/python3.14/lib-dynload", {st_mode=S_IFDIR|0755, st_size=16384, ...}, 0) = 0
770702 newfstatat(AT_FDCWD, "/home/firstmate/.local/lib/python3.14/site-packages", {st_mode=S_IFDIR|0775, st_size=4096, ...}, 0) = 0
770702 newfstatat(AT_FDCWD, "/usr/local/lib/python3.14/dist-packages", {st_mode=S_IFDIR|0755, st_size=4096, ...}, 0) = 0
770702 newfstatat(AT_FDCWD, "/usr/lib/python3/dist-packages", {st_mode=S_IFDIR|0755, st_size=12288, ...}, 0) = 0
770702 newfstatat(AT_FDCWD, "/home/firstmate/.no-mistakes/worktrees/8352e211db7e/01M4F29HK4JCAKXEQ2F50R6HHX/bin", {st_mode=S_IFDIR|0775, st_size=12288, ...}, 0) = 0
770702 newfstatat(AT_FDCWD, "/usr/lib/python3.14", {st_mode=S_IFDIR|0755, st_size=20480, ...}, 0) = 0
770702 newfstatat(AT_FDCWD, "/usr/lib/python3.14/lib-dynload", {st_mode=S_IFDIR|0755, st_size=16384, ...}, 0) = 0
770702 newfstatat(AT_FDCWD, "/home/firstmate/.local/lib/python3.14/site-packages", {st_mode=S_IFDIR|0775, st_size=4096, ...}, 0) = 0
770702 newfstatat(AT_FDCWD, "/usr/local/lib/python3.14/dist-packages", {st_mode=S_IFDIR|0755, st_size=4096, ...}, 0) = 0
770702 newfstatat(AT_FDCWD, "/usr/lib/python3/dist-packages", {st_mode=S_IFDIR|0755, st_size=12288, ...}, 0) = 0
770702 newfstatat(AT_FDCWD, "/home/firstmate/.no-mistakes/worktrees/8352e211db7e/01M4F29HK4JCAKXEQ2F50R6HHX/bin", {st_mode=S_IFDIR|0775, st_size=12288, ...}, 0) = 0
770702 newfstatat(AT_FDCWD, "/usr/lib/python3.14", {st_mode=S_IFDIR|0755, st_size=20480, ...}, 0) = 0
770702 newfstatat(AT_FDCWD, "/usr/lib/python3.14/lib-dynload", {st_mode=S_IFDIR|0755, st_size=16384, ...}, 0) = 0
770702 newfstatat(AT_FDCWD, "/home/firstmate/.local/lib/python3.14/site-packages", {st_mode=S_IFDIR|0775, st_size=4096, ...}, 0) = 0
770702 newfstatat(AT_FDCWD, "/usr/local/lib/python3.14/dist-packages", {st_mode=S_IFDIR|0755, st_size=4096, ...}, 0) = 0
770702 newfstatat(AT_FDCWD, "/usr/lib/python3/dist-packages", {st_mode=S_IFDIR|0755, st_size=12288, ...}, 0) = 0
770702 newfstatat(AT_FDCWD, "/home/firstmate/.no-mistakes/worktrees/8352e211db7e/01M4F29HK4JCAKXEQ2F50R6HHX/bin", {st_mode=S_IFDIR|0775, st_size=12288, ...}, 0) = 0
770702 newfstatat(AT_FDCWD, "/usr/lib/python3.14", {st_mode=S_IFDIR|0755, st_size=20480, ...}, 0) = 0
770702 newfstatat(AT_FDCWD, "/usr/lib/python3.14/lib-dynload", {st_mode=S_IFDIR|0755, st_size=16384, ...}, 0) = 0
770702 newfstatat(AT_FDCWD, "/home/firstmate/.local/lib/python3.14/site-packages", {st_mode=S_IFDIR|0775, st_size=4096, ...}, 0) = 0
770702 newfstatat(AT_FDCWD, "/usr/local/lib/python3.14/dist-packages", {st_mode=S_IFDIR|0755, st_size=4096, ...}, 0) = 0
770702 newfstatat(AT_FDCWD, "/usr/lib/python3/dist-packages", {st_mode=S_IFDIR|0755, st_size=12288, ...}, 0) = 0
770702 newfstatat(AT_FDCWD, "/home/firstmate/.no-mistakes/worktrees/8352e211db7e/01M4F29HK4JCAKXEQ2F50R6HHX/bin", {st_mode=S_IFDIR|0775, st_size=12288, ...}, 0) = 0
770702 newfstatat(AT_FDCWD, "/usr/lib/python3.14", {st_mode=S_IFDIR|0755, st_size=20480, ...}, 0) = 0
770702 newfstatat(AT_FDCWD, "/usr/lib/python3.14/lib-dynload", {st_mode=S_IFDIR|0755, st_size=16384, ...}, 0) = 0
770702 newfstatat(AT_FDCWD, "/home/firstmate/.local/lib/python3.14/site-packages", {st_mode=S_IFDIR|0775, st_size=4096, ...}, 0) = 0
770702 newfstatat(AT_FDCWD, "/usr/local/lib/python3.14/dist-packages", {st_mode=S_IFDIR|0755, st_size=4096, ...}, 0) = 0
770702 newfstatat(AT_FDCWD, "/usr/lib/python3/dist-packages", {st_mode=S_IFDIR|0755, st_size=12288, ...}, 0) = 0
770702 newfstatat(AT_FDCWD, "/home/firstmate/.no-mistakes/worktrees/8352e211db7e/01M4F29HK4JCAKXEQ2F50R6HHX/bin", {st_mode=S_IFDIR|0775, st_size=12288, ...}, 0) = 0
770702 newfstatat(AT_FDCWD, "/usr/lib/python3.14", {st_mode=S_IFDIR|0755, st_size=20480, ...}, 0) = 0
770702 newfstatat(AT_FDCWD, "/usr/lib/python3.14/lib-dynload", {st_mode=S_IFDIR|0755, st_size=16384, ...}, 0) = 0
770702 newfstatat(AT_FDCWD, "/home/firstmate/.local/lib/python3.14/site-packages", {st_mode=S_IFDIR|0775, st_size=4096, ...}, 0) = 0
770702 newfstatat(AT_FDCWD, "/usr/local/lib/python3.14/dist-packages", {st_mode=S_IFDIR|0755, st_size=4096, ...}, 0) = 0
770702 newfstatat(AT_FDCWD, "/usr/lib/python3/dist-packages", {st_mode=S_IFDIR|0755, st_size=12288, ...}, 0) = 0
770702 newfstatat(AT_FDCWD, "/home/firstmate/.no-mistakes/worktrees/8352e211db7e/01M4F29HK4JCAKXEQ2F50R6HHX/bin", {st_mode=S_IFDIR|0775, st_size=12288, ...}, 0) = 0
770702 newfstatat(AT_FDCWD, "/usr/lib/python3.14", {st_mode=S_IFDIR|0755, st_size=20480, ...}, 0) = 0
770702 newfstatat(AT_FDCWD, "/usr/lib/python3.14/lib-dynload", {st_mode=S_IFDIR|0755, st_size=16384, ...}, 0) = 0
770702 newfstatat(AT_FDCWD, "/home/firstmate/.local/lib/python3.14/site-packages", {st_mode=S_IFDIR|0775, st_size=4096, ...}, 0) = 0
770702 newfstatat(AT_FDCWD, "/usr/local/lib/python3.14/dist-packages", {st_mode=S_IFDIR|0755, st_size=4096, ...}, 0) = 0
770702 newfstatat(AT_FDCWD, "/usr/lib/python3/dist-packages", {st_mode=S_IFDIR|0755, st_size=12288, ...}, 0) = 0
770702 newfstatat(AT_FDCWD, "/home/firstmate/.no-mistakes/worktrees/8352e211db7e/01M4F29HK4JCAKXEQ2F50R6HHX/bin", {st_mode=S_IFDIR|0775, st_size=12288, ...}, 0) = 0
770702 newfstatat(AT_FDCWD, "/usr/lib/python3.14", {st_mode=S_IFDIR|0755, st_size=20480, ...}, 0) = 0
770702 newfstatat(AT_FDCWD, "/usr/lib/python3.14/lib-dynload", {st_mode=S_IFDIR|0755, st_size=16384, ...}, 0) = 0
770702 newfstatat(AT_FDCWD, "/home/firstmate/.local/lib/python3.14/site-packages", {st_mode=S_IFDIR|0775, st_size=4096, ...}, 0) = 0
770702 newfstatat(AT_FDCWD, "/usr/local/lib/python3.14/dist-packages", {st_mode=S_IFDIR|0755, st_size=4096, ...}, 0) = 0
770702 newfstatat(AT_FDCWD, "/usr/lib/python3/dist-packages", {st_mode=S_IFDIR|0755, st_size=12288, ...}, 0) = 0
770702 newfstatat(AT_FDCWD, "/home/firstmate/.no-mistakes/worktrees/8352e211db7e/01M4F29HK4JCAKXEQ2F50R6HHX/bin", {st_mode=S_IFDIR|0775, st_size=12288, ...}, 0) = 0
770702 newfstatat(AT_FDCWD, "/usr/lib/python3.14", {st_mode=S_IFDIR|0755, st_size=20480, ...}, 0) = 0
770702 newfstatat(AT_FDCWD, "/usr/lib/python3.14/secrets.py", {st_mode=S_IFREG|0644, st_size=1984, ...}, 0) = 0
770702 newfstatat(AT_FDCWD, "/usr/lib/python3.14/secrets.py", {st_mode=S_IFREG|0644, st_size=1984, ...}, 0) = 0
770702 openat(AT_FDCWD, "/usr/lib/python3.14/__pycache__/secrets.cpython-314.pyc", O_RDONLY|O_CLOEXEC) = 3
770702 newfstatat(AT_FDCWD, "/home/firstmate/.no-mistakes/worktrees/8352e211db7e/01M4F29HK4JCAKXEQ2F50R6HHX/bin", {st_mode=S_IFDIR|0775, st_size=12288, ...}, 0) = 0
770702 newfstatat(AT_FDCWD, "/usr/lib/python3.14", {st_mode=S_IFDIR|0755, st_size=20480, ...}, 0) = 0
770702 newfstatat(AT_FDCWD, "/usr/lib/python3.14/base64.py", {st_mode=S_IFREG|0644, st_size=22029, ...}, 0) = 0
770702 newfstatat(AT_FDCWD, "/usr/lib/python3.14/base64.py", {st_mode=S_IFREG|0644, st_size=22029, ...}, 0) = 0
770702 openat(AT_FDCWD, "/usr/lib/python3.14/__pycache__/base64.cpython-314.pyc", O_RDONLY|O_CLOEXEC) = 3
770702 newfstatat(AT_FDCWD, "/home/firstmate/.no-mistakes/worktrees/8352e211db7e/01M4F29HK4JCAKXEQ2F50R6HHX/bin", {st_mode=S_IFDIR|0775, st_size=12288, ...}, 0) = 0
770702 newfstatat(AT_FDCWD, "/usr/lib/python3.14", {st_mode=S_IFDIR|0755, st_size=20480, ...}, 0) = 0
770702 newfstatat(AT_FDCWD, "/usr/lib/python3.14/struct.py", {st_mode=S_IFREG|0644, st_size=285, ...}, 0) = 0
770702 newfstatat(AT_FDCWD, "/usr/lib/python3.14/struct.py", {st_mode=S_IFREG|0644, st_size=285, ...}, 0) = 0
770702 openat(AT_FDCWD, "/usr/lib/python3.14/__pycache__/struct.cpython-314.pyc", O_RDONLY|O_CLOEXEC) = 3
770702 newfstatat(AT_FDCWD, "/home/firstmate/.no-mistakes/worktrees/8352e211db7e/01M4F29HK4JCAKXEQ2F50R6HHX/bin", {st_mode=S_IFDIR|0775, st_size=12288, ...}, 0) = 0
770702 newfstatat(AT_FDCWD, "/usr/lib/python3.14", {st_mode=S_IFDIR|0755, st_size=20480, ...}, 0) = 0
770702 newfstatat(AT_FDCWD, "/usr/lib/python3.14/hmac.py", {st_mode=S_IFREG|0644, st_size=9589, ...}, 0) = 0
770702 newfstatat(AT_FDCWD, "/usr/lib/python3.14/hmac.py", {st_mode=S_IFREG|0644, st_size=9589, ...}, 0) = 0
770702 openat(AT_FDCWD, "/usr/lib/python3.14/__pycache__/hmac.cpython-314.pyc", O_RDONLY|O_CLOEXEC) = 3
770702 newfstatat(AT_FDCWD, "/home/firstmate/.no-mistakes/worktrees/8352e211db7e/01M4F29HK4JCAKXEQ2F50R6HHX/bin", {st_mode=S_IFDIR|0775, st_size=12288, ...}, 0) = 0
770702 newfstatat(AT_FDCWD, "/usr/lib/python3.14", {st_mode=S_IFDIR|0755, st_size=20480, ...}, 0) = 0
770702 newfstatat(AT_FDCWD, "/usr/lib/python3.14/lib-dynload", {st_mode=S_IFDIR|0755, st_size=16384, ...}, 0) = 0
770702 newfstatat(AT_FDCWD, "/usr/lib/python3.14/lib-dynload/_hmac.cpython-314-x86_64-linux-gnu.so", {st_mode=S_IFREG|0644, st_size=151584, ...}, 0) = 0
770702 openat(AT_FDCWD, "/usr/lib/python3.14/lib-dynload/_hmac.cpython-314-x86_64-linux-gnu.so", O_RDONLY|O_CLOEXEC) = 3
770702 newfstatat(AT_FDCWD, "/home/firstmate/.no-mistakes/worktrees/8352e211db7e/01M4F29HK4JCAKXEQ2F50R6HHX/bin", {st_mode=S_IFDIR|0775, st_size=12288, ...}, 0) = 0
770702 newfstatat(AT_FDCWD, "/usr/lib/python3.14", {st_mode=S_IFDIR|0755, st_size=20480, ...}, 0) = 0
770702 newfstatat(AT_FDCWD, "/usr/lib/python3.14/random.py", {st_mode=S_IFREG|0644, st_size=37259, ...}, 0) = 0
770702 newfstatat(AT_FDCWD, "/usr/lib/python3.14/random.py", {st_mode=S_IFREG|0644, st_size=37259, ...}, 0) = 0
770702 openat(AT_FDCWD, "/usr/lib/python3.14/__pycache__/random.cpython-314.pyc", O_RDONLY|O_CLOEXEC) = 3
770702 newfstatat(AT_FDCWD, "/home/firstmate/.no-mistakes/worktrees/8352e211db7e/01M4F29HK4JCAKXEQ2F50R6HHX/bin", {st_mode=S_IFDIR|0775, st_size=12288, ...}, 0) = 0
770702 newfstatat(AT_FDCWD, "/usr/lib/python3.14", {st_mode=S_IFDIR|0755, st_size=20480, ...}, 0) = 0
770702 newfstatat(AT_FDCWD, "/usr/lib/python3.14/bisect.py", {st_mode=S_IFREG|0644, st_size=3423, ...}, 0) = 0
770702 newfstatat(AT_FDCWD, "/usr/lib/python3.14/bisect.py", {st_mode=S_IFREG|0644, st_size=3423, ...}, 0) = 0
770702 openat(AT_FDCWD, "/usr/lib/python3.14/__pycache__/bisect.cpython-314.pyc", O_RDONLY|O_CLOEXEC) = 3
770702 newfstatat(AT_FDCWD, "/home/firstmate/.no-mistakes/worktrees/8352e211db7e/01M4F29HK4JCAKXEQ2F50R6HHX/bin", {st_mode=S_IFDIR|0775, st_size=12288, ...}, 0) = 0
770702 newfstatat(AT_FDCWD, "/usr/lib/python3.14", {st_mode=S_IFDIR|0755, st_size=20480, ...}, 0) = 0
770702 newfstatat(AT_FDCWD, "/usr/lib/python3.14/subprocess.py", {st_mode=S_IFREG|0644, st_size=90732, ...}, 0) = 0
770702 newfstatat(AT_FDCWD, "/usr/lib/python3.14/subprocess.py", {st_mode=S_IFREG|0644, st_size=90732, ...}, 0) = 0
770702 openat(AT_FDCWD, "/usr/lib/python3.14/__pycache__/subprocess.cpython-314.pyc", O_RDONLY|O_CLOEXEC) = 3
770702 newfstatat(AT_FDCWD, "/home/firstmate/.no-mistakes/worktrees/8352e211db7e/01M4F29HK4JCAKXEQ2F50R6HHX/bin", {st_mode=S_IFDIR|0775, st_size=12288, ...}, 0) = 0
770702 newfstatat(AT_FDCWD, "/usr/lib/python3.14", {st_mode=S_IFDIR|0755, st_size=20480, ...}, 0) = 0
770702 newfstatat(AT_FDCWD, "/usr/lib/python3.14/signal.py", {st_mode=S_IFREG|0644, st_size=2495, ...}, 0) = 0
770702 newfstatat(AT_FDCWD, "/usr/lib/python3.14/signal.py", {st_mode=S_IFREG|0644, st_size=2495, ...}, 0) = 0
770702 openat(AT_FDCWD, "/usr/lib/python3.14/__pycache__/signal.cpython-314.pyc", O_RDONLY|O_CLOEXEC) = 3
770702 newfstatat(AT_FDCWD, "/home/firstmate/.no-mistakes/worktrees/8352e211db7e/01M4F29HK4JCAKXEQ2F50R6HHX/bin", {st_mode=S_IFDIR|0775, st_size=12288, ...}, 0) = 0
770702 newfstatat(AT_FDCWD, "/usr/lib/python3.14", {st_mode=S_IFDIR|0755, st_size=20480, ...}, 0) = 0
770702 newfstatat(AT_FDCWD, "/usr/lib/python3.14/threading.py", {st_mode=S_IFREG|0644, st_size=56923, ...}, 0) = 0
770702 newfstatat(AT_FDCWD, "/usr/lib/python3.14/threading.py", {st_mode=S_IFREG|0644, st_size=56923, ...}, 0) = 0
770702 openat(AT_FDCWD, "/usr/lib/python3.14/__pycache__/threading.cpython-314.pyc", O_RDONLY|O_CLOEXEC) = 3
770702 newfstatat(AT_FDCWD, "/home/firstmate/.no-mistakes/worktrees/8352e211db7e/01M4F29HK4JCAKXEQ2F50R6HHX/bin", {st_mode=S_IFDIR|0775, st_size=12288, ...}, 0) = 0
770702 newfstatat(AT_FDCWD, "/usr/lib/python3.14", {st_mode=S_IFDIR|0755, st_size=20480, ...}, 0) = 0
770702 newfstatat(AT_FDCWD, "/usr/lib/python3.14/_weakrefset.py", {st_mode=S_IFREG|0644, st_size=3962, ...}, 0) = 0
770702 newfstatat(AT_FDCWD, "/usr/lib/python3.14/_weakrefset.py", {st_mode=S_IFREG|0644, st_size=3962, ...}, 0) = 0
770702 openat(AT_FDCWD, "/usr/lib/python3.14/__pycache__/_weakrefset.cpython-314.pyc", O_RDONLY|O_CLOEXEC) = 3
770702 newfstatat(AT_FDCWD, "/home/firstmate/.no-mistakes/worktrees/8352e211db7e/01M4F29HK4JCAKXEQ2F50R6HHX/bin", {st_mode=S_IFDIR|0775, st_size=12288, ...}, 0) = 0
770702 newfstatat(AT_FDCWD, "/usr/lib/python3.14", {st_mode=S_IFDIR|0755, st_size=20480, ...}, 0) = 0
770702 newfstatat(AT_FDCWD, "/usr/lib/python3.14/warnings.py", {st_mode=S_IFREG|0644, st_size=1966, ...}, 0) = 0
770702 newfstatat(AT_FDCWD, "/usr/lib/python3.14/warnings.py", {st_mode=S_IFREG|0644, st_size=1966, ...}, 0) = 0
770702 openat(AT_FDCWD, "/usr/lib/python3.14/__pycache__/warnings.cpython-314.pyc", O_RDONLY|O_CLOEXEC) = 3
770702 newfstatat(AT_FDCWD, "/home/firstmate/.no-mistakes/worktrees/8352e211db7e/01M4F29HK4JCAKXEQ2F50R6HHX/bin", {st_mode=S_IFDIR|0775, st_size=12288, ...}, 0) = 0
770702 newfstatat(AT_FDCWD, "/usr/lib/python3.14", {st_mode=S_IFDIR|0755, st_size=20480, ...}, 0) = 0
770702 newfstatat(AT_FDCWD, "/usr/lib/python3.14/_py_warnings.py", {st_mode=S_IFREG|0644, st_size=30631, ...}, 0) = 0
770702 newfstatat(AT_FDCWD, "/usr/lib/python3.14/_py_warnings.py", {st_mode=S_IFREG|0644, st_size=30631, ...}, 0) = 0
770702 openat(AT_FDCWD, "/usr/lib/python3.14/__pycache__/_py_warnings.cpython-314.pyc", O_RDONLY|O_CLOEXEC) = 3
770702 newfstatat(AT_FDCWD, "/home/firstmate/.no-mistakes/worktrees/8352e211db7e/01M4F29HK4JCAKXEQ2F50R6HHX/bin", {st_mode=S_IFDIR|0775, st_size=12288, ...}, 0) = 0
770702 newfstatat(AT_FDCWD, "/usr/lib/python3.14", {st_mode=S_IFDIR|0755, st_size=20480, ...}, 0) = 0
770702 newfstatat(AT_FDCWD, "/usr/lib/python3.14/lib-dynload", {st_mode=S_IFDIR|0755, st_size=16384, ...}, 0) = 0
770702 newfstatat(AT_FDCWD, "/home/firstmate/.local/lib/python3.14/site-packages", {st_mode=S_IFDIR|0775, st_size=4096, ...}, 0) = 0
770702 newfstatat(AT_FDCWD, "/usr/local/lib/python3.14/dist-packages", {st_mode=S_IFDIR|0755, st_size=4096, ...}, 0) = 0
770702 newfstatat(AT_FDCWD, "/usr/lib/python3/dist-packages", {st_mode=S_IFDIR|0755, st_size=12288, ...}, 0) = 0
770702 newfstatat(AT_FDCWD, "/home/firstmate/.no-mistakes/worktrees/8352e211db7e/01M4F29HK4JCAKXEQ2F50R6HHX/bin", {st_mode=S_IFDIR|0775, st_size=12288, ...}, 0) = 0
770702 newfstatat(AT_FDCWD, "/usr/lib/python3.14", {st_mode=S_IFDIR|0755, st_size=20480, ...}, 0) = 0
770702 newfstatat(AT_FDCWD, "/usr/lib/python3.14/selectors.py", {st_mode=S_IFREG|0644, st_size=19457, ...}, 0) = 0
770702 newfstatat(AT_FDCWD, "/usr/lib/python3.14/selectors.py", {st_mode=S_IFREG|0644, st_size=19457, ...}, 0) = 0
770702 openat(AT_FDCWD, "/usr/lib/python3.14/__pycache__/selectors.cpython-314.pyc", O_RDONLY|O_CLOEXEC) = 3
770702 newfstatat(AT_FDCWD, "/home/firstmate/.no-mistakes/worktrees/8352e211db7e/01M4F29HK4JCAKXEQ2F50R6HHX/bin", {st_mode=S_IFDIR|0775, st_size=12288, ...}, 0) = 0
770702 newfstatat(AT_FDCWD, "/usr/lib/python3.14", {st_mode=S_IFDIR|0755, st_size=20480, ...}, 0) = 0
770702 newfstatat(AT_FDCWD, "/usr/lib/python3.14/tomllib/__init__.cpython-314-x86_64-linux-gnu.so", 0x7ffc10918190, 0) = -1 ENOENT (No such file or directory)
770702 newfstatat(AT_FDCWD, "/usr/lib/python3.14/tomllib/__init__.abi3.so", 0x7ffc10918190, 0) = -1 ENOENT (No such file or directory)
770702 newfstatat(AT_FDCWD, "/usr/lib/python3.14/tomllib/__init__.abi3-x86_64-linux-gnu.so", 0x7ffc10918190, 0) = -1 ENOENT (No such file or directory)
770702 newfstatat(AT_FDCWD, "/usr/lib/python3.14/tomllib/__init__.so", 0x7ffc10918190, 0) = -1 ENOENT (No such file or directory)
770702 newfstatat(AT_FDCWD, "/usr/lib/python3.14/tomllib/__init__.py", {st_mode=S_IFREG|0644, st_size=308, ...}, 0) = 0
770702 newfstatat(AT_FDCWD, "/usr/lib/python3.14/tomllib/__init__.py", {st_mode=S_IFREG|0644, st_size=308, ...}, 0) = 0
770702 openat(AT_FDCWD, "/usr/lib/python3.14/tomllib/__pycache__/__init__.cpython-314.pyc", O_RDONLY|O_CLOEXEC) = 3
770702 newfstatat(AT_FDCWD, "/usr/lib/python3.14/tomllib", {st_mode=S_IFDIR|0755, st_size=4096, ...}, 0) = 0
770702 newfstatat(AT_FDCWD, "/usr/lib/python3.14/tomllib", {st_mode=S_IFDIR|0755, st_size=4096, ...}, 0) = 0
770702 newfstatat(AT_FDCWD, "/usr/lib/python3.14/tomllib", {st_mode=S_IFDIR|0755, st_size=4096, ...}, 0) = 0
770702 openat(AT_FDCWD, "/usr/lib/python3.14/tomllib", O_RDONLY|O_NONBLOCK|O_CLOEXEC|O_DIRECTORY) = 3
770702 newfstatat(AT_FDCWD, "/usr/lib/python3.14/tomllib/_parser.py", {st_mode=S_IFREG|0644, st_size=24586, ...}, 0) = 0
770702 newfstatat(AT_FDCWD, "/usr/lib/python3.14/tomllib/_parser.py", {st_mode=S_IFREG|0644, st_size=24586, ...}, 0) = 0
770702 openat(AT_FDCWD, "/usr/lib/python3.14/tomllib/__pycache__/_parser.cpython-314.pyc", O_RDONLY|O_CLOEXEC) = 3
770702 newfstatat(AT_FDCWD, "/home/firstmate/.no-mistakes/worktrees/8352e211db7e/01M4F29HK4JCAKXEQ2F50R6HHX/bin", {st_mode=S_IFDIR|0775, st_size=12288, ...}, 0) = 0
770702 newfstatat(AT_FDCWD, "/usr/lib/python3.14", {st_mode=S_IFDIR|0755, st_size=20480, ...}, 0) = 0
770702 newfstatat(AT_FDCWD, "/usr/lib/python3.14/__future__.py", {st_mode=S_IFREG|0644, st_size=5218, ...}, 0) = 0
770702 newfstatat(AT_FDCWD, "/usr/lib/python3.14/__future__.py", {st_mode=S_IFREG|0644, st_size=5218, ...}, 0) = 0
770702 openat(AT_FDCWD, "/usr/lib/python3.14/__pycache__/__future__.cpython-314.pyc", O_RDONLY|O_CLOEXEC) = 3
770702 newfstatat(AT_FDCWD, "/usr/lib/python3.14/tomllib", {st_mode=S_IFDIR|0755, st_size=4096, ...}, 0) = 0
770702 newfstatat(AT_FDCWD, "/usr/lib/python3.14/tomllib/_re.py", {st_mode=S_IFREG|0644, st_size=3192, ...}, 0) = 0
770702 newfstatat(AT_FDCWD, "/usr/lib/python3.14/tomllib/_re.py", {st_mode=S_IFREG|0644, st_size=3192, ...}, 0) = 0
770702 openat(AT_FDCWD, "/usr/lib/python3.14/tomllib/__pycache__/_re.cpython-314.pyc", O_RDONLY|O_CLOEXEC) = 3
770702 newfstatat(AT_FDCWD, "/etc/nsswitch.conf", {st_mode=S_IFREG|0644, st_size=526, ...}, 0) = 0
770702 newfstatat(AT_FDCWD, "/", {st_mode=S_IFDIR|0755, st_size=4096, ...}, 0) = 0
770702 openat(AT_FDCWD, "/etc/nsswitch.conf", O_RDONLY|O_CLOEXEC) = 3
770702 openat(AT_FDCWD, "/etc/passwd", O_RDONLY|O_CLOEXEC) = 3
770702 newfstatat(AT_FDCWD, "/home", {st_mode=S_IFDIR|0755, st_size=4096, ...}, AT_SYMLINK_NOFOLLOW) = 0
770702 newfstatat(AT_FDCWD, "/home/firstmate", {st_mode=S_IFDIR|0750, st_size=16384, ...}, AT_SYMLINK_NOFOLLOW) = 0
770702 newfstatat(AT_FDCWD, "/home/firstmate/.no-mistakes", {st_mode=S_IFDIR|0755, st_size=4096, ...}, AT_SYMLINK_NOFOLLOW) = 0
770702 newfstatat(AT_FDCWD, "/home/firstmate/.no-mistakes/worktrees", {st_mode=S_IFDIR|0755, st_size=4096, ...}, AT_SYMLINK_NOFOLLOW) = 0
770702 newfstatat(AT_FDCWD, "/home/firstmate/.no-mistakes/worktrees/8352e211db7e", {st_mode=S_IFDIR|0775, st_size=4096, ...}, AT_SYMLINK_NOFOLLOW) = 0
770702 newfstatat(AT_FDCWD, "/home/firstmate/.no-mistakes/worktrees/8352e211db7e/01M4F29HK4JCAKXEQ2F50R6HHX", {st_mode=S_IFDIR|0775, st_size=4096, ...}, AT_SYMLINK_NOFOLLOW) = 0
770702 newfstatat(AT_FDCWD, "/home/firstmate/.no-mistakes/worktrees/8352e211db7e/01M4F29HK4JCAKXEQ2F50R6HHX/bin", {st_mode=S_IFDIR|0775, st_size=12288, ...}, AT_SYMLINK_NOFOLLOW) = 0
770702 newfstatat(AT_FDCWD, "/home/firstmate/.no-mistakes/worktrees/8352e211db7e/01M4F29HK4JCAKXEQ2F50R6HHX/bin/fm-courier-pickup.py", {st_mode=S_IFREG|0775, st_size=30953, ...}, AT_SYMLINK_NOFOLLOW) = 0
770702 openat(AT_FDCWD, "/home/firstmate/.no-mistakes/worktrees/8352e211db7e/01M4F29HK4JCAKXEQ2F50R6HHX/.test-tmp/boundary/home/state/imessage/binding.json", O_RDONLY|O_CLOEXEC) = 3
770702 mkdir("/home/firstmate/.no-mistakes/worktrees/8352e211db7e/01M4F29HK4JCAKXEQ2F50R6HHX/.test-tmp/boundary/home/state/courier-pickup", 0700) = -1 EEXIST (File exists)
770702 newfstatat(AT_FDCWD, "/home/firstmate/.no-mistakes/worktrees/8352e211db7e/01M4F29HK4JCAKXEQ2F50R6HHX/.test-tmp/boundary/home/state/courier-pickup", {st_mode=S_IFDIR|0700, st_size=4096, ...}, 0) = 0
770702 openat(AT_FDCWD, "/home/firstmate/.no-mistakes/worktrees/8352e211db7e/01M4F29HK4JCAKXEQ2F50R6HHX/.test-tmp/boundary/home/state/courier-pickup/lock", O_WRONLY|O_CREAT|O_NOFOLLOW|O_CLOEXEC, 0600) = 3
770702 newfstatat(AT_FDCWD, "/home/firstmate/.no-mistakes/worktrees/8352e211db7e/01M4F29HK4JCAKXEQ2F50R6HHX/.test-tmp/boundary/home/state/courier-pickup/state.json", {st_mode=S_IFREG|0600, st_size=683, ...}, 0) = 0
770702 openat(AT_FDCWD, "/home/firstmate/.no-mistakes/worktrees/8352e211db7e/01M4F29HK4JCAKXEQ2F50R6HHX/.test-tmp/boundary/home/state/courier-pickup/state.json", O_RDONLY|O_CLOEXEC) = 4
770702 openat(AT_FDCWD, "/home/firstmate/.no-mistakes/worktrees/8352e211db7e/01M4F29HK4JCAKXEQ2F50R6HHX/.test-tmp/boundary/courier/srv/courier/inbox", O_RDONLY|O_NOFOLLOW|O_CLOEXEC|O_DIRECTORY) = 4
770702 openat(4, "result-fm-2c30037f1637716b291c8a2ad632bc2fa53a48956a8fde39.boundary.json", O_RDONLY|O_NONBLOCK|O_NOFOLLOW|O_CLOEXEC) = 5
770753 execve("/home/firstmate/.no-mistakes/worktrees/8352e211db7e/01M4F29HK4JCAKXEQ2F50R6HHX/bin/fm-inbox.sh", ["/home/firstmate/.no-mistakes/wor"..., "conversation", "playback"], 0x751a985fd2b0 /* 6 vars */) = 0
770753 access("/etc/ld.so.preload", R_OK) = -1 ENOENT (No such file or directory)
770753 openat(AT_FDCWD, "/etc/ld.so.cache", O_RDONLY|O_CLOEXEC) = 3
770753 openat(AT_FDCWD, "/usr/lib/x86_64-linux-gnu/libselinux.so.1", O_RDONLY|O_CLOEXEC) = 3
770753 openat(AT_FDCWD, "/usr/lib/x86_64-linux-gnu/libgcc_s.so.1", O_RDONLY|O_CLOEXEC) = 3
770753 openat(AT_FDCWD, "/usr/lib/x86_64-linux-gnu/libm.so.6", O_RDONLY|O_CLOEXEC) = 3
770753 openat(AT_FDCWD, "/usr/lib/x86_64-linux-gnu/libc.so.6", O_RDONLY|O_CLOEXEC) = 3
770753 openat(AT_FDCWD, "/usr/lib/x86_64-linux-gnu/libpcre2-8.so.0", O_RDONLY|O_CLOEXEC) = 3
770753 statfs("/sys/fs/selinux", 0x7ffd5a806780) = -1 ENOENT (No such file or directory)
770753 statfs("/selinux", 0x7ffd5a806780) = -1 ENOENT (No such file or directory)
770753 openat(AT_FDCWD, "/proc/filesystems", O_RDONLY|O_CLOEXEC) = 3
770753 access("/etc/selinux/config", F_OK) = -1 ENOENT (No such file or directory)
770753 openat(AT_FDCWD, "/proc/self/maps", O_RDONLY|O_CLOEXEC) = 3
770753 openat(AT_FDCWD, "/home/firstmate/.no-mistakes/worktrees/8352e211db7e/01M4F29HK4JCAKXEQ2F50R6HHX/bin/fm-inbox.sh", O_RDONLY|O_CLOEXEC) = 3
770753 statx(AT_FDCWD, "/usr/share/coreutils/locales/env", AT_STATX_SYNC_AS_STAT, STATX_ALL, {stx_mask=STATX_ALL|STATX_MNT_ID, stx_attributes=0, stx_mode=S_IFDIR|0755, stx_size=4096, ...}) = 0
770753 statx(AT_FDCWD, "/usr/share/coreutils/locales/uucore", AT_STATX_SYNC_AS_STAT, STATX_ALL, {stx_mask=STATX_ALL|STATX_MNT_ID, stx_attributes=0, stx_mode=S_IFDIR|0755, stx_size=4096, ...}) = 0
770753 openat(AT_FDCWD, "/usr/share/coreutils/locales/uucore/en-US.ftl", O_RDONLY|O_CLOEXEC) = 3
770753 statx(3, "", AT_STATX_SYNC_AS_STAT|AT_EMPTY_PATH, STATX_ALL, {stx_mask=STATX_ALL|STATX_MNT_ID, stx_attributes=0, stx_mode=S_IFREG|0644, stx_size=4080, ...}) = 0
770753 statx(AT_FDCWD, "/usr/share/coreutils/locales/env", AT_STATX_SYNC_AS_STAT, STATX_ALL, {stx_mask=STATX_ALL|STATX_MNT_ID, stx_attributes=0, stx_mode=S_IFDIR|0755, stx_size=4096, ...}) = 0
770753 openat(AT_FDCWD, "/usr/share/coreutils/locales/env/en-US.ftl", O_RDONLY|O_CLOEXEC) = -1 ENOENT (No such file or directory)
770753 execve("/home/firstmate/.local/codex-latest/lib/node_modules/@openai/codex/node_modules/@openai/codex-linux-x64/vendor/x86_64-unknown-linux-musl/codex-path/bash", ["bash", "/home/firstmate/.no-mistakes/wor"..., "conversation", "playback"], 0x7ffd5a806958 /* 6 vars */) = -1 ENOENT (No such file or directory)
770753 execve("/home/firstmate/.codex-5/tmp/arg0/codex-arg065EgpK/bash", ["bash", "/home/firstmate/.no-mistakes/wor"..., "conversation", "playback"], 0x7ffd5a806958 /* 6 vars */) = -1 ENOENT (No such file or directory)
770753 execve("/home/firstmate/.local/codex-latest/lib/node_modules/@openai/codex/node_modules/@openai/codex-linux-x64/vendor/x86_64-unknown-linux-musl/codex-path/bash", ["bash", "/home/firstmate/.no-mistakes/wor"..., "conversation", "playback"], 0x7ffd5a806958 /* 6 vars */) = -1 ENOENT (No such file or directory)
770753 execve("/home/firstmate/.local/bin/bash", ["bash", "/home/firstmate/.no-mistakes/wor"..., "conversation", "playback"], 0x7ffd5a806958 /* 6 vars */) = -1 ENOENT (No such file or directory)
770753 execve("/home/firstmate/go/bin/bash", ["bash", "/home/firstmate/.no-mistakes/wor"..., "conversation", "playback"], 0x7ffd5a806958 /* 6 vars */) = -1 ENOENT (No such file or directory)
770753 execve("/home/firstmate/.cargo/bin/bash", ["bash", "/home/firstmate/.no-mistakes/wor"..., "conversation", "playback"], 0x7ffd5a806958 /* 6 vars */) = -1 ENOENT (No such file or directory)
770753 execve("/home/firstmate/bin/bash", ["bash", "/home/firstmate/.no-mistakes/wor"..., "conversation", "playback"], 0x7ffd5a806958 /* 6 vars */) = -1 ENOENT (No such file or directory)
770753 execve("/opt/homebrew/bin/bash", ["bash", "/home/firstmate/.no-mistakes/wor"..., "conversation", "playback"], 0x7ffd5a806958 /* 6 vars */) = -1 ENOENT (No such file or directory)
770753 execve("/opt/homebrew/sbin/bash", ["bash", "/home/firstmate/.no-mistakes/wor"..., "conversation", "playback"], 0x7ffd5a806958 /* 6 vars */) = -1 ENOENT (No such file or directory)
770753 execve("/usr/local/bin/bash", ["bash", "/home/firstmate/.no-mistakes/wor"..., "conversation", "playback"], 0x7ffd5a806958 /* 6 vars */) = -1 ENOENT (No such file or directory)
770753 execve("/usr/local/sbin/bash", ["bash", "/home/firstmate/.no-mistakes/wor"..., "conversation", "playback"], 0x7ffd5a806958 /* 6 vars */) = -1 ENOENT (No such file or directory)
770753 execve("/usr/bin/bash", ["bash", "/home/firstmate/.no-mistakes/wor"..., "conversation", "playback"], 0x7ffd5a806958 /* 6 vars */) = 0
770753 access("/etc/ld.so.preload", R_OK) = -1 ENOENT (No such file or directory)
770753 openat(AT_FDCWD, "/etc/ld.so.cache", O_RDONLY|O_CLOEXEC) = 3
770753 openat(AT_FDCWD, "/usr/lib/x86_64-linux-gnu/libtinfo.so.6", O_RDONLY|O_CLOEXEC) = 3
770753 openat(AT_FDCWD, "/usr/lib/x86_64-linux-gnu/libc.so.6", O_RDONLY|O_CLOEXEC) = 3
770753 openat(AT_FDCWD, "/dev/tty", O_RDWR|O_NONBLOCK) = -1 ENXIO (No such device or address)
770753 openat(AT_FDCWD, "/usr/lib/locale/locale-archive", O_RDONLY|O_CLOEXEC) = 3
770753 openat(AT_FDCWD, "/usr/share/locale/locale.alias", O_RDONLY|O_CLOEXEC) = -1 ENOENT (No such file or directory)
770753 openat(AT_FDCWD, "/usr/lib/locale/C.UTF-8/LC_IDENTIFICATION", O_RDONLY|O_CLOEXEC) = -1 ENOENT (No such file or directory)
770753 openat(AT_FDCWD, "/usr/lib/locale/C.utf8/LC_IDENTIFICATION", O_RDONLY|O_CLOEXEC) = 3
770753 openat(AT_FDCWD, "/usr/lib/x86_64-linux-gnu/gconv/gconv-modules.cache", O_RDONLY|O_CLOEXEC) = 3
770753 openat(AT_FDCWD, "/usr/lib/locale/C.UTF-8/LC_MEASUREMENT", O_RDONLY|O_CLOEXEC) = -1 ENOENT (No such file or directory)
770753 openat(AT_FDCWD, "/usr/lib/locale/C.utf8/LC_MEASUREMENT", O_RDONLY|O_CLOEXEC) = 3
770753 openat(AT_FDCWD, "/usr/lib/locale/C.UTF-8/LC_TELEPHONE", O_RDONLY|O_CLOEXEC) = -1 ENOENT (No such file or directory)
770753 openat(AT_FDCWD, "/usr/lib/locale/C.utf8/LC_TELEPHONE", O_RDONLY|O_CLOEXEC) = 3
770753 openat(AT_FDCWD, "/usr/lib/locale/C.UTF-8/LC_ADDRESS", O_RDONLY|O_CLOEXEC) = -1 ENOENT (No such file or directory)
770753 openat(AT_FDCWD, "/usr/lib/locale/C.utf8/LC_ADDRESS", O_RDONLY|O_CLOEXEC) = 3
770753 openat(AT_FDCWD, "/usr/lib/locale/C.UTF-8/LC_NAME", O_RDONLY|O_CLOEXEC) = -1 ENOENT (No such file or directory)
770753 openat(AT_FDCWD, "/usr/lib/locale/C.utf8/LC_NAME", O_RDONLY|O_CLOEXEC) = 3
770753 openat(AT_FDCWD, "/usr/lib/locale/C.UTF-8/LC_PAPER", O_RDONLY|O_CLOEXEC) = -1 ENOENT (No such file or directory)
770753 openat(AT_FDCWD, "/usr/lib/locale/C.utf8/LC_PAPER", O_RDONLY|O_CLOEXEC) = 3
770753 openat(AT_FDCWD, "/usr/lib/locale/C.UTF-8/LC_MESSAGES", O_RDONLY|O_CLOEXEC) = -1 ENOENT (No such file or directory)
770753 openat(AT_FDCWD, "/usr/lib/locale/C.utf8/LC_MESSAGES", O_RDONLY|O_CLOEXEC) = 3
770753 openat(AT_FDCWD, "/usr/lib/locale/C.utf8/LC_MESSAGES/SYS_LC_MESSAGES", O_RDONLY|O_CLOEXEC) = 3
770753 openat(AT_FDCWD, "/usr/lib/locale/C.UTF-8/LC_MONETARY", O_RDONLY|O_CLOEXEC) = -1 ENOENT (No such file or directory)
770753 openat(AT_FDCWD, "/usr/lib/locale/C.utf8/LC_MONETARY", O_RDONLY|O_CLOEXEC) = 3
770753 openat(AT_FDCWD, "/usr/lib/locale/C.UTF-8/LC_COLLATE", O_RDONLY|O_CLOEXEC) = -1 ENOENT (No such file or directory)
770753 openat(AT_FDCWD, "/usr/lib/locale/C.utf8/LC_COLLATE", O_RDONLY|O_CLOEXEC) = 3
770753 openat(AT_FDCWD, "/usr/lib/locale/C.UTF-8/LC_TIME", O_RDONLY|O_CLOEXEC) = -1 ENOENT (No such file or directory)
770753 openat(AT_FDCWD, "/usr/lib/locale/C.utf8/LC_TIME", O_RDONLY|O_CLOEXEC) = 3
770753 openat(AT_FDCWD, "/usr/lib/locale/C.UTF-8/LC_NUMERIC", O_RDONLY|O_CLOEXEC) = -1 ENOENT (No such file or directory)
770753 openat(AT_FDCWD, "/usr/lib/locale/C.utf8/LC_NUMERIC", O_RDONLY|O_CLOEXEC) = 3
770753 openat(AT_FDCWD, "/usr/lib/locale/C.UTF-8/LC_CTYPE", O_RDONLY|O_CLOEXEC) = -1 ENOENT (No such file or directory)
770753 openat(AT_FDCWD, "/usr/lib/locale/C.utf8/LC_CTYPE", O_RDONLY|O_CLOEXEC) = 3
770753 getcwd("/home/firstmate/.no-mistakes/worktrees/8352e211db7e/01M4F29HK4JCAKXEQ2F50R6HHX", 4096) = 79
770753 newfstatat(AT_FDCWD, ".", {st_mode=S_IFDIR|0775, st_size=4096, ...}, 0) = 0
770753 newfstatat(AT_FDCWD, "/home/firstmate/.local/codex-latest/lib/node_modules/@openai/codex/node_modules/@openai/codex-linux-x64/vendor/x86_64-unknown-linux-musl/codex-path/bash", 0x7fffc59fda40, 0) = -1 ENOENT (No such file or directory)
770753 newfstatat(AT_FDCWD, "/home/firstmate/.codex-5/tmp/arg0/codex-arg065EgpK/bash", 0x7fffc59fda40, 0) = -1 ENOENT (No such file or directory)
770753 newfstatat(AT_FDCWD, "/home/firstmate/.local/codex-latest/lib/node_modules/@openai/codex/node_modules/@openai/codex-linux-x64/vendor/x86_64-unknown-linux-musl/codex-path/bash", 0x7fffc59fda40, 0) = -1 ENOENT (No such file or directory)
770753 newfstatat(AT_FDCWD, "/home/firstmate/.local/bin/bash", 0x7fffc59fda40, 0) = -1 ENOENT (No such file or directory)
770753 newfstatat(AT_FDCWD, "/home/firstmate/go/bin/bash", 0x7fffc59fda40, 0) = -1 ENOENT (No such file or directory)
770753 newfstatat(AT_FDCWD, "/home/firstmate/.cargo/bin/bash", 0x7fffc59fda40, 0) = -1 ENOENT (No such file or directory)
770753 newfstatat(AT_FDCWD, "/home/firstmate/bin/bash", 0x7fffc59fda40, 0) = -1 ENOENT (No such file or directory)
770753 newfstatat(AT_FDCWD, "/opt/homebrew/bin/bash", 0x7fffc59fda40, 0) = -1 ENOENT (No such file or directory)
770753 newfstatat(AT_FDCWD, "/opt/homebrew/sbin/bash", 0x7fffc59fda40, 0) = -1 ENOENT (No such file or directory)
770753 newfstatat(AT_FDCWD, "/usr/local/bin/bash", 0x7fffc59fda40, 0) = -1 ENOENT (No such file or directory)
770753 newfstatat(AT_FDCWD, "/usr/local/sbin/bash", 0x7fffc59fda40, 0) = -1 ENOENT (No such file or directory)
770753 newfstatat(AT_FDCWD, "/usr/bin/bash", {st_mode=S_IFREG|0755, st_size=1540520, ...}, 0) = 0
770753 newfstatat(AT_FDCWD, "/usr/bin/bash", {st_mode=S_IFREG|0755, st_size=1540520, ...}, 0) = 0
770753 access("/usr/bin/bash", X_OK)    = 0
770753 newfstatat(AT_FDCWD, "/usr/bin/bash", {st_mode=S_IFREG|0755, st_size=1540520, ...}, 0) = 0
770753 access("/usr/bin/bash", R_OK)    = 0
770753 newfstatat(AT_FDCWD, "/etc/nsswitch.conf", {st_mode=S_IFREG|0644, st_size=526, ...}, 0) = 0
770753 newfstatat(AT_FDCWD, "/", {st_mode=S_IFDIR|0755, st_size=4096, ...}, 0) = 0
770753 openat(AT_FDCWD, "/etc/nsswitch.conf", O_RDONLY|O_CLOEXEC) = 3
770753 openat(AT_FDCWD, "/etc/passwd", O_RDONLY|O_CLOEXEC) = 3
770753 openat(AT_FDCWD, "/home/firstmate/.no-mistakes/worktrees/8352e211db7e/01M4F29HK4JCAKXEQ2F50R6HHX/bin/fm-inbox.sh", O_RDONLY) = 3
770753 newfstatat(AT_FDCWD, "/home/firstmate/.no-mistakes/worktrees/8352e211db7e/01M4F29HK4JCAKXEQ2F50R6HHX/bin/fm-inbox.sh", {st_mode=S_IFREG|0775, st_size=17467, ...}, 0) = 0
770753 newfstatat(AT_FDCWD, "/home/firstmate/.toolbox/bin", 0x7fffc59fd840, 0) = -1 ENOENT (No such file or directory)
770763 newfstatat(AT_FDCWD, ".", {st_mode=S_IFDIR|0775, st_size=4096, ...}, 0) = 0
770763 newfstatat(AT_FDCWD, "/home/firstmate/.local/codex-latest/lib/node_modules/@openai/codex/node_modules/@openai/codex-linux-x64/vendor/x86_64-unknown-linux-musl/codex-path/dirname", 0x7fffc59fc600, 0) = -1 ENOENT (No such file or directory)
770763 newfstatat(AT_FDCWD, "/home/firstmate/.codex-5/tmp/arg0/codex-arg065EgpK/dirname", 0x7fffc59fc600, 0) = -1 ENOENT (No such file or directory)
770763 newfstatat(AT_FDCWD, "/home/firstmate/.local/codex-latest/lib/node_modules/@openai/codex/node_modules/@openai/codex-linux-x64/vendor/x86_64-unknown-linux-musl/codex-path/dirname", 0x7fffc59fc600, 0) = -1 ENOENT (No such file or directory)
770763 newfstatat(AT_FDCWD, "/home/firstmate/.local/bin/dirname", 0x7fffc59fc600, 0) = -1 ENOENT (No such file or directory)
770763 newfstatat(AT_FDCWD, "/home/firstmate/go/bin/dirname", 0x7fffc59fc600, 0) = -1 ENOENT (No such file or directory)
770763 newfstatat(AT_FDCWD, "/home/firstmate/.cargo/bin/dirname", 0x7fffc59fc600, 0) = -1 ENOENT (No such file or directory)
770763 newfstatat(AT_FDCWD, "/home/firstmate/bin/dirname", 0x7fffc59fc600, 0) = -1 ENOENT (No such file or directory)
770763 newfstatat(AT_FDCWD, "/opt/homebrew/bin/dirname", 0x7fffc59fc600, 0) = -1 ENOENT (No such file or directory)
770763 newfstatat(AT_FDCWD, "/opt/homebrew/sbin/dirname", 0x7fffc59fc600, 0) = -1 ENOENT (No such file or directory)
770763 newfstatat(AT_FDCWD, "/usr/local/bin/dirname", 0x7fffc59fc600, 0) = -1 ENOENT (No such file or directory)
770763 newfstatat(AT_FDCWD, "/usr/local/sbin/dirname", 0x7fffc59fc600, 0) = -1 ENOENT (No such file or directory)
770763 newfstatat(AT_FDCWD, "/usr/bin/dirname", {st_mode=S_IFREG|0755, st_size=11352352, ...}, 0) = 0
770763 newfstatat(AT_FDCWD, "/usr/bin/dirname", {st_mode=S_IFREG|0755, st_size=11352352, ...}, 0) = 0
770763 access("/usr/bin/dirname", X_OK) = 0
770763 newfstatat(AT_FDCWD, "/usr/bin/dirname", {st_mode=S_IFREG|0755, st_size=11352352, ...}, 0) = 0
770763 access("/usr/bin/dirname", R_OK) = 0
770763 execve("/usr/bin/dirname", ["dirname", "/home/firstmate/.no-mistakes/wor"...], 0x64f233cdb090 /* 9 vars */) = 0
770763 access("/etc/ld.so.preload", R_OK) = -1 ENOENT (No such file or directory)
770763 openat(AT_FDCWD, "/etc/ld.so.cache", O_RDONLY|O_CLOEXEC) = 3
770763 openat(AT_FDCWD, "/usr/lib/x86_64-linux-gnu/libselinux.so.1", O_RDONLY|O_CLOEXEC) = 3
770763 openat(AT_FDCWD, "/usr/lib/x86_64-linux-gnu/libgcc_s.so.1", O_RDONLY|O_CLOEXEC) = 3
770763 openat(AT_FDCWD, "/usr/lib/x86_64-linux-gnu/libm.so.6", O_RDONLY|O_CLOEXEC) = 3
770763 openat(AT_FDCWD, "/usr/lib/x86_64-linux-gnu/libc.so.6", O_RDONLY|O_CLOEXEC) = 3
770763 openat(AT_FDCWD, "/usr/lib/x86_64-linux-gnu/libpcre2-8.so.0", O_RDONLY|O_CLOEXEC) = 3
770763 statfs("/sys/fs/selinux", 0x7ffd37d05de0) = -1 ENOENT (No such file or directory)
770763 statfs("/selinux", 0x7ffd37d05de0) = -1 ENOENT (No such file or directory)
770763 openat(AT_FDCWD, "/proc/filesystems", O_RDONLY|O_CLOEXEC) = 3
770763 access("/etc/selinux/config", F_OK) = -1 ENOENT (No such file or directory)
770763 openat(AT_FDCWD, "/proc/self/maps", O_RDONLY|O_CLOEXEC) = 3
770763 statx(AT_FDCWD, "/usr/share/coreutils/locales/dirname", AT_STATX_SYNC_AS_STAT, STATX_ALL, {stx_mask=STATX_ALL|STATX_MNT_ID, stx_attributes=0, stx_mode=S_IFDIR|0755, stx_size=4096, ...}) = 0
770763 statx(AT_FDCWD, "/usr/share/coreutils/locales/uucore", AT_STATX_SYNC_AS_STAT, STATX_ALL, {stx_mask=STATX_ALL|STATX_MNT_ID, stx_attributes=0, stx_mode=S_IFDIR|0755, stx_size=4096, ...}) = 0
770763 openat(AT_FDCWD, "/usr/share/coreutils/locales/uucore/en-US.ftl", O_RDONLY|O_CLOEXEC) = 3
770763 statx(3, "", AT_STATX_SYNC_AS_STAT|AT_EMPTY_PATH, STATX_ALL, {stx_mask=STATX_ALL|STATX_MNT_ID, stx_attributes=0, stx_mode=S_IFREG|0644, stx_size=4080, ...}) = 0
770763 statx(AT_FDCWD, "/usr/share/coreutils/locales/dirname", AT_STATX_SYNC_AS_STAT, STATX_ALL, {stx_mask=STATX_ALL|STATX_MNT_ID, stx_attributes=0, stx_mode=S_IFDIR|0755, stx_size=4096, ...}) = 0
770763 openat(AT_FDCWD, "/usr/share/coreutils/locales/dirname/en-US.ftl", O_RDONLY|O_CLOEXEC) = -1 ENOENT (No such file or directory)
770763 +++ exited with 0 +++
770762 --- SIGCHLD {si_signo=SIGCHLD, si_code=CLD_EXITED, si_pid=770763, si_uid=0, si_status=0, si_utime=0, si_stime=0} ---
770762 newfstatat(AT_FDCWD, "/home", {st_mode=S_IFDIR|0755, st_size=4096, ...}, 0) = 0
770762 newfstatat(AT_FDCWD, "/home/firstmate", {st_mode=S_IFDIR|0750, st_size=16384, ...}, 0) = 0
770762 newfstatat(AT_FDCWD, "/home/firstmate/.no-mistakes", {st_mode=S_IFDIR|0755, st_size=4096, ...}, 0) = 0
770762 newfstatat(AT_FDCWD, "/home/firstmate/.no-mistakes/worktrees", {st_mode=S_IFDIR|0755, st_size=4096, ...}, 0) = 0
770762 newfstatat(AT_FDCWD, "/home/firstmate/.no-mistakes/worktrees/8352e211db7e", {st_mode=S_IFDIR|0775, st_size=4096, ...}, 0) = 0
770762 newfstatat(AT_FDCWD, "/home/firstmate/.no-mistakes/worktrees/8352e211db7e/01M4F29HK4JCAKXEQ2F50R6HHX", {st_mode=S_IFDIR|0775, st_size=4096, ...}, 0) = 0
770762 newfstatat(AT_FDCWD, "/home/firstmate/.no-mistakes/worktrees/8352e211db7e/01M4F29HK4JCAKXEQ2F50R6HHX/bin", {st_mode=S_IFDIR|0775, st_size=12288, ...}, 0) = 0
770762 chdir("/home/firstmate/.no-mistakes/worktrees/8352e211db7e/01M4F29HK4JCAKXEQ2F50R6HHX/bin") = 0
770762 +++ exited with 0 +++
770753 --- SIGCHLD {si_signo=SIGCHLD, si_code=CLD_EXITED, si_pid=770762, si_uid=0, si_status=0, si_utime=0, si_stime=0} ---
770768 newfstatat(AT_FDCWD, "/home", {st_mode=S_IFDIR|0755, st_size=4096, ...}, 0) = 0
770768 newfstatat(AT_FDCWD, "/home/firstmate", {st_mode=S_IFDIR|0750, st_size=16384, ...}, 0) = 0
770768 newfstatat(AT_FDCWD, "/home/firstmate/.no-mistakes", {st_mode=S_IFDIR|0755, st_size=4096, ...}, 0) = 0
770768 newfstatat(AT_FDCWD, "/home/firstmate/.no-mistakes/worktrees", {st_mode=S_IFDIR|0755, st_size=4096, ...}, 0) = 0
770768 newfstatat(AT_FDCWD, "/home/firstmate/.no-mistakes/worktrees/8352e211db7e", {st_mode=S_IFDIR|0775, st_size=4096, ...}, 0) = 0
770768 newfstatat(AT_FDCWD, "/home/firstmate/.no-mistakes/worktrees/8352e211db7e/01M4F29HK4JCAKXEQ2F50R6HHX", {st_mode=S_IFDIR|0775, st_size=4096, ...}, 0) = 0
770768 newfstatat(AT_FDCWD, "/home/firstmate/.no-mistakes/worktrees/8352e211db7e/01M4F29HK4JCAKXEQ2F50R6HHX/bin", {st_mode=S_IFDIR|0775, st_size=12288, ...}, 0) = 0
770768 newfstatat(AT_FDCWD, "/home/firstmate/.no-mistakes/worktrees/8352e211db7e/01M4F29HK4JCAKXEQ2F50R6HHX/bin", {st_mode=S_IFDIR|0775, st_size=12288, ...}, 0) = 0
770768 chdir("/home/firstmate/.no-mistakes/worktrees/8352e211db7e/01M4F29HK4JCAKXEQ2F50R6HHX") = 0
770768 +++ exited with 0 +++
770753 --- SIGCHLD {si_signo=SIGCHLD, si_code=CLD_EXITED, si_pid=770768, si_uid=0, si_status=0, si_utime=0, si_stime=0} ---
770771 faccessat2(AT_FDCWD, "/home/firstmate/.no-mistakes/worktrees/8352e211db7e/01M4F29HK4JCAKXEQ2F50R6HHX/.test-tmp/boundary/home/config/inbox-profile", R_OK, AT_EACCESS) = -1 ENOENT (No such file or directory)
770771 +++ exited with 0 +++
770753 --- SIGCHLD {si_signo=SIGCHLD, si_code=CLD_EXITED, si_pid=770771, si_uid=0, si_status=0, si_utime=0, si_stime=0} ---
770753 newfstatat(AT_FDCWD, "/home/firstmate/.no-mistakes/worktrees/8352e211db7e/01M4F29HK4JCAKXEQ2F50R6HHX/.test-tmp/boundary/home/.voice-conversation-lab", 0x7fffc59fd550, 0) = -1 ENOENT (No such file or directory)
770753 openat(AT_FDCWD, "/home/firstmate/.no-mistakes/worktrees/8352e211db7e/01M4F29HK4JCAKXEQ2F50R6HHX/bin/fm-wake-lib.sh", O_RDONLY) = 3
770775 newfstatat(AT_FDCWD, ".", {st_mode=S_IFDIR|0775, st_size=4096, ...}, 0) = 0
770775 newfstatat(AT_FDCWD, "/home/firstmate/.local/codex-latest/lib/node_modules/@openai/codex/node_modules/@openai/codex-linux-x64/vendor/x86_64-unknown-linux-musl/codex-path/dirname", 0x7fffc59fb7f0, 0) = -1 ENOENT (No such file or directory)
770775 newfstatat(AT_FDCWD, "/home/firstmate/.codex-5/tmp/arg0/codex-arg065EgpK/dirname", 0x7fffc59fb7f0, 0) = -1 ENOENT (No such file or directory)
770775 newfstatat(AT_FDCWD, "/home/firstmate/.local/codex-latest/lib/node_modules/@openai/codex/node_modules/@openai/codex-linux-x64/vendor/x86_64-unknown-linux-musl/codex-path/dirname", 0x7fffc59fb7f0, 0) = -1 ENOENT (No such file or directory)
770775 newfstatat(AT_FDCWD, "/home/firstmate/.local/bin/dirname", 0x7fffc59fb7f0, 0) = -1 ENOENT (No such file or directory)
770775 newfstatat(AT_FDCWD, "/home/firstmate/go/bin/dirname", 0x7fffc59fb7f0, 0) = -1 ENOENT (No such file or directory)
770775 newfstatat(AT_FDCWD, "/home/firstmate/.cargo/bin/dirname", 0x7fffc59fb7f0, 0) = -1 ENOENT (No such file or directory)
770775 newfstatat(AT_FDCWD, "/home/firstmate/bin/dirname", 0x7fffc59fb7f0, 0) = -1 ENOENT (No such file or directory)
770775 newfstatat(AT_FDCWD, "/opt/homebrew/bin/dirname", 0x7fffc59fb7f0, 0) = -1 ENOENT (No such file or directory)
770775 newfstatat(AT_FDCWD, "/opt/homebrew/sbin/dirname", 0x7fffc59fb7f0, 0) = -1 ENOENT (No such file or directory)
770775 newfstatat(AT_FDCWD, "/usr/local/bin/dirname", 0x7fffc59fb7f0, 0) = -1 ENOENT (No such file or directory)
770775 newfstatat(AT_FDCWD, "/usr/local/sbin/dirname", 0x7fffc59fb7f0, 0) = -1 ENOENT (No such file or directory)
770775 newfstatat(AT_FDCWD, "/usr/bin/dirname", {st_mode=S_IFREG|0755, st_size=11352352, ...}, 0) = 0
770775 newfstatat(AT_FDCWD, "/usr/bin/dirname", {st_mode=S_IFREG|0755, st_size=11352352, ...}, 0) = 0
770775 access("/usr/bin/dirname", X_OK) = 0
770775 newfstatat(AT_FDCWD, "/usr/bin/dirname", {st_mode=S_IFREG|0755, st_size=11352352, ...}, 0) = 0
770775 access("/usr/bin/dirname", R_OK) = 0
770775 execve("/usr/bin/dirname", ["dirname", "/home/firstmate/.no-mistakes/wor"...], 0x64f233d14640 /* 9 vars */) = 0
770775 access("/etc/ld.so.preload", R_OK) = -1 ENOENT (No such file or directory)
770775 openat(AT_FDCWD, "/etc/ld.so.cache", O_RDONLY|O_CLOEXEC) = 3
770775 openat(AT_FDCWD, "/usr/lib/x86_64-linux-gnu/libselinux.so.1", O_RDONLY|O_CLOEXEC) = 3
770775 openat(AT_FDCWD, "/usr/lib/x86_64-linux-gnu/libgcc_s.so.1", O_RDONLY|O_CLOEXEC) = 3
770775 openat(AT_FDCWD, "/usr/lib/x86_64-linux-gnu/libm.so.6", O_RDONLY|O_CLOEXEC) = 3
770775 openat(AT_FDCWD, "/usr/lib/x86_64-linux-gnu/libc.so.6", O_RDONLY|O_CLOEXEC) = 3
770775 openat(AT_FDCWD, "/usr/lib/x86_64-linux-gnu/libpcre2-8.so.0", O_RDONLY|O_CLOEXEC) = 3
770775 statfs("/sys/fs/selinux", 0x7ffee116ffe0) = -1 ENOENT (No such file or directory)
770775 statfs("/selinux", 0x7ffee116ffe0) = -1 ENOENT (No such file or directory)
770775 openat(AT_FDCWD, "/proc/filesystems", O_RDONLY|O_CLOEXEC) = 3
770775 access("/etc/selinux/config", F_OK) = -1 ENOENT (No such file or directory)
770775 openat(AT_FDCWD, "/proc/self/maps", O_RDONLY|O_CLOEXEC) = 3
770775 statx(AT_FDCWD, "/usr/share/coreutils/locales/dirname", AT_STATX_SYNC_AS_STAT, STATX_ALL, {stx_mask=STATX_ALL|STATX_MNT_ID, stx_attributes=0, stx_mode=S_IFDIR|0755, stx_size=4096, ...}) = 0
770775 statx(AT_FDCWD, "/usr/share/coreutils/locales/uucore", AT_STATX_SYNC_AS_STAT, STATX_ALL, {stx_mask=STATX_ALL|STATX_MNT_ID, stx_attributes=0, stx_mode=S_IFDIR|0755, stx_size=4096, ...}) = 0
770775 openat(AT_FDCWD, "/usr/share/coreutils/locales/uucore/en-US.ftl", O_RDONLY|O_CLOEXEC) = 3
770775 statx(3, "", AT_STATX_SYNC_AS_STAT|AT_EMPTY_PATH, STATX_ALL, {stx_mask=STATX_ALL|STATX_MNT_ID, stx_attributes=0, stx_mode=S_IFREG|0644, stx_size=4080, ...}) = 0
770775 statx(AT_FDCWD, "/usr/share/coreutils/locales/dirname", AT_STATX_SYNC_AS_STAT, STATX_ALL, {stx_mask=STATX_ALL|STATX_MNT_ID, stx_attributes=0, stx_mode=S_IFDIR|0755, stx_size=4096, ...}) = 0
770775 openat(AT_FDCWD, "/usr/share/coreutils/locales/dirname/en-US.ftl", O_RDONLY|O_CLOEXEC) = -1 ENOENT (No such file or directory)
770775 +++ exited with 0 +++
770774 --- SIGCHLD {si_signo=SIGCHLD, si_code=CLD_EXITED, si_pid=770775, si_uid=0, si_status=0, si_utime=0, si_stime=0} ---
770774 newfstatat(AT_FDCWD, "/home", {st_mode=S_IFDIR|0755, st_size=4096, ...}, 0) = 0
770774 newfstatat(AT_FDCWD, "/home/firstmate", {st_mode=S_IFDIR|0750, st_size=16384, ...}, 0) = 0
770774 newfstatat(AT_FDCWD, "/home/firstmate/.no-mistakes", {st_mode=S_IFDIR|0755, st_size=4096, ...}, 0) = 0
770774 newfstatat(AT_FDCWD, "/home/firstmate/.no-mistakes/worktrees", {st_mode=S_IFDIR|0755, st_size=4096, ...}, 0) = 0
770774 newfstatat(AT_FDCWD, "/home/firstmate/.no-mistakes/worktrees/8352e211db7e", {st_mode=S_IFDIR|0775, st_size=4096, ...}, 0) = 0
770774 newfstatat(AT_FDCWD, "/home/firstmate/.no-mistakes/worktrees/8352e211db7e/01M4F29HK4JCAKXEQ2F50R6HHX", {st_mode=S_IFDIR|0775, st_size=4096, ...}, 0) = 0
770774 newfstatat(AT_FDCWD, "/home/firstmate/.no-mistakes/worktrees/8352e211db7e/01M4F29HK4JCAKXEQ2F50R6HHX/bin", {st_mode=S_IFDIR|0775, st_size=12288, ...}, 0) = 0
770774 chdir("/home/firstmate/.no-mistakes/worktrees/8352e211db7e/01M4F29HK4JCAKXEQ2F50R6HHX/bin") = 0
770774 +++ exited with 0 +++
770753 --- SIGCHLD {si_signo=SIGCHLD, si_code=CLD_EXITED, si_pid=770774, si_uid=0, si_status=0, si_utime=0, si_stime=0} ---
770783 newfstatat(AT_FDCWD, "/home", {st_mode=S_IFDIR|0755, st_size=4096, ...}, 0) = 0
770783 newfstatat(AT_FDCWD, "/home/firstmate", {st_mode=S_IFDIR|0750, st_size=16384, ...}, 0) = 0
770783 newfstatat(AT_FDCWD, "/home/firstmate/.no-mistakes", {st_mode=S_IFDIR|0755, st_size=4096, ...}, 0) = 0
770783 newfstatat(AT_FDCWD, "/home/firstmate/.no-mistakes/worktrees", {st_mode=S_IFDIR|0755, st_size=4096, ...}, 0) = 0
770783 newfstatat(AT_FDCWD, "/home/firstmate/.no-mistakes/worktrees/8352e211db7e", {st_mode=S_IFDIR|0775, st_size=4096, ...}, 0) = 0
770783 newfstatat(AT_FDCWD, "/home/firstmate/.no-mistakes/worktrees/8352e211db7e/01M4F29HK4JCAKXEQ2F50R6HHX", {st_mode=S_IFDIR|0775, st_size=4096, ...}, 0) = 0
770783 newfstatat(AT_FDCWD, "/home/firstmate/.no-mistakes/worktrees/8352e211db7e/01M4F29HK4JCAKXEQ2F50R6HHX/bin", {st_mode=S_IFDIR|0775, st_size=12288, ...}, 0) = 0
770783 newfstatat(AT_FDCWD, "/home/firstmate/.no-mistakes/worktrees/8352e211db7e/01M4F29HK4JCAKXEQ2F50R6HHX/bin", {st_mode=S_IFDIR|0775, st_size=12288, ...}, 0) = 0
770783 chdir("/home/firstmate/.no-mistakes/worktrees/8352e211db7e/01M4F29HK4JCAKXEQ2F50R6HHX") = 0
770783 +++ exited with 0 +++
770753 --- SIGCHLD {si_signo=SIGCHLD, si_code=CLD_EXITED, si_pid=770783, si_uid=0, si_status=0, si_utime=0, si_stime=0} ---
770786 newfstatat(AT_FDCWD, ".", {st_mode=S_IFDIR|0775, st_size=4096, ...}, 0) = 0
770786 newfstatat(AT_FDCWD, "/home/firstmate/.local/codex-latest/lib/node_modules/@openai/codex/node_modules/@openai/codex-linux-x64/vendor/x86_64-unknown-linux-musl/codex-path/uname", 0x7fffc59fc200, 0) = -1 ENOENT (No such file or directory)
770786 newfstatat(AT_FDCWD, "/home/firstmate/.codex-5/tmp/arg0/codex-arg065EgpK/uname", 0x7fffc59fc200, 0) = -1 ENOENT (No such file or directory)
770786 newfstatat(AT_FDCWD, "/home/firstmate/.local/codex-latest/lib/node_modules/@openai/codex/node_modules/@openai/codex-linux-x64/vendor/x86_64-unknown-linux-musl/codex-path/uname", 0x7fffc59fc200, 0) = -1 ENOENT (No such file or directory)
770786 newfstatat(AT_FDCWD, "/home/firstmate/.local/bin/uname", 0x7fffc59fc200, 0) = -1 ENOENT (No such file or directory)
770786 newfstatat(AT_FDCWD, "/home/firstmate/go/bin/uname", 0x7fffc59fc200, 0) = -1 ENOENT (No such file or directory)
770786 newfstatat(AT_FDCWD, "/home/firstmate/.cargo/bin/uname", 0x7fffc59fc200, 0) = -1 ENOENT (No such file or directory)
770786 newfstatat(AT_FDCWD, "/home/firstmate/bin/uname", 0x7fffc59fc200, 0) = -1 ENOENT (No such file or directory)
770786 newfstatat(AT_FDCWD, "/opt/homebrew/bin/uname", 0x7fffc59fc200, 0) = -1 ENOENT (No such file or directory)
770786 newfstatat(AT_FDCWD, "/opt/homebrew/sbin/uname", 0x7fffc59fc200, 0) = -1 ENOENT (No such file or directory)
770786 newfstatat(AT_FDCWD, "/usr/local/bin/uname", 0x7fffc59fc200, 0) = -1 ENOENT (No such file or directory)
770786 newfstatat(AT_FDCWD, "/usr/local/sbin/uname", 0x7fffc59fc200, 0) = -1 ENOENT (No such file or directory)
770786 newfstatat(AT_FDCWD, "/usr/bin/uname", {st_mode=S_IFREG|0755, st_size=11352352, ...}, 0) = 0
770786 newfstatat(AT_FDCWD, "/usr/bin/uname", {st_mode=S_IFREG|0755, st_size=11352352, ...}, 0) = 0
770786 access("/usr/bin/uname", X_OK)   = 0
770786 newfstatat(AT_FDCWD, "/usr/bin/uname", {st_mode=S_IFREG|0755, st_size=11352352, ...}, 0) = 0
770786 access("/usr/bin/uname", R_OK)   = 0
770790 openat(AT_FDCWD, "/dev/null", O_WRONLY|O_CREAT|O_TRUNC, 0666) = 3
770790 execve("/usr/bin/uname", ["uname"], 0x64f233d13570 /* 9 vars */) = 0
770790 access("/etc/ld.so.preload", R_OK) = -1 ENOENT (No such file or directory)
770790 openat(AT_FDCWD, "/etc/ld.so.cache", O_RDONLY|O_CLOEXEC) = 3
770790 openat(AT_FDCWD, "/usr/lib/x86_64-linux-gnu/libselinux.so.1", O_RDONLY|O_CLOEXEC) = 3
770790 openat(AT_FDCWD, "/usr/lib/x86_64-linux-gnu/libgcc_s.so.1", O_RDONLY|O_CLOEXEC) = 3
770790 openat(AT_FDCWD, "/usr/lib/x86_64-linux-gnu/libm.so.6", O_RDONLY|O_CLOEXEC) = 3
770790 openat(AT_FDCWD, "/usr/lib/x86_64-linux-gnu/libc.so.6", O_RDONLY|O_CLOEXEC) = 3
770790 openat(AT_FDCWD, "/usr/lib/x86_64-linux-gnu/libpcre2-8.so.0", O_RDONLY|O_CLOEXEC) = 3
770790 statfs("/sys/fs/selinux", 0x7fff4b527470) = -1 ENOENT (No such file or directory)
770790 statfs("/selinux", 0x7fff4b527470) = -1 ENOENT (No such file or directory)
770790 openat(AT_FDCWD, "/proc/filesystems", O_RDONLY|O_CLOEXEC) = 3
770790 access("/etc/selinux/config", F_OK) = -1 ENOENT (No such file or directory)
770790 openat(AT_FDCWD, "/proc/self/maps", O_RDONLY|O_CLOEXEC) = 3
770790 statx(AT_FDCWD, "/usr/share/coreutils/locales/uname", AT_STATX_SYNC_AS_STAT, STATX_ALL, {stx_mask=STATX_ALL|STATX_MNT_ID, stx_attributes=0, stx_mode=S_IFDIR|0755, stx_size=4096, ...}) = 0
770790 statx(AT_FDCWD, "/usr/share/coreutils/locales/uucore", AT_STATX_SYNC_AS_STAT, STATX_ALL, {stx_mask=STATX_ALL|STATX_MNT_ID, stx_attributes=0, stx_mode=S_IFDIR|0755, stx_size=4096, ...}) = 0
770790 openat(AT_FDCWD, "/usr/share/coreutils/locales/uucore/en-US.ftl", O_RDONLY|O_CLOEXEC) = 3
770790 statx(3, "", AT_STATX_SYNC_AS_STAT|AT_EMPTY_PATH, STATX_ALL, {stx_mask=STATX_ALL|STATX_MNT_ID, stx_attributes=0, stx_mode=S_IFREG|0644, stx_size=4080, ...}) = 0
770790 statx(AT_FDCWD, "/usr/share/coreutils/locales/uname", AT_STATX_SYNC_AS_STAT, STATX_ALL, {stx_mask=STATX_ALL|STATX_MNT_ID, stx_attributes=0, stx_mode=S_IFDIR|0755, stx_size=4096, ...}) = 0
770790 openat(AT_FDCWD, "/usr/share/coreutils/locales/uname/en-US.ftl", O_RDONLY|O_CLOEXEC) = -1 ENOENT (No such file or directory)
770790 +++ exited with 0 +++
770786 --- SIGCHLD {si_signo=SIGCHLD, si_code=CLD_EXITED, si_pid=770790, si_uid=0, si_status=0, si_utime=0, si_stime=0} ---
770786 +++ exited with 0 +++
770753 --- SIGCHLD {si_signo=SIGCHLD, si_code=CLD_EXITED, si_pid=770786, si_uid=0, si_status=0, si_utime=0, si_stime=0} ---
770753 newfstatat(AT_FDCWD, ".", {st_mode=S_IFDIR|0775, st_size=4096, ...}, 0) = 0
770753 newfstatat(AT_FDCWD, "/home/firstmate/.local/codex-latest/lib/node_modules/@openai/codex/node_modules/@openai/codex-linux-x64/vendor/x86_64-unknown-linux-musl/codex-path/mkdir", 0x7fffc59fcb10, 0) = -1 ENOENT (No such file or directory)
770753 newfstatat(AT_FDCWD, "/home/firstmate/.codex-5/tmp/arg0/codex-arg065EgpK/mkdir", 0x7fffc59fcb10, 0) = -1 ENOENT (No such file or directory)
770753 newfstatat(AT_FDCWD, "/home/firstmate/.local/codex-latest/lib/node_modules/@openai/codex/node_modules/@openai/codex-linux-x64/vendor/x86_64-unknown-linux-musl/codex-path/mkdir", 0x7fffc59fcb10, 0) = -1 ENOENT (No such file or directory)
770753 newfstatat(AT_FDCWD, "/home/firstmate/.local/bin/mkdir", 0x7fffc59fcb10, 0) = -1 ENOENT (No such file or directory)
770753 newfstatat(AT_FDCWD, "/home/firstmate/go/bin/mkdir", 0x7fffc59fcb10, 0) = -1 ENOENT (No such file or directory)
770753 newfstatat(AT_FDCWD, "/home/firstmate/.cargo/bin/mkdir", 0x7fffc59fcb10, 0) = -1 ENOENT (No such file or directory)
770753 newfstatat(AT_FDCWD, "/home/firstmate/bin/mkdir", 0x7fffc59fcb10, 0) = -1 ENOENT (No such file or directory)
770753 newfstatat(AT_FDCWD, "/opt/homebrew/bin/mkdir", 0x7fffc59fcb10, 0) = -1 ENOENT (No such file or directory)
770753 newfstatat(AT_FDCWD, "/opt/homebrew/sbin/mkdir", 0x7fffc59fcb10, 0) = -1 ENOENT (No such file or directory)
770753 newfstatat(AT_FDCWD, "/usr/local/bin/mkdir", 0x7fffc59fcb10, 0) = -1 ENOENT (No such file or directory)
770753 newfstatat(AT_FDCWD, "/usr/local/sbin/mkdir", 0x7fffc59fcb10, 0) = -1 ENOENT (No such file or directory)
770753 newfstatat(AT_FDCWD, "/usr/bin/mkdir", {st_mode=S_IFREG|0755, st_size=11352352, ...}, 0) = 0
770753 newfstatat(AT_FDCWD, "/usr/bin/mkdir", {st_mode=S_IFREG|0755, st_size=11352352, ...}, 0) = 0
770753 access("/usr/bin/mkdir", X_OK)   = 0
770753 newfstatat(AT_FDCWD, "/usr/bin/mkdir", {st_mode=S_IFREG|0755, st_size=11352352, ...}, 0) = 0
770753 access("/usr/bin/mkdir", R_OK)   = 0
770796 execve("/usr/bin/mkdir", ["mkdir", "-p", "/home/firstmate/.no-mistakes/wor"...], 0x64f233d13570 /* 9 vars */) = 0
770796 access("/etc/ld.so.preload", R_OK) = -1 ENOENT (No such file or directory)
770796 openat(AT_FDCWD, "/etc/ld.so.cache", O_RDONLY|O_CLOEXEC) = 3
770796 openat(AT_FDCWD, "/usr/lib/x86_64-linux-gnu/libselinux.so.1", O_RDONLY|O_CLOEXEC) = 3
770796 openat(AT_FDCWD, "/usr/lib/x86_64-linux-gnu/libgcc_s.so.1", O_RDONLY|O_CLOEXEC) = 3
770796 openat(AT_FDCWD, "/usr/lib/x86_64-linux-gnu/libm.so.6", O_RDONLY|O_CLOEXEC) = 3
770796 openat(AT_FDCWD, "/usr/lib/x86_64-linux-gnu/libc.so.6", O_RDONLY|O_CLOEXEC) = 3
770796 openat(AT_FDCWD, "/usr/lib/x86_64-linux-gnu/libpcre2-8.so.0", O_RDONLY|O_CLOEXEC) = 3
770796 statfs("/sys/fs/selinux", 0x7ffe94bc7b10) = -1 ENOENT (No such file or directory)
770796 statfs("/selinux", 0x7ffe94bc7b10) = -1 ENOENT (No such file or directory)
770796 openat(AT_FDCWD, "/proc/filesystems", O_RDONLY|O_CLOEXEC) = 3
770796 access("/etc/selinux/config", F_OK) = -1 ENOENT (No such file or directory)
770796 openat(AT_FDCWD, "/proc/self/maps", O_RDONLY|O_CLOEXEC) = 3
770796 statx(AT_FDCWD, "/usr/share/coreutils/locales/mkdir", AT_STATX_SYNC_AS_STAT, STATX_ALL, {stx_mask=STATX_ALL|STATX_MNT_ID, stx_attributes=0, stx_mode=S_IFDIR|0755, stx_size=4096, ...}) = 0
770796 statx(AT_FDCWD, "/usr/share/coreutils/locales/uucore", AT_STATX_SYNC_AS_STAT, STATX_ALL, {stx_mask=STATX_ALL|STATX_MNT_ID, stx_attributes=0, stx_mode=S_IFDIR|0755, stx_size=4096, ...}) = 0
770796 openat(AT_FDCWD, "/usr/share/coreutils/locales/uucore/en-US.ftl", O_RDONLY|O_CLOEXEC) = 3
770796 statx(3, "", AT_STATX_SYNC_AS_STAT|AT_EMPTY_PATH, STATX_ALL, {stx_mask=STATX_ALL|STATX_MNT_ID, stx_attributes=0, stx_mode=S_IFREG|0644, stx_size=4080, ...}) = 0
770796 statx(AT_FDCWD, "/usr/share/coreutils/locales/mkdir", AT_STATX_SYNC_AS_STAT, STATX_ALL, {stx_mask=STATX_ALL|STATX_MNT_ID, stx_attributes=0, stx_mode=S_IFDIR|0755, stx_size=4096, ...}) = 0
770796 openat(AT_FDCWD, "/usr/share/coreutils/locales/mkdir/en-US.ftl", O_RDONLY|O_CLOEXEC) = -1 ENOENT (No such file or directory)
770796 statx(AT_FDCWD, "/home/firstmate/.no-mistakes/worktrees/8352e211db7e/01M4F29HK4JCAKXEQ2F50R6HHX/.test-tmp/boundary/home/state", AT_STATX_SYNC_AS_STAT, STATX_ALL, {stx_mask=STATX_ALL|STATX_MNT_ID, stx_attributes=0, stx_mode=S_IFDIR|0700, stx_size=4096, ...}) = 0
770796 statx(AT_FDCWD, "/", AT_STATX_SYNC_AS_STAT, STATX_ALL, {stx_mask=STATX_ALL|STATX_MNT_ID, stx_attributes=STATX_ATTR_MOUNT_ROOT, stx_mode=S_IFDIR|0755, stx_size=4096, ...}) = 0
770796 statx(AT_FDCWD, "/home", AT_STATX_SYNC_AS_STAT, STATX_ALL, {stx_mask=STATX_ALL|STATX_MNT_ID, stx_attributes=0, stx_mode=S_IFDIR|0755, stx_size=4096, ...}) = 0
770796 statx(AT_FDCWD, "/home/firstmate", AT_STATX_SYNC_AS_STAT, STATX_ALL, {stx_mask=STATX_ALL|STATX_MNT_ID, stx_attributes=0, stx_mode=S_IFDIR|0750, stx_size=16384, ...}) = 0
770796 statx(AT_FDCWD, "/home/firstmate/.no-mistakes", AT_STATX_SYNC_AS_STAT, STATX_ALL, {stx_mask=STATX_ALL|STATX_MNT_ID, stx_attributes=0, stx_mode=S_IFDIR|0755, stx_size=4096, ...}) = 0
770796 statx(AT_FDCWD, "/home/firstmate/.no-mistakes/worktrees", AT_STATX_SYNC_AS_STAT, STATX_ALL, {stx_mask=STATX_ALL|STATX_MNT_ID, stx_attributes=0, stx_mode=S_IFDIR|0755, stx_size=4096, ...}) = 0
770796 statx(AT_FDCWD, "/home/firstmate/.no-mistakes/worktrees/8352e211db7e", AT_STATX_SYNC_AS_STAT, STATX_ALL, {stx_mask=STATX_ALL|STATX_MNT_ID, stx_attributes=0, stx_mode=S_IFDIR|0775, stx_size=4096, ...}) = 0
770796 statx(AT_FDCWD, "/home/firstmate/.no-mistakes/worktrees/8352e211db7e/01M4F29HK4JCAKXEQ2F50R6HHX", AT_STATX_SYNC_AS_STAT, STATX_ALL, {stx_mask=STATX_ALL|STATX_MNT_ID, stx_attributes=0, stx_mode=S_IFDIR|0775, stx_size=4096, ...}) = 0
770796 statx(AT_FDCWD, "/home/firstmate/.no-mistakes/worktrees/8352e211db7e/01M4F29HK4JCAKXEQ2F50R6HHX/.test-tmp", AT_STATX_SYNC_AS_STAT, STATX_ALL, {stx_mask=STATX_ALL|STATX_MNT_ID, stx_attributes=0, stx_mode=S_IFDIR|0775, stx_size=4096, ...}) = 0
770796 statx(AT_FDCWD, "/home/firstmate/.no-mistakes/worktrees/8352e211db7e/01M4F29HK4JCAKXEQ2F50R6HHX/.test-tmp/boundary", AT_STATX_SYNC_AS_STAT, STATX_ALL, {stx_mask=STATX_ALL|STATX_MNT_ID, stx_attributes=0, stx_mode=S_IFDIR|0700, stx_size=4096, ...}) = 0
770796 statx(AT_FDCWD, "/home/firstmate/.no-mistakes/worktrees/8352e211db7e/01M4F29HK4JCAKXEQ2F50R6HHX/.test-tmp/boundary/home", AT_STATX_SYNC_AS_STAT, STATX_ALL, {stx_mask=STATX_ALL|STATX_MNT_ID, stx_attributes=STATX_ATTR_MOUNT_ROOT, stx_mode=S_IFDIR|0700, stx_size=4096, ...}) = 0
770796 statx(AT_FDCWD, "/home/firstmate/.no-mistakes/worktrees/8352e211db7e/01M4F29HK4JCAKXEQ2F50R6HHX/.test-tmp/boundary/home/state", AT_STATX_SYNC_AS_STAT, STATX_ALL, {stx_mask=STATX_ALL|STATX_MNT_ID, stx_attributes=0, stx_mode=S_IFDIR|0700, stx_size=4096, ...}) = 0
770796 mkdir("/home/firstmate/.no-mistakes/worktrees/8352e211db7e/01M4F29HK4JCAKXEQ2F50R6HHX/.test-tmp/boundary/home/state", 0700) = -1 EEXIST (File exists)
770796 statx(AT_FDCWD, "/home/firstmate/.no-mistakes/worktrees/8352e211db7e/01M4F29HK4JCAKXEQ2F50R6HHX/.test-tmp/boundary/home/state", AT_STATX_SYNC_AS_STAT, STATX_ALL, {stx_mask=STATX_ALL|STATX_MNT_ID, stx_attributes=0, stx_mode=S_IFDIR|0700, stx_size=4096, ...}) = 0
770796 +++ exited with 0 +++
770753 --- SIGCHLD {si_signo=SIGCHLD, si_code=CLD_EXITED, si_pid=770796, si_uid=0, si_status=0, si_utime=0, si_stime=1 /* 0.01 s */} ---
770806 newfstatat(AT_FDCWD, ".", {st_mode=S_IFDIR|0775, st_size=4096, ...}, 0) = 0
770806 newfstatat(AT_FDCWD, "/home/firstmate/.local/codex-latest/lib/node_modules/@openai/codex/node_modules/@openai/codex-linux-x64/vendor/x86_64-unknown-linux-musl/codex-path/cat", 0x7fffc59fc870, 0) = -1 ENOENT (No such file or directory)
770806 newfstatat(AT_FDCWD, "/home/firstmate/.codex-5/tmp/arg0/codex-arg065EgpK/cat", 0x7fffc59fc870, 0) = -1 ENOENT (No such file or directory)
770806 newfstatat(AT_FDCWD, "/home/firstmate/.local/codex-latest/lib/node_modules/@openai/codex/node_modules/@openai/codex-linux-x64/vendor/x86_64-unknown-linux-musl/codex-path/cat", 0x7fffc59fc870, 0) = -1 ENOENT (No such file or directory)
770806 newfstatat(AT_FDCWD, "/home/firstmate/.local/bin/cat", 0x7fffc59fc870, 0) = -1 ENOENT (No such file or directory)
770806 newfstatat(AT_FDCWD, "/home/firstmate/go/bin/cat", 0x7fffc59fc870, 0) = -1 ENOENT (No such file or directory)
770806 newfstatat(AT_FDCWD, "/home/firstmate/.cargo/bin/cat", 0x7fffc59fc870, 0) = -1 ENOENT (No such file or directory)
770806 newfstatat(AT_FDCWD, "/home/firstmate/bin/cat", 0x7fffc59fc870, 0) = -1 ENOENT (No such file or directory)
770806 newfstatat(AT_FDCWD, "/opt/homebrew/bin/cat", 0x7fffc59fc870, 0) = -1 ENOENT (No such file or directory)
770806 newfstatat(AT_FDCWD, "/opt/homebrew/sbin/cat", 0x7fffc59fc870, 0) = -1 ENOENT (No such file or directory)
770806 newfstatat(AT_FDCWD, "/usr/local/bin/cat", 0x7fffc59fc870, 0) = -1 ENOENT (No such file or directory)
770806 newfstatat(AT_FDCWD, "/usr/local/sbin/cat", 0x7fffc59fc870, 0) = -1 ENOENT (No such file or directory)
770806 newfstatat(AT_FDCWD, "/usr/bin/cat", {st_mode=S_IFREG|0755, st_size=11352352, ...}, 0) = 0
770806 newfstatat(AT_FDCWD, "/usr/bin/cat", {st_mode=S_IFREG|0755, st_size=11352352, ...}, 0) = 0
770806 access("/usr/bin/cat", X_OK)     = 0
770806 newfstatat(AT_FDCWD, "/usr/bin/cat", {st_mode=S_IFREG|0755, st_size=11352352, ...}, 0) = 0
770806 access("/usr/bin/cat", R_OK)     = 0
770808 openat(AT_FDCWD, "/dev/null", O_WRONLY|O_CREAT|O_TRUNC, 0666) = 3
770808 execve("/usr/bin/cat", ["cat", "/home/firstmate/.no-mistakes/wor"...], 0x64f233d13570 /* 9 vars */) = 0
770808 access("/etc/ld.so.preload", R_OK) = -1 ENOENT (No such file or directory)
770808 openat(AT_FDCWD, "/etc/ld.so.cache", O_RDONLY|O_CLOEXEC) = 3
770808 openat(AT_FDCWD, "/usr/lib/x86_64-linux-gnu/libselinux.so.1", O_RDONLY|O_CLOEXEC) = 3
770808 openat(AT_FDCWD, "/usr/lib/x86_64-linux-gnu/libgcc_s.so.1", O_RDONLY|O_CLOEXEC) = 3
770808 openat(AT_FDCWD, "/usr/lib/x86_64-linux-gnu/libm.so.6", O_RDONLY|O_CLOEXEC) = 3
770808 openat(AT_FDCWD, "/usr/lib/x86_64-linux-gnu/libc.so.6", O_RDONLY|O_CLOEXEC) = 3
770808 openat(AT_FDCWD, "/usr/lib/x86_64-linux-gnu/libpcre2-8.so.0", O_RDONLY|O_CLOEXEC) = 3
770808 statfs("/sys/fs/selinux", 0x7ffdeecc3b80) = -1 ENOENT (No such file or directory)
770808 statfs("/selinux", 0x7ffdeecc3b80) = -1 ENOENT (No such file or directory)
770808 openat(AT_FDCWD, "/proc/filesystems", O_RDONLY|O_CLOEXEC) = 3
770808 access("/etc/selinux/config", F_OK) = -1 ENOENT (No such file or directory)
770808 openat(AT_FDCWD, "/proc/self/maps", O_RDONLY|O_CLOEXEC) = 3
770808 statx(AT_FDCWD, "/usr/share/coreutils/locales/cat", AT_STATX_SYNC_AS_STAT, STATX_ALL, {stx_mask=STATX_ALL|STATX_MNT_ID, stx_attributes=0, stx_mode=S_IFDIR|0755, stx_size=4096, ...}) = 0
770808 statx(AT_FDCWD, "/usr/share/coreutils/locales/uucore", AT_STATX_SYNC_AS_STAT, STATX_ALL, {stx_mask=STATX_ALL|STATX_MNT_ID, stx_attributes=0, stx_mode=S_IFDIR|0755, stx_size=4096, ...}) = 0
770808 openat(AT_FDCWD, "/usr/share/coreutils/locales/uucore/en-US.ftl", O_RDONLY|O_CLOEXEC) = 3
770808 statx(3, "", AT_STATX_SYNC_AS_STAT|AT_EMPTY_PATH, STATX_ALL, {stx_mask=STATX_ALL|STATX_MNT_ID, stx_attributes=0, stx_mode=S_IFREG|0644, stx_size=4080, ...}) = 0
770808 statx(AT_FDCWD, "/usr/share/coreutils/locales/cat", AT_STATX_SYNC_AS_STAT, STATX_ALL, {stx_mask=STATX_ALL|STATX_MNT_ID, stx_attributes=0, stx_mode=S_IFDIR|0755, stx_size=4096, ...}) = 0
770808 openat(AT_FDCWD, "/usr/share/coreutils/locales/cat/en-US.ftl", O_RDONLY|O_CLOEXEC) = -1 ENOENT (No such file or directory)
770808 statx(AT_FDCWD, "/home/firstmate/.no-mistakes/worktrees/8352e211db7e/01M4F29HK4JCAKXEQ2F50R6HHX/.test-tmp/boundary/home/state/.lock", AT_STATX_SYNC_AS_STAT, STATX_ALL, {stx_mask=STATX_ALL|STATX_MNT_ID, stx_attributes=0, stx_mode=S_IFREG|0600, stx_size=7, ...}) = 0
770808 openat(AT_FDCWD, "/home/firstmate/.no-mistakes/worktrees/8352e211db7e/01M4F29HK4JCAKXEQ2F50R6HHX/.test-tmp/boundary/home/state/.lock", O_RDONLY|O_CLOEXEC) = 3
770808 +++ exited with 0 +++
770806 --- SIGCHLD {si_signo=SIGCHLD, si_code=CLD_EXITED, si_pid=770808, si_uid=0, si_status=0, si_utime=0, si_stime=0} ---
770806 +++ exited with 0 +++
770753 --- SIGCHLD {si_signo=SIGCHLD, si_code=CLD_EXITED, si_pid=770806, si_uid=0, si_status=0, si_utime=0, si_stime=0} ---
770753 openat(AT_FDCWD, "/dev/null", O_WRONLY|O_CREAT|O_TRUNC, 0666) = 3
770753 faccessat2(AT_FDCWD, "/proc/760355/stat", R_OK, AT_EACCESS) = 0
770753 faccessat2(AT_FDCWD, "/proc/760355/cmdline", R_OK, AT_EACCESS) = 0
770814 newfstatat(AT_FDCWD, ".", {st_mode=S_IFDIR|0775, st_size=4096, ...}, 0) = 0
770814 newfstatat(AT_FDCWD, "/home/firstmate/.local/codex-latest/lib/node_modules/@openai/codex/node_modules/@openai/codex-linux-x64/vendor/x86_64-unknown-linux-musl/codex-path/cat", 0x7fffc59fb480, 0) = -1 ENOENT (No such file or directory)
770814 newfstatat(AT_FDCWD, "/home/firstmate/.codex-5/tmp/arg0/codex-arg065EgpK/cat", 0x7fffc59fb480, 0) = -1 ENOENT (No such file or directory)
770814 newfstatat(AT_FDCWD, "/home/firstmate/.local/codex-latest/lib/node_modules/@openai/codex/node_modules/@openai/codex-linux-x64/vendor/x86_64-unknown-linux-musl/codex-path/cat", 0x7fffc59fb480, 0) = -1 ENOENT (No such file or directory)
770814 newfstatat(AT_FDCWD, "/home/firstmate/.local/bin/cat", 0x7fffc59fb480, 0) = -1 ENOENT (No such file or directory)
770814 newfstatat(AT_FDCWD, "/home/firstmate/go/bin/cat", 0x7fffc59fb480, 0) = -1 ENOENT (No such file or directory)
770814 newfstatat(AT_FDCWD, "/home/firstmate/.cargo/bin/cat", 0x7fffc59fb480, 0) = -1 ENOENT (No such file or directory)
770814 newfstatat(AT_FDCWD, "/home/firstmate/bin/cat", 0x7fffc59fb480, 0) = -1 ENOENT (No such file or directory)
770814 newfstatat(AT_FDCWD, "/opt/homebrew/bin/cat", 0x7fffc59fb480, 0) = -1 ENOENT (No such file or directory)
770814 newfstatat(AT_FDCWD, "/opt/homebrew/sbin/cat", 0x7fffc59fb480, 0) = -1 ENOENT (No such file or directory)
770814 newfstatat(AT_FDCWD, "/usr/local/bin/cat", 0x7fffc59fb480, 0) = -1 ENOENT (No such file or directory)
770814 newfstatat(AT_FDCWD, "/usr/local/sbin/cat", 0x7fffc59fb480, 0) = -1 ENOENT (No such file or directory)
770814 newfstatat(AT_FDCWD, "/usr/bin/cat", {st_mode=S_IFREG|0755, st_size=11352352, ...}, 0) = 0
770814 newfstatat(AT_FDCWD, "/usr/bin/cat", {st_mode=S_IFREG|0755, st_size=11352352, ...}, 0) = 0
770814 access("/usr/bin/cat", X_OK)     = 0
770814 newfstatat(AT_FDCWD, "/usr/bin/cat", {st_mode=S_IFREG|0755, st_size=11352352, ...}, 0) = 0
770814 access("/usr/bin/cat", R_OK)     = 0
770817 openat(AT_FDCWD, "/dev/null", O_WRONLY|O_CREAT|O_TRUNC, 0666) = 3
770817 execve("/usr/bin/cat", ["cat", "/proc/760355/stat"], 0x64f233d13570 /* 9 vars */) = 0
770817 access("/etc/ld.so.preload", R_OK) = -1 ENOENT (No such file or directory)
770817 openat(AT_FDCWD, "/etc/ld.so.cache", O_RDONLY|O_CLOEXEC) = 3
770817 openat(AT_FDCWD, "/usr/lib/x86_64-linux-gnu/libselinux.so.1", O_RDONLY|O_CLOEXEC) = 3
770817 openat(AT_FDCWD, "/usr/lib/x86_64-linux-gnu/libgcc_s.so.1", O_RDONLY|O_CLOEXEC) = 3
770817 openat(AT_FDCWD, "/usr/lib/x86_64-linux-gnu/libm.so.6", O_RDONLY|O_CLOEXEC) = 3
770817 openat(AT_FDCWD, "/usr/lib/x86_64-linux-gnu/libc.so.6", O_RDONLY|O_CLOEXEC) = 3
770817 openat(AT_FDCWD, "/usr/lib/x86_64-linux-gnu/libpcre2-8.so.0", O_RDONLY|O_CLOEXEC) = 3
770817 statfs("/sys/fs/selinux", 0x7ffc593fed90) = -1 ENOENT (No such file or directory)
770817 statfs("/selinux", 0x7ffc593fed90) = -1 ENOENT (No such file or directory)
770817 openat(AT_FDCWD, "/proc/filesystems", O_RDONLY|O_CLOEXEC) = 3
770817 access("/etc/selinux/config", F_OK) = -1 ENOENT (No such file or directory)
770817 openat(AT_FDCWD, "/proc/self/maps", O_RDONLY|O_CLOEXEC) = 3
770817 statx(AT_FDCWD, "/usr/share/coreutils/locales/cat", AT_STATX_SYNC_AS_STAT, STATX_ALL, {stx_mask=STATX_ALL|STATX_MNT_ID, stx_attributes=0, stx_mode=S_IFDIR|0755, stx_size=4096, ...}) = 0
770817 statx(AT_FDCWD, "/usr/share/coreutils/locales/uucore", AT_STATX_SYNC_AS_STAT, STATX_ALL, {stx_mask=STATX_ALL|STATX_MNT_ID, stx_attributes=0, stx_mode=S_IFDIR|0755, stx_size=4096, ...}) = 0
770817 openat(AT_FDCWD, "/usr/share/coreutils/locales/uucore/en-US.ftl", O_RDONLY|O_CLOEXEC) = 3
770817 statx(3, "", AT_STATX_SYNC_AS_STAT|AT_EMPTY_PATH, STATX_ALL, {stx_mask=STATX_ALL|STATX_MNT_ID, stx_attributes=0, stx_mode=S_IFREG|0644, stx_size=4080, ...}) = 0
770817 statx(AT_FDCWD, "/usr/share/coreutils/locales/cat", AT_STATX_SYNC_AS_STAT, STATX_ALL, {stx_mask=STATX_ALL|STATX_MNT_ID, stx_attributes=0, stx_mode=S_IFDIR|0755, stx_size=4096, ...}) = 0
770817 openat(AT_FDCWD, "/usr/share/coreutils/locales/cat/en-US.ftl", O_RDONLY|O_CLOEXEC) = -1 ENOENT (No such file or directory)
770817 statx(AT_FDCWD, "/proc/760355/stat", AT_STATX_SYNC_AS_STAT, STATX_ALL, {stx_mask=STATX_BASIC_STATS|STATX_MNT_ID, stx_attributes=0, stx_mode=S_IFREG|0444, stx_size=0, ...}) = 0
770817 openat(AT_FDCWD, "/proc/760355/stat", O_RDONLY|O_CLOEXEC) = 3
770817 +++ exited with 0 +++
770814 --- SIGCHLD {si_signo=SIGCHLD, si_code=CLD_EXITED, si_pid=770817, si_uid=0, si_status=0, si_utime=0, si_stime=1 /* 0.01 s */} ---
770814 +++ exited with 0 +++
770753 --- SIGCHLD {si_signo=SIGCHLD, si_code=CLD_EXITED, si_pid=770814, si_uid=0, si_status=0, si_utime=0, si_stime=0} ---
770832 newfstatat(AT_FDCWD, "." <unfinished ...>
770833 newfstatat(AT_FDCWD, ".", {st_mode=S_IFDIR|0775, st_size=4096, ...}, 0) = 0
770833 newfstatat(AT_FDCWD, "/home/firstmate/.local/codex-latest/lib/node_modules/@openai/codex/node_modules/@openai/codex-linux-x64/vendor/x86_64-unknown-linux-musl/codex-path/tr", 0x7fffc59fb650, 0) = -1 ENOENT (No such file or directory)
770833 newfstatat(AT_FDCWD, "/home/firstmate/.codex-5/tmp/arg0/codex-arg065EgpK/tr", 0x7fffc59fb650, 0) = -1 ENOENT (No such file or directory)
770833 newfstatat(AT_FDCWD, "/home/firstmate/.local/codex-latest/lib/node_modules/@openai/codex/node_modules/@openai/codex-linux-x64/vendor/x86_64-unknown-linux-musl/codex-path/tr", 0x7fffc59fb650, 0) = -1 ENOENT (No such file or directory)
770833 newfstatat(AT_FDCWD, "/home/firstmate/.local/bin/tr", 0x7fffc59fb650, 0) = -1 ENOENT (No such file or directory)
770833 newfstatat(AT_FDCWD, "/home/firstmate/go/bin/tr", 0x7fffc59fb650, 0) = -1 ENOENT (No such file or directory)
770833 newfstatat(AT_FDCWD, "/home/firstmate/.cargo/bin/tr", 0x7fffc59fb650, 0) = -1 ENOENT (No such file or directory)
770833 newfstatat(AT_FDCWD, "/home/firstmate/bin/tr", 0x7fffc59fb650, 0) = -1 ENOENT (No such file or directory)
770833 newfstatat(AT_FDCWD, "/opt/homebrew/bin/tr", 0x7fffc59fb650, 0) = -1 ENOENT (No such file or directory)
770833 newfstatat(AT_FDCWD, "/opt/homebrew/sbin/tr" <unfinished ...>
770832 <... newfstatat resumed>, {st_mode=S_IFDIR|0775, st_size=4096, ...}, 0) = 0
770833 <... newfstatat resumed>, 0x7fffc59fb650, 0) = -1 ENOENT (No such file or directory)
770833 newfstatat(AT_FDCWD, "/usr/local/bin/tr" <unfinished ...>
770832 newfstatat(AT_FDCWD, "/home/firstmate/.local/codex-latest/lib/node_modules/@openai/codex/node_modules/@openai/codex-linux-x64/vendor/x86_64-unknown-linux-musl/codex-path/od" <unfinished ...>
770833 <... newfstatat resumed>, 0x7fffc59fb650, 0) = -1 ENOENT (No such file or directory)
770832 <... newfstatat resumed>, 0x7fffc59fb650, 0) = -1 ENOENT (No such file or directory)
770832 newfstatat(AT_FDCWD, "/home/firstmate/.codex-5/tmp/arg0/codex-arg065EgpK/od" <unfinished ...>
770833 newfstatat(AT_FDCWD, "/usr/local/sbin/tr", 0x7fffc59fb650, 0) = -1 ENOENT (No such file or directory)
770832 <... newfstatat resumed>, 0x7fffc59fb650, 0) = -1 ENOENT (No such file or directory)
770833 newfstatat(AT_FDCWD, "/usr/bin/tr", {st_mode=S_IFREG|0755, st_size=11352352, ...}, 0) = 0
770832 newfstatat(AT_FDCWD, "/home/firstmate/.local/codex-latest/lib/node_modules/@openai/codex/node_modules/@openai/codex-linux-x64/vendor/x86_64-unknown-linux-musl/codex-path/od", 0x7fffc59fb650, 0) = -1 ENOENT (No such file or directory)
770832 newfstatat(AT_FDCWD, "/home/firstmate/.local/bin/od", 0x7fffc59fb650, 0) = -1 ENOENT (No such file or directory)
770832 newfstatat(AT_FDCWD, "/home/firstmate/go/bin/od", 0x7fffc59fb650, 0) = -1 ENOENT (No such file or directory)
770832 newfstatat(AT_FDCWD, "/home/firstmate/.cargo/bin/od" <unfinished ...>
770833 newfstatat(AT_FDCWD, "/usr/bin/tr" <unfinished ...>
770832 <... newfstatat resumed>, 0x7fffc59fb650, 0) = -1 ENOENT (No such file or directory)
770833 <... newfstatat resumed>, {st_mode=S_IFREG|0755, st_size=11352352, ...}, 0) = 0
770832 newfstatat(AT_FDCWD, "/home/firstmate/bin/od" <unfinished ...>
770833 access("/usr/bin/tr", X_OK)      = 0
770833 newfstatat(AT_FDCWD, "/usr/bin/tr", {st_mode=S_IFREG|0755, st_size=11352352, ...}, 0) = 0
770833 access("/usr/bin/tr", R_OK)      = 0
770833 execve("/usr/bin/tr", ["tr", "-d", "[:space:]"], 0x64f233d13570 /* 9 vars */ <unfinished ...>
770832 <... newfstatat resumed>, 0x7fffc59fb650, 0) = -1 ENOENT (No such file or directory)
770832 newfstatat(AT_FDCWD, "/opt/homebrew/bin/od", 0x7fffc59fb650, 0) = -1 ENOENT (No such file or directory)
770832 newfstatat(AT_FDCWD, "/opt/homebrew/sbin/od", 0x7fffc59fb650, 0) = -1 ENOENT (No such file or directory)
770833 <... execve resumed>)            = 0
770833 access("/etc/ld.so.preload", R_OK) = -1 ENOENT (No such file or directory)
770833 openat(AT_FDCWD, "/etc/ld.so.cache", O_RDONLY|O_CLOEXEC) = 3
770832 newfstatat(AT_FDCWD, "/usr/local/bin/od", 0x7fffc59fb650, 0) = -1 ENOENT (No such file or directory)
770832 newfstatat(AT_FDCWD, "/usr/local/sbin/od", 0x7fffc59fb650, 0) = -1 ENOENT (No such file or directory)
770832 newfstatat(AT_FDCWD, "/usr/bin/od", {st_mode=S_IFREG|0755, st_size=11352352, ...}, 0) = 0
770833 openat(AT_FDCWD, "/usr/lib/x86_64-linux-gnu/libselinux.so.1", O_RDONLY|O_CLOEXEC <unfinished ...>
770832 newfstatat(AT_FDCWD, "/usr/bin/od" <unfinished ...>
770833 <... openat resumed>)            = 3
770832 <... newfstatat resumed>, {st_mode=S_IFREG|0755, st_size=11352352, ...}, 0) = 0
770832 access("/usr/bin/od", X_OK)      = 0
770832 newfstatat(AT_FDCWD, "/usr/bin/od", {st_mode=S_IFREG|0755, st_size=11352352, ...}, 0) = 0
770833 openat(AT_FDCWD, "/usr/lib/x86_64-linux-gnu/libgcc_s.so.1", O_RDONLY|O_CLOEXEC) = 3
770832 access("/usr/bin/od", R_OK)      = 0
770833 openat(AT_FDCWD, "/usr/lib/x86_64-linux-gnu/libm.so.6", O_RDONLY|O_CLOEXEC) = 3
770832 openat(AT_FDCWD, "/dev/null", O_WRONLY|O_CREAT|O_TRUNC, 0666) = 3
770832 execve("/usr/bin/od", ["od", "-An", "-v", "-tx1", "/proc/760355/cmdline"], 0x64f233d13570 /* 9 vars */) = 0
770833 openat(AT_FDCWD, "/usr/lib/x86_64-linux-gnu/libc.so.6", O_RDONLY|O_CLOEXEC <unfinished ...>
770832 access("/etc/ld.so.preload", R_OK <unfinished ...>
770833 <... openat resumed>)            = 3
770832 <... access resumed>)            = -1 ENOENT (No such file or directory)
770832 openat(AT_FDCWD, "/etc/ld.so.cache", O_RDONLY|O_CLOEXEC) = 3
770833 openat(AT_FDCWD, "/usr/lib/x86_64-linux-gnu/libpcre2-8.so.0", O_RDONLY|O_CLOEXEC) = 3
770832 openat(AT_FDCWD, "/usr/lib/x86_64-linux-gnu/libselinux.so.1", O_RDONLY|O_CLOEXEC) = 3
770832 openat(AT_FDCWD, "/usr/lib/x86_64-linux-gnu/libgcc_s.so.1", O_RDONLY|O_CLOEXEC) = 3
770832 openat(AT_FDCWD, "/usr/lib/x86_64-linux-gnu/libm.so.6", O_RDONLY|O_CLOEXEC <unfinished ...>
770833 statfs("/sys/fs/selinux", 0x7ffc15da5970) = -1 ENOENT (No such file or directory)
770833 statfs("/selinux", 0x7ffc15da5970) = -1 ENOENT (No such file or directory)
770832 <... openat resumed>)            = 3
770833 openat(AT_FDCWD, "/proc/filesystems", O_RDONLY|O_CLOEXEC) = 3
770833 access("/etc/selinux/config", F_OK) = -1 ENOENT (No such file or directory)
770833 openat(AT_FDCWD, "/proc/self/maps", O_RDONLY|O_CLOEXEC) = 3
770833 statx(AT_FDCWD, "/usr/share/coreutils/locales/tr", AT_STATX_SYNC_AS_STAT, STATX_ALL, {stx_mask=STATX_ALL|STATX_MNT_ID, stx_attributes=0, stx_mode=S_IFDIR|0755, stx_size=4096, ...}) = 0
770833 statx(AT_FDCWD, "/usr/share/coreutils/locales/uucore", AT_STATX_SYNC_AS_STAT, STATX_ALL, {stx_mask=STATX_ALL|STATX_MNT_ID, stx_attributes=0, stx_mode=S_IFDIR|0755, stx_size=4096, ...}) = 0
770833 openat(AT_FDCWD, "/usr/share/coreutils/locales/uucore/en-US.ftl", O_RDONLY|O_CLOEXEC) = 3
770833 statx(3, "", AT_STATX_SYNC_AS_STAT|AT_EMPTY_PATH, STATX_ALL, {stx_mask=STATX_ALL|STATX_MNT_ID, stx_attributes=0, stx_mode=S_IFREG|0644, stx_size=4080, ...}) = 0
770833 statx(AT_FDCWD, "/usr/share/coreutils/locales/tr", AT_STATX_SYNC_AS_STAT, STATX_ALL, {stx_mask=STATX_ALL|STATX_MNT_ID, stx_attributes=0, stx_mode=S_IFDIR|0755, stx_size=4096, ...}) = 0
770833 openat(AT_FDCWD, "/usr/share/coreutils/locales/tr/en-US.ftl", O_RDONLY|O_CLOEXEC) = -1 ENOENT (No such file or directory)
770832 openat(AT_FDCWD, "/usr/lib/x86_64-linux-gnu/libc.so.6", O_RDONLY|O_CLOEXEC) = 3
770832 openat(AT_FDCWD, "/usr/lib/x86_64-linux-gnu/libpcre2-8.so.0", O_RDONLY|O_CLOEXEC) = 3
770832 statfs("/sys/fs/selinux", 0x7fff93b03dc0) = -1 ENOENT (No such file or directory)
770832 statfs("/selinux", 0x7fff93b03dc0) = -1 ENOENT (No such file or directory)
770832 openat(AT_FDCWD, "/proc/filesystems", O_RDONLY|O_CLOEXEC) = 3
770832 access("/etc/selinux/config", F_OK) = -1 ENOENT (No such file or directory)
770832 openat(AT_FDCWD, "/proc/self/maps", O_RDONLY|O_CLOEXEC) = 3
770832 statx(AT_FDCWD, "/usr/share/coreutils/locales/od", AT_STATX_SYNC_AS_STAT, STATX_ALL, {stx_mask=STATX_ALL|STATX_MNT_ID, stx_attributes=0, stx_mode=S_IFDIR|0755, stx_size=4096, ...}) = 0
770832 statx(AT_FDCWD, "/usr/share/coreutils/locales/uucore", AT_STATX_SYNC_AS_STAT, STATX_ALL, {stx_mask=STATX_ALL|STATX_MNT_ID, stx_attributes=0, stx_mode=S_IFDIR|0755, stx_size=4096, ...}) = 0
770832 openat(AT_FDCWD, "/usr/share/coreutils/locales/uucore/en-US.ftl", O_RDONLY|O_CLOEXEC) = 3
770832 statx(3, "", AT_STATX_SYNC_AS_STAT|AT_EMPTY_PATH, STATX_ALL, {stx_mask=STATX_ALL|STATX_MNT_ID, stx_attributes=0, stx_mode=S_IFREG|0644, stx_size=4080, ...}) = 0
770832 statx(AT_FDCWD, "/usr/share/coreutils/locales/od", AT_STATX_SYNC_AS_STAT, STATX_ALL, {stx_mask=STATX_ALL|STATX_MNT_ID, stx_attributes=0, stx_mode=S_IFDIR|0755, stx_size=4096, ...}) = 0
770832 openat(AT_FDCWD, "/usr/share/coreutils/locales/od/en-US.ftl", O_RDONLY|O_CLOEXEC) = -1 ENOENT (No such file or directory)
770832 openat(AT_FDCWD, "/proc/760355/cmdline", O_RDONLY|O_CLOEXEC) = 3
770832 +++ exited with 0 +++
770833 +++ exited with 0 +++
770827 --- SIGCHLD {si_signo=SIGCHLD, si_code=CLD_EXITED, si_pid=770832, si_uid=0, si_status=0, si_utime=0, si_stime=1 /* 0.01 s */} ---
770827 +++ exited with 0 +++
770753 --- SIGCHLD {si_signo=SIGCHLD, si_code=CLD_EXITED, si_pid=770827, si_uid=0, si_status=0, si_utime=0, si_stime=0} ---
770847 newfstatat(AT_FDCWD, ".", {st_mode=S_IFDIR|0775, st_size=4096, ...}, 0) = 0
770847 newfstatat(AT_FDCWD, "/home/firstmate/.local/codex-latest/lib/node_modules/@openai/codex/node_modules/@openai/codex-linux-x64/vendor/x86_64-unknown-linux-musl/codex-path/cat", 0x7fffc59fc970, 0) = -1 ENOENT (No such file or directory)
770847 newfstatat(AT_FDCWD, "/home/firstmate/.codex-5/tmp/arg0/codex-arg065EgpK/cat", 0x7fffc59fc970, 0) = -1 ENOENT (No such file or directory)
770847 newfstatat(AT_FDCWD, "/home/firstmate/.local/codex-latest/lib/node_modules/@openai/codex/node_modules/@openai/codex-linux-x64/vendor/x86_64-unknown-linux-musl/codex-path/cat", 0x7fffc59fc970, 0) = -1 ENOENT (No such file or directory)
770847 newfstatat(AT_FDCWD, "/home/firstmate/.local/bin/cat", 0x7fffc59fc970, 0) = -1 ENOENT (No such file or directory)
770847 newfstatat(AT_FDCWD, "/home/firstmate/go/bin/cat", 0x7fffc59fc970, 0) = -1 ENOENT (No such file or directory)
770847 newfstatat(AT_FDCWD, "/home/firstmate/.cargo/bin/cat", 0x7fffc59fc970, 0) = -1 ENOENT (No such file or directory)
770847 newfstatat(AT_FDCWD, "/home/firstmate/bin/cat", 0x7fffc59fc970, 0) = -1 ENOENT (No such file or directory)
770847 newfstatat(AT_FDCWD, "/opt/homebrew/bin/cat", 0x7fffc59fc970, 0) = -1 ENOENT (No such file or directory)
770847 newfstatat(AT_FDCWD, "/opt/homebrew/sbin/cat", 0x7fffc59fc970, 0) = -1 ENOENT (No such file or directory)
770847 newfstatat(AT_FDCWD, "/usr/local/bin/cat", 0x7fffc59fc970, 0) = -1 ENOENT (No such file or directory)
770847 newfstatat(AT_FDCWD, "/usr/local/sbin/cat", 0x7fffc59fc970, 0) = -1 ENOENT (No such file or directory)
770847 newfstatat(AT_FDCWD, "/usr/bin/cat", {st_mode=S_IFREG|0755, st_size=11352352, ...}, 0) = 0
770847 newfstatat(AT_FDCWD, "/usr/bin/cat", {st_mode=S_IFREG|0755, st_size=11352352, ...}, 0) = 0
770847 access("/usr/bin/cat", X_OK)     = 0
770847 newfstatat(AT_FDCWD, "/usr/bin/cat", {st_mode=S_IFREG|0755, st_size=11352352, ...}, 0) = 0
770847 access("/usr/bin/cat", R_OK)     = 0
770847 execve("/usr/bin/cat", ["cat", "/home/firstmate/.no-mistakes/wor"...], 0x64f233cfc170 /* 9 vars */) = 0
770847 access("/etc/ld.so.preload", R_OK) = -1 ENOENT (No such file or directory)
770847 openat(AT_FDCWD, "/etc/ld.so.cache", O_RDONLY|O_CLOEXEC) = 3
770847 openat(AT_FDCWD, "/usr/lib/x86_64-linux-gnu/libselinux.so.1", O_RDONLY|O_CLOEXEC) = 3
770847 openat(AT_FDCWD, "/usr/lib/x86_64-linux-gnu/libgcc_s.so.1", O_RDONLY|O_CLOEXEC) = 3
770847 openat(AT_FDCWD, "/usr/lib/x86_64-linux-gnu/libm.so.6", O_RDONLY|O_CLOEXEC) = 3
770847 openat(AT_FDCWD, "/usr/lib/x86_64-linux-gnu/libc.so.6", O_RDONLY|O_CLOEXEC) = 3
770847 openat(AT_FDCWD, "/usr/lib/x86_64-linux-gnu/libpcre2-8.so.0", O_RDONLY|O_CLOEXEC) = 3
770847 statfs("/sys/fs/selinux", 0x7ffc8680cdc0) = -1 ENOENT (No such file or directory)
770847 statfs("/selinux", 0x7ffc8680cdc0) = -1 ENOENT (No such file or directory)
770847 openat(AT_FDCWD, "/proc/filesystems", O_RDONLY|O_CLOEXEC) = 3
770847 access("/etc/selinux/config", F_OK) = -1 ENOENT (No such file or directory)
770847 openat(AT_FDCWD, "/proc/self/maps", O_RDONLY|O_CLOEXEC) = 3
770847 statx(AT_FDCWD, "/usr/share/coreutils/locales/cat", AT_STATX_SYNC_AS_STAT, STATX_ALL, {stx_mask=STATX_ALL|STATX_MNT_ID, stx_attributes=0, stx_mode=S_IFDIR|0755, stx_size=4096, ...}) = 0
770847 statx(AT_FDCWD, "/usr/share/coreutils/locales/uucore", AT_STATX_SYNC_AS_STAT, STATX_ALL, {stx_mask=STATX_ALL|STATX_MNT_ID, stx_attributes=0, stx_mode=S_IFDIR|0755, stx_size=4096, ...}) = 0
770847 openat(AT_FDCWD, "/usr/share/coreutils/locales/uucore/en-US.ftl", O_RDONLY|O_CLOEXEC) = 3
770847 statx(3, "", AT_STATX_SYNC_AS_STAT|AT_EMPTY_PATH, STATX_ALL, {stx_mask=STATX_ALL|STATX_MNT_ID, stx_attributes=0, stx_mode=S_IFREG|0644, stx_size=4080, ...}) = 0
770847 statx(AT_FDCWD, "/usr/share/coreutils/locales/cat", AT_STATX_SYNC_AS_STAT, STATX_ALL, {stx_mask=STATX_ALL|STATX_MNT_ID, stx_attributes=0, stx_mode=S_IFDIR|0755, stx_size=4096, ...}) = 0
770847 openat(AT_FDCWD, "/usr/share/coreutils/locales/cat/en-US.ftl", O_RDONLY|O_CLOEXEC) = -1 ENOENT (No such file or directory)
770847 statx(AT_FDCWD, "/home/firstmate/.no-mistakes/worktrees/8352e211db7e/01M4F29HK4JCAKXEQ2F50R6HHX/.test-tmp/boundary/home/state/.lock", AT_STATX_SYNC_AS_STAT, STATX_ALL, {stx_mask=STATX_ALL|STATX_MNT_ID, stx_attributes=0, stx_mode=S_IFREG|0600, stx_size=7, ...}) = 0
770847 openat(AT_FDCWD, "/home/firstmate/.no-mistakes/worktrees/8352e211db7e/01M4F29HK4JCAKXEQ2F50R6HHX/.test-tmp/boundary/home/state/.lock", O_RDONLY|O_CLOEXEC) = 3
770847 +++ exited with 0 +++
770753 --- SIGCHLD {si_signo=SIGCHLD, si_code=CLD_EXITED, si_pid=770847, si_uid=0, si_status=0, si_utime=0, si_stime=1 /* 0.01 s */} ---
770753 newfstatat(AT_FDCWD, ".", {st_mode=S_IFDIR|0775, st_size=4096, ...}, 0) = 0
770753 newfstatat(AT_FDCWD, "/home/firstmate/.local/codex-latest/lib/node_modules/@openai/codex/node_modules/@openai/codex-linux-x64/vendor/x86_64-unknown-linux-musl/codex-path/python3", 0x7fffc59fd660, 0) = -1 ENOENT (No such file or directory)
770753 newfstatat(AT_FDCWD, "/home/firstmate/.codex-5/tmp/arg0/codex-arg065EgpK/python3", 0x7fffc59fd660, 0) = -1 ENOENT (No such file or directory)
770753 newfstatat(AT_FDCWD, "/home/firstmate/.local/codex-latest/lib/node_modules/@openai/codex/node_modules/@openai/codex-linux-x64/vendor/x86_64-unknown-linux-musl/codex-path/python3", 0x7fffc59fd660, 0) = -1 ENOENT (No such file or directory)
770753 newfstatat(AT_FDCWD, "/home/firstmate/.local/bin/python3", 0x7fffc59fd660, 0) = -1 ENOENT (No such file or directory)
770753 newfstatat(AT_FDCWD, "/home/firstmate/go/bin/python3", 0x7fffc59fd660, 0) = -1 ENOENT (No such file or directory)
770753 newfstatat(AT_FDCWD, "/home/firstmate/.cargo/bin/python3", 0x7fffc59fd660, 0) = -1 ENOENT (No such file or directory)
770753 newfstatat(AT_FDCWD, "/home/firstmate/bin/python3", 0x7fffc59fd660, 0) = -1 ENOENT (No such file or directory)
770753 newfstatat(AT_FDCWD, "/opt/homebrew/bin/python3", 0x7fffc59fd660, 0) = -1 ENOENT (No such file or directory)
770753 newfstatat(AT_FDCWD, "/opt/homebrew/sbin/python3", 0x7fffc59fd660, 0) = -1 ENOENT (No such file or directory)
770753 newfstatat(AT_FDCWD, "/usr/local/bin/python3", 0x7fffc59fd660, 0) = -1 ENOENT (No such file or directory)
770753 newfstatat(AT_FDCWD, "/usr/local/sbin/python3", 0x7fffc59fd660, 0) = -1 ENOENT (No such file or directory)
770753 newfstatat(AT_FDCWD, "/usr/bin/python3", {st_mode=S_IFREG|0755, st_size=7477160, ...}, 0) = 0
770753 newfstatat(AT_FDCWD, "/usr/bin/python3", {st_mode=S_IFREG|0755, st_size=7477160, ...}, 0) = 0
770753 access("/usr/bin/python3", X_OK) = 0
770753 newfstatat(AT_FDCWD, "/usr/bin/python3", {st_mode=S_IFREG|0755, st_size=7477160, ...}, 0) = 0
770753 access("/usr/bin/python3", R_OK) = 0
770753 execve("/usr/bin/python3", ["python3", "/home/firstmate/.no-mistakes/wor"..., "playback"], 0x64f233cfc170 /* 8 vars */) = 0
770753 access("/etc/ld.so.preload", R_OK) = -1 ENOENT (No such file or directory)
770753 openat(AT_FDCWD, "/etc/ld.so.cache", O_RDONLY|O_CLOEXEC) = 3
770753 openat(AT_FDCWD, "/usr/lib/x86_64-linux-gnu/libm.so.6", O_RDONLY|O_CLOEXEC) = 3
770753 openat(AT_FDCWD, "/usr/lib/x86_64-linux-gnu/libz.so.1", O_RDONLY|O_CLOEXEC) = 3
770753 openat(AT_FDCWD, "/usr/lib/x86_64-linux-gnu/libexpat.so.1", O_RDONLY|O_CLOEXEC) = 3
770753 openat(AT_FDCWD, "/usr/lib/x86_64-linux-gnu/libc.so.6", O_RDONLY|O_CLOEXEC) = 3
770753 open("/proc/sys/vm/overcommit_memory", O_RDONLY) = 3
770753 openat(AT_FDCWD, "/usr/lib/locale/locale-archive", O_RDONLY|O_CLOEXEC) = 3
770753 openat(AT_FDCWD, "/usr/share/locale/locale.alias", O_RDONLY|O_CLOEXEC) = -1 ENOENT (No such file or directory)
770753 openat(AT_FDCWD, "/usr/lib/locale/C.UTF-8/LC_CTYPE", O_RDONLY|O_CLOEXEC) = -1 ENOENT (No such file or directory)
770753 openat(AT_FDCWD, "/usr/lib/locale/C.utf8/LC_CTYPE", O_RDONLY|O_CLOEXEC) = 3
770753 openat(AT_FDCWD, "/usr/lib/x86_64-linux-gnu/gconv/gconv-modules.cache", O_RDONLY|O_CLOEXEC) = 3
770753 openat(AT_FDCWD, "/proc/self/maps", O_RDONLY|O_CLOEXEC) = 3
770753 newfstatat(AT_FDCWD, "/home/firstmate/.local/codex-latest/lib/node_modules/@openai/codex/node_modules/@openai/codex-linux-x64/vendor/x86_64-unknown-linux-musl/codex-path/python3", 0x7ffde3ad3d60, 0) = -1 ENOENT (No such file or directory)
770753 newfstatat(AT_FDCWD, "/home/firstmate/.codex-5/tmp/arg0/codex-arg065EgpK/python3", 0x7ffde3ad3d60, 0) = -1 ENOENT (No such file or directory)
770753 newfstatat(AT_FDCWD, "/home/firstmate/.local/codex-latest/lib/node_modules/@openai/codex/node_modules/@openai/codex-linux-x64/vendor/x86_64-unknown-linux-musl/codex-path/python3", 0x7ffde3ad3d60, 0) = -1 ENOENT (No such file or directory)
770753 newfstatat(AT_FDCWD, "/home/firstmate/.local/bin/python3", 0x7ffde3ad3d60, 0) = -1 ENOENT (No such file or directory)
770753 newfstatat(AT_FDCWD, "/home/firstmate/go/bin/python3", 0x7ffde3ad3d60, 0) = -1 ENOENT (No such file or directory)
770753 newfstatat(AT_FDCWD, "/home/firstmate/.cargo/bin/python3", 0x7ffde3ad3d60, 0) = -1 ENOENT (No such file or directory)
770753 newfstatat(AT_FDCWD, "/home/firstmate/bin/python3", 0x7ffde3ad3d60, 0) = -1 ENOENT (No such file or directory)
770753 newfstatat(AT_FDCWD, "/opt/homebrew/bin/python3", 0x7ffde3ad3d60, 0) = -1 ENOENT (No such file or directory)
770753 newfstatat(AT_FDCWD, "/opt/homebrew/sbin/python3", 0x7ffde3ad3d60, 0) = -1 ENOENT (No such file or directory)
770753 newfstatat(AT_FDCWD, "/usr/local/bin/python3", 0x7ffde3ad3d60, 0) = -1 ENOENT (No such file or directory)
770753 newfstatat(AT_FDCWD, "/usr/local/sbin/python3", 0x7ffde3ad3d60, 0) = -1 ENOENT (No such file or directory)
770753 newfstatat(AT_FDCWD, "/usr/bin/python3", {st_mode=S_IFREG|0755, st_size=7477160, ...}, 0) = 0
770753 openat(AT_FDCWD, "/usr/pyvenv.cfg", O_RDONLY) = -1 ENOENT (No such file or directory)
770753 openat(AT_FDCWD, "/usr/bin/pyvenv.cfg", O_RDONLY) = -1 ENOENT (No such file or directory)
770753 readlink("/usr/bin/python3", "python3.14", 4096) = 10
770753 readlink("/usr/bin/python3.14", 0x7ffde3aced80, 4096) = -1 EINVAL (Invalid argument)
770753 openat(AT_FDCWD, "/usr/bin/python3._pth", O_RDONLY) = -1 ENOENT (No such file or directory)
770753 openat(AT_FDCWD, "/usr/bin/python3.14._pth", O_RDONLY) = -1 ENOENT (No such file or directory)
770753 openat(AT_FDCWD, "/usr/bin/pybuilddir.txt", O_RDONLY) = -1 ENOENT (No such file or directory)
770753 newfstatat(AT_FDCWD, "/usr/bin/Modules/Setup.local", 0x7ffde3ad3d60, 0) = -1 ENOENT (No such file or directory)
770753 newfstatat(AT_FDCWD, "/usr/bin/lib/python314.zip", 0x7ffde3ad3a40, 0) = -1 ENOENT (No such file or directory)
770753 newfstatat(AT_FDCWD, "/usr/lib/python314.zip", 0x7ffde3ad3d60, 0) = -1 ENOENT (No such file or directory)
770753 newfstatat(AT_FDCWD, "/usr/bin/lib/python3.14/os.py", 0x7ffde3ad3d60, 0) = -1 ENOENT (No such file or directory)
770753 newfstatat(AT_FDCWD, "/usr/bin/lib/python3.14/os.pyc", 0x7ffde3ad3d60, 0) = -1 ENOENT (No such file or directory)
770753 newfstatat(AT_FDCWD, "/usr/lib/python3.14/os.py", {st_mode=S_IFREG|0644, st_size=41959, ...}, 0) = 0
770753 newfstatat(AT_FDCWD, "/usr/lib/python3.14/lib-dynload", {st_mode=S_IFDIR|0755, st_size=16384, ...}, 0) = 0
770753 newfstatat(AT_FDCWD, "/usr/lib/python3.14/lib-dynload", {st_mode=S_IFDIR|0755, st_size=16384, ...}, 0) = 0
770753 openat(AT_FDCWD, "/etc/localtime", O_RDONLY|O_CLOEXEC) = 3
770753 newfstatat(AT_FDCWD, "/usr/lib/python314.zip", 0x7ffde3ad3520, 0) = -1 ENOENT (No such file or directory)
770753 newfstatat(AT_FDCWD, "/usr/lib", {st_mode=S_IFDIR|0755, st_size=4096, ...}, 0) = 0
770753 newfstatat(AT_FDCWD, "/usr/lib/python314.zip", 0x7ffde3ad3a00, 0) = -1 ENOENT (No such file or directory)
770753 newfstatat(AT_FDCWD, "/usr/lib/python3.14", {st_mode=S_IFDIR|0755, st_size=20480, ...}, 0) = 0
770753 newfstatat(AT_FDCWD, "/usr/lib/python3.14", {st_mode=S_IFDIR|0755, st_size=20480, ...}, 0) = 0
770753 newfstatat(AT_FDCWD, "/usr/lib/python3.14", {st_mode=S_IFDIR|0755, st_size=20480, ...}, 0) = 0
770753 openat(AT_FDCWD, "/usr/lib/python3.14", O_RDONLY|O_NONBLOCK|O_CLOEXEC|O_DIRECTORY) = 3
770753 newfstatat(AT_FDCWD, "/usr/lib/python3.14/encodings/__init__.cpython-314-x86_64-linux-gnu.so", 0x7ffde3ad3a00, 0) = -1 ENOENT (No such file or directory)
770753 newfstatat(AT_FDCWD, "/usr/lib/python3.14/encodings/__init__.abi3.so", 0x7ffde3ad3a00, 0) = -1 ENOENT (No such file or directory)
770753 newfstatat(AT_FDCWD, "/usr/lib/python3.14/encodings/__init__.abi3-x86_64-linux-gnu.so", 0x7ffde3ad3a00, 0) = -1 ENOENT (No such file or directory)
770753 newfstatat(AT_FDCWD, "/usr/lib/python3.14/encodings/__init__.so", 0x7ffde3ad3a00, 0) = -1 ENOENT (No such file or directory)
770753 newfstatat(AT_FDCWD, "/usr/lib/python3.14/encodings/__init__.py", {st_mode=S_IFREG|0644, st_size=5945, ...}, 0) = 0
770753 newfstatat(AT_FDCWD, "/usr/lib/python3.14/encodings/__init__.py", {st_mode=S_IFREG|0644, st_size=5945, ...}, 0) = 0
770753 openat(AT_FDCWD, "/usr/lib/python3.14/encodings/__pycache__/__init__.cpython-314.pyc", O_RDONLY|O_CLOEXEC) = 3
770753 newfstatat(AT_FDCWD, "/usr/lib/python3.14/encodings", {st_mode=S_IFDIR|0755, st_size=20480, ...}, 0) = 0
770753 newfstatat(AT_FDCWD, "/usr/lib/python3.14/encodings", {st_mode=S_IFDIR|0755, st_size=20480, ...}, 0) = 0
770753 newfstatat(AT_FDCWD, "/usr/lib/python3.14/encodings", {st_mode=S_IFDIR|0755, st_size=20480, ...}, 0) = 0
770753 openat(AT_FDCWD, "/usr/lib/python3.14/encodings", O_RDONLY|O_NONBLOCK|O_CLOEXEC|O_DIRECTORY) = 3
770753 newfstatat(AT_FDCWD, "/usr/lib/python3.14/encodings/aliases.py", {st_mode=S_IFREG|0644, st_size=15957, ...}, 0) = 0
770753 newfstatat(AT_FDCWD, "/usr/lib/python3.14/encodings/aliases.py", {st_mode=S_IFREG|0644, st_size=15957, ...}, 0) = 0
770753 openat(AT_FDCWD, "/usr/lib/python3.14/encodings/__pycache__/aliases.cpython-314.pyc", O_RDONLY|O_CLOEXEC) = 3
770753 newfstatat(AT_FDCWD, "/usr/lib/python3.14/encodings", {st_mode=S_IFDIR|0755, st_size=20480, ...}, 0) = 0
770753 newfstatat(AT_FDCWD, "/usr/lib/python3.14/encodings/utf_8.py", {st_mode=S_IFREG|0644, st_size=1005, ...}, 0) = 0
770753 newfstatat(AT_FDCWD, "/usr/lib/python3.14/encodings/utf_8.py", {st_mode=S_IFREG|0644, st_size=1005, ...}, 0) = 0
770753 openat(AT_FDCWD, "/usr/lib/python3.14/encodings/__pycache__/utf_8.cpython-314.pyc", O_RDONLY|O_CLOEXEC) = 3
770753 newfstatat(AT_FDCWD, "/usr/bin/pyvenv.cfg", 0x7ffde3ad3260, 0) = -1 ENOENT (No such file or directory)
770753 newfstatat(AT_FDCWD, "/usr/pyvenv.cfg", 0x7ffde3ad3280, 0) = -1 ENOENT (No such file or directory)
770753 newfstatat(AT_FDCWD, "/home/firstmate/.local/lib/python3.14/site-packages", {st_mode=S_IFDIR|0775, st_size=4096, ...}, 0) = 0
770753 openat(AT_FDCWD, "/home/firstmate/.local/lib/python3.14/site-packages", O_RDONLY|O_NONBLOCK|O_CLOEXEC|O_DIRECTORY) = 3
770753 newfstatat(AT_FDCWD, "/usr/local/lib/python3.14/dist-packages", {st_mode=S_IFDIR|0755, st_size=4096, ...}, 0) = 0
770753 openat(AT_FDCWD, "/usr/local/lib/python3.14/dist-packages", O_RDONLY|O_NONBLOCK|O_CLOEXEC|O_DIRECTORY) = 3
770753 newfstatat(AT_FDCWD, "/usr/lib/python3/dist-packages", {st_mode=S_IFDIR|0755, st_size=12288, ...}, 0) = 0
770753 openat(AT_FDCWD, "/usr/lib/python3/dist-packages", O_RDONLY|O_NONBLOCK|O_CLOEXEC|O_DIRECTORY) = 3
770753 newfstatat(AT_FDCWD, "/usr/lib/python3/dist-packages/distutils-precedence.pth", {st_mode=S_IFREG|0644, st_size=151, ...}, AT_SYMLINK_NOFOLLOW) = 0
770753 openat(AT_FDCWD, "/usr/lib/python3/dist-packages/distutils-precedence.pth", O_RDONLY|O_CLOEXEC) = 3
770753 newfstatat(AT_FDCWD, "/usr/lib/python3.14/encodings", {st_mode=S_IFDIR|0755, st_size=20480, ...}, 0) = 0
770753 newfstatat(AT_FDCWD, "/usr/lib/python3.14/encodings/utf_8_sig.py", {st_mode=S_IFREG|0644, st_size=4133, ...}, 0) = 0
770753 newfstatat(AT_FDCWD, "/usr/lib/python3.14/encodings/utf_8_sig.py", {st_mode=S_IFREG|0644, st_size=4133, ...}, 0) = 0
770753 openat(AT_FDCWD, "/usr/lib/python3.14/encodings/__pycache__/utf_8_sig.cpython-314.pyc", O_RDONLY|O_CLOEXEC) = 3
770753 newfstatat(AT_FDCWD, "/usr/lib/python3.14", {st_mode=S_IFDIR|0755, st_size=20480, ...}, 0) = 0
770753 newfstatat(AT_FDCWD, "/usr/lib/python3.14/lib-dynload", {st_mode=S_IFDIR|0755, st_size=16384, ...}, 0) = 0
770753 newfstatat(AT_FDCWD, "/usr/lib/python3.14/lib-dynload", {st_mode=S_IFDIR|0755, st_size=16384, ...}, 0) = 0
770753 newfstatat(AT_FDCWD, "/usr/lib/python3.14/lib-dynload", {st_mode=S_IFDIR|0755, st_size=16384, ...}, 0) = 0
770753 openat(AT_FDCWD, "/usr/lib/python3.14/lib-dynload", O_RDONLY|O_NONBLOCK|O_CLOEXEC|O_DIRECTORY) = 3
770753 newfstatat(AT_FDCWD, "/home/firstmate/.local/lib/python3.14/site-packages", {st_mode=S_IFDIR|0775, st_size=4096, ...}, 0) = 0
770753 newfstatat(AT_FDCWD, "/home/firstmate/.local/lib/python3.14/site-packages", {st_mode=S_IFDIR|0775, st_size=4096, ...}, 0) = 0
770753 newfstatat(AT_FDCWD, "/home/firstmate/.local/lib/python3.14/site-packages", {st_mode=S_IFDIR|0775, st_size=4096, ...}, 0) = 0
770753 openat(AT_FDCWD, "/home/firstmate/.local/lib/python3.14/site-packages", O_RDONLY|O_NONBLOCK|O_CLOEXEC|O_DIRECTORY) = 3
770753 newfstatat(AT_FDCWD, "/usr/local/lib/python3.14/dist-packages", {st_mode=S_IFDIR|0755, st_size=4096, ...}, 0) = 0
770753 newfstatat(AT_FDCWD, "/usr/local/lib/python3.14/dist-packages", {st_mode=S_IFDIR|0755, st_size=4096, ...}, 0) = 0
770753 newfstatat(AT_FDCWD, "/usr/local/lib/python3.14/dist-packages", {st_mode=S_IFDIR|0755, st_size=4096, ...}, 0) = 0
770753 openat(AT_FDCWD, "/usr/local/lib/python3.14/dist-packages", O_RDONLY|O_NONBLOCK|O_CLOEXEC|O_DIRECTORY) = 3
770753 newfstatat(AT_FDCWD, "/usr/lib/python3/dist-packages", {st_mode=S_IFDIR|0755, st_size=12288, ...}, 0) = 0
770753 newfstatat(AT_FDCWD, "/usr/lib/python3/dist-packages", {st_mode=S_IFDIR|0755, st_size=12288, ...}, 0) = 0
770753 newfstatat(AT_FDCWD, "/usr/lib/python3/dist-packages", {st_mode=S_IFDIR|0755, st_size=12288, ...}, 0) = 0
770753 openat(AT_FDCWD, "/usr/lib/python3/dist-packages", O_RDONLY|O_NONBLOCK|O_CLOEXEC|O_DIRECTORY) = 3
770753 newfstatat(AT_FDCWD, "/usr/lib/python3/dist-packages/_distutils_hack/__init__.cpython-314-x86_64-linux-gnu.so", 0x7ffde3ad2a10, 0) = -1 ENOENT (No such file or directory)
770753 newfstatat(AT_FDCWD, "/usr/lib/python3/dist-packages/_distutils_hack/__init__.abi3.so", 0x7ffde3ad2a10, 0) = -1 ENOENT (No such file or directory)
770753 newfstatat(AT_FDCWD, "/usr/lib/python3/dist-packages/_distutils_hack/__init__.abi3-x86_64-linux-gnu.so", 0x7ffde3ad2a10, 0) = -1 ENOENT (No such file or directory)
770753 newfstatat(AT_FDCWD, "/usr/lib/python3/dist-packages/_distutils_hack/__init__.so", 0x7ffde3ad2a10, 0) = -1 ENOENT (No such file or directory)
770753 newfstatat(AT_FDCWD, "/usr/lib/python3/dist-packages/_distutils_hack/__init__.py", {st_mode=S_IFREG|0644, st_size=6755, ...}, 0) = 0
770753 newfstatat(AT_FDCWD, "/usr/lib/python3/dist-packages/_distutils_hack/__init__.py", {st_mode=S_IFREG|0644, st_size=6755, ...}, 0) = 0
770753 openat(AT_FDCWD, "/usr/lib/python3/dist-packages/_distutils_hack/__pycache__/__init__.cpython-314.pyc", O_RDONLY|O_CLOEXEC) = 3
770753 newfstatat(AT_FDCWD, "/usr/lib/python3.14/dist-packages", 0x7ffde3ad35d0, 0) = -1 ENOENT (No such file or directory)
770753 newfstatat(AT_FDCWD, "/usr/lib/python3.14", {st_mode=S_IFDIR|0755, st_size=20480, ...}, 0) = 0
770753 newfstatat(AT_FDCWD, "/usr/lib/python3.14/sitecustomize.py", {st_mode=S_IFREG|0644, st_size=155, ...}, 0) = 0
770753 newfstatat(AT_FDCWD, "/usr/lib/python3.14/sitecustomize.py", {st_mode=S_IFREG|0644, st_size=155, ...}, 0) = 0
770753 openat(AT_FDCWD, "/usr/lib/python3.14/__pycache__/sitecustomize.cpython-314.pyc", O_RDONLY|O_CLOEXEC) = 3
770753 newfstatat(AT_FDCWD, "/usr/lib/python3.14", {st_mode=S_IFDIR|0755, st_size=20480, ...}, 0) = 0
770753 newfstatat(AT_FDCWD, "/usr/lib/python3.14/lib-dynload", {st_mode=S_IFDIR|0755, st_size=16384, ...}, 0) = 0
770753 newfstatat(AT_FDCWD, "/home/firstmate/.local/lib/python3.14/site-packages", {st_mode=S_IFDIR|0775, st_size=4096, ...}, 0) = 0
770753 newfstatat(AT_FDCWD, "/usr/local/lib/python3.14/dist-packages", {st_mode=S_IFDIR|0755, st_size=4096, ...}, 0) = 0
770753 newfstatat(AT_FDCWD, "/usr/lib/python3/dist-packages", {st_mode=S_IFDIR|0755, st_size=12288, ...}, 0) = 0
770753 newfstatat(AT_FDCWD, "/usr/lib/python3/dist-packages/apport_python_hook.py", {st_mode=S_IFREG|0644, st_size=8896, ...}, 0) = 0
770753 newfstatat(AT_FDCWD, "/usr/lib/python3/dist-packages/apport_python_hook.py", {st_mode=S_IFREG|0644, st_size=8896, ...}, 0) = 0
770753 openat(AT_FDCWD, "/usr/lib/python3/dist-packages/__pycache__/apport_python_hook.cpython-314.pyc", O_RDONLY|O_CLOEXEC) = 3
770753 newfstatat(AT_FDCWD, "/usr/lib/python3.14", {st_mode=S_IFDIR|0755, st_size=20480, ...}, 0) = 0
770753 newfstatat(AT_FDCWD, "/usr/lib/python3.14/types.py", {st_mode=S_IFREG|0644, st_size=11459, ...}, 0) = 0
770753 newfstatat(AT_FDCWD, "/usr/lib/python3.14/types.py", {st_mode=S_IFREG|0644, st_size=11459, ...}, 0) = 0
770753 openat(AT_FDCWD, "/usr/lib/python3.14/__pycache__/types.cpython-314.pyc", O_RDONLY|O_CLOEXEC) = 3
770753 newfstatat(AT_FDCWD, "/usr/lib/python3.14", {st_mode=S_IFDIR|0755, st_size=20480, ...}, 0) = 0
770753 newfstatat(AT_FDCWD, "/usr/lib/python3.14/lib-dynload", {st_mode=S_IFDIR|0755, st_size=16384, ...}, 0) = 0
770753 newfstatat(AT_FDCWD, "/home/firstmate/.local/lib/python3.14/site-packages", {st_mode=S_IFDIR|0775, st_size=4096, ...}, 0) = 0
770753 newfstatat(AT_FDCWD, "/usr/local/lib/python3.14/dist-packages", {st_mode=S_IFDIR|0755, st_size=4096, ...}, 0) = 0
770753 newfstatat(AT_FDCWD, "/usr/lib/python3/dist-packages", {st_mode=S_IFDIR|0755, st_size=12288, ...}, 0) = 0
770753 newfstatat(AT_FDCWD, "/home/firstmate/.no-mistakes/worktrees/8352e211db7e/01M4F29HK4JCAKXEQ2F50R6HHX/bin/fm_inbox_conversation.py", {st_mode=S_IFREG|0664, st_size=33410, ...}, 0) = 0
770753 openat(AT_FDCWD, "/home/firstmate/.no-mistakes/worktrees/8352e211db7e/01M4F29HK4JCAKXEQ2F50R6HHX/bin/fm_inbox_conversation.py", O_RDONLY|O_CLOEXEC) = 3
770753 newfstatat(AT_FDCWD, "/home/firstmate/.no-mistakes/worktrees/8352e211db7e/01M4F29HK4JCAKXEQ2F50R6HHX/bin/fm_inbox_conversation.py", {st_mode=S_IFREG|0664, st_size=33410, ...}, 0) = 0
770753 readlink("/home/firstmate/.no-mistakes/worktrees/8352e211db7e/01M4F29HK4JCAKXEQ2F50R6HHX/bin/fm_inbox_conversation.py", 0x7ffde3ac25e0, 4096) = -1 EINVAL (Invalid argument)
770753 readlink("/home", 0x7ffde3ac31c0, 1023) = -1 EINVAL (Invalid argument)
770753 readlink("/home/firstmate", 0x7ffde3ac31c0, 1023) = -1 EINVAL (Invalid argument)
770753 readlink("/home/firstmate/.no-mistakes", 0x7ffde3ac31c0, 1023) = -1 EINVAL (Invalid argument)
770753 readlink("/home/firstmate/.no-mistakes/worktrees", 0x7ffde3ac31c0, 1023) = -1 EINVAL (Invalid argument)
770753 readlink("/home/firstmate/.no-mistakes/worktrees/8352e211db7e", 0x7ffde3ac31c0, 1023) = -1 EINVAL (Invalid argument)
770753 readlink("/home/firstmate/.no-mistakes/worktrees/8352e211db7e/01M4F29HK4JCAKXEQ2F50R6HHX", 0x7ffde3ac31c0, 1023) = -1 EINVAL (Invalid argument)
770753 readlink("/home/firstmate/.no-mistakes/worktrees/8352e211db7e/01M4F29HK4JCAKXEQ2F50R6HHX/bin", 0x7ffde3ac31c0, 1023) = -1 EINVAL (Invalid argument)
770753 readlink("/home/firstmate/.no-mistakes/worktrees/8352e211db7e/01M4F29HK4JCAKXEQ2F50R6HHX/bin/fm_inbox_conversation.py", 0x7ffde3ac31c0, 1023) = -1 EINVAL (Invalid argument)
770753 openat(AT_FDCWD, "/home/firstmate/.no-mistakes/worktrees/8352e211db7e/01M4F29HK4JCAKXEQ2F50R6HHX/bin/fm_inbox_conversation.py", O_RDONLY) = 3
770753 newfstatat(AT_FDCWD, "/home/firstmate/.no-mistakes/worktrees/8352e211db7e/01M4F29HK4JCAKXEQ2F50R6HHX/bin", {st_mode=S_IFDIR|0775, st_size=12288, ...}, 0) = 0
770753 newfstatat(AT_FDCWD, "/home/firstmate/.no-mistakes/worktrees/8352e211db7e/01M4F29HK4JCAKXEQ2F50R6HHX/bin", {st_mode=S_IFDIR|0775, st_size=12288, ...}, 0) = 0
770753 newfstatat(AT_FDCWD, "/home/firstmate/.no-mistakes/worktrees/8352e211db7e/01M4F29HK4JCAKXEQ2F50R6HHX/bin", {st_mode=S_IFDIR|0775, st_size=12288, ...}, 0) = 0
770753 openat(AT_FDCWD, "/home/firstmate/.no-mistakes/worktrees/8352e211db7e/01M4F29HK4JCAKXEQ2F50R6HHX/bin", O_RDONLY|O_NONBLOCK|O_CLOEXEC|O_DIRECTORY) = 3
770753 newfstatat(AT_FDCWD, "/usr/lib/python3.14", {st_mode=S_IFDIR|0755, st_size=20480, ...}, 0) = 0
770753 newfstatat(AT_FDCWD, "/usr/lib/python3.14/hashlib.py", {st_mode=S_IFREG|0644, st_size=9459, ...}, 0) = 0
770753 newfstatat(AT_FDCWD, "/usr/lib/python3.14/hashlib.py", {st_mode=S_IFREG|0644, st_size=9459, ...}, 0) = 0
770753 openat(AT_FDCWD, "/usr/lib/python3.14/__pycache__/hashlib.cpython-314.pyc", O_RDONLY|O_CLOEXEC) = 3
770753 newfstatat(AT_FDCWD, "/home/firstmate/.no-mistakes/worktrees/8352e211db7e/01M4F29HK4JCAKXEQ2F50R6HHX/bin", {st_mode=S_IFDIR|0775, st_size=12288, ...}, 0) = 0
770753 newfstatat(AT_FDCWD, "/usr/lib/python3.14", {st_mode=S_IFDIR|0755, st_size=20480, ...}, 0) = 0
770753 newfstatat(AT_FDCWD, "/usr/lib/python3.14/lib-dynload", {st_mode=S_IFDIR|0755, st_size=16384, ...}, 0) = 0
770753 newfstatat(AT_FDCWD, "/usr/lib/python3.14/lib-dynload/_hashlib.cpython-314-x86_64-linux-gnu.so", {st_mode=S_IFREG|0644, st_size=64448, ...}, 0) = 0
770753 openat(AT_FDCWD, "/usr/lib/python3.14/lib-dynload/_hashlib.cpython-314-x86_64-linux-gnu.so", O_RDONLY|O_CLOEXEC) = 3
770753 openat(AT_FDCWD, "/etc/ld.so.cache", O_RDONLY|O_CLOEXEC) = 3
770753 openat(AT_FDCWD, "/usr/lib/x86_64-linux-gnu/libcrypto.so.3", O_RDONLY|O_CLOEXEC) = 3
770753 openat(AT_FDCWD, "/usr/lib/x86_64-linux-gnu/libzstd.so.1", O_RDONLY|O_CLOEXEC) = 3
770753 openat(AT_FDCWD, "/proc/sys/crypto/fips_enabled", O_RDONLY) = -1 ENOENT (No such file or directory)
770753 openat(AT_FDCWD, "/etc/ubuntu-fips", O_RDONLY) = -1 ENOENT (No such file or directory)
770753 openat(AT_FDCWD, "/usr/lib/ssl/openssl.cnf", O_RDONLY) = 3
770753 newfstatat(AT_FDCWD, "/var/lib/crypto-config/profiles/current/openssl.conf.d", 0x7ffde3ad29c0, 0) = -1 ENOENT (No such file or directory)
770753 newfstatat(AT_FDCWD, "/etc/ssl/openssl.conf.d", 0x7ffde3ad29c0, 0) = -1 ENOENT (No such file or directory)
770753 newfstatat(AT_FDCWD, "/home/firstmate/.no-mistakes/worktrees/8352e211db7e/01M4F29HK4JCAKXEQ2F50R6HHX/bin", {st_mode=S_IFDIR|0775, st_size=12288, ...}, 0) = 0
770753 newfstatat(AT_FDCWD, "/usr/lib/python3.14", {st_mode=S_IFDIR|0755, st_size=20480, ...}, 0) = 0
770753 newfstatat(AT_FDCWD, "/usr/lib/python3.14/json/__init__.cpython-314-x86_64-linux-gnu.so", 0x7ffde3ad39f0, 0) = -1 ENOENT (No such file or directory)
770753 newfstatat(AT_FDCWD, "/usr/lib/python3.14/json/__init__.abi3.so", 0x7ffde3ad39f0, 0) = -1 ENOENT (No such file or directory)
770753 newfstatat(AT_FDCWD, "/usr/lib/python3.14/json/__init__.abi3-x86_64-linux-gnu.so", 0x7ffde3ad39f0, 0) = -1 ENOENT (No such file or directory)
770753 newfstatat(AT_FDCWD, "/usr/lib/python3.14/json/__init__.so", 0x7ffde3ad39f0, 0) = -1 ENOENT (No such file or directory)
770753 newfstatat(AT_FDCWD, "/usr/lib/python3.14/json/__init__.py", {st_mode=S_IFREG|0644, st_size=14066, ...}, 0) = 0
770753 newfstatat(AT_FDCWD, "/usr/lib/python3.14/json/__init__.py", {st_mode=S_IFREG|0644, st_size=14066, ...}, 0) = 0
770753 openat(AT_FDCWD, "/usr/lib/python3.14/json/__pycache__/__init__.cpython-314.pyc", O_RDONLY|O_CLOEXEC) = 3
770753 newfstatat(AT_FDCWD, "/usr/lib/python3.14/json", {st_mode=S_IFDIR|0755, st_size=4096, ...}, 0) = 0
770753 newfstatat(AT_FDCWD, "/usr/lib/python3.14/json", {st_mode=S_IFDIR|0755, st_size=4096, ...}, 0) = 0
770753 newfstatat(AT_FDCWD, "/usr/lib/python3.14/json", {st_mode=S_IFDIR|0755, st_size=4096, ...}, 0) = 0
770753 openat(AT_FDCWD, "/usr/lib/python3.14/json", O_RDONLY|O_NONBLOCK|O_CLOEXEC|O_DIRECTORY) = 3
770753 newfstatat(AT_FDCWD, "/usr/lib/python3.14/json/decoder.py", {st_mode=S_IFREG|0644, st_size=12873, ...}, 0) = 0
770753 newfstatat(AT_FDCWD, "/usr/lib/python3.14/json/decoder.py", {st_mode=S_IFREG|0644, st_size=12873, ...}, 0) = 0
770753 openat(AT_FDCWD, "/usr/lib/python3.14/json/__pycache__/decoder.cpython-314.pyc", O_RDONLY|O_CLOEXEC) = 3
770753 newfstatat(AT_FDCWD, "/home/firstmate/.no-mistakes/worktrees/8352e211db7e/01M4F29HK4JCAKXEQ2F50R6HHX/bin", {st_mode=S_IFDIR|0775, st_size=12288, ...}, 0) = 0
770753 newfstatat(AT_FDCWD, "/usr/lib/python3.14", {st_mode=S_IFDIR|0755, st_size=20480, ...}, 0) = 0
770753 newfstatat(AT_FDCWD, "/usr/lib/python3.14/re/__init__.cpython-314-x86_64-linux-gnu.so", 0x7ffde3ad24b0, 0) = -1 ENOENT (No such file or directory)
770753 newfstatat(AT_FDCWD, "/usr/lib/python3.14/re/__init__.abi3.so", 0x7ffde3ad24b0, 0) = -1 ENOENT (No such file or directory)
770753 newfstatat(AT_FDCWD, "/usr/lib/python3.14/re/__init__.abi3-x86_64-linux-gnu.so", 0x7ffde3ad24b0, 0) = -1 ENOENT (No such file or directory)
770753 newfstatat(AT_FDCWD, "/usr/lib/python3.14/re/__init__.so", 0x7ffde3ad24b0, 0) = -1 ENOENT (No such file or directory)
770753 newfstatat(AT_FDCWD, "/usr/lib/python3.14/re/__init__.py", {st_mode=S_IFREG|0644, st_size=17876, ...}, 0) = 0
770753 newfstatat(AT_FDCWD, "/usr/lib/python3.14/re/__init__.py", {st_mode=S_IFREG|0644, st_size=17876, ...}, 0) = 0
770753 openat(AT_FDCWD, "/usr/lib/python3.14/re/__pycache__/__init__.cpython-314.pyc", O_RDONLY|O_CLOEXEC) = 3
770753 newfstatat(AT_FDCWD, "/home/firstmate/.no-mistakes/worktrees/8352e211db7e/01M4F29HK4JCAKXEQ2F50R6HHX/bin", {st_mode=S_IFDIR|0775, st_size=12288, ...}, 0) = 0
770753 newfstatat(AT_FDCWD, "/usr/lib/python3.14", {st_mode=S_IFDIR|0755, st_size=20480, ...}, 0) = 0
770753 newfstatat(AT_FDCWD, "/usr/lib/python3.14/enum.py", {st_mode=S_IFREG|0644, st_size=85442, ...}, 0) = 0
770753 newfstatat(AT_FDCWD, "/usr/lib/python3.14/enum.py", {st_mode=S_IFREG|0644, st_size=85442, ...}, 0) = 0
770753 openat(AT_FDCWD, "/usr/lib/python3.14/__pycache__/enum.cpython-314.pyc", O_RDONLY|O_CLOEXEC) = 3
770753 newfstatat(AT_FDCWD, "/usr/lib/python3.14/re", {st_mode=S_IFDIR|0755, st_size=4096, ...}, 0) = 0
770753 newfstatat(AT_FDCWD, "/usr/lib/python3.14/re", {st_mode=S_IFDIR|0755, st_size=4096, ...}, 0) = 0
770753 newfstatat(AT_FDCWD, "/usr/lib/python3.14/re", {st_mode=S_IFDIR|0755, st_size=4096, ...}, 0) = 0
770753 openat(AT_FDCWD, "/usr/lib/python3.14/re", O_RDONLY|O_NONBLOCK|O_CLOEXEC|O_DIRECTORY) = 3
770753 newfstatat(AT_FDCWD, "/usr/lib/python3.14/re/_compiler.py", {st_mode=S_IFREG|0644, st_size=26855, ...}, 0) = 0
770753 newfstatat(AT_FDCWD, "/usr/lib/python3.14/re/_compiler.py", {st_mode=S_IFREG|0644, st_size=26855, ...}, 0) = 0
770753 openat(AT_FDCWD, "/usr/lib/python3.14/re/__pycache__/_compiler.cpython-314.pyc", O_RDONLY|O_CLOEXEC) = 3
770753 newfstatat(AT_FDCWD, "/usr/lib/python3.14/re", {st_mode=S_IFDIR|0755, st_size=4096, ...}, 0) = 0
770753 newfstatat(AT_FDCWD, "/usr/lib/python3.14/re/_parser.py", {st_mode=S_IFREG|0644, st_size=40353, ...}, 0) = 0
770753 newfstatat(AT_FDCWD, "/usr/lib/python3.14/re/_parser.py", {st_mode=S_IFREG|0644, st_size=40353, ...}, 0) = 0
770753 openat(AT_FDCWD, "/usr/lib/python3.14/re/__pycache__/_parser.cpython-314.pyc", O_RDONLY|O_CLOEXEC) = 3
770753 newfstatat(AT_FDCWD, "/usr/lib/python3.14/re", {st_mode=S_IFDIR|0755, st_size=4096, ...}, 0) = 0
770753 newfstatat(AT_FDCWD, "/usr/lib/python3.14/re/_constants.py", {st_mode=S_IFREG|0644, st_size=6036, ...}, 0) = 0
770753 newfstatat(AT_FDCWD, "/usr/lib/python3.14/re/_constants.py", {st_mode=S_IFREG|0644, st_size=6036, ...}, 0) = 0
770753 openat(AT_FDCWD, "/usr/lib/python3.14/re/__pycache__/_constants.cpython-314.pyc", O_RDONLY|O_CLOEXEC) = 3
770753 newfstatat(AT_FDCWD, "/usr/lib/python3.14/re", {st_mode=S_IFDIR|0755, st_size=4096, ...}, 0) = 0
770753 newfstatat(AT_FDCWD, "/usr/lib/python3.14/re/_casefix.py", {st_mode=S_IFREG|0644, st_size=5444, ...}, 0) = 0
770753 newfstatat(AT_FDCWD, "/usr/lib/python3.14/re/_casefix.py", {st_mode=S_IFREG|0644, st_size=5444, ...}, 0) = 0
770753 openat(AT_FDCWD, "/usr/lib/python3.14/re/__pycache__/_casefix.cpython-314.pyc", O_RDONLY|O_CLOEXEC) = 3
770753 newfstatat(AT_FDCWD, "/home/firstmate/.no-mistakes/worktrees/8352e211db7e/01M4F29HK4JCAKXEQ2F50R6HHX/bin", {st_mode=S_IFDIR|0775, st_size=12288, ...}, 0) = 0
770753 newfstatat(AT_FDCWD, "/usr/lib/python3.14", {st_mode=S_IFDIR|0755, st_size=20480, ...}, 0) = 0
770753 newfstatat(AT_FDCWD, "/usr/lib/python3.14/functools.py", {st_mode=S_IFREG|0644, st_size=43561, ...}, 0) = 0
770753 newfstatat(AT_FDCWD, "/usr/lib/python3.14/functools.py", {st_mode=S_IFREG|0644, st_size=43561, ...}, 0) = 0
770753 openat(AT_FDCWD, "/usr/lib/python3.14/__pycache__/functools.cpython-314.pyc", O_RDONLY|O_CLOEXEC) = 3
770753 newfstatat(AT_FDCWD, "/home/firstmate/.no-mistakes/worktrees/8352e211db7e/01M4F29HK4JCAKXEQ2F50R6HHX/bin", {st_mode=S_IFDIR|0775, st_size=12288, ...}, 0) = 0
770753 newfstatat(AT_FDCWD, "/usr/lib/python3.14", {st_mode=S_IFDIR|0755, st_size=20480, ...}, 0) = 0
770753 newfstatat(AT_FDCWD, "/usr/lib/python3.14/collections/__init__.cpython-314-x86_64-linux-gnu.so", 0x7ffde3ad0f70, 0) = -1 ENOENT (No such file or directory)
770753 newfstatat(AT_FDCWD, "/usr/lib/python3.14/collections/__init__.abi3.so", 0x7ffde3ad0f70, 0) = -1 ENOENT (No such file or directory)
770753 newfstatat(AT_FDCWD, "/usr/lib/python3.14/collections/__init__.abi3-x86_64-linux-gnu.so", 0x7ffde3ad0f70, 0) = -1 ENOENT (No such file or directory)
770753 newfstatat(AT_FDCWD, "/usr/lib/python3.14/collections/__init__.so", 0x7ffde3ad0f70, 0) = -1 ENOENT (No such file or directory)
770753 newfstatat(AT_FDCWD, "/usr/lib/python3.14/collections/__init__.py", {st_mode=S_IFREG|0644, st_size=52903, ...}, 0) = 0
770753 newfstatat(AT_FDCWD, "/usr/lib/python3.14/collections/__init__.py", {st_mode=S_IFREG|0644, st_size=52903, ...}, 0) = 0
770753 openat(AT_FDCWD, "/usr/lib/python3.14/collections/__pycache__/__init__.cpython-314.pyc", O_RDONLY|O_CLOEXEC) = 3
770753 newfstatat(AT_FDCWD, "/home/firstmate/.no-mistakes/worktrees/8352e211db7e/01M4F29HK4JCAKXEQ2F50R6HHX/bin", {st_mode=S_IFDIR|0775, st_size=12288, ...}, 0) = 0
770753 newfstatat(AT_FDCWD, "/usr/lib/python3.14", {st_mode=S_IFDIR|0755, st_size=20480, ...}, 0) = 0
770753 newfstatat(AT_FDCWD, "/usr/lib/python3.14/keyword.py", {st_mode=S_IFREG|0644, st_size=1073, ...}, 0) = 0
770753 newfstatat(AT_FDCWD, "/usr/lib/python3.14/keyword.py", {st_mode=S_IFREG|0644, st_size=1073, ...}, 0) = 0
770753 openat(AT_FDCWD, "/usr/lib/python3.14/__pycache__/keyword.cpython-314.pyc", O_RDONLY|O_CLOEXEC) = 3
770753 newfstatat(AT_FDCWD, "/home/firstmate/.no-mistakes/worktrees/8352e211db7e/01M4F29HK4JCAKXEQ2F50R6HHX/bin", {st_mode=S_IFDIR|0775, st_size=12288, ...}, 0) = 0
770753 newfstatat(AT_FDCWD, "/usr/lib/python3.14", {st_mode=S_IFDIR|0755, st_size=20480, ...}, 0) = 0
770753 newfstatat(AT_FDCWD, "/usr/lib/python3.14/operator.py", {st_mode=S_IFREG|0644, st_size=11158, ...}, 0) = 0
770753 newfstatat(AT_FDCWD, "/usr/lib/python3.14/operator.py", {st_mode=S_IFREG|0644, st_size=11158, ...}, 0) = 0
770753 openat(AT_FDCWD, "/usr/lib/python3.14/__pycache__/operator.cpython-314.pyc", O_RDONLY|O_CLOEXEC) = 3
770753 newfstatat(AT_FDCWD, "/home/firstmate/.no-mistakes/worktrees/8352e211db7e/01M4F29HK4JCAKXEQ2F50R6HHX/bin", {st_mode=S_IFDIR|0775, st_size=12288, ...}, 0) = 0
770753 newfstatat(AT_FDCWD, "/usr/lib/python3.14", {st_mode=S_IFDIR|0755, st_size=20480, ...}, 0) = 0
770753 newfstatat(AT_FDCWD, "/usr/lib/python3.14/reprlib.py", {st_mode=S_IFREG|0644, st_size=8064, ...}, 0) = 0
770753 newfstatat(AT_FDCWD, "/usr/lib/python3.14/reprlib.py", {st_mode=S_IFREG|0644, st_size=8064, ...}, 0) = 0
770753 openat(AT_FDCWD, "/usr/lib/python3.14/__pycache__/reprlib.cpython-314.pyc", O_RDONLY|O_CLOEXEC) = 3
770753 newfstatat(AT_FDCWD, "/home/firstmate/.no-mistakes/worktrees/8352e211db7e/01M4F29HK4JCAKXEQ2F50R6HHX/bin", {st_mode=S_IFDIR|0775, st_size=12288, ...}, 0) = 0
770753 newfstatat(AT_FDCWD, "/usr/lib/python3.14", {st_mode=S_IFDIR|0755, st_size=20480, ...}, 0) = 0
770753 newfstatat(AT_FDCWD, "/usr/lib/python3.14/copyreg.py", {st_mode=S_IFREG|0644, st_size=7716, ...}, 0) = 0
770753 newfstatat(AT_FDCWD, "/usr/lib/python3.14/copyreg.py", {st_mode=S_IFREG|0644, st_size=7716, ...}, 0) = 0
770753 openat(AT_FDCWD, "/usr/lib/python3.14/__pycache__/copyreg.cpython-314.pyc", O_RDONLY|O_CLOEXEC) = 3
770753 newfstatat(AT_FDCWD, "/usr/lib/python3.14/json", {st_mode=S_IFDIR|0755, st_size=4096, ...}, 0) = 0
770753 newfstatat(AT_FDCWD, "/usr/lib/python3.14/json/scanner.py", {st_mode=S_IFREG|0644, st_size=2434, ...}, 0) = 0
770753 newfstatat(AT_FDCWD, "/usr/lib/python3.14/json/scanner.py", {st_mode=S_IFREG|0644, st_size=2434, ...}, 0) = 0
770753 openat(AT_FDCWD, "/usr/lib/python3.14/json/__pycache__/scanner.cpython-314.pyc", O_RDONLY|O_CLOEXEC) = 3
770753 newfstatat(AT_FDCWD, "/usr/lib/python3.14/json", {st_mode=S_IFDIR|0755, st_size=4096, ...}, 0) = 0
770753 newfstatat(AT_FDCWD, "/usr/lib/python3.14/json/encoder.py", {st_mode=S_IFREG|0644, st_size=16990, ...}, 0) = 0
770753 newfstatat(AT_FDCWD, "/usr/lib/python3.14/json/encoder.py", {st_mode=S_IFREG|0644, st_size=16990, ...}, 0) = 0
770753 openat(AT_FDCWD, "/usr/lib/python3.14/json/__pycache__/encoder.cpython-314.pyc", O_RDONLY|O_CLOEXEC) = 3
770753 newfstatat(AT_FDCWD, "/home/firstmate/.no-mistakes/worktrees/8352e211db7e/01M4F29HK4JCAKXEQ2F50R6HHX/bin", {st_mode=S_IFDIR|0775, st_size=12288, ...}, 0) = 0
770753 newfstatat(AT_FDCWD, "/usr/lib/python3.14", {st_mode=S_IFDIR|0755, st_size=20480, ...}, 0) = 0
770753 newfstatat(AT_FDCWD, "/usr/lib/python3.14/pathlib/__init__.cpython-314-x86_64-linux-gnu.so", 0x7ffde3ad39f0, 0) = -1 ENOENT (No such file or directory)
770753 newfstatat(AT_FDCWD, "/usr/lib/python3.14/pathlib/__init__.abi3.so", 0x7ffde3ad39f0, 0) = -1 ENOENT (No such file or directory)
770753 newfstatat(AT_FDCWD, "/usr/lib/python3.14/pathlib/__init__.abi3-x86_64-linux-gnu.so", 0x7ffde3ad39f0, 0) = -1 ENOENT (No such file or directory)
770753 newfstatat(AT_FDCWD, "/usr/lib/python3.14/pathlib/__init__.so", 0x7ffde3ad39f0, 0) = -1 ENOENT (No such file or directory)
770753 newfstatat(AT_FDCWD, "/usr/lib/python3.14/pathlib/__init__.py", {st_mode=S_IFREG|0644, st_size=46833, ...}, 0) = 0
770753 newfstatat(AT_FDCWD, "/usr/lib/python3.14/pathlib/__init__.py", {st_mode=S_IFREG|0644, st_size=46833, ...}, 0) = 0
770753 openat(AT_FDCWD, "/usr/lib/python3.14/pathlib/__pycache__/__init__.cpython-314.pyc", O_RDONLY|O_CLOEXEC) = 3
770753 newfstatat(AT_FDCWD, "/home/firstmate/.no-mistakes/worktrees/8352e211db7e/01M4F29HK4JCAKXEQ2F50R6HHX/bin", {st_mode=S_IFDIR|0775, st_size=12288, ...}, 0) = 0
770753 newfstatat(AT_FDCWD, "/usr/lib/python3.14", {st_mode=S_IFDIR|0755, st_size=20480, ...}, 0) = 0
770753 newfstatat(AT_FDCWD, "/usr/lib/python3.14/glob.py", {st_mode=S_IFREG|0644, st_size=20768, ...}, 0) = 0
770753 newfstatat(AT_FDCWD, "/usr/lib/python3.14/glob.py", {st_mode=S_IFREG|0644, st_size=20768, ...}, 0) = 0
770753 openat(AT_FDCWD, "/usr/lib/python3.14/__pycache__/glob.cpython-314.pyc", O_RDONLY|O_CLOEXEC) = 3
770753 newfstatat(AT_FDCWD, "/home/firstmate/.no-mistakes/worktrees/8352e211db7e/01M4F29HK4JCAKXEQ2F50R6HHX/bin", {st_mode=S_IFDIR|0775, st_size=12288, ...}, 0) = 0
770753 newfstatat(AT_FDCWD, "/usr/lib/python3.14", {st_mode=S_IFDIR|0755, st_size=20480, ...}, 0) = 0
770753 newfstatat(AT_FDCWD, "/usr/lib/python3.14/contextlib.py", {st_mode=S_IFREG|0644, st_size=27801, ...}, 0) = 0
770753 newfstatat(AT_FDCWD, "/usr/lib/python3.14/contextlib.py", {st_mode=S_IFREG|0644, st_size=27801, ...}, 0) = 0
770753 openat(AT_FDCWD, "/usr/lib/python3.14/__pycache__/contextlib.cpython-314.pyc", O_RDONLY|O_CLOEXEC) = 3
770753 newfstatat(AT_FDCWD, "/home/firstmate/.no-mistakes/worktrees/8352e211db7e/01M4F29HK4JCAKXEQ2F50R6HHX/bin", {st_mode=S_IFDIR|0775, st_size=12288, ...}, 0) = 0
770753 newfstatat(AT_FDCWD, "/usr/lib/python3.14", {st_mode=S_IFDIR|0755, st_size=20480, ...}, 0) = 0
770753 newfstatat(AT_FDCWD, "/usr/lib/python3.14/fnmatch.py", {st_mode=S_IFREG|0644, st_size=6791, ...}, 0) = 0
770753 newfstatat(AT_FDCWD, "/usr/lib/python3.14/fnmatch.py", {st_mode=S_IFREG|0644, st_size=6791, ...}, 0) = 0
770753 openat(AT_FDCWD, "/usr/lib/python3.14/__pycache__/fnmatch.cpython-314.pyc", O_RDONLY|O_CLOEXEC) = 3
770753 newfstatat(AT_FDCWD, "/usr/lib/python3.14/pathlib", {st_mode=S_IFDIR|0755, st_size=4096, ...}, 0) = 0
770753 newfstatat(AT_FDCWD, "/usr/lib/python3.14/pathlib", {st_mode=S_IFDIR|0755, st_size=4096, ...}, 0) = 0
770753 newfstatat(AT_FDCWD, "/usr/lib/python3.14/pathlib", {st_mode=S_IFDIR|0755, st_size=4096, ...}, 0) = 0
770753 openat(AT_FDCWD, "/usr/lib/python3.14/pathlib", O_RDONLY|O_NONBLOCK|O_CLOEXEC|O_DIRECTORY) = 3
770753 newfstatat(AT_FDCWD, "/usr/lib/python3.14/pathlib/_os.py", {st_mode=S_IFREG|0644, st_size=18161, ...}, 0) = 0
770753 newfstatat(AT_FDCWD, "/usr/lib/python3.14/pathlib/_os.py", {st_mode=S_IFREG|0644, st_size=18161, ...}, 0) = 0
770753 openat(AT_FDCWD, "/usr/lib/python3.14/pathlib/__pycache__/_os.cpython-314.pyc", O_RDONLY|O_CLOEXEC) = 3
770753 newfstatat(AT_FDCWD, "/home/firstmate/.no-mistakes/worktrees/8352e211db7e/01M4F29HK4JCAKXEQ2F50R6HHX/bin", {st_mode=S_IFDIR|0775, st_size=12288, ...}, 0) = 0
770753 newfstatat(AT_FDCWD, "/usr/lib/python3.14", {st_mode=S_IFDIR|0755, st_size=20480, ...}, 0) = 0
770753 newfstatat(AT_FDCWD, "/usr/lib/python3.14/lib-dynload", {st_mode=S_IFDIR|0755, st_size=16384, ...}, 0) = 0
770753 newfstatat(AT_FDCWD, "/home/firstmate/.local/lib/python3.14/site-packages", {st_mode=S_IFDIR|0775, st_size=4096, ...}, 0) = 0
770753 newfstatat(AT_FDCWD, "/usr/local/lib/python3.14/dist-packages", {st_mode=S_IFDIR|0755, st_size=4096, ...}, 0) = 0
770753 newfstatat(AT_FDCWD, "/usr/lib/python3/dist-packages", {st_mode=S_IFDIR|0755, st_size=12288, ...}, 0) = 0
770753 newfstatat(AT_FDCWD, "/home/firstmate/.no-mistakes/worktrees/8352e211db7e/01M4F29HK4JCAKXEQ2F50R6HHX/bin", {st_mode=S_IFDIR|0775, st_size=12288, ...}, 0) = 0
770753 newfstatat(AT_FDCWD, "/usr/lib/python3.14", {st_mode=S_IFDIR|0755, st_size=20480, ...}, 0) = 0
770753 newfstatat(AT_FDCWD, "/usr/lib/python3.14/lib-dynload", {st_mode=S_IFDIR|0755, st_size=16384, ...}, 0) = 0
770753 newfstatat(AT_FDCWD, "/home/firstmate/.local/lib/python3.14/site-packages", {st_mode=S_IFDIR|0775, st_size=4096, ...}, 0) = 0
770753 newfstatat(AT_FDCWD, "/usr/local/lib/python3.14/dist-packages", {st_mode=S_IFDIR|0755, st_size=4096, ...}, 0) = 0
770753 newfstatat(AT_FDCWD, "/usr/lib/python3/dist-packages", {st_mode=S_IFDIR|0755, st_size=12288, ...}, 0) = 0
770753 newfstatat(AT_FDCWD, "/home/firstmate/.no-mistakes/worktrees/8352e211db7e/01M4F29HK4JCAKXEQ2F50R6HHX/bin", {st_mode=S_IFDIR|0775, st_size=12288, ...}, 0) = 0
770753 newfstatat(AT_FDCWD, "/usr/lib/python3.14", {st_mode=S_IFDIR|0755, st_size=20480, ...}, 0) = 0
770753 newfstatat(AT_FDCWD, "/usr/lib/python3.14/lib-dynload", {st_mode=S_IFDIR|0755, st_size=16384, ...}, 0) = 0
770753 newfstatat(AT_FDCWD, "/home/firstmate/.local/lib/python3.14/site-packages", {st_mode=S_IFDIR|0775, st_size=4096, ...}, 0) = 0
770753 newfstatat(AT_FDCWD, "/usr/local/lib/python3.14/dist-packages", {st_mode=S_IFDIR|0755, st_size=4096, ...}, 0) = 0
770753 newfstatat(AT_FDCWD, "/usr/lib/python3/dist-packages", {st_mode=S_IFDIR|0755, st_size=12288, ...}, 0) = 0
770753 newfstatat(AT_FDCWD, "/home/firstmate/.no-mistakes/worktrees/8352e211db7e/01M4F29HK4JCAKXEQ2F50R6HHX/bin", {st_mode=S_IFDIR|0775, st_size=12288, ...}, 0) = 0
770753 newfstatat(AT_FDCWD, "/usr/lib/python3.14", {st_mode=S_IFDIR|0755, st_size=20480, ...}, 0) = 0
770753 newfstatat(AT_FDCWD, "/usr/lib/python3.14/lib-dynload", {st_mode=S_IFDIR|0755, st_size=16384, ...}, 0) = 0
770753 newfstatat(AT_FDCWD, "/home/firstmate/.local/lib/python3.14/site-packages", {st_mode=S_IFDIR|0775, st_size=4096, ...}, 0) = 0
770753 newfstatat(AT_FDCWD, "/usr/local/lib/python3.14/dist-packages", {st_mode=S_IFDIR|0755, st_size=4096, ...}, 0) = 0
770753 newfstatat(AT_FDCWD, "/usr/lib/python3/dist-packages", {st_mode=S_IFDIR|0755, st_size=12288, ...}, 0) = 0
770753 newfstatat(AT_FDCWD, "/home/firstmate/.no-mistakes/worktrees/8352e211db7e/01M4F29HK4JCAKXEQ2F50R6HHX/bin", {st_mode=S_IFDIR|0775, st_size=12288, ...}, 0) = 0
770753 newfstatat(AT_FDCWD, "/usr/lib/python3.14", {st_mode=S_IFDIR|0755, st_size=20480, ...}, 0) = 0
770753 newfstatat(AT_FDCWD, "/usr/lib/python3.14/lib-dynload", {st_mode=S_IFDIR|0755, st_size=16384, ...}, 0) = 0
770753 newfstatat(AT_FDCWD, "/home/firstmate/.local/lib/python3.14/site-packages", {st_mode=S_IFDIR|0775, st_size=4096, ...}, 0) = 0
770753 newfstatat(AT_FDCWD, "/usr/local/lib/python3.14/dist-packages", {st_mode=S_IFDIR|0755, st_size=4096, ...}, 0) = 0
770753 newfstatat(AT_FDCWD, "/usr/lib/python3/dist-packages", {st_mode=S_IFDIR|0755, st_size=12288, ...}, 0) = 0
770753 newfstatat(AT_FDCWD, "/home/firstmate/.no-mistakes/worktrees/8352e211db7e/01M4F29HK4JCAKXEQ2F50R6HHX/bin", {st_mode=S_IFDIR|0775, st_size=12288, ...}, 0) = 0
770753 newfstatat(AT_FDCWD, "/usr/lib/python3.14", {st_mode=S_IFDIR|0755, st_size=20480, ...}, 0) = 0
770753 newfstatat(AT_FDCWD, "/usr/lib/python3.14/lib-dynload", {st_mode=S_IFDIR|0755, st_size=16384, ...}, 0) = 0
770753 newfstatat(AT_FDCWD, "/home/firstmate/.local/lib/python3.14/site-packages", {st_mode=S_IFDIR|0775, st_size=4096, ...}, 0) = 0
770753 newfstatat(AT_FDCWD, "/usr/local/lib/python3.14/dist-packages", {st_mode=S_IFDIR|0755, st_size=4096, ...}, 0) = 0
770753 newfstatat(AT_FDCWD, "/usr/lib/python3/dist-packages", {st_mode=S_IFDIR|0755, st_size=12288, ...}, 0) = 0
770753 newfstatat(AT_FDCWD, "/home/firstmate/.no-mistakes/worktrees/8352e211db7e/01M4F29HK4JCAKXEQ2F50R6HHX/bin", {st_mode=S_IFDIR|0775, st_size=12288, ...}, 0) = 0
770753 newfstatat(AT_FDCWD, "/usr/lib/python3.14", {st_mode=S_IFDIR|0755, st_size=20480, ...}, 0) = 0
770753 newfstatat(AT_FDCWD, "/usr/lib/python3.14/lib-dynload", {st_mode=S_IFDIR|0755, st_size=16384, ...}, 0) = 0
770753 newfstatat(AT_FDCWD, "/home/firstmate/.local/lib/python3.14/site-packages", {st_mode=S_IFDIR|0775, st_size=4096, ...}, 0) = 0
770753 newfstatat(AT_FDCWD, "/usr/local/lib/python3.14/dist-packages", {st_mode=S_IFDIR|0755, st_size=4096, ...}, 0) = 0
770753 newfstatat(AT_FDCWD, "/usr/lib/python3/dist-packages", {st_mode=S_IFDIR|0755, st_size=12288, ...}, 0) = 0
770753 newfstatat(AT_FDCWD, "/home/firstmate/.no-mistakes/worktrees/8352e211db7e/01M4F29HK4JCAKXEQ2F50R6HHX/bin", {st_mode=S_IFDIR|0775, st_size=12288, ...}, 0) = 0
770753 newfstatat(AT_FDCWD, "/usr/lib/python3.14", {st_mode=S_IFDIR|0755, st_size=20480, ...}, 0) = 0
770753 newfstatat(AT_FDCWD, "/usr/lib/python3.14/lib-dynload", {st_mode=S_IFDIR|0755, st_size=16384, ...}, 0) = 0
770753 newfstatat(AT_FDCWD, "/home/firstmate/.local/lib/python3.14/site-packages", {st_mode=S_IFDIR|0775, st_size=4096, ...}, 0) = 0
770753 newfstatat(AT_FDCWD, "/usr/local/lib/python3.14/dist-packages", {st_mode=S_IFDIR|0755, st_size=4096, ...}, 0) = 0
770753 newfstatat(AT_FDCWD, "/usr/lib/python3/dist-packages", {st_mode=S_IFDIR|0755, st_size=12288, ...}, 0) = 0
770753 newfstatat(AT_FDCWD, "/home/firstmate/.no-mistakes/worktrees/8352e211db7e/01M4F29HK4JCAKXEQ2F50R6HHX/bin", {st_mode=S_IFDIR|0775, st_size=12288, ...}, 0) = 0
770753 newfstatat(AT_FDCWD, "/usr/lib/python3.14", {st_mode=S_IFDIR|0755, st_size=20480, ...}, 0) = 0
770753 newfstatat(AT_FDCWD, "/usr/lib/python3.14/lib-dynload", {st_mode=S_IFDIR|0755, st_size=16384, ...}, 0) = 0
770753 newfstatat(AT_FDCWD, "/home/firstmate/.local/lib/python3.14/site-packages", {st_mode=S_IFDIR|0775, st_size=4096, ...}, 0) = 0
770753 newfstatat(AT_FDCWD, "/usr/local/lib/python3.14/dist-packages", {st_mode=S_IFDIR|0755, st_size=4096, ...}, 0) = 0
770753 newfstatat(AT_FDCWD, "/usr/lib/python3/dist-packages", {st_mode=S_IFDIR|0755, st_size=12288, ...}, 0) = 0
770753 newfstatat(AT_FDCWD, "/home/firstmate/.no-mistakes/worktrees/8352e211db7e/01M4F29HK4JCAKXEQ2F50R6HHX/bin", {st_mode=S_IFDIR|0775, st_size=12288, ...}, 0) = 0
770753 newfstatat(AT_FDCWD, "/usr/lib/python3.14", {st_mode=S_IFDIR|0755, st_size=20480, ...}, 0) = 0
770753 newfstatat(AT_FDCWD, "/usr/lib/python3.14/secrets.py", {st_mode=S_IFREG|0644, st_size=1984, ...}, 0) = 0
770753 newfstatat(AT_FDCWD, "/usr/lib/python3.14/secrets.py", {st_mode=S_IFREG|0644, st_size=1984, ...}, 0) = 0
770753 openat(AT_FDCWD, "/usr/lib/python3.14/__pycache__/secrets.cpython-314.pyc", O_RDONLY|O_CLOEXEC) = 3
770753 newfstatat(AT_FDCWD, "/home/firstmate/.no-mistakes/worktrees/8352e211db7e/01M4F29HK4JCAKXEQ2F50R6HHX/bin", {st_mode=S_IFDIR|0775, st_size=12288, ...}, 0) = 0
770753 newfstatat(AT_FDCWD, "/usr/lib/python3.14", {st_mode=S_IFDIR|0755, st_size=20480, ...}, 0) = 0
770753 newfstatat(AT_FDCWD, "/usr/lib/python3.14/base64.py", {st_mode=S_IFREG|0644, st_size=22029, ...}, 0) = 0
770753 newfstatat(AT_FDCWD, "/usr/lib/python3.14/base64.py", {st_mode=S_IFREG|0644, st_size=22029, ...}, 0) = 0
770753 openat(AT_FDCWD, "/usr/lib/python3.14/__pycache__/base64.cpython-314.pyc", O_RDONLY|O_CLOEXEC) = 3
770753 newfstatat(AT_FDCWD, "/home/firstmate/.no-mistakes/worktrees/8352e211db7e/01M4F29HK4JCAKXEQ2F50R6HHX/bin", {st_mode=S_IFDIR|0775, st_size=12288, ...}, 0) = 0
770753 newfstatat(AT_FDCWD, "/usr/lib/python3.14", {st_mode=S_IFDIR|0755, st_size=20480, ...}, 0) = 0
770753 newfstatat(AT_FDCWD, "/usr/lib/python3.14/struct.py", {st_mode=S_IFREG|0644, st_size=285, ...}, 0) = 0
770753 newfstatat(AT_FDCWD, "/usr/lib/python3.14/struct.py", {st_mode=S_IFREG|0644, st_size=285, ...}, 0) = 0
770753 openat(AT_FDCWD, "/usr/lib/python3.14/__pycache__/struct.cpython-314.pyc", O_RDONLY|O_CLOEXEC) = 3
770753 newfstatat(AT_FDCWD, "/home/firstmate/.no-mistakes/worktrees/8352e211db7e/01M4F29HK4JCAKXEQ2F50R6HHX/bin", {st_mode=S_IFDIR|0775, st_size=12288, ...}, 0) = 0
770753 newfstatat(AT_FDCWD, "/usr/lib/python3.14", {st_mode=S_IFDIR|0755, st_size=20480, ...}, 0) = 0
770753 newfstatat(AT_FDCWD, "/usr/lib/python3.14/hmac.py", {st_mode=S_IFREG|0644, st_size=9589, ...}, 0) = 0
770753 newfstatat(AT_FDCWD, "/usr/lib/python3.14/hmac.py", {st_mode=S_IFREG|0644, st_size=9589, ...}, 0) = 0
770753 openat(AT_FDCWD, "/usr/lib/python3.14/__pycache__/hmac.cpython-314.pyc", O_RDONLY|O_CLOEXEC) = 3
770753 newfstatat(AT_FDCWD, "/home/firstmate/.no-mistakes/worktrees/8352e211db7e/01M4F29HK4JCAKXEQ2F50R6HHX/bin", {st_mode=S_IFDIR|0775, st_size=12288, ...}, 0) = 0
770753 newfstatat(AT_FDCWD, "/usr/lib/python3.14", {st_mode=S_IFDIR|0755, st_size=20480, ...}, 0) = 0
770753 newfstatat(AT_FDCWD, "/usr/lib/python3.14/lib-dynload", {st_mode=S_IFDIR|0755, st_size=16384, ...}, 0) = 0
770753 newfstatat(AT_FDCWD, "/usr/lib/python3.14/lib-dynload/_hmac.cpython-314-x86_64-linux-gnu.so", {st_mode=S_IFREG|0644, st_size=151584, ...}, 0) = 0
770753 openat(AT_FDCWD, "/usr/lib/python3.14/lib-dynload/_hmac.cpython-314-x86_64-linux-gnu.so", O_RDONLY|O_CLOEXEC) = 3
770753 newfstatat(AT_FDCWD, "/home/firstmate/.no-mistakes/worktrees/8352e211db7e/01M4F29HK4JCAKXEQ2F50R6HHX/bin", {st_mode=S_IFDIR|0775, st_size=12288, ...}, 0) = 0
770753 newfstatat(AT_FDCWD, "/usr/lib/python3.14", {st_mode=S_IFDIR|0755, st_size=20480, ...}, 0) = 0
770753 newfstatat(AT_FDCWD, "/usr/lib/python3.14/random.py", {st_mode=S_IFREG|0644, st_size=37259, ...}, 0) = 0
770753 newfstatat(AT_FDCWD, "/usr/lib/python3.14/random.py", {st_mode=S_IFREG|0644, st_size=37259, ...}, 0) = 0
770753 openat(AT_FDCWD, "/usr/lib/python3.14/__pycache__/random.cpython-314.pyc", O_RDONLY|O_CLOEXEC) = 3
770753 newfstatat(AT_FDCWD, "/home/firstmate/.no-mistakes/worktrees/8352e211db7e/01M4F29HK4JCAKXEQ2F50R6HHX/bin", {st_mode=S_IFDIR|0775, st_size=12288, ...}, 0) = 0
770753 newfstatat(AT_FDCWD, "/usr/lib/python3.14", {st_mode=S_IFDIR|0755, st_size=20480, ...}, 0) = 0
770753 newfstatat(AT_FDCWD, "/usr/lib/python3.14/bisect.py", {st_mode=S_IFREG|0644, st_size=3423, ...}, 0) = 0
770753 newfstatat(AT_FDCWD, "/usr/lib/python3.14/bisect.py", {st_mode=S_IFREG|0644, st_size=3423, ...}, 0) = 0
770753 openat(AT_FDCWD, "/usr/lib/python3.14/__pycache__/bisect.cpython-314.pyc", O_RDONLY|O_CLOEXEC) = 3
770753 newfstatat(AT_FDCWD, "/home/firstmate/.no-mistakes/worktrees/8352e211db7e/01M4F29HK4JCAKXEQ2F50R6HHX/bin", {st_mode=S_IFDIR|0775, st_size=12288, ...}, 0) = 0
770753 newfstatat(AT_FDCWD, "/usr/lib/python3.14", {st_mode=S_IFDIR|0755, st_size=20480, ...}, 0) = 0
770753 newfstatat(AT_FDCWD, "/usr/lib/python3.14/subprocess.py", {st_mode=S_IFREG|0644, st_size=90732, ...}, 0) = 0
770753 newfstatat(AT_FDCWD, "/usr/lib/python3.14/subprocess.py", {st_mode=S_IFREG|0644, st_size=90732, ...}, 0) = 0
770753 openat(AT_FDCWD, "/usr/lib/python3.14/__pycache__/subprocess.cpython-314.pyc", O_RDONLY|O_CLOEXEC) = 3
770753 newfstatat(AT_FDCWD, "/home/firstmate/.no-mistakes/worktrees/8352e211db7e/01M4F29HK4JCAKXEQ2F50R6HHX/bin", {st_mode=S_IFDIR|0775, st_size=12288, ...}, 0) = 0
770753 newfstatat(AT_FDCWD, "/usr/lib/python3.14", {st_mode=S_IFDIR|0755, st_size=20480, ...}, 0) = 0
770753 newfstatat(AT_FDCWD, "/usr/lib/python3.14/locale.py", {st_mode=S_IFREG|0644, st_size=79129, ...}, 0) = 0
770753 newfstatat(AT_FDCWD, "/usr/lib/python3.14/locale.py", {st_mode=S_IFREG|0644, st_size=79129, ...}, 0) = 0
770753 openat(AT_FDCWD, "/usr/lib/python3.14/__pycache__/locale.cpython-314.pyc", O_RDONLY|O_CLOEXEC) = 3
770753 newfstatat(AT_FDCWD, "/home/firstmate/.no-mistakes/worktrees/8352e211db7e/01M4F29HK4JCAKXEQ2F50R6HHX/bin", {st_mode=S_IFDIR|0775, st_size=12288, ...}, 0) = 0
770753 newfstatat(AT_FDCWD, "/usr/lib/python3.14", {st_mode=S_IFDIR|0755, st_size=20480, ...}, 0) = 0
770753 newfstatat(AT_FDCWD, "/usr/lib/python3.14/signal.py", {st_mode=S_IFREG|0644, st_size=2495, ...}, 0) = 0
770753 newfstatat(AT_FDCWD, "/usr/lib/python3.14/signal.py", {st_mode=S_IFREG|0644, st_size=2495, ...}, 0) = 0
770753 openat(AT_FDCWD, "/usr/lib/python3.14/__pycache__/signal.cpython-314.pyc", O_RDONLY|O_CLOEXEC) = 3
770753 newfstatat(AT_FDCWD, "/home/firstmate/.no-mistakes/worktrees/8352e211db7e/01M4F29HK4JCAKXEQ2F50R6HHX/bin", {st_mode=S_IFDIR|0775, st_size=12288, ...}, 0) = 0
770753 newfstatat(AT_FDCWD, "/usr/lib/python3.14", {st_mode=S_IFDIR|0755, st_size=20480, ...}, 0) = 0
770753 newfstatat(AT_FDCWD, "/usr/lib/python3.14/threading.py", {st_mode=S_IFREG|0644, st_size=56923, ...}, 0) = 0
770753 newfstatat(AT_FDCWD, "/usr/lib/python3.14/threading.py", {st_mode=S_IFREG|0644, st_size=56923, ...}, 0) = 0
770753 openat(AT_FDCWD, "/usr/lib/python3.14/__pycache__/threading.cpython-314.pyc", O_RDONLY|O_CLOEXEC) = 3
770753 newfstatat(AT_FDCWD, "/home/firstmate/.no-mistakes/worktrees/8352e211db7e/01M4F29HK4JCAKXEQ2F50R6HHX/bin", {st_mode=S_IFDIR|0775, st_size=12288, ...}, 0) = 0
770753 newfstatat(AT_FDCWD, "/usr/lib/python3.14", {st_mode=S_IFDIR|0755, st_size=20480, ...}, 0) = 0
770753 newfstatat(AT_FDCWD, "/usr/lib/python3.14/_weakrefset.py", {st_mode=S_IFREG|0644, st_size=3962, ...}, 0) = 0
770753 newfstatat(AT_FDCWD, "/usr/lib/python3.14/_weakrefset.py", {st_mode=S_IFREG|0644, st_size=3962, ...}, 0) = 0
770753 openat(AT_FDCWD, "/usr/lib/python3.14/__pycache__/_weakrefset.cpython-314.pyc", O_RDONLY|O_CLOEXEC) = 3
770753 newfstatat(AT_FDCWD, "/home/firstmate/.no-mistakes/worktrees/8352e211db7e/01M4F29HK4JCAKXEQ2F50R6HHX/bin", {st_mode=S_IFDIR|0775, st_size=12288, ...}, 0) = 0
770753 newfstatat(AT_FDCWD, "/usr/lib/python3.14", {st_mode=S_IFDIR|0755, st_size=20480, ...}, 0) = 0
770753 newfstatat(AT_FDCWD, "/usr/lib/python3.14/warnings.py", {st_mode=S_IFREG|0644, st_size=1966, ...}, 0) = 0
770753 newfstatat(AT_FDCWD, "/usr/lib/python3.14/warnings.py", {st_mode=S_IFREG|0644, st_size=1966, ...}, 0) = 0
770753 openat(AT_FDCWD, "/usr/lib/python3.14/__pycache__/warnings.cpython-314.pyc", O_RDONLY|O_CLOEXEC) = 3
770753 newfstatat(AT_FDCWD, "/home/firstmate/.no-mistakes/worktrees/8352e211db7e/01M4F29HK4JCAKXEQ2F50R6HHX/bin", {st_mode=S_IFDIR|0775, st_size=12288, ...}, 0) = 0
770753 newfstatat(AT_FDCWD, "/usr/lib/python3.14", {st_mode=S_IFDIR|0755, st_size=20480, ...}, 0) = 0
770753 newfstatat(AT_FDCWD, "/usr/lib/python3.14/_py_warnings.py", {st_mode=S_IFREG|0644, st_size=30631, ...}, 0) = 0
770753 newfstatat(AT_FDCWD, "/usr/lib/python3.14/_py_warnings.py", {st_mode=S_IFREG|0644, st_size=30631, ...}, 0) = 0
770753 openat(AT_FDCWD, "/usr/lib/python3.14/__pycache__/_py_warnings.cpython-314.pyc", O_RDONLY|O_CLOEXEC) = 3
770753 newfstatat(AT_FDCWD, "/home/firstmate/.no-mistakes/worktrees/8352e211db7e/01M4F29HK4JCAKXEQ2F50R6HHX/bin", {st_mode=S_IFDIR|0775, st_size=12288, ...}, 0) = 0
770753 newfstatat(AT_FDCWD, "/usr/lib/python3.14", {st_mode=S_IFDIR|0755, st_size=20480, ...}, 0) = 0
770753 newfstatat(AT_FDCWD, "/usr/lib/python3.14/lib-dynload", {st_mode=S_IFDIR|0755, st_size=16384, ...}, 0) = 0
770753 newfstatat(AT_FDCWD, "/home/firstmate/.local/lib/python3.14/site-packages", {st_mode=S_IFDIR|0775, st_size=4096, ...}, 0) = 0
770753 newfstatat(AT_FDCWD, "/usr/local/lib/python3.14/dist-packages", {st_mode=S_IFDIR|0755, st_size=4096, ...}, 0) = 0
770753 newfstatat(AT_FDCWD, "/usr/lib/python3/dist-packages", {st_mode=S_IFDIR|0755, st_size=12288, ...}, 0) = 0
770753 newfstatat(AT_FDCWD, "/home/firstmate/.no-mistakes/worktrees/8352e211db7e/01M4F29HK4JCAKXEQ2F50R6HHX/bin", {st_mode=S_IFDIR|0775, st_size=12288, ...}, 0) = 0
770753 newfstatat(AT_FDCWD, "/usr/lib/python3.14", {st_mode=S_IFDIR|0755, st_size=20480, ...}, 0) = 0
770753 newfstatat(AT_FDCWD, "/usr/lib/python3.14/selectors.py", {st_mode=S_IFREG|0644, st_size=19457, ...}, 0) = 0
770753 newfstatat(AT_FDCWD, "/usr/lib/python3.14/selectors.py", {st_mode=S_IFREG|0644, st_size=19457, ...}, 0) = 0
770753 openat(AT_FDCWD, "/usr/lib/python3.14/__pycache__/selectors.cpython-314.pyc", O_RDONLY|O_CLOEXEC) = 3
770753 newfstatat(AT_FDCWD, "/home/firstmate/.no-mistakes/worktrees/8352e211db7e/01M4F29HK4JCAKXEQ2F50R6HHX/.test-tmp/boundary/home/.voice-conversation-lab", 0x7ffde3ad3b80, 0) = -1 ENOENT (No such file or directory)
770753 openat(AT_FDCWD, "/home/firstmate/.no-mistakes/worktrees/8352e211db7e/01M4F29HK4JCAKXEQ2F50R6HHX/.test-tmp/boundary/home/state/voice-conversation/policy.json", O_RDONLY|O_CLOEXEC) = 3
770753 openat(AT_FDCWD, "/home/firstmate/.no-mistakes/worktrees/8352e211db7e/01M4F29HK4JCAKXEQ2F50R6HHX/.test-tmp/boundary/home/state/voice-conversation/lock", O_WRONLY|O_CREAT|O_NOFOLLOW|O_CLOEXEC, 0600) = 3
770753 newfstatat(AT_FDCWD, "/home/firstmate/.no-mistakes/worktrees/8352e211db7e/01M4F29HK4JCAKXEQ2F50R6HHX/.test-tmp/boundary/home/state/voice-conversation/journal.json", {st_mode=S_IFREG|0600, st_size=4686, ...}, 0) = 0
770753 openat(AT_FDCWD, "/home/firstmate/.no-mistakes/worktrees/8352e211db7e/01M4F29HK4JCAKXEQ2F50R6HHX/.test-tmp/boundary/home/state/voice-conversation/journal.json", O_RDONLY|O_CLOEXEC) = 4
770753 openat(AT_FDCWD, "/home/firstmate/.no-mistakes/worktrees/8352e211db7e/01M4F29HK4JCAKXEQ2F50R6HHX/.test-tmp/boundary/home/state/inbox/", O_RDONLY|O_NONBLOCK|O_CLOEXEC|O_DIRECTORY) = 4
770753 openat(AT_FDCWD, "/home/firstmate/.no-mistakes/worktrees/8352e211db7e/01M4F29HK4JCAKXEQ2F50R6HHX/.test-tmp/boundary/home/state/inbox/handled/", O_RDONLY|O_NONBLOCK|O_CLOEXEC|O_DIRECTORY) = 4
770753 openat(AT_FDCWD, "/home/firstmate/.no-mistakes/worktrees/8352e211db7e/01M4F29HK4JCAKXEQ2F50R6HHX/.test-tmp/boundary/home/state/inbox/handled/vc-72fcee7d40e2626eb6bcb0284ad62c4465312ee139309aa2a4c12c917b8650a2.note", O_RDONLY|O_CLOEXEC) = 4
770753 openat(AT_FDCWD, "/home/firstmate/.no-mistakes/worktrees/8352e211db7e/01M4F29HK4JCAKXEQ2F50R6HHX/.test-tmp/boundary/home/state/inbox/handled/vc-85b63a3369778e7c4339db9438ec0f532e7facc6fb3ce602eab0fc8983838dbd.note", O_RDONLY|O_CLOEXEC) = 4
770753 newfstatat(AT_FDCWD, "/home/firstmate/.no-mistakes/worktrees/8352e211db7e/01M4F29HK4JCAKXEQ2F50R6HHX/.test-tmp/boundary/home/state/inbox/vc-72fcee7d40e2626eb6bcb0284ad62c4465312ee139309aa2a4c12c917b8650a2.note", 0x7ffde3ad3ba0, 0) = -1 ENOENT (No such file or directory)
770753 newfstatat(AT_FDCWD, "/home/firstmate/.no-mistakes/worktrees/8352e211db7e/01M4F29HK4JCAKXEQ2F50R6HHX/.test-tmp/boundary/home/state/inbox/handled/vc-72fcee7d40e2626eb6bcb0284ad62c4465312ee139309aa2a4c12c917b8650a2.note", {st_mode=S_IFREG|0600, st_size=399, ...}, 0) = 0
770753 newfstatat(AT_FDCWD, "/home/firstmate/.no-mistakes/worktrees/8352e211db7e/01M4F29HK4JCAKXEQ2F50R6HHX/.test-tmp/boundary/home/state/inbox/vc-72fcee7d40e2626eb6bcb0284ad62c4465312ee139309aa2a4c12c917b8650a2.note", 0x7ffde3ad3ba0, 0) = -1 ENOENT (No such file or directory)
770753 newfstatat(AT_FDCWD, "/home/firstmate/.no-mistakes/worktrees/8352e211db7e/01M4F29HK4JCAKXEQ2F50R6HHX/.test-tmp/boundary/home/state/inbox/vc-85b63a3369778e7c4339db9438ec0f532e7facc6fb3ce602eab0fc8983838dbd.note", 0x7ffde3ad3ba0, 0) = -1 ENOENT (No such file or directory)
770753 newfstatat(AT_FDCWD, "/home/firstmate/.no-mistakes/worktrees/8352e211db7e/01M4F29HK4JCAKXEQ2F50R6HHX/.test-tmp/boundary/home/state/inbox/handled/vc-85b63a3369778e7c4339db9438ec0f532e7facc6fb3ce602eab0fc8983838dbd.note", {st_mode=S_IFREG|0600, st_size=419, ...}, 0) = 0
770753 newfstatat(AT_FDCWD, "/home/firstmate/.no-mistakes/worktrees/8352e211db7e/01M4F29HK4JCAKXEQ2F50R6HHX/.test-tmp/boundary/home/state/inbox/vc-85b63a3369778e7c4339db9438ec0f532e7facc6fb3ce602eab0fc8983838dbd.note", 0x7ffde3ad3ba0, 0) = -1 ENOENT (No such file or directory)
770753 openat(AT_FDCWD, "/home/firstmate/.no-mistakes/worktrees/8352e211db7e/01M4F29HK4JCAKXEQ2F50R6HHX/.test-tmp/boundary/home/state/voice-conversation/.journal.json.0e96f30f978c97d7", O_WRONLY|O_CREAT|O_EXCL|O_CLOEXEC, 0666) = 4
770753 rename("/home/firstmate/.no-mistakes/worktrees/8352e211db7e/01M4F29HK4JCAKXEQ2F50R6HHX/.test-tmp/boundary/home/state/voice-conversation/.journal.json.0e96f30f978c97d7", "/home/firstmate/.no-mistakes/worktrees/8352e211db7e/01M4F29HK4JCAKXEQ2F50R6HHX/.test-tmp/boundary/home/state/voice-conversation/journal.json") = 0
770753 openat(AT_FDCWD, "/home/firstmate/.no-mistakes/worktrees/8352e211db7e/01M4F29HK4JCAKXEQ2F50R6HHX/.test-tmp/boundary/home/state/voice-conversation", O_RDONLY|O_CLOEXEC) = 4
770753 unlink("/home/firstmate/.no-mistakes/worktrees/8352e211db7e/01M4F29HK4JCAKXEQ2F50R6HHX/.test-tmp/boundary/home/state/voice-conversation/.journal.json.0e96f30f978c97d7") = -1 ENOENT (No such file or directory)
770753 +++ exited with 0 +++
770702 --- SIGCHLD {si_signo=SIGCHLD, si_code=CLD_EXITED, si_pid=770753, si_uid=0, si_status=0, si_utime=11 /* 0.11 s */, si_stime=7 /* 0.07 s */} ---
770702 openat(AT_FDCWD, "/home/firstmate/.no-mistakes/worktrees/8352e211db7e/01M4F29HK4JCAKXEQ2F50R6HHX/.test-tmp/boundary/home/state/courier-pickup/.state.f22363fb458c34e3", O_WRONLY|O_CREAT|O_EXCL|O_CLOEXEC, 0666) = 4
770702 rename("/home/firstmate/.no-mistakes/worktrees/8352e211db7e/01M4F29HK4JCAKXEQ2F50R6HHX/.test-tmp/boundary/home/state/courier-pickup/.state.f22363fb458c34e3", "/home/firstmate/.no-mistakes/worktrees/8352e211db7e/01M4F29HK4JCAKXEQ2F50R6HHX/.test-tmp/boundary/home/state/courier-pickup/state.json") = 0
770702 openat(AT_FDCWD, "/home/firstmate/.no-mistakes/worktrees/8352e211db7e/01M4F29HK4JCAKXEQ2F50R6HHX/.test-tmp/boundary/home/state/courier-pickup", O_RDONLY|O_NOFOLLOW|O_CLOEXEC|O_DIRECTORY) = 4
770702 openat(AT_FDCWD, "/home/firstmate/.no-mistakes/worktrees/8352e211db7e/01M4F29HK4JCAKXEQ2F50R6HHX/.test-tmp/boundary/courier/srv/courier/inbound", O_RDONLY|O_NOFOLLOW|O_CLOEXEC|O_DIRECTORY) = 4
770917 execve("/home/firstmate/.no-mistakes/worktrees/8352e211db7e/01M4F29HK4JCAKXEQ2F50R6HHX/bin/fm-inbox.sh", ["/home/firstmate/.no-mistakes/wor"..., "conversation", "poll"], 0x751a985fd2f0 /* 6 vars */) = 0
770917 access("/etc/ld.so.preload", R_OK) = -1 ENOENT (No such file or directory)
770917 openat(AT_FDCWD, "/etc/ld.so.cache", O_RDONLY|O_CLOEXEC) = 3
770917 openat(AT_FDCWD, "/usr/lib/x86_64-linux-gnu/libselinux.so.1", O_RDONLY|O_CLOEXEC) = 3
770917 openat(AT_FDCWD, "/usr/lib/x86_64-linux-gnu/libgcc_s.so.1", O_RDONLY|O_CLOEXEC) = 3
770917 openat(AT_FDCWD, "/usr/lib/x86_64-linux-gnu/libm.so.6", O_RDONLY|O_CLOEXEC) = 3
770917 openat(AT_FDCWD, "/usr/lib/x86_64-linux-gnu/libc.so.6", O_RDONLY|O_CLOEXEC) = 3
770917 openat(AT_FDCWD, "/usr/lib/x86_64-linux-gnu/libpcre2-8.so.0", O_RDONLY|O_CLOEXEC) = 3
770917 statfs("/sys/fs/selinux", 0x7ffd22bb74b0) = -1 ENOENT (No such file or directory)
770917 statfs("/selinux", 0x7ffd22bb74b0) = -1 ENOENT (No such file or directory)
770917 openat(AT_FDCWD, "/proc/filesystems", O_RDONLY|O_CLOEXEC) = 3
770917 access("/etc/selinux/config", F_OK) = -1 ENOENT (No such file or directory)
770917 openat(AT_FDCWD, "/proc/self/maps", O_RDONLY|O_CLOEXEC) = 3
770917 openat(AT_FDCWD, "/home/firstmate/.no-mistakes/worktrees/8352e211db7e/01M4F29HK4JCAKXEQ2F50R6HHX/bin/fm-inbox.sh", O_RDONLY|O_CLOEXEC) = 3
770917 statx(AT_FDCWD, "/usr/share/coreutils/locales/env", AT_STATX_SYNC_AS_STAT, STATX_ALL, {stx_mask=STATX_ALL|STATX_MNT_ID, stx_attributes=0, stx_mode=S_IFDIR|0755, stx_size=4096, ...}) = 0
770917 statx(AT_FDCWD, "/usr/share/coreutils/locales/uucore", AT_STATX_SYNC_AS_STAT, STATX_ALL, {stx_mask=STATX_ALL|STATX_MNT_ID, stx_attributes=0, stx_mode=S_IFDIR|0755, stx_size=4096, ...}) = 0
770917 openat(AT_FDCWD, "/usr/share/coreutils/locales/uucore/en-US.ftl", O_RDONLY|O_CLOEXEC) = 3
770917 statx(3, "", AT_STATX_SYNC_AS_STAT|AT_EMPTY_PATH, STATX_ALL, {stx_mask=STATX_ALL|STATX_MNT_ID, stx_attributes=0, stx_mode=S_IFREG|0644, stx_size=4080, ...}) = 0
770917 statx(AT_FDCWD, "/usr/share/coreutils/locales/env", AT_STATX_SYNC_AS_STAT, STATX_ALL, {stx_mask=STATX_ALL|STATX_MNT_ID, stx_attributes=0, stx_mode=S_IFDIR|0755, stx_size=4096, ...}) = 0
770917 openat(AT_FDCWD, "/usr/share/coreutils/locales/env/en-US.ftl", O_RDONLY|O_CLOEXEC) = -1 ENOENT (No such file or directory)
770917 execve("/home/firstmate/.local/codex-latest/lib/node_modules/@openai/codex/node_modules/@openai/codex-linux-x64/vendor/x86_64-unknown-linux-musl/codex-path/bash", ["bash", "/home/firstmate/.no-mistakes/wor"..., "conversation", "poll"], 0x7ffd22bb7688 /* 6 vars */) = -1 ENOENT (No such file or directory)
770917 execve("/home/firstmate/.codex-5/tmp/arg0/codex-arg065EgpK/bash", ["bash", "/home/firstmate/.no-mistakes/wor"..., "conversation", "poll"], 0x7ffd22bb7688 /* 6 vars */) = -1 ENOENT (No such file or directory)
770917 execve("/home/firstmate/.local/codex-latest/lib/node_modules/@openai/codex/node_modules/@openai/codex-linux-x64/vendor/x86_64-unknown-linux-musl/codex-path/bash", ["bash", "/home/firstmate/.no-mistakes/wor"..., "conversation", "poll"], 0x7ffd22bb7688 /* 6 vars */) = -1 ENOENT (No such file or directory)
770917 execve("/home/firstmate/.local/bin/bash", ["bash", "/home/firstmate/.no-mistakes/wor"..., "conversation", "poll"], 0x7ffd22bb7688 /* 6 vars */) = -1 ENOENT (No such file or directory)
770917 execve("/home/firstmate/go/bin/bash", ["bash", "/home/firstmate/.no-mistakes/wor"..., "conversation", "poll"], 0x7ffd22bb7688 /* 6 vars */) = -1 ENOENT (No such file or directory)
770917 execve("/home/firstmate/.cargo/bin/bash", ["bash", "/home/firstmate/.no-mistakes/wor"..., "conversation", "poll"], 0x7ffd22bb7688 /* 6 vars */) = -1 ENOENT (No such file or directory)
770917 execve("/home/firstmate/bin/bash", ["bash", "/home/firstmate/.no-mistakes/wor"..., "conversation", "poll"], 0x7ffd22bb7688 /* 6 vars */) = -1 ENOENT (No such file or directory)
770917 execve("/opt/homebrew/bin/bash", ["bash", "/home/firstmate/.no-mistakes/wor"..., "conversation", "poll"], 0x7ffd22bb7688 /* 6 vars */) = -1 ENOENT (No such file or directory)
770917 execve("/opt/homebrew/sbin/bash", ["bash", "/home/firstmate/.no-mistakes/wor"..., "conversation", "poll"], 0x7ffd22bb7688 /* 6 vars */) = -1 ENOENT (No such file or directory)
770917 execve("/usr/local/bin/bash", ["bash", "/home/firstmate/.no-mistakes/wor"..., "conversation", "poll"], 0x7ffd22bb7688 /* 6 vars */) = -1 ENOENT (No such file or directory)
770917 execve("/usr/local/sbin/bash", ["bash", "/home/firstmate/.no-mistakes/wor"..., "conversation", "poll"], 0x7ffd22bb7688 /* 6 vars */) = -1 ENOENT (No such file or directory)
770917 execve("/usr/bin/bash", ["bash", "/home/firstmate/.no-mistakes/wor"..., "conversation", "poll"], 0x7ffd22bb7688 /* 6 vars */) = 0
770917 access("/etc/ld.so.preload", R_OK) = -1 ENOENT (No such file or directory)
770917 openat(AT_FDCWD, "/etc/ld.so.cache", O_RDONLY|O_CLOEXEC) = 3
770917 openat(AT_FDCWD, "/usr/lib/x86_64-linux-gnu/libtinfo.so.6", O_RDONLY|O_CLOEXEC) = 3
770917 openat(AT_FDCWD, "/usr/lib/x86_64-linux-gnu/libc.so.6", O_RDONLY|O_CLOEXEC) = 3
770917 openat(AT_FDCWD, "/dev/tty", O_RDWR|O_NONBLOCK) = -1 ENXIO (No such device or address)
770917 openat(AT_FDCWD, "/usr/lib/locale/locale-archive", O_RDONLY|O_CLOEXEC) = 3
770917 openat(AT_FDCWD, "/usr/share/locale/locale.alias", O_RDONLY|O_CLOEXEC) = -1 ENOENT (No such file or directory)
770917 openat(AT_FDCWD, "/usr/lib/locale/C.UTF-8/LC_IDENTIFICATION", O_RDONLY|O_CLOEXEC) = -1 ENOENT (No such file or directory)
770917 openat(AT_FDCWD, "/usr/lib/locale/C.utf8/LC_IDENTIFICATION", O_RDONLY|O_CLOEXEC) = 3
770917 openat(AT_FDCWD, "/usr/lib/x86_64-linux-gnu/gconv/gconv-modules.cache", O_RDONLY|O_CLOEXEC) = 3
770917 openat(AT_FDCWD, "/usr/lib/locale/C.UTF-8/LC_MEASUREMENT", O_RDONLY|O_CLOEXEC) = -1 ENOENT (No such file or directory)
770917 openat(AT_FDCWD, "/usr/lib/locale/C.utf8/LC_MEASUREMENT", O_RDONLY|O_CLOEXEC) = 3
770917 openat(AT_FDCWD, "/usr/lib/locale/C.UTF-8/LC_TELEPHONE", O_RDONLY|O_CLOEXEC) = -1 ENOENT (No such file or directory)
770917 openat(AT_FDCWD, "/usr/lib/locale/C.utf8/LC_TELEPHONE", O_RDONLY|O_CLOEXEC) = 3
770917 openat(AT_FDCWD, "/usr/lib/locale/C.UTF-8/LC_ADDRESS", O_RDONLY|O_CLOEXEC) = -1 ENOENT (No such file or directory)
770917 openat(AT_FDCWD, "/usr/lib/locale/C.utf8/LC_ADDRESS", O_RDONLY|O_CLOEXEC) = 3
770917 openat(AT_FDCWD, "/usr/lib/locale/C.UTF-8/LC_NAME", O_RDONLY|O_CLOEXEC) = -1 ENOENT (No such file or directory)
770917 openat(AT_FDCWD, "/usr/lib/locale/C.utf8/LC_NAME", O_RDONLY|O_CLOEXEC) = 3
770917 openat(AT_FDCWD, "/usr/lib/locale/C.UTF-8/LC_PAPER", O_RDONLY|O_CLOEXEC) = -1 ENOENT (No such file or directory)
770917 openat(AT_FDCWD, "/usr/lib/locale/C.utf8/LC_PAPER", O_RDONLY|O_CLOEXEC) = 3
770917 openat(AT_FDCWD, "/usr/lib/locale/C.UTF-8/LC_MESSAGES", O_RDONLY|O_CLOEXEC) = -1 ENOENT (No such file or directory)
770917 openat(AT_FDCWD, "/usr/lib/locale/C.utf8/LC_MESSAGES", O_RDONLY|O_CLOEXEC) = 3
770917 openat(AT_FDCWD, "/usr/lib/locale/C.utf8/LC_MESSAGES/SYS_LC_MESSAGES", O_RDONLY|O_CLOEXEC) = 3
770917 openat(AT_FDCWD, "/usr/lib/locale/C.UTF-8/LC_MONETARY", O_RDONLY|O_CLOEXEC) = -1 ENOENT (No such file or directory)
770917 openat(AT_FDCWD, "/usr/lib/locale/C.utf8/LC_MONETARY", O_RDONLY|O_CLOEXEC) = 3
770917 openat(AT_FDCWD, "/usr/lib/locale/C.UTF-8/LC_COLLATE", O_RDONLY|O_CLOEXEC) = -1 ENOENT (No such file or directory)
770917 openat(AT_FDCWD, "/usr/lib/locale/C.utf8/LC_COLLATE", O_RDONLY|O_CLOEXEC) = 3
770917 openat(AT_FDCWD, "/usr/lib/locale/C.UTF-8/LC_TIME", O_RDONLY|O_CLOEXEC) = -1 ENOENT (No such file or directory)
770917 openat(AT_FDCWD, "/usr/lib/locale/C.utf8/LC_TIME", O_RDONLY|O_CLOEXEC) = 3
770917 openat(AT_FDCWD, "/usr/lib/locale/C.UTF-8/LC_NUMERIC", O_RDONLY|O_CLOEXEC) = -1 ENOENT (No such file or directory)
770917 openat(AT_FDCWD, "/usr/lib/locale/C.utf8/LC_NUMERIC", O_RDONLY|O_CLOEXEC) = 3
770917 openat(AT_FDCWD, "/usr/lib/locale/C.UTF-8/LC_CTYPE", O_RDONLY|O_CLOEXEC) = -1 ENOENT (No such file or directory)
770917 openat(AT_FDCWD, "/usr/lib/locale/C.utf8/LC_CTYPE", O_RDONLY|O_CLOEXEC) = 3
770917 getcwd("/home/firstmate/.no-mistakes/worktrees/8352e211db7e/01M4F29HK4JCAKXEQ2F50R6HHX", 4096) = 79
770917 newfstatat(AT_FDCWD, ".", {st_mode=S_IFDIR|0775, st_size=4096, ...}, 0) = 0
770917 newfstatat(AT_FDCWD, "/home/firstmate/.local/codex-latest/lib/node_modules/@openai/codex/node_modules/@openai/codex-linux-x64/vendor/x86_64-unknown-linux-musl/codex-path/bash", 0x7fff803e6310, 0) = -1 ENOENT (No such file or directory)
770917 newfstatat(AT_FDCWD, "/home/firstmate/.codex-5/tmp/arg0/codex-arg065EgpK/bash", 0x7fff803e6310, 0) = -1 ENOENT (No such file or directory)
770917 newfstatat(AT_FDCWD, "/home/firstmate/.local/codex-latest/lib/node_modules/@openai/codex/node_modules/@openai/codex-linux-x64/vendor/x86_64-unknown-linux-musl/codex-path/bash", 0x7fff803e6310, 0) = -1 ENOENT (No such file or directory)
770917 newfstatat(AT_FDCWD, "/home/firstmate/.local/bin/bash", 0x7fff803e6310, 0) = -1 ENOENT (No such file or directory)
770917 newfstatat(AT_FDCWD, "/home/firstmate/go/bin/bash", 0x7fff803e6310, 0) = -1 ENOENT (No such file or directory)
770917 newfstatat(AT_FDCWD, "/home/firstmate/.cargo/bin/bash", 0x7fff803e6310, 0) = -1 ENOENT (No such file or directory)
770917 newfstatat(AT_FDCWD, "/home/firstmate/bin/bash", 0x7fff803e6310, 0) = -1 ENOENT (No such file or directory)
770917 newfstatat(AT_FDCWD, "/opt/homebrew/bin/bash", 0x7fff803e6310, 0) = -1 ENOENT (No such file or directory)
770917 newfstatat(AT_FDCWD, "/opt/homebrew/sbin/bash", 0x7fff803e6310, 0) = -1 ENOENT (No such file or directory)
770917 newfstatat(AT_FDCWD, "/usr/local/bin/bash", 0x7fff803e6310, 0) = -1 ENOENT (No such file or directory)
770917 newfstatat(AT_FDCWD, "/usr/local/sbin/bash", 0x7fff803e6310, 0) = -1 ENOENT (No such file or directory)
770917 newfstatat(AT_FDCWD, "/usr/bin/bash", {st_mode=S_IFREG|0755, st_size=1540520, ...}, 0) = 0
770917 newfstatat(AT_FDCWD, "/usr/bin/bash", {st_mode=S_IFREG|0755, st_size=1540520, ...}, 0) = 0
770917 access("/usr/bin/bash", X_OK)    = 0
770917 newfstatat(AT_FDCWD, "/usr/bin/bash", {st_mode=S_IFREG|0755, st_size=1540520, ...}, 0) = 0
770917 access("/usr/bin/bash", R_OK)    = 0
770917 newfstatat(AT_FDCWD, "/etc/nsswitch.conf", {st_mode=S_IFREG|0644, st_size=526, ...}, 0) = 0
770917 newfstatat(AT_FDCWD, "/", {st_mode=S_IFDIR|0755, st_size=4096, ...}, 0) = 0
770917 openat(AT_FDCWD, "/etc/nsswitch.conf", O_RDONLY|O_CLOEXEC) = 3
770917 openat(AT_FDCWD, "/etc/passwd", O_RDONLY|O_CLOEXEC) = 3
770917 openat(AT_FDCWD, "/home/firstmate/.no-mistakes/worktrees/8352e211db7e/01M4F29HK4JCAKXEQ2F50R6HHX/bin/fm-inbox.sh", O_RDONLY) = 3
770917 newfstatat(AT_FDCWD, "/home/firstmate/.no-mistakes/worktrees/8352e211db7e/01M4F29HK4JCAKXEQ2F50R6HHX/bin/fm-inbox.sh", {st_mode=S_IFREG|0775, st_size=17467, ...}, 0) = 0
770917 newfstatat(AT_FDCWD, "/home/firstmate/.toolbox/bin", 0x7fff803e6110, 0) = -1 ENOENT (No such file or directory)
770941 newfstatat(AT_FDCWD, ".", {st_mode=S_IFDIR|0775, st_size=4096, ...}, 0) = 0
770941 newfstatat(AT_FDCWD, "/home/firstmate/.local/codex-latest/lib/node_modules/@openai/codex/node_modules/@openai/codex-linux-x64/vendor/x86_64-unknown-linux-musl/codex-path/dirname", 0x7fff803e4ed0, 0) = -1 ENOENT (No such file or directory)
770941 newfstatat(AT_FDCWD, "/home/firstmate/.codex-5/tmp/arg0/codex-arg065EgpK/dirname", 0x7fff803e4ed0, 0) = -1 ENOENT (No such file or directory)
770941 newfstatat(AT_FDCWD, "/home/firstmate/.local/codex-latest/lib/node_modules/@openai/codex/node_modules/@openai/codex-linux-x64/vendor/x86_64-unknown-linux-musl/codex-path/dirname", 0x7fff803e4ed0, 0) = -1 ENOENT (No such file or directory)
770941 newfstatat(AT_FDCWD, "/home/firstmate/.local/bin/dirname", 0x7fff803e4ed0, 0) = -1 ENOENT (No such file or directory)
770941 newfstatat(AT_FDCWD, "/home/firstmate/go/bin/dirname", 0x7fff803e4ed0, 0) = -1 ENOENT (No such file or directory)
770941 newfstatat(AT_FDCWD, "/home/firstmate/.cargo/bin/dirname", 0x7fff803e4ed0, 0) = -1 ENOENT (No such file or directory)
770941 newfstatat(AT_FDCWD, "/home/firstmate/bin/dirname", 0x7fff803e4ed0, 0) = -1 ENOENT (No such file or directory)
770941 newfstatat(AT_FDCWD, "/opt/homebrew/bin/dirname", 0x7fff803e4ed0, 0) = -1 ENOENT (No such file or directory)
770941 newfstatat(AT_FDCWD, "/opt/homebrew/sbin/dirname", 0x7fff803e4ed0, 0) = -1 ENOENT (No such file or directory)
770941 newfstatat(AT_FDCWD, "/usr/local/bin/dirname", 0x7fff803e4ed0, 0) = -1 ENOENT (No such file or directory)
770941 newfstatat(AT_FDCWD, "/usr/local/sbin/dirname", 0x7fff803e4ed0, 0) = -1 ENOENT (No such file or directory)
770941 newfstatat(AT_FDCWD, "/usr/bin/dirname", {st_mode=S_IFREG|0755, st_size=11352352, ...}, 0) = 0
770941 newfstatat(AT_FDCWD, "/usr/bin/dirname", {st_mode=S_IFREG|0755, st_size=11352352, ...}, 0) = 0
770941 access("/usr/bin/dirname", X_OK) = 0
770941 newfstatat(AT_FDCWD, "/usr/bin/dirname", {st_mode=S_IFREG|0755, st_size=11352352, ...}, 0) = 0
770941 access("/usr/bin/dirname", R_OK) = 0
770941 execve("/usr/bin/dirname", ["dirname", "/home/firstmate/.no-mistakes/wor"...], 0x5b09d8e0a090 /* 9 vars */) = 0
770941 access("/etc/ld.so.preload", R_OK) = -1 ENOENT (No such file or directory)
770941 openat(AT_FDCWD, "/etc/ld.so.cache", O_RDONLY|O_CLOEXEC) = 3
770941 openat(AT_FDCWD, "/usr/lib/x86_64-linux-gnu/libselinux.so.1", O_RDONLY|O_CLOEXEC) = 3
770941 openat(AT_FDCWD, "/usr/lib/x86_64-linux-gnu/libgcc_s.so.1", O_RDONLY|O_CLOEXEC) = 3
770941 openat(AT_FDCWD, "/usr/lib/x86_64-linux-gnu/libm.so.6", O_RDONLY|O_CLOEXEC) = 3
770941 openat(AT_FDCWD, "/usr/lib/x86_64-linux-gnu/libc.so.6", O_RDONLY|O_CLOEXEC) = 3
770941 openat(AT_FDCWD, "/usr/lib/x86_64-linux-gnu/libpcre2-8.so.0", O_RDONLY|O_CLOEXEC) = 3
770941 statfs("/sys/fs/selinux", 0x7fff792745f0) = -1 ENOENT (No such file or directory)
770941 statfs("/selinux", 0x7fff792745f0) = -1 ENOENT (No such file or directory)
770941 openat(AT_FDCWD, "/proc/filesystems", O_RDONLY|O_CLOEXEC) = 3
770941 access("/etc/selinux/config", F_OK) = -1 ENOENT (No such file or directory)
770941 openat(AT_FDCWD, "/proc/self/maps", O_RDONLY|O_CLOEXEC) = 3
770941 statx(AT_FDCWD, "/usr/share/coreutils/locales/dirname", AT_STATX_SYNC_AS_STAT, STATX_ALL, {stx_mask=STATX_ALL|STATX_MNT_ID, stx_attributes=0, stx_mode=S_IFDIR|0755, stx_size=4096, ...}) = 0
770941 statx(AT_FDCWD, "/usr/share/coreutils/locales/uucore", AT_STATX_SYNC_AS_STAT, STATX_ALL, {stx_mask=STATX_ALL|STATX_MNT_ID, stx_attributes=0, stx_mode=S_IFDIR|0755, stx_size=4096, ...}) = 0
770941 openat(AT_FDCWD, "/usr/share/coreutils/locales/uucore/en-US.ftl", O_RDONLY|O_CLOEXEC) = 3
770941 statx(3, "", AT_STATX_SYNC_AS_STAT|AT_EMPTY_PATH, STATX_ALL, {stx_mask=STATX_ALL|STATX_MNT_ID, stx_attributes=0, stx_mode=S_IFREG|0644, stx_size=4080, ...}) = 0
770941 statx(AT_FDCWD, "/usr/share/coreutils/locales/dirname", AT_STATX_SYNC_AS_STAT, STATX_ALL, {stx_mask=STATX_ALL|STATX_MNT_ID, stx_attributes=0, stx_mode=S_IFDIR|0755, stx_size=4096, ...}) = 0
770941 openat(AT_FDCWD, "/usr/share/coreutils/locales/dirname/en-US.ftl", O_RDONLY|O_CLOEXEC) = -1 ENOENT (No such file or directory)
770941 +++ exited with 0 +++
770940 --- SIGCHLD {si_signo=SIGCHLD, si_code=CLD_EXITED, si_pid=770941, si_uid=0, si_status=0, si_utime=0, si_stime=1 /* 0.01 s */} ---
770940 newfstatat(AT_FDCWD, "/home", {st_mode=S_IFDIR|0755, st_size=4096, ...}, 0) = 0
770940 newfstatat(AT_FDCWD, "/home/firstmate", {st_mode=S_IFDIR|0750, st_size=16384, ...}, 0) = 0
770940 newfstatat(AT_FDCWD, "/home/firstmate/.no-mistakes", {st_mode=S_IFDIR|0755, st_size=4096, ...}, 0) = 0
770940 newfstatat(AT_FDCWD, "/home/firstmate/.no-mistakes/worktrees", {st_mode=S_IFDIR|0755, st_size=4096, ...}, 0) = 0
770940 newfstatat(AT_FDCWD, "/home/firstmate/.no-mistakes/worktrees/8352e211db7e", {st_mode=S_IFDIR|0775, st_size=4096, ...}, 0) = 0
770940 newfstatat(AT_FDCWD, "/home/firstmate/.no-mistakes/worktrees/8352e211db7e/01M4F29HK4JCAKXEQ2F50R6HHX", {st_mode=S_IFDIR|0775, st_size=4096, ...}, 0) = 0
770940 newfstatat(AT_FDCWD, "/home/firstmate/.no-mistakes/worktrees/8352e211db7e/01M4F29HK4JCAKXEQ2F50R6HHX/bin", {st_mode=S_IFDIR|0775, st_size=12288, ...}, 0) = 0
770940 chdir("/home/firstmate/.no-mistakes/worktrees/8352e211db7e/01M4F29HK4JCAKXEQ2F50R6HHX/bin") = 0
770940 +++ exited with 0 +++
770917 --- SIGCHLD {si_signo=SIGCHLD, si_code=CLD_EXITED, si_pid=770940, si_uid=0, si_status=0, si_utime=0, si_stime=0} ---
770952 newfstatat(AT_FDCWD, "/home", {st_mode=S_IFDIR|0755, st_size=4096, ...}, 0) = 0
770952 newfstatat(AT_FDCWD, "/home/firstmate", {st_mode=S_IFDIR|0750, st_size=16384, ...}, 0) = 0
770952 newfstatat(AT_FDCWD, "/home/firstmate/.no-mistakes", {st_mode=S_IFDIR|0755, st_size=4096, ...}, 0) = 0
770952 newfstatat(AT_FDCWD, "/home/firstmate/.no-mistakes/worktrees", {st_mode=S_IFDIR|0755, st_size=4096, ...}, 0) = 0
770952 newfstatat(AT_FDCWD, "/home/firstmate/.no-mistakes/worktrees/8352e211db7e", {st_mode=S_IFDIR|0775, st_size=4096, ...}, 0) = 0
770952 newfstatat(AT_FDCWD, "/home/firstmate/.no-mistakes/worktrees/8352e211db7e/01M4F29HK4JCAKXEQ2F50R6HHX", {st_mode=S_IFDIR|0775, st_size=4096, ...}, 0) = 0
770952 newfstatat(AT_FDCWD, "/home/firstmate/.no-mistakes/worktrees/8352e211db7e/01M4F29HK4JCAKXEQ2F50R6HHX/bin", {st_mode=S_IFDIR|0775, st_size=12288, ...}, 0) = 0
770952 newfstatat(AT_FDCWD, "/home/firstmate/.no-mistakes/worktrees/8352e211db7e/01M4F29HK4JCAKXEQ2F50R6HHX/bin", {st_mode=S_IFDIR|0775, st_size=12288, ...}, 0) = 0
770952 chdir("/home/firstmate/.no-mistakes/worktrees/8352e211db7e/01M4F29HK4JCAKXEQ2F50R6HHX") = 0
770952 +++ exited with 0 +++
770917 --- SIGCHLD {si_signo=SIGCHLD, si_code=CLD_EXITED, si_pid=770952, si_uid=0, si_status=0, si_utime=0, si_stime=0} ---
770959 faccessat2(AT_FDCWD, "/home/firstmate/.no-mistakes/worktrees/8352e211db7e/01M4F29HK4JCAKXEQ2F50R6HHX/.test-tmp/boundary/home/config/inbox-profile", R_OK, AT_EACCESS) = -1 ENOENT (No such file or directory)
770959 +++ exited with 0 +++
770917 --- SIGCHLD {si_signo=SIGCHLD, si_code=CLD_EXITED, si_pid=770959, si_uid=0, si_status=0, si_utime=0, si_stime=0} ---
770917 newfstatat(AT_FDCWD, "/home/firstmate/.no-mistakes/worktrees/8352e211db7e/01M4F29HK4JCAKXEQ2F50R6HHX/.test-tmp/boundary/home/.voice-conversation-lab", 0x7fff803e5e20, 0) = -1 ENOENT (No such file or directory)
770917 openat(AT_FDCWD, "/home/firstmate/.no-mistakes/worktrees/8352e211db7e/01M4F29HK4JCAKXEQ2F50R6HHX/bin/fm-wake-lib.sh", O_RDONLY) = 3
770965 newfstatat(AT_FDCWD, ".", {st_mode=S_IFDIR|0775, st_size=4096, ...}, 0) = 0
770965 newfstatat(AT_FDCWD, "/home/firstmate/.local/codex-latest/lib/node_modules/@openai/codex/node_modules/@openai/codex-linux-x64/vendor/x86_64-unknown-linux-musl/codex-path/dirname", 0x7fff803e40c0, 0) = -1 ENOENT (No such file or directory)
770965 newfstatat(AT_FDCWD, "/home/firstmate/.codex-5/tmp/arg0/codex-arg065EgpK/dirname", 0x7fff803e40c0, 0) = -1 ENOENT (No such file or directory)
770965 newfstatat(AT_FDCWD, "/home/firstmate/.local/codex-latest/lib/node_modules/@openai/codex/node_modules/@openai/codex-linux-x64/vendor/x86_64-unknown-linux-musl/codex-path/dirname", 0x7fff803e40c0, 0) = -1 ENOENT (No such file or directory)
770965 newfstatat(AT_FDCWD, "/home/firstmate/.local/bin/dirname", 0x7fff803e40c0, 0) = -1 ENOENT (No such file or directory)
770965 newfstatat(AT_FDCWD, "/home/firstmate/go/bin/dirname", 0x7fff803e40c0, 0) = -1 ENOENT (No such file or directory)
770965 newfstatat(AT_FDCWD, "/home/firstmate/.cargo/bin/dirname", 0x7fff803e40c0, 0) = -1 ENOENT (No such file or directory)
770965 newfstatat(AT_FDCWD, "/home/firstmate/bin/dirname", 0x7fff803e40c0, 0) = -1 ENOENT (No such file or directory)
770965 newfstatat(AT_FDCWD, "/opt/homebrew/bin/dirname", 0x7fff803e40c0, 0) = -1 ENOENT (No such file or directory)
770965 newfstatat(AT_FDCWD, "/opt/homebrew/sbin/dirname", 0x7fff803e40c0, 0) = -1 ENOENT (No such file or directory)
770965 newfstatat(AT_FDCWD, "/usr/local/bin/dirname", 0x7fff803e40c0, 0) = -1 ENOENT (No such file or directory)
770965 newfstatat(AT_FDCWD, "/usr/local/sbin/dirname", 0x7fff803e40c0, 0) = -1 ENOENT (No such file or directory)
770965 newfstatat(AT_FDCWD, "/usr/bin/dirname", {st_mode=S_IFREG|0755, st_size=11352352, ...}, 0) = 0
770965 newfstatat(AT_FDCWD, "/usr/bin/dirname", {st_mode=S_IFREG|0755, st_size=11352352, ...}, 0) = 0
770965 access("/usr/bin/dirname", X_OK) = 0
770965 newfstatat(AT_FDCWD, "/usr/bin/dirname", {st_mode=S_IFREG|0755, st_size=11352352, ...}, 0) = 0
770965 access("/usr/bin/dirname", R_OK) = 0
770965 execve("/usr/bin/dirname", ["dirname", "/home/firstmate/.no-mistakes/wor"...], 0x5b09d8e43640 /* 9 vars */) = 0
770965 access("/etc/ld.so.preload", R_OK) = -1 ENOENT (No such file or directory)
770965 openat(AT_FDCWD, "/etc/ld.so.cache", O_RDONLY|O_CLOEXEC) = 3
770965 openat(AT_FDCWD, "/usr/lib/x86_64-linux-gnu/libselinux.so.1", O_RDONLY|O_CLOEXEC) = 3
770965 openat(AT_FDCWD, "/usr/lib/x86_64-linux-gnu/libgcc_s.so.1", O_RDONLY|O_CLOEXEC) = 3
770965 openat(AT_FDCWD, "/usr/lib/x86_64-linux-gnu/libm.so.6", O_RDONLY|O_CLOEXEC) = 3
770965 openat(AT_FDCWD, "/usr/lib/x86_64-linux-gnu/libc.so.6", O_RDONLY|O_CLOEXEC) = 3
770965 openat(AT_FDCWD, "/usr/lib/x86_64-linux-gnu/libpcre2-8.so.0", O_RDONLY|O_CLOEXEC) = 3
770965 statfs("/sys/fs/selinux", 0x7ffe1c5e8c30) = -1 ENOENT (No such file or directory)
770965 statfs("/selinux", 0x7ffe1c5e8c30) = -1 ENOENT (No such file or directory)
770965 openat(AT_FDCWD, "/proc/filesystems", O_RDONLY|O_CLOEXEC) = 3
770965 access("/etc/selinux/config", F_OK) = -1 ENOENT (No such file or directory)
770965 openat(AT_FDCWD, "/proc/self/maps", O_RDONLY|O_CLOEXEC) = 3
770965 statx(AT_FDCWD, "/usr/share/coreutils/locales/dirname", AT_STATX_SYNC_AS_STAT, STATX_ALL, {stx_mask=STATX_ALL|STATX_MNT_ID, stx_attributes=0, stx_mode=S_IFDIR|0755, stx_size=4096, ...}) = 0
770965 statx(AT_FDCWD, "/usr/share/coreutils/locales/uucore", AT_STATX_SYNC_AS_STAT, STATX_ALL, {stx_mask=STATX_ALL|STATX_MNT_ID, stx_attributes=0, stx_mode=S_IFDIR|0755, stx_size=4096, ...}) = 0
770965 openat(AT_FDCWD, "/usr/share/coreutils/locales/uucore/en-US.ftl", O_RDONLY|O_CLOEXEC) = 3
770965 statx(3, "", AT_STATX_SYNC_AS_STAT|AT_EMPTY_PATH, STATX_ALL, {stx_mask=STATX_ALL|STATX_MNT_ID, stx_attributes=0, stx_mode=S_IFREG|0644, stx_size=4080, ...}) = 0
770965 statx(AT_FDCWD, "/usr/share/coreutils/locales/dirname", AT_STATX_SYNC_AS_STAT, STATX_ALL, {stx_mask=STATX_ALL|STATX_MNT_ID, stx_attributes=0, stx_mode=S_IFDIR|0755, stx_size=4096, ...}) = 0
770965 openat(AT_FDCWD, "/usr/share/coreutils/locales/dirname/en-US.ftl", O_RDONLY|O_CLOEXEC) = -1 ENOENT (No such file or directory)
770965 +++ exited with 0 +++
770964 --- SIGCHLD {si_signo=SIGCHLD, si_code=CLD_EXITED, si_pid=770965, si_uid=0, si_status=0, si_utime=0, si_stime=0} ---
770964 newfstatat(AT_FDCWD, "/home", {st_mode=S_IFDIR|0755, st_size=4096, ...}, 0) = 0
770964 newfstatat(AT_FDCWD, "/home/firstmate", {st_mode=S_IFDIR|0750, st_size=16384, ...}, 0) = 0
770964 newfstatat(AT_FDCWD, "/home/firstmate/.no-mistakes", {st_mode=S_IFDIR|0755, st_size=4096, ...}, 0) = 0
770964 newfstatat(AT_FDCWD, "/home/firstmate/.no-mistakes/worktrees", {st_mode=S_IFDIR|0755, st_size=4096, ...}, 0) = 0
770964 newfstatat(AT_FDCWD, "/home/firstmate/.no-mistakes/worktrees/8352e211db7e", {st_mode=S_IFDIR|0775, st_size=4096, ...}, 0) = 0
770964 newfstatat(AT_FDCWD, "/home/firstmate/.no-mistakes/worktrees/8352e211db7e/01M4F29HK4JCAKXEQ2F50R6HHX", {st_mode=S_IFDIR|0775, st_size=4096, ...}, 0) = 0
770964 newfstatat(AT_FDCWD, "/home/firstmate/.no-mistakes/worktrees/8352e211db7e/01M4F29HK4JCAKXEQ2F50R6HHX/bin", {st_mode=S_IFDIR|0775, st_size=12288, ...}, 0) = 0
770964 chdir("/home/firstmate/.no-mistakes/worktrees/8352e211db7e/01M4F29HK4JCAKXEQ2F50R6HHX/bin") = 0
770964 +++ exited with 0 +++
770917 --- SIGCHLD {si_signo=SIGCHLD, si_code=CLD_EXITED, si_pid=770964, si_uid=0, si_status=0, si_utime=0, si_stime=0} ---
770981 newfstatat(AT_FDCWD, "/home", {st_mode=S_IFDIR|0755, st_size=4096, ...}, 0) = 0
770981 newfstatat(AT_FDCWD, "/home/firstmate", {st_mode=S_IFDIR|0750, st_size=16384, ...}, 0) = 0
770981 newfstatat(AT_FDCWD, "/home/firstmate/.no-mistakes", {st_mode=S_IFDIR|0755, st_size=4096, ...}, 0) = 0
770981 newfstatat(AT_FDCWD, "/home/firstmate/.no-mistakes/worktrees", {st_mode=S_IFDIR|0755, st_size=4096, ...}, 0) = 0
770981 newfstatat(AT_FDCWD, "/home/firstmate/.no-mistakes/worktrees/8352e211db7e", {st_mode=S_IFDIR|0775, st_size=4096, ...}, 0) = 0
770981 newfstatat(AT_FDCWD, "/home/firstmate/.no-mistakes/worktrees/8352e211db7e/01M4F29HK4JCAKXEQ2F50R6HHX", {st_mode=S_IFDIR|0775, st_size=4096, ...}, 0) = 0
770981 newfstatat(AT_FDCWD, "/home/firstmate/.no-mistakes/worktrees/8352e211db7e/01M4F29HK4JCAKXEQ2F50R6HHX/bin", {st_mode=S_IFDIR|0775, st_size=12288, ...}, 0) = 0
770981 newfstatat(AT_FDCWD, "/home/firstmate/.no-mistakes/worktrees/8352e211db7e/01M4F29HK4JCAKXEQ2F50R6HHX/bin", {st_mode=S_IFDIR|0775, st_size=12288, ...}, 0) = 0
770981 chdir("/home/firstmate/.no-mistakes/worktrees/8352e211db7e/01M4F29HK4JCAKXEQ2F50R6HHX") = 0
770981 +++ exited with 0 +++
770917 --- SIGCHLD {si_signo=SIGCHLD, si_code=CLD_EXITED, si_pid=770981, si_uid=0, si_status=0, si_utime=0, si_stime=0} ---
770993 newfstatat(AT_FDCWD, ".", {st_mode=S_IFDIR|0775, st_size=4096, ...}, 0) = 0
770993 newfstatat(AT_FDCWD, "/home/firstmate/.local/codex-latest/lib/node_modules/@openai/codex/node_modules/@openai/codex-linux-x64/vendor/x86_64-unknown-linux-musl/codex-path/uname", 0x7fff803e4ad0, 0) = -1 ENOENT (No such file or directory)
770993 newfstatat(AT_FDCWD, "/home/firstmate/.codex-5/tmp/arg0/codex-arg065EgpK/uname", 0x7fff803e4ad0, 0) = -1 ENOENT (No such file or directory)
770993 newfstatat(AT_FDCWD, "/home/firstmate/.local/codex-latest/lib/node_modules/@openai/codex/node_modules/@openai/codex-linux-x64/vendor/x86_64-unknown-linux-musl/codex-path/uname", 0x7fff803e4ad0, 0) = -1 ENOENT (No such file or directory)
770993 newfstatat(AT_FDCWD, "/home/firstmate/.local/bin/uname", 0x7fff803e4ad0, 0) = -1 ENOENT (No such file or directory)
770993 newfstatat(AT_FDCWD, "/home/firstmate/go/bin/uname", 0x7fff803e4ad0, 0) = -1 ENOENT (No such file or directory)
770993 newfstatat(AT_FDCWD, "/home/firstmate/.cargo/bin/uname", 0x7fff803e4ad0, 0) = -1 ENOENT (No such file or directory)
770993 newfstatat(AT_FDCWD, "/home/firstmate/bin/uname", 0x7fff803e4ad0, 0) = -1 ENOENT (No such file or directory)
770993 newfstatat(AT_FDCWD, "/opt/homebrew/bin/uname", 0x7fff803e4ad0, 0) = -1 ENOENT (No such file or directory)
770993 newfstatat(AT_FDCWD, "/opt/homebrew/sbin/uname", 0x7fff803e4ad0, 0) = -1 ENOENT (No such file or directory)
770993 newfstatat(AT_FDCWD, "/usr/local/bin/uname", 0x7fff803e4ad0, 0) = -1 ENOENT (No such file or directory)
770993 newfstatat(AT_FDCWD, "/usr/local/sbin/uname", 0x7fff803e4ad0, 0) = -1 ENOENT (No such file or directory)
770993 newfstatat(AT_FDCWD, "/usr/bin/uname", {st_mode=S_IFREG|0755, st_size=11352352, ...}, 0) = 0
770993 newfstatat(AT_FDCWD, "/usr/bin/uname", {st_mode=S_IFREG|0755, st_size=11352352, ...}, 0) = 0
770993 access("/usr/bin/uname", X_OK)   = 0
770993 newfstatat(AT_FDCWD, "/usr/bin/uname", {st_mode=S_IFREG|0755, st_size=11352352, ...}, 0) = 0
770993 access("/usr/bin/uname", R_OK)   = 0
770994 openat(AT_FDCWD, "/dev/null", O_WRONLY|O_CREAT|O_TRUNC, 0666) = 3
770994 execve("/usr/bin/uname", ["uname"], 0x5b09d8e42570 /* 9 vars */) = 0
770994 access("/etc/ld.so.preload", R_OK) = -1 ENOENT (No such file or directory)
770994 openat(AT_FDCWD, "/etc/ld.so.cache", O_RDONLY|O_CLOEXEC) = 3
770994 openat(AT_FDCWD, "/usr/lib/x86_64-linux-gnu/libselinux.so.1", O_RDONLY|O_CLOEXEC) = 3
770994 openat(AT_FDCWD, "/usr/lib/x86_64-linux-gnu/libgcc_s.so.1", O_RDONLY|O_CLOEXEC) = 3
770994 openat(AT_FDCWD, "/usr/lib/x86_64-linux-gnu/libm.so.6", O_RDONLY|O_CLOEXEC) = 3
770994 openat(AT_FDCWD, "/usr/lib/x86_64-linux-gnu/libc.so.6", O_RDONLY|O_CLOEXEC) = 3
770994 openat(AT_FDCWD, "/usr/lib/x86_64-linux-gnu/libpcre2-8.so.0", O_RDONLY|O_CLOEXEC) = 3
770994 statfs("/sys/fs/selinux", 0x7ffc53b8e670) = -1 ENOENT (No such file or directory)
770994 statfs("/selinux", 0x7ffc53b8e670) = -1 ENOENT (No such file or directory)
770994 openat(AT_FDCWD, "/proc/filesystems", O_RDONLY|O_CLOEXEC) = 3
770994 access("/etc/selinux/config", F_OK) = -1 ENOENT (No such file or directory)
770994 openat(AT_FDCWD, "/proc/self/maps", O_RDONLY|O_CLOEXEC) = 3
770994 statx(AT_FDCWD, "/usr/share/coreutils/locales/uname", AT_STATX_SYNC_AS_STAT, STATX_ALL, {stx_mask=STATX_ALL|STATX_MNT_ID, stx_attributes=0, stx_mode=S_IFDIR|0755, stx_size=4096, ...}) = 0
770994 statx(AT_FDCWD, "/usr/share/coreutils/locales/uucore", AT_STATX_SYNC_AS_STAT, STATX_ALL, {stx_mask=STATX_ALL|STATX_MNT_ID, stx_attributes=0, stx_mode=S_IFDIR|0755, stx_size=4096, ...}) = 0
770994 openat(AT_FDCWD, "/usr/share/coreutils/locales/uucore/en-US.ftl", O_RDONLY|O_CLOEXEC) = 3
770994 statx(3, "", AT_STATX_SYNC_AS_STAT|AT_EMPTY_PATH, STATX_ALL, {stx_mask=STATX_ALL|STATX_MNT_ID, stx_attributes=0, stx_mode=S_IFREG|0644, stx_size=4080, ...}) = 0
770994 statx(AT_FDCWD, "/usr/share/coreutils/locales/uname", AT_STATX_SYNC_AS_STAT, STATX_ALL, {stx_mask=STATX_ALL|STATX_MNT_ID, stx_attributes=0, stx_mode=S_IFDIR|0755, stx_size=4096, ...}) = 0
770994 openat(AT_FDCWD, "/usr/share/coreutils/locales/uname/en-US.ftl", O_RDONLY|O_CLOEXEC) = -1 ENOENT (No such file or directory)
770994 +++ exited with 0 +++
770993 --- SIGCHLD {si_signo=SIGCHLD, si_code=CLD_EXITED, si_pid=770994, si_uid=0, si_status=0, si_utime=0, si_stime=0} ---
770993 +++ exited with 0 +++
770917 --- SIGCHLD {si_signo=SIGCHLD, si_code=CLD_EXITED, si_pid=770993, si_uid=0, si_status=0, si_utime=0, si_stime=0} ---
770917 newfstatat(AT_FDCWD, ".", {st_mode=S_IFDIR|0775, st_size=4096, ...}, 0) = 0
770917 newfstatat(AT_FDCWD, "/home/firstmate/.local/codex-latest/lib/node_modules/@openai/codex/node_modules/@openai/codex-linux-x64/vendor/x86_64-unknown-linux-musl/codex-path/mkdir", 0x7fff803e53e0, 0) = -1 ENOENT (No such file or directory)
770917 newfstatat(AT_FDCWD, "/home/firstmate/.codex-5/tmp/arg0/codex-arg065EgpK/mkdir", 0x7fff803e53e0, 0) = -1 ENOENT (No such file or directory)
770917 newfstatat(AT_FDCWD, "/home/firstmate/.local/codex-latest/lib/node_modules/@openai/codex/node_modules/@openai/codex-linux-x64/vendor/x86_64-unknown-linux-musl/codex-path/mkdir", 0x7fff803e53e0, 0) = -1 ENOENT (No such file or directory)
770917 newfstatat(AT_FDCWD, "/home/firstmate/.local/bin/mkdir", 0x7fff803e53e0, 0) = -1 ENOENT (No such file or directory)
770917 newfstatat(AT_FDCWD, "/home/firstmate/go/bin/mkdir", 0x7fff803e53e0, 0) = -1 ENOENT (No such file or directory)
770917 newfstatat(AT_FDCWD, "/home/firstmate/.cargo/bin/mkdir", 0x7fff803e53e0, 0) = -1 ENOENT (No such file or directory)
770917 newfstatat(AT_FDCWD, "/home/firstmate/bin/mkdir", 0x7fff803e53e0, 0) = -1 ENOENT (No such file or directory)
770917 newfstatat(AT_FDCWD, "/opt/homebrew/bin/mkdir", 0x7fff803e53e0, 0) = -1 ENOENT (No such file or directory)
770917 newfstatat(AT_FDCWD, "/opt/homebrew/sbin/mkdir", 0x7fff803e53e0, 0) = -1 ENOENT (No such file or directory)
770917 newfstatat(AT_FDCWD, "/usr/local/bin/mkdir", 0x7fff803e53e0, 0) = -1 ENOENT (No such file or directory)
770917 newfstatat(AT_FDCWD, "/usr/local/sbin/mkdir", 0x7fff803e53e0, 0) = -1 ENOENT (No such file or directory)
770917 newfstatat(AT_FDCWD, "/usr/bin/mkdir", {st_mode=S_IFREG|0755, st_size=11352352, ...}, 0) = 0
770917 newfstatat(AT_FDCWD, "/usr/bin/mkdir", {st_mode=S_IFREG|0755, st_size=11352352, ...}, 0) = 0
770917 access("/usr/bin/mkdir", X_OK)   = 0
770917 newfstatat(AT_FDCWD, "/usr/bin/mkdir", {st_mode=S_IFREG|0755, st_size=11352352, ...}, 0) = 0
770917 access("/usr/bin/mkdir", R_OK)   = 0
771007 execve("/usr/bin/mkdir", ["mkdir", "-p", "/home/firstmate/.no-mistakes/wor"...], 0x5b09d8e42570 /* 9 vars */) = 0
771007 access("/etc/ld.so.preload", R_OK) = -1 ENOENT (No such file or directory)
771007 openat(AT_FDCWD, "/etc/ld.so.cache", O_RDONLY|O_CLOEXEC) = 3
771007 openat(AT_FDCWD, "/usr/lib/x86_64-linux-gnu/libselinux.so.1", O_RDONLY|O_CLOEXEC) = 3
771007 openat(AT_FDCWD, "/usr/lib/x86_64-linux-gnu/libgcc_s.so.1", O_RDONLY|O_CLOEXEC) = 3
771007 openat(AT_FDCWD, "/usr/lib/x86_64-linux-gnu/libm.so.6", O_RDONLY|O_CLOEXEC) = 3
771007 openat(AT_FDCWD, "/usr/lib/x86_64-linux-gnu/libc.so.6", O_RDONLY|O_CLOEXEC) = 3
771007 openat(AT_FDCWD, "/usr/lib/x86_64-linux-gnu/libpcre2-8.so.0", O_RDONLY|O_CLOEXEC) = 3
771007 statfs("/sys/fs/selinux", 0x7ffcdf6ecb40) = -1 ENOENT (No such file or directory)
771007 statfs("/selinux", 0x7ffcdf6ecb40) = -1 ENOENT (No such file or directory)
771007 openat(AT_FDCWD, "/proc/filesystems", O_RDONLY|O_CLOEXEC) = 3
771007 access("/etc/selinux/config", F_OK) = -1 ENOENT (No such file or directory)
771007 openat(AT_FDCWD, "/proc/self/maps", O_RDONLY|O_CLOEXEC) = 3
771007 statx(AT_FDCWD, "/usr/share/coreutils/locales/mkdir", AT_STATX_SYNC_AS_STAT, STATX_ALL, {stx_mask=STATX_ALL|STATX_MNT_ID, stx_attributes=0, stx_mode=S_IFDIR|0755, stx_size=4096, ...}) = 0
771007 statx(AT_FDCWD, "/usr/share/coreutils/locales/uucore", AT_STATX_SYNC_AS_STAT, STATX_ALL, {stx_mask=STATX_ALL|STATX_MNT_ID, stx_attributes=0, stx_mode=S_IFDIR|0755, stx_size=4096, ...}) = 0
771007 openat(AT_FDCWD, "/usr/share/coreutils/locales/uucore/en-US.ftl", O_RDONLY|O_CLOEXEC) = 3
771007 statx(3, "", AT_STATX_SYNC_AS_STAT|AT_EMPTY_PATH, STATX_ALL, {stx_mask=STATX_ALL|STATX_MNT_ID, stx_attributes=0, stx_mode=S_IFREG|0644, stx_size=4080, ...}) = 0
771007 statx(AT_FDCWD, "/usr/share/coreutils/locales/mkdir", AT_STATX_SYNC_AS_STAT, STATX_ALL, {stx_mask=STATX_ALL|STATX_MNT_ID, stx_attributes=0, stx_mode=S_IFDIR|0755, stx_size=4096, ...}) = 0
771007 openat(AT_FDCWD, "/usr/share/coreutils/locales/mkdir/en-US.ftl", O_RDONLY|O_CLOEXEC) = -1 ENOENT (No such file or directory)
771007 statx(AT_FDCWD, "/home/firstmate/.no-mistakes/worktrees/8352e211db7e/01M4F29HK4JCAKXEQ2F50R6HHX/.test-tmp/boundary/home/state", AT_STATX_SYNC_AS_STAT, STATX_ALL, {stx_mask=STATX_ALL|STATX_MNT_ID, stx_attributes=0, stx_mode=S_IFDIR|0700, stx_size=4096, ...}) = 0
771007 statx(AT_FDCWD, "/", AT_STATX_SYNC_AS_STAT, STATX_ALL, {stx_mask=STATX_ALL|STATX_MNT_ID, stx_attributes=STATX_ATTR_MOUNT_ROOT, stx_mode=S_IFDIR|0755, stx_size=4096, ...}) = 0
771007 statx(AT_FDCWD, "/home", AT_STATX_SYNC_AS_STAT, STATX_ALL, {stx_mask=STATX_ALL|STATX_MNT_ID, stx_attributes=0, stx_mode=S_IFDIR|0755, stx_size=4096, ...}) = 0
771007 statx(AT_FDCWD, "/home/firstmate", AT_STATX_SYNC_AS_STAT, STATX_ALL, {stx_mask=STATX_ALL|STATX_MNT_ID, stx_attributes=0, stx_mode=S_IFDIR|0750, stx_size=16384, ...}) = 0
771007 statx(AT_FDCWD, "/home/firstmate/.no-mistakes", AT_STATX_SYNC_AS_STAT, STATX_ALL, {stx_mask=STATX_ALL|STATX_MNT_ID, stx_attributes=0, stx_mode=S_IFDIR|0755, stx_size=4096, ...}) = 0
771007 statx(AT_FDCWD, "/home/firstmate/.no-mistakes/worktrees", AT_STATX_SYNC_AS_STAT, STATX_ALL, {stx_mask=STATX_ALL|STATX_MNT_ID, stx_attributes=0, stx_mode=S_IFDIR|0755, stx_size=4096, ...}) = 0
771007 statx(AT_FDCWD, "/home/firstmate/.no-mistakes/worktrees/8352e211db7e", AT_STATX_SYNC_AS_STAT, STATX_ALL, {stx_mask=STATX_ALL|STATX_MNT_ID, stx_attributes=0, stx_mode=S_IFDIR|0775, stx_size=4096, ...}) = 0
771007 statx(AT_FDCWD, "/home/firstmate/.no-mistakes/worktrees/8352e211db7e/01M4F29HK4JCAKXEQ2F50R6HHX", AT_STATX_SYNC_AS_STAT, STATX_ALL, {stx_mask=STATX_ALL|STATX_MNT_ID, stx_attributes=0, stx_mode=S_IFDIR|0775, stx_size=4096, ...}) = 0
771007 statx(AT_FDCWD, "/home/firstmate/.no-mistakes/worktrees/8352e211db7e/01M4F29HK4JCAKXEQ2F50R6HHX/.test-tmp", AT_STATX_SYNC_AS_STAT, STATX_ALL, {stx_mask=STATX_ALL|STATX_MNT_ID, stx_attributes=0, stx_mode=S_IFDIR|0775, stx_size=4096, ...}) = 0
771007 statx(AT_FDCWD, "/home/firstmate/.no-mistakes/worktrees/8352e211db7e/01M4F29HK4JCAKXEQ2F50R6HHX/.test-tmp/boundary", AT_STATX_SYNC_AS_STAT, STATX_ALL, {stx_mask=STATX_ALL|STATX_MNT_ID, stx_attributes=0, stx_mode=S_IFDIR|0700, stx_size=4096, ...}) = 0
771007 statx(AT_FDCWD, "/home/firstmate/.no-mistakes/worktrees/8352e211db7e/01M4F29HK4JCAKXEQ2F50R6HHX/.test-tmp/boundary/home", AT_STATX_SYNC_AS_STAT, STATX_ALL, {stx_mask=STATX_ALL|STATX_MNT_ID, stx_attributes=STATX_ATTR_MOUNT_ROOT, stx_mode=S_IFDIR|0700, stx_size=4096, ...}) = 0
771007 statx(AT_FDCWD, "/home/firstmate/.no-mistakes/worktrees/8352e211db7e/01M4F29HK4JCAKXEQ2F50R6HHX/.test-tmp/boundary/home/state", AT_STATX_SYNC_AS_STAT, STATX_ALL, {stx_mask=STATX_ALL|STATX_MNT_ID, stx_attributes=0, stx_mode=S_IFDIR|0700, stx_size=4096, ...}) = 0
771007 mkdir("/home/firstmate/.no-mistakes/worktrees/8352e211db7e/01M4F29HK4JCAKXEQ2F50R6HHX/.test-tmp/boundary/home/state", 0700) = -1 EEXIST (File exists)
771007 statx(AT_FDCWD, "/home/firstmate/.no-mistakes/worktrees/8352e211db7e/01M4F29HK4JCAKXEQ2F50R6HHX/.test-tmp/boundary/home/state", AT_STATX_SYNC_AS_STAT, STATX_ALL, {stx_mask=STATX_ALL|STATX_MNT_ID, stx_attributes=0, stx_mode=S_IFDIR|0700, stx_size=4096, ...}) = 0
771007 +++ exited with 0 +++
770917 --- SIGCHLD {si_signo=SIGCHLD, si_code=CLD_EXITED, si_pid=771007, si_uid=0, si_status=0, si_utime=0, si_stime=0} ---
771014 newfstatat(AT_FDCWD, ".", {st_mode=S_IFDIR|0775, st_size=4096, ...}, 0) = 0
771014 newfstatat(AT_FDCWD, "/home/firstmate/.local/codex-latest/lib/node_modules/@openai/codex/node_modules/@openai/codex-linux-x64/vendor/x86_64-unknown-linux-musl/codex-path/cat", 0x7fff803e5140, 0) = -1 ENOENT (No such file or directory)
771014 newfstatat(AT_FDCWD, "/home/firstmate/.codex-5/tmp/arg0/codex-arg065EgpK/cat", 0x7fff803e5140, 0) = -1 ENOENT (No such file or directory)
771014 newfstatat(AT_FDCWD, "/home/firstmate/.local/codex-latest/lib/node_modules/@openai/codex/node_modules/@openai/codex-linux-x64/vendor/x86_64-unknown-linux-musl/codex-path/cat", 0x7fff803e5140, 0) = -1 ENOENT (No such file or directory)
771014 newfstatat(AT_FDCWD, "/home/firstmate/.local/bin/cat", 0x7fff803e5140, 0) = -1 ENOENT (No such file or directory)
771014 newfstatat(AT_FDCWD, "/home/firstmate/go/bin/cat", 0x7fff803e5140, 0) = -1 ENOENT (No such file or directory)
771014 newfstatat(AT_FDCWD, "/home/firstmate/.cargo/bin/cat", 0x7fff803e5140, 0) = -1 ENOENT (No such file or directory)
771014 newfstatat(AT_FDCWD, "/home/firstmate/bin/cat", 0x7fff803e5140, 0) = -1 ENOENT (No such file or directory)
771014 newfstatat(AT_FDCWD, "/opt/homebrew/bin/cat", 0x7fff803e5140, 0) = -1 ENOENT (No such file or directory)
771014 newfstatat(AT_FDCWD, "/opt/homebrew/sbin/cat", 0x7fff803e5140, 0) = -1 ENOENT (No such file or directory)
771014 newfstatat(AT_FDCWD, "/usr/local/bin/cat", 0x7fff803e5140, 0) = -1 ENOENT (No such file or directory)
771014 newfstatat(AT_FDCWD, "/usr/local/sbin/cat", 0x7fff803e5140, 0) = -1 ENOENT (No such file or directory)
771014 newfstatat(AT_FDCWD, "/usr/bin/cat", {st_mode=S_IFREG|0755, st_size=11352352, ...}, 0) = 0
771014 newfstatat(AT_FDCWD, "/usr/bin/cat", {st_mode=S_IFREG|0755, st_size=11352352, ...}, 0) = 0
771014 access("/usr/bin/cat", X_OK)     = 0
771014 newfstatat(AT_FDCWD, "/usr/bin/cat", {st_mode=S_IFREG|0755, st_size=11352352, ...}, 0) = 0
771014 access("/usr/bin/cat", R_OK)     = 0
771019 openat(AT_FDCWD, "/dev/null", O_WRONLY|O_CREAT|O_TRUNC, 0666) = 3
771019 execve("/usr/bin/cat", ["cat", "/home/firstmate/.no-mistakes/wor"...], 0x5b09d8e42570 /* 9 vars */) = 0
771019 access("/etc/ld.so.preload", R_OK) = -1 ENOENT (No such file or directory)
771019 openat(AT_FDCWD, "/etc/ld.so.cache", O_RDONLY|O_CLOEXEC) = 3
771019 openat(AT_FDCWD, "/usr/lib/x86_64-linux-gnu/libselinux.so.1", O_RDONLY|O_CLOEXEC) = 3
771019 openat(AT_FDCWD, "/usr/lib/x86_64-linux-gnu/libgcc_s.so.1", O_RDONLY|O_CLOEXEC) = 3
771019 openat(AT_FDCWD, "/usr/lib/x86_64-linux-gnu/libm.so.6", O_RDONLY|O_CLOEXEC) = 3
771019 openat(AT_FDCWD, "/usr/lib/x86_64-linux-gnu/libc.so.6", O_RDONLY|O_CLOEXEC) = 3
771019 openat(AT_FDCWD, "/usr/lib/x86_64-linux-gnu/libpcre2-8.so.0", O_RDONLY|O_CLOEXEC) = 3
771019 statfs("/sys/fs/selinux", 0x7ffdf4703930) = -1 ENOENT (No such file or directory)
771019 statfs("/selinux", 0x7ffdf4703930) = -1 ENOENT (No such file or directory)
771019 openat(AT_FDCWD, "/proc/filesystems", O_RDONLY|O_CLOEXEC) = 3
771019 access("/etc/selinux/config", F_OK) = -1 ENOENT (No such file or directory)
771019 openat(AT_FDCWD, "/proc/self/maps", O_RDONLY|O_CLOEXEC) = 3
771019 statx(AT_FDCWD, "/usr/share/coreutils/locales/cat", AT_STATX_SYNC_AS_STAT, STATX_ALL, {stx_mask=STATX_ALL|STATX_MNT_ID, stx_attributes=0, stx_mode=S_IFDIR|0755, stx_size=4096, ...}) = 0
771019 statx(AT_FDCWD, "/usr/share/coreutils/locales/uucore", AT_STATX_SYNC_AS_STAT, STATX_ALL, {stx_mask=STATX_ALL|STATX_MNT_ID, stx_attributes=0, stx_mode=S_IFDIR|0755, stx_size=4096, ...}) = 0
771019 openat(AT_FDCWD, "/usr/share/coreutils/locales/uucore/en-US.ftl", O_RDONLY|O_CLOEXEC) = 3
771019 statx(3, "", AT_STATX_SYNC_AS_STAT|AT_EMPTY_PATH, STATX_ALL, {stx_mask=STATX_ALL|STATX_MNT_ID, stx_attributes=0, stx_mode=S_IFREG|0644, stx_size=4080, ...}) = 0
771019 statx(AT_FDCWD, "/usr/share/coreutils/locales/cat", AT_STATX_SYNC_AS_STAT, STATX_ALL, {stx_mask=STATX_ALL|STATX_MNT_ID, stx_attributes=0, stx_mode=S_IFDIR|0755, stx_size=4096, ...}) = 0
771019 openat(AT_FDCWD, "/usr/share/coreutils/locales/cat/en-US.ftl", O_RDONLY|O_CLOEXEC) = -1 ENOENT (No such file or directory)
771019 statx(AT_FDCWD, "/home/firstmate/.no-mistakes/worktrees/8352e211db7e/01M4F29HK4JCAKXEQ2F50R6HHX/.test-tmp/boundary/home/state/.lock", AT_STATX_SYNC_AS_STAT, STATX_ALL, {stx_mask=STATX_ALL|STATX_MNT_ID, stx_attributes=0, stx_mode=S_IFREG|0600, stx_size=7, ...}) = 0
771019 openat(AT_FDCWD, "/home/firstmate/.no-mistakes/worktrees/8352e211db7e/01M4F29HK4JCAKXEQ2F50R6HHX/.test-tmp/boundary/home/state/.lock", O_RDONLY|O_CLOEXEC) = 3
771019 +++ exited with 0 +++
771014 --- SIGCHLD {si_signo=SIGCHLD, si_code=CLD_EXITED, si_pid=771019, si_uid=0, si_status=0, si_utime=0, si_stime=1 /* 0.01 s */} ---
771014 +++ exited with 0 +++
770917 --- SIGCHLD {si_signo=SIGCHLD, si_code=CLD_EXITED, si_pid=771014, si_uid=0, si_status=0, si_utime=0, si_stime=0} ---
770917 openat(AT_FDCWD, "/dev/null", O_WRONLY|O_CREAT|O_TRUNC, 0666) = 3
770917 faccessat2(AT_FDCWD, "/proc/760355/stat", R_OK, AT_EACCESS) = 0
770917 faccessat2(AT_FDCWD, "/proc/760355/cmdline", R_OK, AT_EACCESS) = 0
771029 newfstatat(AT_FDCWD, ".", {st_mode=S_IFDIR|0775, st_size=4096, ...}, 0) = 0
771029 newfstatat(AT_FDCWD, "/home/firstmate/.local/codex-latest/lib/node_modules/@openai/codex/node_modules/@openai/codex-linux-x64/vendor/x86_64-unknown-linux-musl/codex-path/cat", 0x7fff803e3d50, 0) = -1 ENOENT (No such file or directory)
771029 newfstatat(AT_FDCWD, "/home/firstmate/.codex-5/tmp/arg0/codex-arg065EgpK/cat", 0x7fff803e3d50, 0) = -1 ENOENT (No such file or directory)
771029 newfstatat(AT_FDCWD, "/home/firstmate/.local/codex-latest/lib/node_modules/@openai/codex/node_modules/@openai/codex-linux-x64/vendor/x86_64-unknown-linux-musl/codex-path/cat", 0x7fff803e3d50, 0) = -1 ENOENT (No such file or directory)
771029 newfstatat(AT_FDCWD, "/home/firstmate/.local/bin/cat", 0x7fff803e3d50, 0) = -1 ENOENT (No such file or directory)
771029 newfstatat(AT_FDCWD, "/home/firstmate/go/bin/cat", 0x7fff803e3d50, 0) = -1 ENOENT (No such file or directory)
771029 newfstatat(AT_FDCWD, "/home/firstmate/.cargo/bin/cat", 0x7fff803e3d50, 0) = -1 ENOENT (No such file or directory)
771029 newfstatat(AT_FDCWD, "/home/firstmate/bin/cat", 0x7fff803e3d50, 0) = -1 ENOENT (No such file or directory)
771029 newfstatat(AT_FDCWD, "/opt/homebrew/bin/cat", 0x7fff803e3d50, 0) = -1 ENOENT (No such file or directory)
771029 newfstatat(AT_FDCWD, "/opt/homebrew/sbin/cat", 0x7fff803e3d50, 0) = -1 ENOENT (No such file or directory)
771029 newfstatat(AT_FDCWD, "/usr/local/bin/cat", 0x7fff803e3d50, 0) = -1 ENOENT (No such file or directory)
771029 newfstatat(AT_FDCWD, "/usr/local/sbin/cat", 0x7fff803e3d50, 0) = -1 ENOENT (No such file or directory)
771029 newfstatat(AT_FDCWD, "/usr/bin/cat", {st_mode=S_IFREG|0755, st_size=11352352, ...}, 0) = 0
771029 newfstatat(AT_FDCWD, "/usr/bin/cat", {st_mode=S_IFREG|0755, st_size=11352352, ...}, 0) = 0
771029 access("/usr/bin/cat", X_OK)     = 0
771029 newfstatat(AT_FDCWD, "/usr/bin/cat", {st_mode=S_IFREG|0755, st_size=11352352, ...}, 0) = 0
771029 access("/usr/bin/cat", R_OK)     = 0
771036 openat(AT_FDCWD, "/dev/null", O_WRONLY|O_CREAT|O_TRUNC, 0666) = 3
771036 execve("/usr/bin/cat", ["cat", "/proc/760355/stat"], 0x5b09d8e42570 /* 9 vars */) = 0
771036 access("/etc/ld.so.preload", R_OK) = -1 ENOENT (No such file or directory)
771036 openat(AT_FDCWD, "/etc/ld.so.cache", O_RDONLY|O_CLOEXEC) = 3
771036 openat(AT_FDCWD, "/usr/lib/x86_64-linux-gnu/libselinux.so.1", O_RDONLY|O_CLOEXEC) = 3
771036 openat(AT_FDCWD, "/usr/lib/x86_64-linux-gnu/libgcc_s.so.1", O_RDONLY|O_CLOEXEC) = 3
771036 openat(AT_FDCWD, "/usr/lib/x86_64-linux-gnu/libm.so.6", O_RDONLY|O_CLOEXEC) = 3
771036 openat(AT_FDCWD, "/usr/lib/x86_64-linux-gnu/libc.so.6", O_RDONLY|O_CLOEXEC) = 3
771036 openat(AT_FDCWD, "/usr/lib/x86_64-linux-gnu/libpcre2-8.so.0", O_RDONLY|O_CLOEXEC) = 3
771036 statfs("/sys/fs/selinux", 0x7ffe1901e4a0) = -1 ENOENT (No such file or directory)
771036 statfs("/selinux", 0x7ffe1901e4a0) = -1 ENOENT (No such file or directory)
771036 openat(AT_FDCWD, "/proc/filesystems", O_RDONLY|O_CLOEXEC) = 3
771036 access("/etc/selinux/config", F_OK) = -1 ENOENT (No such file or directory)
771036 openat(AT_FDCWD, "/proc/self/maps", O_RDONLY|O_CLOEXEC) = 3
771036 statx(AT_FDCWD, "/usr/share/coreutils/locales/cat", AT_STATX_SYNC_AS_STAT, STATX_ALL, {stx_mask=STATX_ALL|STATX_MNT_ID, stx_attributes=0, stx_mode=S_IFDIR|0755, stx_size=4096, ...}) = 0
771036 statx(AT_FDCWD, "/usr/share/coreutils/locales/uucore", AT_STATX_SYNC_AS_STAT, STATX_ALL, {stx_mask=STATX_ALL|STATX_MNT_ID, stx_attributes=0, stx_mode=S_IFDIR|0755, stx_size=4096, ...}) = 0
771036 openat(AT_FDCWD, "/usr/share/coreutils/locales/uucore/en-US.ftl", O_RDONLY|O_CLOEXEC) = 3
771036 statx(3, "", AT_STATX_SYNC_AS_STAT|AT_EMPTY_PATH, STATX_ALL, {stx_mask=STATX_ALL|STATX_MNT_ID, stx_attributes=0, stx_mode=S_IFREG|0644, stx_size=4080, ...}) = 0
771036 statx(AT_FDCWD, "/usr/share/coreutils/locales/cat", AT_STATX_SYNC_AS_STAT, STATX_ALL, {stx_mask=STATX_ALL|STATX_MNT_ID, stx_attributes=0, stx_mode=S_IFDIR|0755, stx_size=4096, ...}) = 0
771036 openat(AT_FDCWD, "/usr/share/coreutils/locales/cat/en-US.ftl", O_RDONLY|O_CLOEXEC) = -1 ENOENT (No such file or directory)
771036 statx(AT_FDCWD, "/proc/760355/stat", AT_STATX_SYNC_AS_STAT, STATX_ALL, {stx_mask=STATX_BASIC_STATS|STATX_MNT_ID, stx_attributes=0, stx_mode=S_IFREG|0444, stx_size=0, ...}) = 0
771036 openat(AT_FDCWD, "/proc/760355/stat", O_RDONLY|O_CLOEXEC) = 3
771036 +++ exited with 0 +++
771029 --- SIGCHLD {si_signo=SIGCHLD, si_code=CLD_EXITED, si_pid=771036, si_uid=0, si_status=0, si_utime=0, si_stime=1 /* 0.01 s */} ---
771029 +++ exited with 0 +++
770917 --- SIGCHLD {si_signo=SIGCHLD, si_code=CLD_EXITED, si_pid=771029, si_uid=0, si_status=0, si_utime=0, si_stime=0} ---
771059 newfstatat(AT_FDCWD, ".", {st_mode=S_IFDIR|0775, st_size=4096, ...}, 0) = 0
771059 newfstatat(AT_FDCWD, "/home/firstmate/.local/codex-latest/lib/node_modules/@openai/codex/node_modules/@openai/codex-linux-x64/vendor/x86_64-unknown-linux-musl/codex-path/od", 0x7fff803e3f20, 0) = -1 ENOENT (No such file or directory)
771059 newfstatat(AT_FDCWD, "/home/firstmate/.codex-5/tmp/arg0/codex-arg065EgpK/od", 0x7fff803e3f20, 0) = -1 ENOENT (No such file or directory)
771059 newfstatat(AT_FDCWD, "/home/firstmate/.local/codex-latest/lib/node_modules/@openai/codex/node_modules/@openai/codex-linux-x64/vendor/x86_64-unknown-linux-musl/codex-path/od", 0x7fff803e3f20, 0) = -1 ENOENT (No such file or directory)
771059 newfstatat(AT_FDCWD, "/home/firstmate/.local/bin/od", 0x7fff803e3f20, 0) = -1 ENOENT (No such file or directory)
771059 newfstatat(AT_FDCWD, "/home/firstmate/go/bin/od", 0x7fff803e3f20, 0) = -1 ENOENT (No such file or directory)
771059 newfstatat(AT_FDCWD, "/home/firstmate/.cargo/bin/od", 0x7fff803e3f20, 0) = -1 ENOENT (No such file or directory)
771059 newfstatat(AT_FDCWD, "/home/firstmate/bin/od", 0x7fff803e3f20, 0) = -1 ENOENT (No such file or directory)
771059 newfstatat(AT_FDCWD, "/opt/homebrew/bin/od", 0x7fff803e3f20, 0) = -1 ENOENT (No such file or directory)
771059 newfstatat(AT_FDCWD, "/opt/homebrew/sbin/od", 0x7fff803e3f20, 0) = -1 ENOENT (No such file or directory)
771059 newfstatat(AT_FDCWD, "/usr/local/bin/od", 0x7fff803e3f20, 0) = -1 ENOENT (No such file or directory)
771059 newfstatat(AT_FDCWD, "/usr/local/sbin/od", 0x7fff803e3f20, 0) = -1 ENOENT (No such file or directory)
771059 newfstatat(AT_FDCWD, "/usr/bin/od", {st_mode=S_IFREG|0755, st_size=11352352, ...}, 0) = 0
771059 newfstatat(AT_FDCWD, "/usr/bin/od", {st_mode=S_IFREG|0755, st_size=11352352, ...}, 0) = 0
771059 access("/usr/bin/od", X_OK)      = 0
771059 newfstatat(AT_FDCWD, "/usr/bin/od", {st_mode=S_IFREG|0755, st_size=11352352, ...}, 0) = 0
771059 access("/usr/bin/od", R_OK)      = 0
771059 openat(AT_FDCWD, "/dev/null", O_WRONLY|O_CREAT|O_TRUNC, 0666) = 3
771059 execve("/usr/bin/od", ["od", "-An", "-v", "-tx1", "/proc/760355/cmdline"], 0x5b09d8e42570 /* 9 vars */) = 0
771062 newfstatat(AT_FDCWD, ".", {st_mode=S_IFDIR|0775, st_size=4096, ...}, 0) = 0
771062 newfstatat(AT_FDCWD, "/home/firstmate/.local/codex-latest/lib/node_modules/@openai/codex/node_modules/@openai/codex-linux-x64/vendor/x86_64-unknown-linux-musl/codex-path/tr", 0x7fff803e3f20, 0) = -1 ENOENT (No such file or directory)
771059 access("/etc/ld.so.preload", R_OK <unfinished ...>
771062 newfstatat(AT_FDCWD, "/home/firstmate/.codex-5/tmp/arg0/codex-arg065EgpK/tr" <unfinished ...>
771059 <... access resumed>)            = -1 ENOENT (No such file or directory)
771062 <... newfstatat resumed>, 0x7fff803e3f20, 0) = -1 ENOENT (No such file or directory)
771059 openat(AT_FDCWD, "/etc/ld.so.cache", O_RDONLY|O_CLOEXEC <unfinished ...>
771062 newfstatat(AT_FDCWD, "/home/firstmate/.local/codex-latest/lib/node_modules/@openai/codex/node_modules/@openai/codex-linux-x64/vendor/x86_64-unknown-linux-musl/codex-path/tr", 0x7fff803e3f20, 0) = -1 ENOENT (No such file or directory)
771062 newfstatat(AT_FDCWD, "/home/firstmate/.local/bin/tr" <unfinished ...>
771059 <... openat resumed>)            = 3
771062 <... newfstatat resumed>, 0x7fff803e3f20, 0) = -1 ENOENT (No such file or directory)
771062 newfstatat(AT_FDCWD, "/home/firstmate/go/bin/tr", 0x7fff803e3f20, 0) = -1 ENOENT (No such file or directory)
771062 newfstatat(AT_FDCWD, "/home/firstmate/.cargo/bin/tr", 0x7fff803e3f20, 0) = -1 ENOENT (No such file or directory)
771062 newfstatat(AT_FDCWD, "/home/firstmate/bin/tr", 0x7fff803e3f20, 0) = -1 ENOENT (No such file or directory)
771059 openat(AT_FDCWD, "/usr/lib/x86_64-linux-gnu/libselinux.so.1", O_RDONLY|O_CLOEXEC <unfinished ...>
771062 newfstatat(AT_FDCWD, "/opt/homebrew/bin/tr", 0x7fff803e3f20, 0) = -1 ENOENT (No such file or directory)
771059 <... openat resumed>)            = 3
771062 newfstatat(AT_FDCWD, "/opt/homebrew/sbin/tr", 0x7fff803e3f20, 0) = -1 ENOENT (No such file or directory)
771062 newfstatat(AT_FDCWD, "/usr/local/bin/tr", 0x7fff803e3f20, 0) = -1 ENOENT (No such file or directory)
771062 newfstatat(AT_FDCWD, "/usr/local/sbin/tr", 0x7fff803e3f20, 0) = -1 ENOENT (No such file or directory)
771062 newfstatat(AT_FDCWD, "/usr/bin/tr", {st_mode=S_IFREG|0755, st_size=11352352, ...}, 0) = 0
771062 newfstatat(AT_FDCWD, "/usr/bin/tr", {st_mode=S_IFREG|0755, st_size=11352352, ...}, 0) = 0
771062 access("/usr/bin/tr", X_OK <unfinished ...>
771059 openat(AT_FDCWD, "/usr/lib/x86_64-linux-gnu/libgcc_s.so.1", O_RDONLY|O_CLOEXEC <unfinished ...>
771062 <... access resumed>)            = 0
771059 <... openat resumed>)            = 3
771062 newfstatat(AT_FDCWD, "/usr/bin/tr", {st_mode=S_IFREG|0755, st_size=11352352, ...}, 0) = 0
771062 access("/usr/bin/tr", R_OK)      = 0
771062 execve("/usr/bin/tr", ["tr", "-d", "[:space:]"], 0x5b09d8e42570 /* 9 vars */ <unfinished ...>
771059 openat(AT_FDCWD, "/usr/lib/x86_64-linux-gnu/libm.so.6", O_RDONLY|O_CLOEXEC) = 3
771062 <... execve resumed>)            = 0
771062 access("/etc/ld.so.preload", R_OK) = -1 ENOENT (No such file or directory)
771062 openat(AT_FDCWD, "/etc/ld.so.cache", O_RDONLY|O_CLOEXEC) = 3
771059 openat(AT_FDCWD, "/usr/lib/x86_64-linux-gnu/libc.so.6", O_RDONLY|O_CLOEXEC <unfinished ...>
771062 openat(AT_FDCWD, "/usr/lib/x86_64-linux-gnu/libselinux.so.1", O_RDONLY|O_CLOEXEC <unfinished ...>
771059 <... openat resumed>)            = 3
771062 <... openat resumed>)            = 3
771062 openat(AT_FDCWD, "/usr/lib/x86_64-linux-gnu/libgcc_s.so.1", O_RDONLY|O_CLOEXEC) = 3
771059 openat(AT_FDCWD, "/usr/lib/x86_64-linux-gnu/libpcre2-8.so.0", O_RDONLY|O_CLOEXEC) = 3
771062 openat(AT_FDCWD, "/usr/lib/x86_64-linux-gnu/libm.so.6", O_RDONLY|O_CLOEXEC) = 3
771062 openat(AT_FDCWD, "/usr/lib/x86_64-linux-gnu/libc.so.6", O_RDONLY|O_CLOEXEC) = 3
771062 openat(AT_FDCWD, "/usr/lib/x86_64-linux-gnu/libpcre2-8.so.0", O_RDONLY|O_CLOEXEC) = 3
771059 statfs("/sys/fs/selinux", 0x7ffee04974d0) = -1 ENOENT (No such file or directory)
771059 statfs("/selinux", 0x7ffee04974d0) = -1 ENOENT (No such file or directory)
771059 openat(AT_FDCWD, "/proc/filesystems", O_RDONLY|O_CLOEXEC <unfinished ...>
771062 statfs("/sys/fs/selinux" <unfinished ...>
771059 <... openat resumed>)            = 3
771062 <... statfs resumed>, 0x7ffcccc6d010) = -1 ENOENT (No such file or directory)
771062 statfs("/selinux", 0x7ffcccc6d010) = -1 ENOENT (No such file or directory)
771062 openat(AT_FDCWD, "/proc/filesystems", O_RDONLY|O_CLOEXEC <unfinished ...>
771059 access("/etc/selinux/config", F_OK <unfinished ...>
771062 <... openat resumed>)            = 3
771059 <... access resumed>)            = -1 ENOENT (No such file or directory)
771062 access("/etc/selinux/config", F_OK) = -1 ENOENT (No such file or directory)
771059 openat(AT_FDCWD, "/proc/self/maps", O_RDONLY|O_CLOEXEC) = 3
771062 openat(AT_FDCWD, "/proc/self/maps", O_RDONLY|O_CLOEXEC) = 3
771062 statx(AT_FDCWD, "/usr/share/coreutils/locales/tr", AT_STATX_SYNC_AS_STAT, STATX_ALL, {stx_mask=STATX_ALL|STATX_MNT_ID, stx_attributes=0, stx_mode=S_IFDIR|0755, stx_size=4096, ...}) = 0
771062 statx(AT_FDCWD, "/usr/share/coreutils/locales/uucore", AT_STATX_SYNC_AS_STAT, STATX_ALL, {stx_mask=STATX_ALL|STATX_MNT_ID, stx_attributes=0, stx_mode=S_IFDIR|0755, stx_size=4096, ...}) = 0
771062 openat(AT_FDCWD, "/usr/share/coreutils/locales/uucore/en-US.ftl", O_RDONLY|O_CLOEXEC) = 3
771062 statx(3, "", AT_STATX_SYNC_AS_STAT|AT_EMPTY_PATH, STATX_ALL, {stx_mask=STATX_ALL|STATX_MNT_ID, stx_attributes=0, stx_mode=S_IFREG|0644, stx_size=4080, ...}) = 0
771059 statx(AT_FDCWD, "/usr/share/coreutils/locales/od", AT_STATX_SYNC_AS_STAT, STATX_ALL, {stx_mask=STATX_ALL|STATX_MNT_ID, stx_attributes=0, stx_mode=S_IFDIR|0755, stx_size=4096, ...}) = 0
771059 statx(AT_FDCWD, "/usr/share/coreutils/locales/uucore", AT_STATX_SYNC_AS_STAT, STATX_ALL <unfinished ...>
771062 statx(AT_FDCWD, "/usr/share/coreutils/locales/tr", AT_STATX_SYNC_AS_STAT, STATX_ALL <unfinished ...>
771059 <... statx resumed>, {stx_mask=STATX_ALL|STATX_MNT_ID, stx_attributes=0, stx_mode=S_IFDIR|0755, stx_size=4096, ...}) = 0
771062 <... statx resumed>, {stx_mask=STATX_ALL|STATX_MNT_ID, stx_attributes=0, stx_mode=S_IFDIR|0755, stx_size=4096, ...}) = 0
771062 openat(AT_FDCWD, "/usr/share/coreutils/locales/tr/en-US.ftl", O_RDONLY|O_CLOEXEC) = -1 ENOENT (No such file or directory)
771059 openat(AT_FDCWD, "/usr/share/coreutils/locales/uucore/en-US.ftl", O_RDONLY|O_CLOEXEC) = 3
771059 statx(3, "", AT_STATX_SYNC_AS_STAT|AT_EMPTY_PATH, STATX_ALL, {stx_mask=STATX_ALL|STATX_MNT_ID, stx_attributes=0, stx_mode=S_IFREG|0644, stx_size=4080, ...}) = 0
771059 statx(AT_FDCWD, "/usr/share/coreutils/locales/od", AT_STATX_SYNC_AS_STAT, STATX_ALL, {stx_mask=STATX_ALL|STATX_MNT_ID, stx_attributes=0, stx_mode=S_IFDIR|0755, stx_size=4096, ...}) = 0
771059 openat(AT_FDCWD, "/usr/share/coreutils/locales/od/en-US.ftl", O_RDONLY|O_CLOEXEC) = -1 ENOENT (No such file or directory)
771059 openat(AT_FDCWD, "/proc/760355/cmdline", O_RDONLY|O_CLOEXEC) = 3
771059 +++ exited with 0 +++
771062 +++ exited with 0 +++
771056 --- SIGCHLD {si_signo=SIGCHLD, si_code=CLD_EXITED, si_pid=771059, si_uid=0, si_status=0, si_utime=0, si_stime=1 /* 0.01 s */} ---
771056 +++ exited with 0 +++
770917 --- SIGCHLD {si_signo=SIGCHLD, si_code=CLD_EXITED, si_pid=771056, si_uid=0, si_status=0, si_utime=0, si_stime=0} ---
771086 newfstatat(AT_FDCWD, ".", {st_mode=S_IFDIR|0775, st_size=4096, ...}, 0) = 0
771086 newfstatat(AT_FDCWD, "/home/firstmate/.local/codex-latest/lib/node_modules/@openai/codex/node_modules/@openai/codex-linux-x64/vendor/x86_64-unknown-linux-musl/codex-path/cat", 0x7fff803e5240, 0) = -1 ENOENT (No such file or directory)
771086 newfstatat(AT_FDCWD, "/home/firstmate/.codex-5/tmp/arg0/codex-arg065EgpK/cat", 0x7fff803e5240, 0) = -1 ENOENT (No such file or directory)
771086 newfstatat(AT_FDCWD, "/home/firstmate/.local/codex-latest/lib/node_modules/@openai/codex/node_modules/@openai/codex-linux-x64/vendor/x86_64-unknown-linux-musl/codex-path/cat", 0x7fff803e5240, 0) = -1 ENOENT (No such file or directory)
771086 newfstatat(AT_FDCWD, "/home/firstmate/.local/bin/cat", 0x7fff803e5240, 0) = -1 ENOENT (No such file or directory)
771086 newfstatat(AT_FDCWD, "/home/firstmate/go/bin/cat", 0x7fff803e5240, 0) = -1 ENOENT (No such file or directory)
771086 newfstatat(AT_FDCWD, "/home/firstmate/.cargo/bin/cat", 0x7fff803e5240, 0) = -1 ENOENT (No such file or directory)
771086 newfstatat(AT_FDCWD, "/home/firstmate/bin/cat", 0x7fff803e5240, 0) = -1 ENOENT (No such file or directory)
771086 newfstatat(AT_FDCWD, "/opt/homebrew/bin/cat", 0x7fff803e5240, 0) = -1 ENOENT (No such file or directory)
771086 newfstatat(AT_FDCWD, "/opt/homebrew/sbin/cat", 0x7fff803e5240, 0) = -1 ENOENT (No such file or directory)
771086 newfstatat(AT_FDCWD, "/usr/local/bin/cat", 0x7fff803e5240, 0) = -1 ENOENT (No such file or directory)
771086 newfstatat(AT_FDCWD, "/usr/local/sbin/cat", 0x7fff803e5240, 0) = -1 ENOENT (No such file or directory)
771086 newfstatat(AT_FDCWD, "/usr/bin/cat", {st_mode=S_IFREG|0755, st_size=11352352, ...}, 0) = 0
771086 newfstatat(AT_FDCWD, "/usr/bin/cat", {st_mode=S_IFREG|0755, st_size=11352352, ...}, 0) = 0
771086 access("/usr/bin/cat", X_OK)     = 0
771086 newfstatat(AT_FDCWD, "/usr/bin/cat", {st_mode=S_IFREG|0755, st_size=11352352, ...}, 0) = 0
771086 access("/usr/bin/cat", R_OK)     = 0
771086 execve("/usr/bin/cat", ["cat", "/home/firstmate/.no-mistakes/wor"...], 0x5b09d8e2b170 /* 9 vars */) = 0
771086 access("/etc/ld.so.preload", R_OK) = -1 ENOENT (No such file or directory)
771086 openat(AT_FDCWD, "/etc/ld.so.cache", O_RDONLY|O_CLOEXEC) = 3
771086 openat(AT_FDCWD, "/usr/lib/x86_64-linux-gnu/libselinux.so.1", O_RDONLY|O_CLOEXEC) = 3
771086 openat(AT_FDCWD, "/usr/lib/x86_64-linux-gnu/libgcc_s.so.1", O_RDONLY|O_CLOEXEC) = 3
771086 openat(AT_FDCWD, "/usr/lib/x86_64-linux-gnu/libm.so.6", O_RDONLY|O_CLOEXEC) = 3
771086 openat(AT_FDCWD, "/usr/lib/x86_64-linux-gnu/libc.so.6", O_RDONLY|O_CLOEXEC) = 3
771086 openat(AT_FDCWD, "/usr/lib/x86_64-linux-gnu/libpcre2-8.so.0", O_RDONLY|O_CLOEXEC) = 3
771086 statfs("/sys/fs/selinux", 0x7ffe83c240c0) = -1 ENOENT (No such file or directory)
771086 statfs("/selinux", 0x7ffe83c240c0) = -1 ENOENT (No such file or directory)
771086 openat(AT_FDCWD, "/proc/filesystems", O_RDONLY|O_CLOEXEC) = 3
771086 access("/etc/selinux/config", F_OK) = -1 ENOENT (No such file or directory)
771086 openat(AT_FDCWD, "/proc/self/maps", O_RDONLY|O_CLOEXEC) = 3
771086 statx(AT_FDCWD, "/usr/share/coreutils/locales/cat", AT_STATX_SYNC_AS_STAT, STATX_ALL, {stx_mask=STATX_ALL|STATX_MNT_ID, stx_attributes=0, stx_mode=S_IFDIR|0755, stx_size=4096, ...}) = 0
771086 statx(AT_FDCWD, "/usr/share/coreutils/locales/uucore", AT_STATX_SYNC_AS_STAT, STATX_ALL, {stx_mask=STATX_ALL|STATX_MNT_ID, stx_attributes=0, stx_mode=S_IFDIR|0755, stx_size=4096, ...}) = 0
771086 openat(AT_FDCWD, "/usr/share/coreutils/locales/uucore/en-US.ftl", O_RDONLY|O_CLOEXEC) = 3
771086 statx(3, "", AT_STATX_SYNC_AS_STAT|AT_EMPTY_PATH, STATX_ALL, {stx_mask=STATX_ALL|STATX_MNT_ID, stx_attributes=0, stx_mode=S_IFREG|0644, stx_size=4080, ...}) = 0
771086 statx(AT_FDCWD, "/usr/share/coreutils/locales/cat", AT_STATX_SYNC_AS_STAT, STATX_ALL, {stx_mask=STATX_ALL|STATX_MNT_ID, stx_attributes=0, stx_mode=S_IFDIR|0755, stx_size=4096, ...}) = 0
771086 openat(AT_FDCWD, "/usr/share/coreutils/locales/cat/en-US.ftl", O_RDONLY|O_CLOEXEC) = -1 ENOENT (No such file or directory)
771086 statx(AT_FDCWD, "/home/firstmate/.no-mistakes/worktrees/8352e211db7e/01M4F29HK4JCAKXEQ2F50R6HHX/.test-tmp/boundary/home/state/.lock", AT_STATX_SYNC_AS_STAT, STATX_ALL, {stx_mask=STATX_ALL|STATX_MNT_ID, stx_attributes=0, stx_mode=S_IFREG|0600, stx_size=7, ...}) = 0
771086 openat(AT_FDCWD, "/home/firstmate/.no-mistakes/worktrees/8352e211db7e/01M4F29HK4JCAKXEQ2F50R6HHX/.test-tmp/boundary/home/state/.lock", O_RDONLY|O_CLOEXEC) = 3
771086 +++ exited with 0 +++
770917 --- SIGCHLD {si_signo=SIGCHLD, si_code=CLD_EXITED, si_pid=771086, si_uid=0, si_status=0, si_utime=0, si_stime=1 /* 0.01 s */} ---
770917 newfstatat(AT_FDCWD, ".", {st_mode=S_IFDIR|0775, st_size=4096, ...}, 0) = 0
770917 newfstatat(AT_FDCWD, "/home/firstmate/.local/codex-latest/lib/node_modules/@openai/codex/node_modules/@openai/codex-linux-x64/vendor/x86_64-unknown-linux-musl/codex-path/python3", 0x7fff803e5f30, 0) = -1 ENOENT (No such file or directory)
770917 newfstatat(AT_FDCWD, "/home/firstmate/.codex-5/tmp/arg0/codex-arg065EgpK/python3", 0x7fff803e5f30, 0) = -1 ENOENT (No such file or directory)
770917 newfstatat(AT_FDCWD, "/home/firstmate/.local/codex-latest/lib/node_modules/@openai/codex/node_modules/@openai/codex-linux-x64/vendor/x86_64-unknown-linux-musl/codex-path/python3", 0x7fff803e5f30, 0) = -1 ENOENT (No such file or directory)
770917 newfstatat(AT_FDCWD, "/home/firstmate/.local/bin/python3", 0x7fff803e5f30, 0) = -1 ENOENT (No such file or directory)
770917 newfstatat(AT_FDCWD, "/home/firstmate/go/bin/python3", 0x7fff803e5f30, 0) = -1 ENOENT (No such file or directory)
770917 newfstatat(AT_FDCWD, "/home/firstmate/.cargo/bin/python3", 0x7fff803e5f30, 0) = -1 ENOENT (No such file or directory)
770917 newfstatat(AT_FDCWD, "/home/firstmate/bin/python3", 0x7fff803e5f30, 0) = -1 ENOENT (No such file or directory)
770917 newfstatat(AT_FDCWD, "/opt/homebrew/bin/python3", 0x7fff803e5f30, 0) = -1 ENOENT (No such file or directory)
770917 newfstatat(AT_FDCWD, "/opt/homebrew/sbin/python3", 0x7fff803e5f30, 0) = -1 ENOENT (No such file or directory)
770917 newfstatat(AT_FDCWD, "/usr/local/bin/python3", 0x7fff803e5f30, 0) = -1 ENOENT (No such file or directory)
770917 newfstatat(AT_FDCWD, "/usr/local/sbin/python3", 0x7fff803e5f30, 0) = -1 ENOENT (No such file or directory)
770917 newfstatat(AT_FDCWD, "/usr/bin/python3", {st_mode=S_IFREG|0755, st_size=7477160, ...}, 0) = 0
770917 newfstatat(AT_FDCWD, "/usr/bin/python3", {st_mode=S_IFREG|0755, st_size=7477160, ...}, 0) = 0
770917 access("/usr/bin/python3", X_OK) = 0
770917 newfstatat(AT_FDCWD, "/usr/bin/python3", {st_mode=S_IFREG|0755, st_size=7477160, ...}, 0) = 0
770917 access("/usr/bin/python3", R_OK) = 0
770917 execve("/usr/bin/python3", ["python3", "/home/firstmate/.no-mistakes/wor"..., "poll"], 0x5b09d8e2b170 /* 8 vars */) = 0
770917 access("/etc/ld.so.preload", R_OK) = -1 ENOENT (No such file or directory)
770917 openat(AT_FDCWD, "/etc/ld.so.cache", O_RDONLY|O_CLOEXEC) = 3
770917 openat(AT_FDCWD, "/usr/lib/x86_64-linux-gnu/libm.so.6", O_RDONLY|O_CLOEXEC) = 3
770917 openat(AT_FDCWD, "/usr/lib/x86_64-linux-gnu/libz.so.1", O_RDONLY|O_CLOEXEC) = 3
770917 openat(AT_FDCWD, "/usr/lib/x86_64-linux-gnu/libexpat.so.1", O_RDONLY|O_CLOEXEC) = 3
770917 openat(AT_FDCWD, "/usr/lib/x86_64-linux-gnu/libc.so.6", O_RDONLY|O_CLOEXEC) = 3
770917 open("/proc/sys/vm/overcommit_memory", O_RDONLY) = 3
770917 openat(AT_FDCWD, "/usr/lib/locale/locale-archive", O_RDONLY|O_CLOEXEC) = 3
770917 openat(AT_FDCWD, "/usr/share/locale/locale.alias", O_RDONLY|O_CLOEXEC) = -1 ENOENT (No such file or directory)
770917 openat(AT_FDCWD, "/usr/lib/locale/C.UTF-8/LC_CTYPE", O_RDONLY|O_CLOEXEC) = -1 ENOENT (No such file or directory)
770917 openat(AT_FDCWD, "/usr/lib/locale/C.utf8/LC_CTYPE", O_RDONLY|O_CLOEXEC) = 3
770917 openat(AT_FDCWD, "/usr/lib/x86_64-linux-gnu/gconv/gconv-modules.cache", O_RDONLY|O_CLOEXEC) = 3
770917 openat(AT_FDCWD, "/proc/self/maps", O_RDONLY|O_CLOEXEC) = 3
770917 newfstatat(AT_FDCWD, "/home/firstmate/.local/codex-latest/lib/node_modules/@openai/codex/node_modules/@openai/codex-linux-x64/vendor/x86_64-unknown-linux-musl/codex-path/python3", 0x7ffd4bb4d920, 0) = -1 ENOENT (No such file or directory)
770917 newfstatat(AT_FDCWD, "/home/firstmate/.codex-5/tmp/arg0/codex-arg065EgpK/python3", 0x7ffd4bb4d920, 0) = -1 ENOENT (No such file or directory)
770917 newfstatat(AT_FDCWD, "/home/firstmate/.local/codex-latest/lib/node_modules/@openai/codex/node_modules/@openai/codex-linux-x64/vendor/x86_64-unknown-linux-musl/codex-path/python3", 0x7ffd4bb4d920, 0) = -1 ENOENT (No such file or directory)
770917 newfstatat(AT_FDCWD, "/home/firstmate/.local/bin/python3", 0x7ffd4bb4d920, 0) = -1 ENOENT (No such file or directory)
770917 newfstatat(AT_FDCWD, "/home/firstmate/go/bin/python3", 0x7ffd4bb4d920, 0) = -1 ENOENT (No such file or directory)
770917 newfstatat(AT_FDCWD, "/home/firstmate/.cargo/bin/python3", 0x7ffd4bb4d920, 0) = -1 ENOENT (No such file or directory)
770917 newfstatat(AT_FDCWD, "/home/firstmate/bin/python3", 0x7ffd4bb4d920, 0) = -1 ENOENT (No such file or directory)
770917 newfstatat(AT_FDCWD, "/opt/homebrew/bin/python3", 0x7ffd4bb4d920, 0) = -1 ENOENT (No such file or directory)
770917 newfstatat(AT_FDCWD, "/opt/homebrew/sbin/python3", 0x7ffd4bb4d920, 0) = -1 ENOENT (No such file or directory)
770917 newfstatat(AT_FDCWD, "/usr/local/bin/python3", 0x7ffd4bb4d920, 0) = -1 ENOENT (No such file or directory)
770917 newfstatat(AT_FDCWD, "/usr/local/sbin/python3", 0x7ffd4bb4d920, 0) = -1 ENOENT (No such file or directory)
770917 newfstatat(AT_FDCWD, "/usr/bin/python3", {st_mode=S_IFREG|0755, st_size=7477160, ...}, 0) = 0
770917 openat(AT_FDCWD, "/usr/pyvenv.cfg", O_RDONLY) = -1 ENOENT (No such file or directory)
770917 openat(AT_FDCWD, "/usr/bin/pyvenv.cfg", O_RDONLY) = -1 ENOENT (No such file or directory)
770917 readlink("/usr/bin/python3", "python3.14", 4096) = 10
770917 readlink("/usr/bin/python3.14", 0x7ffd4bb48940, 4096) = -1 EINVAL (Invalid argument)
770917 openat(AT_FDCWD, "/usr/bin/python3._pth", O_RDONLY) = -1 ENOENT (No such file or directory)
770917 openat(AT_FDCWD, "/usr/bin/python3.14._pth", O_RDONLY) = -1 ENOENT (No such file or directory)
770917 openat(AT_FDCWD, "/usr/bin/pybuilddir.txt", O_RDONLY) = -1 ENOENT (No such file or directory)
770917 newfstatat(AT_FDCWD, "/usr/bin/Modules/Setup.local", 0x7ffd4bb4d920, 0) = -1 ENOENT (No such file or directory)
770917 newfstatat(AT_FDCWD, "/usr/bin/lib/python314.zip", 0x7ffd4bb4d600, 0) = -1 ENOENT (No such file or directory)
770917 newfstatat(AT_FDCWD, "/usr/lib/python314.zip", 0x7ffd4bb4d920, 0) = -1 ENOENT (No such file or directory)
770917 newfstatat(AT_FDCWD, "/usr/bin/lib/python3.14/os.py", 0x7ffd4bb4d920, 0) = -1 ENOENT (No such file or directory)
770917 newfstatat(AT_FDCWD, "/usr/bin/lib/python3.14/os.pyc", 0x7ffd4bb4d920, 0) = -1 ENOENT (No such file or directory)
770917 newfstatat(AT_FDCWD, "/usr/lib/python3.14/os.py", {st_mode=S_IFREG|0644, st_size=41959, ...}, 0) = 0
770917 newfstatat(AT_FDCWD, "/usr/lib/python3.14/lib-dynload", {st_mode=S_IFDIR|0755, st_size=16384, ...}, 0) = 0
770917 newfstatat(AT_FDCWD, "/usr/lib/python3.14/lib-dynload", {st_mode=S_IFDIR|0755, st_size=16384, ...}, 0) = 0
770917 openat(AT_FDCWD, "/etc/localtime", O_RDONLY|O_CLOEXEC) = 3
770917 newfstatat(AT_FDCWD, "/usr/lib/python314.zip", 0x7ffd4bb4d0e0, 0) = -1 ENOENT (No such file or directory)
770917 newfstatat(AT_FDCWD, "/usr/lib", {st_mode=S_IFDIR|0755, st_size=4096, ...}, 0) = 0
770917 newfstatat(AT_FDCWD, "/usr/lib/python314.zip", 0x7ffd4bb4d5c0, 0) = -1 ENOENT (No such file or directory)
770917 newfstatat(AT_FDCWD, "/usr/lib/python3.14", {st_mode=S_IFDIR|0755, st_size=20480, ...}, 0) = 0
770917 newfstatat(AT_FDCWD, "/usr/lib/python3.14", {st_mode=S_IFDIR|0755, st_size=20480, ...}, 0) = 0
770917 newfstatat(AT_FDCWD, "/usr/lib/python3.14", {st_mode=S_IFDIR|0755, st_size=20480, ...}, 0) = 0
770917 openat(AT_FDCWD, "/usr/lib/python3.14", O_RDONLY|O_NONBLOCK|O_CLOEXEC|O_DIRECTORY) = 3
770917 newfstatat(AT_FDCWD, "/usr/lib/python3.14/encodings/__init__.cpython-314-x86_64-linux-gnu.so", 0x7ffd4bb4d5c0, 0) = -1 ENOENT (No such file or directory)
770917 newfstatat(AT_FDCWD, "/usr/lib/python3.14/encodings/__init__.abi3.so", 0x7ffd4bb4d5c0, 0) = -1 ENOENT (No such file or directory)
770917 newfstatat(AT_FDCWD, "/usr/lib/python3.14/encodings/__init__.abi3-x86_64-linux-gnu.so", 0x7ffd4bb4d5c0, 0) = -1 ENOENT (No such file or directory)
770917 newfstatat(AT_FDCWD, "/usr/lib/python3.14/encodings/__init__.so", 0x7ffd4bb4d5c0, 0) = -1 ENOENT (No such file or directory)
770917 newfstatat(AT_FDCWD, "/usr/lib/python3.14/encodings/__init__.py", {st_mode=S_IFREG|0644, st_size=5945, ...}, 0) = 0
770917 newfstatat(AT_FDCWD, "/usr/lib/python3.14/encodings/__init__.py", {st_mode=S_IFREG|0644, st_size=5945, ...}, 0) = 0
770917 openat(AT_FDCWD, "/usr/lib/python3.14/encodings/__pycache__/__init__.cpython-314.pyc", O_RDONLY|O_CLOEXEC) = 3
770917 newfstatat(AT_FDCWD, "/usr/lib/python3.14/encodings", {st_mode=S_IFDIR|0755, st_size=20480, ...}, 0) = 0
770917 newfstatat(AT_FDCWD, "/usr/lib/python3.14/encodings", {st_mode=S_IFDIR|0755, st_size=20480, ...}, 0) = 0
770917 newfstatat(AT_FDCWD, "/usr/lib/python3.14/encodings", {st_mode=S_IFDIR|0755, st_size=20480, ...}, 0) = 0
770917 openat(AT_FDCWD, "/usr/lib/python3.14/encodings", O_RDONLY|O_NONBLOCK|O_CLOEXEC|O_DIRECTORY) = 3
770917 newfstatat(AT_FDCWD, "/usr/lib/python3.14/encodings/aliases.py", {st_mode=S_IFREG|0644, st_size=15957, ...}, 0) = 0
770917 newfstatat(AT_FDCWD, "/usr/lib/python3.14/encodings/aliases.py", {st_mode=S_IFREG|0644, st_size=15957, ...}, 0) = 0
770917 openat(AT_FDCWD, "/usr/lib/python3.14/encodings/__pycache__/aliases.cpython-314.pyc", O_RDONLY|O_CLOEXEC) = 3
770917 newfstatat(AT_FDCWD, "/usr/lib/python3.14/encodings", {st_mode=S_IFDIR|0755, st_size=20480, ...}, 0) = 0
770917 newfstatat(AT_FDCWD, "/usr/lib/python3.14/encodings/utf_8.py", {st_mode=S_IFREG|0644, st_size=1005, ...}, 0) = 0
770917 newfstatat(AT_FDCWD, "/usr/lib/python3.14/encodings/utf_8.py", {st_mode=S_IFREG|0644, st_size=1005, ...}, 0) = 0
770917 openat(AT_FDCWD, "/usr/lib/python3.14/encodings/__pycache__/utf_8.cpython-314.pyc", O_RDONLY|O_CLOEXEC) = 3
770917 newfstatat(AT_FDCWD, "/usr/bin/pyvenv.cfg", 0x7ffd4bb4ce20, 0) = -1 ENOENT (No such file or directory)
770917 newfstatat(AT_FDCWD, "/usr/pyvenv.cfg", 0x7ffd4bb4ce40, 0) = -1 ENOENT (No such file or directory)
770917 newfstatat(AT_FDCWD, "/home/firstmate/.local/lib/python3.14/site-packages", {st_mode=S_IFDIR|0775, st_size=4096, ...}, 0) = 0
770917 openat(AT_FDCWD, "/home/firstmate/.local/lib/python3.14/site-packages", O_RDONLY|O_NONBLOCK|O_CLOEXEC|O_DIRECTORY) = 3
770917 newfstatat(AT_FDCWD, "/usr/local/lib/python3.14/dist-packages", {st_mode=S_IFDIR|0755, st_size=4096, ...}, 0) = 0
770917 openat(AT_FDCWD, "/usr/local/lib/python3.14/dist-packages", O_RDONLY|O_NONBLOCK|O_CLOEXEC|O_DIRECTORY) = 3
770917 newfstatat(AT_FDCWD, "/usr/lib/python3/dist-packages", {st_mode=S_IFDIR|0755, st_size=12288, ...}, 0) = 0
770917 openat(AT_FDCWD, "/usr/lib/python3/dist-packages", O_RDONLY|O_NONBLOCK|O_CLOEXEC|O_DIRECTORY) = 3
770917 newfstatat(AT_FDCWD, "/usr/lib/python3/dist-packages/distutils-precedence.pth", {st_mode=S_IFREG|0644, st_size=151, ...}, AT_SYMLINK_NOFOLLOW) = 0
770917 openat(AT_FDCWD, "/usr/lib/python3/dist-packages/distutils-precedence.pth", O_RDONLY|O_CLOEXEC) = 3
770917 newfstatat(AT_FDCWD, "/usr/lib/python3.14/encodings", {st_mode=S_IFDIR|0755, st_size=20480, ...}, 0) = 0
770917 newfstatat(AT_FDCWD, "/usr/lib/python3.14/encodings/utf_8_sig.py", {st_mode=S_IFREG|0644, st_size=4133, ...}, 0) = 0
770917 newfstatat(AT_FDCWD, "/usr/lib/python3.14/encodings/utf_8_sig.py", {st_mode=S_IFREG|0644, st_size=4133, ...}, 0) = 0
770917 openat(AT_FDCWD, "/usr/lib/python3.14/encodings/__pycache__/utf_8_sig.cpython-314.pyc", O_RDONLY|O_CLOEXEC) = 3
770917 newfstatat(AT_FDCWD, "/usr/lib/python3.14", {st_mode=S_IFDIR|0755, st_size=20480, ...}, 0) = 0
770917 newfstatat(AT_FDCWD, "/usr/lib/python3.14/lib-dynload", {st_mode=S_IFDIR|0755, st_size=16384, ...}, 0) = 0
770917 newfstatat(AT_FDCWD, "/usr/lib/python3.14/lib-dynload", {st_mode=S_IFDIR|0755, st_size=16384, ...}, 0) = 0
770917 newfstatat(AT_FDCWD, "/usr/lib/python3.14/lib-dynload", {st_mode=S_IFDIR|0755, st_size=16384, ...}, 0) = 0
770917 openat(AT_FDCWD, "/usr/lib/python3.14/lib-dynload", O_RDONLY|O_NONBLOCK|O_CLOEXEC|O_DIRECTORY) = 3
770917 newfstatat(AT_FDCWD, "/home/firstmate/.local/lib/python3.14/site-packages", {st_mode=S_IFDIR|0775, st_size=4096, ...}, 0) = 0
770917 newfstatat(AT_FDCWD, "/home/firstmate/.local/lib/python3.14/site-packages", {st_mode=S_IFDIR|0775, st_size=4096, ...}, 0) = 0
770917 newfstatat(AT_FDCWD, "/home/firstmate/.local/lib/python3.14/site-packages", {st_mode=S_IFDIR|0775, st_size=4096, ...}, 0) = 0
770917 openat(AT_FDCWD, "/home/firstmate/.local/lib/python3.14/site-packages", O_RDONLY|O_NONBLOCK|O_CLOEXEC|O_DIRECTORY) = 3
770917 newfstatat(AT_FDCWD, "/usr/local/lib/python3.14/dist-packages", {st_mode=S_IFDIR|0755, st_size=4096, ...}, 0) = 0
770917 newfstatat(AT_FDCWD, "/usr/local/lib/python3.14/dist-packages", {st_mode=S_IFDIR|0755, st_size=4096, ...}, 0) = 0
770917 newfstatat(AT_FDCWD, "/usr/local/lib/python3.14/dist-packages", {st_mode=S_IFDIR|0755, st_size=4096, ...}, 0) = 0
770917 openat(AT_FDCWD, "/usr/local/lib/python3.14/dist-packages", O_RDONLY|O_NONBLOCK|O_CLOEXEC|O_DIRECTORY) = 3
770917 newfstatat(AT_FDCWD, "/usr/lib/python3/dist-packages", {st_mode=S_IFDIR|0755, st_size=12288, ...}, 0) = 0
770917 newfstatat(AT_FDCWD, "/usr/lib/python3/dist-packages", {st_mode=S_IFDIR|0755, st_size=12288, ...}, 0) = 0
770917 newfstatat(AT_FDCWD, "/usr/lib/python3/dist-packages", {st_mode=S_IFDIR|0755, st_size=12288, ...}, 0) = 0
770917 openat(AT_FDCWD, "/usr/lib/python3/dist-packages", O_RDONLY|O_NONBLOCK|O_CLOEXEC|O_DIRECTORY) = 3
770917 newfstatat(AT_FDCWD, "/usr/lib/python3/dist-packages/_distutils_hack/__init__.cpython-314-x86_64-linux-gnu.so", 0x7ffd4bb4c5d0, 0) = -1 ENOENT (No such file or directory)
770917 newfstatat(AT_FDCWD, "/usr/lib/python3/dist-packages/_distutils_hack/__init__.abi3.so", 0x7ffd4bb4c5d0, 0) = -1 ENOENT (No such file or directory)
770917 newfstatat(AT_FDCWD, "/usr/lib/python3/dist-packages/_distutils_hack/__init__.abi3-x86_64-linux-gnu.so", 0x7ffd4bb4c5d0, 0) = -1 ENOENT (No such file or directory)
770917 newfstatat(AT_FDCWD, "/usr/lib/python3/dist-packages/_distutils_hack/__init__.so", 0x7ffd4bb4c5d0, 0) = -1 ENOENT (No such file or directory)
770917 newfstatat(AT_FDCWD, "/usr/lib/python3/dist-packages/_distutils_hack/__init__.py", {st_mode=S_IFREG|0644, st_size=6755, ...}, 0) = 0
770917 newfstatat(AT_FDCWD, "/usr/lib/python3/dist-packages/_distutils_hack/__init__.py", {st_mode=S_IFREG|0644, st_size=6755, ...}, 0) = 0
770917 openat(AT_FDCWD, "/usr/lib/python3/dist-packages/_distutils_hack/__pycache__/__init__.cpython-314.pyc", O_RDONLY|O_CLOEXEC) = 3
770917 newfstatat(AT_FDCWD, "/usr/lib/python3.14/dist-packages", 0x7ffd4bb4d190, 0) = -1 ENOENT (No such file or directory)
770917 newfstatat(AT_FDCWD, "/usr/lib/python3.14", {st_mode=S_IFDIR|0755, st_size=20480, ...}, 0) = 0
770917 newfstatat(AT_FDCWD, "/usr/lib/python3.14/sitecustomize.py", {st_mode=S_IFREG|0644, st_size=155, ...}, 0) = 0
770917 newfstatat(AT_FDCWD, "/usr/lib/python3.14/sitecustomize.py", {st_mode=S_IFREG|0644, st_size=155, ...}, 0) = 0
770917 openat(AT_FDCWD, "/usr/lib/python3.14/__pycache__/sitecustomize.cpython-314.pyc", O_RDONLY|O_CLOEXEC) = 3
770917 newfstatat(AT_FDCWD, "/usr/lib/python3.14", {st_mode=S_IFDIR|0755, st_size=20480, ...}, 0) = 0
770917 newfstatat(AT_FDCWD, "/usr/lib/python3.14/lib-dynload", {st_mode=S_IFDIR|0755, st_size=16384, ...}, 0) = 0
770917 newfstatat(AT_FDCWD, "/home/firstmate/.local/lib/python3.14/site-packages", {st_mode=S_IFDIR|0775, st_size=4096, ...}, 0) = 0
770917 newfstatat(AT_FDCWD, "/usr/local/lib/python3.14/dist-packages", {st_mode=S_IFDIR|0755, st_size=4096, ...}, 0) = 0
770917 newfstatat(AT_FDCWD, "/usr/lib/python3/dist-packages", {st_mode=S_IFDIR|0755, st_size=12288, ...}, 0) = 0
770917 newfstatat(AT_FDCWD, "/usr/lib/python3/dist-packages/apport_python_hook.py", {st_mode=S_IFREG|0644, st_size=8896, ...}, 0) = 0
770917 newfstatat(AT_FDCWD, "/usr/lib/python3/dist-packages/apport_python_hook.py", {st_mode=S_IFREG|0644, st_size=8896, ...}, 0) = 0
770917 openat(AT_FDCWD, "/usr/lib/python3/dist-packages/__pycache__/apport_python_hook.cpython-314.pyc", O_RDONLY|O_CLOEXEC) = 3
770917 newfstatat(AT_FDCWD, "/usr/lib/python3.14", {st_mode=S_IFDIR|0755, st_size=20480, ...}, 0) = 0
770917 newfstatat(AT_FDCWD, "/usr/lib/python3.14/types.py", {st_mode=S_IFREG|0644, st_size=11459, ...}, 0) = 0
770917 newfstatat(AT_FDCWD, "/usr/lib/python3.14/types.py", {st_mode=S_IFREG|0644, st_size=11459, ...}, 0) = 0
770917 openat(AT_FDCWD, "/usr/lib/python3.14/__pycache__/types.cpython-314.pyc", O_RDONLY|O_CLOEXEC) = 3
770917 newfstatat(AT_FDCWD, "/usr/lib/python3.14", {st_mode=S_IFDIR|0755, st_size=20480, ...}, 0) = 0
770917 newfstatat(AT_FDCWD, "/usr/lib/python3.14/lib-dynload", {st_mode=S_IFDIR|0755, st_size=16384, ...}, 0) = 0
770917 newfstatat(AT_FDCWD, "/home/firstmate/.local/lib/python3.14/site-packages", {st_mode=S_IFDIR|0775, st_size=4096, ...}, 0) = 0
770917 newfstatat(AT_FDCWD, "/usr/local/lib/python3.14/dist-packages", {st_mode=S_IFDIR|0755, st_size=4096, ...}, 0) = 0
770917 newfstatat(AT_FDCWD, "/usr/lib/python3/dist-packages", {st_mode=S_IFDIR|0755, st_size=12288, ...}, 0) = 0
770917 newfstatat(AT_FDCWD, "/home/firstmate/.no-mistakes/worktrees/8352e211db7e/01M4F29HK4JCAKXEQ2F50R6HHX/bin/fm_inbox_conversation.py", {st_mode=S_IFREG|0664, st_size=33410, ...}, 0) = 0
770917 openat(AT_FDCWD, "/home/firstmate/.no-mistakes/worktrees/8352e211db7e/01M4F29HK4JCAKXEQ2F50R6HHX/bin/fm_inbox_conversation.py", O_RDONLY|O_CLOEXEC) = 3
770917 newfstatat(AT_FDCWD, "/home/firstmate/.no-mistakes/worktrees/8352e211db7e/01M4F29HK4JCAKXEQ2F50R6HHX/bin/fm_inbox_conversation.py", {st_mode=S_IFREG|0664, st_size=33410, ...}, 0) = 0
770917 readlink("/home/firstmate/.no-mistakes/worktrees/8352e211db7e/01M4F29HK4JCAKXEQ2F50R6HHX/bin/fm_inbox_conversation.py", 0x7ffd4bb3c1a0, 4096) = -1 EINVAL (Invalid argument)
770917 readlink("/home", 0x7ffd4bb3cd80, 1023) = -1 EINVAL (Invalid argument)
770917 readlink("/home/firstmate", 0x7ffd4bb3cd80, 1023) = -1 EINVAL (Invalid argument)
770917 readlink("/home/firstmate/.no-mistakes", 0x7ffd4bb3cd80, 1023) = -1 EINVAL (Invalid argument)
770917 readlink("/home/firstmate/.no-mistakes/worktrees", 0x7ffd4bb3cd80, 1023) = -1 EINVAL (Invalid argument)
770917 readlink("/home/firstmate/.no-mistakes/worktrees/8352e211db7e", 0x7ffd4bb3cd80, 1023) = -1 EINVAL (Invalid argument)
770917 readlink("/home/firstmate/.no-mistakes/worktrees/8352e211db7e/01M4F29HK4JCAKXEQ2F50R6HHX", 0x7ffd4bb3cd80, 1023) = -1 EINVAL (Invalid argument)
770917 readlink("/home/firstmate/.no-mistakes/worktrees/8352e211db7e/01M4F29HK4JCAKXEQ2F50R6HHX/bin", 0x7ffd4bb3cd80, 1023) = -1 EINVAL (Invalid argument)
770917 readlink("/home/firstmate/.no-mistakes/worktrees/8352e211db7e/01M4F29HK4JCAKXEQ2F50R6HHX/bin/fm_inbox_conversation.py", 0x7ffd4bb3cd80, 1023) = -1 EINVAL (Invalid argument)
770917 openat(AT_FDCWD, "/home/firstmate/.no-mistakes/worktrees/8352e211db7e/01M4F29HK4JCAKXEQ2F50R6HHX/bin/fm_inbox_conversation.py", O_RDONLY) = 3
770917 newfstatat(AT_FDCWD, "/home/firstmate/.no-mistakes/worktrees/8352e211db7e/01M4F29HK4JCAKXEQ2F50R6HHX/bin", {st_mode=S_IFDIR|0775, st_size=12288, ...}, 0) = 0
770917 newfstatat(AT_FDCWD, "/home/firstmate/.no-mistakes/worktrees/8352e211db7e/01M4F29HK4JCAKXEQ2F50R6HHX/bin", {st_mode=S_IFDIR|0775, st_size=12288, ...}, 0) = 0
770917 newfstatat(AT_FDCWD, "/home/firstmate/.no-mistakes/worktrees/8352e211db7e/01M4F29HK4JCAKXEQ2F50R6HHX/bin", {st_mode=S_IFDIR|0775, st_size=12288, ...}, 0) = 0
770917 openat(AT_FDCWD, "/home/firstmate/.no-mistakes/worktrees/8352e211db7e/01M4F29HK4JCAKXEQ2F50R6HHX/bin", O_RDONLY|O_NONBLOCK|O_CLOEXEC|O_DIRECTORY) = 3
770917 newfstatat(AT_FDCWD, "/usr/lib/python3.14", {st_mode=S_IFDIR|0755, st_size=20480, ...}, 0) = 0
770917 newfstatat(AT_FDCWD, "/usr/lib/python3.14/hashlib.py", {st_mode=S_IFREG|0644, st_size=9459, ...}, 0) = 0
770917 newfstatat(AT_FDCWD, "/usr/lib/python3.14/hashlib.py", {st_mode=S_IFREG|0644, st_size=9459, ...}, 0) = 0
770917 openat(AT_FDCWD, "/usr/lib/python3.14/__pycache__/hashlib.cpython-314.pyc", O_RDONLY|O_CLOEXEC) = 3
770917 newfstatat(AT_FDCWD, "/home/firstmate/.no-mistakes/worktrees/8352e211db7e/01M4F29HK4JCAKXEQ2F50R6HHX/bin", {st_mode=S_IFDIR|0775, st_size=12288, ...}, 0) = 0
770917 newfstatat(AT_FDCWD, "/usr/lib/python3.14", {st_mode=S_IFDIR|0755, st_size=20480, ...}, 0) = 0
770917 newfstatat(AT_FDCWD, "/usr/lib/python3.14/lib-dynload", {st_mode=S_IFDIR|0755, st_size=16384, ...}, 0) = 0
770917 newfstatat(AT_FDCWD, "/usr/lib/python3.14/lib-dynload/_hashlib.cpython-314-x86_64-linux-gnu.so", {st_mode=S_IFREG|0644, st_size=64448, ...}, 0) = 0
770917 openat(AT_FDCWD, "/usr/lib/python3.14/lib-dynload/_hashlib.cpython-314-x86_64-linux-gnu.so", O_RDONLY|O_CLOEXEC) = 3
770917 openat(AT_FDCWD, "/etc/ld.so.cache", O_RDONLY|O_CLOEXEC) = 3
770917 openat(AT_FDCWD, "/usr/lib/x86_64-linux-gnu/libcrypto.so.3", O_RDONLY|O_CLOEXEC) = 3
770917 openat(AT_FDCWD, "/usr/lib/x86_64-linux-gnu/libzstd.so.1", O_RDONLY|O_CLOEXEC) = 3
770917 openat(AT_FDCWD, "/proc/sys/crypto/fips_enabled", O_RDONLY) = -1 ENOENT (No such file or directory)
770917 openat(AT_FDCWD, "/etc/ubuntu-fips", O_RDONLY) = -1 ENOENT (No such file or directory)
770917 openat(AT_FDCWD, "/usr/lib/ssl/openssl.cnf", O_RDONLY) = 3
770917 newfstatat(AT_FDCWD, "/var/lib/crypto-config/profiles/current/openssl.conf.d", 0x7ffd4bb4c580, 0) = -1 ENOENT (No such file or directory)
770917 newfstatat(AT_FDCWD, "/etc/ssl/openssl.conf.d", 0x7ffd4bb4c580, 0) = -1 ENOENT (No such file or directory)
770917 newfstatat(AT_FDCWD, "/home/firstmate/.no-mistakes/worktrees/8352e211db7e/01M4F29HK4JCAKXEQ2F50R6HHX/bin", {st_mode=S_IFDIR|0775, st_size=12288, ...}, 0) = 0
770917 newfstatat(AT_FDCWD, "/usr/lib/python3.14", {st_mode=S_IFDIR|0755, st_size=20480, ...}, 0) = 0
770917 newfstatat(AT_FDCWD, "/usr/lib/python3.14/json/__init__.cpython-314-x86_64-linux-gnu.so", 0x7ffd4bb4d5b0, 0) = -1 ENOENT (No such file or directory)
770917 newfstatat(AT_FDCWD, "/usr/lib/python3.14/json/__init__.abi3.so", 0x7ffd4bb4d5b0, 0) = -1 ENOENT (No such file or directory)
770917 newfstatat(AT_FDCWD, "/usr/lib/python3.14/json/__init__.abi3-x86_64-linux-gnu.so", 0x7ffd4bb4d5b0, 0) = -1 ENOENT (No such file or directory)
770917 newfstatat(AT_FDCWD, "/usr/lib/python3.14/json/__init__.so", 0x7ffd4bb4d5b0, 0) = -1 ENOENT (No such file or directory)
770917 newfstatat(AT_FDCWD, "/usr/lib/python3.14/json/__init__.py", {st_mode=S_IFREG|0644, st_size=14066, ...}, 0) = 0
770917 newfstatat(AT_FDCWD, "/usr/lib/python3.14/json/__init__.py", {st_mode=S_IFREG|0644, st_size=14066, ...}, 0) = 0
770917 openat(AT_FDCWD, "/usr/lib/python3.14/json/__pycache__/__init__.cpython-314.pyc", O_RDONLY|O_CLOEXEC) = 3
770917 newfstatat(AT_FDCWD, "/usr/lib/python3.14/json", {st_mode=S_IFDIR|0755, st_size=4096, ...}, 0) = 0
770917 newfstatat(AT_FDCWD, "/usr/lib/python3.14/json", {st_mode=S_IFDIR|0755, st_size=4096, ...}, 0) = 0
770917 newfstatat(AT_FDCWD, "/usr/lib/python3.14/json", {st_mode=S_IFDIR|0755, st_size=4096, ...}, 0) = 0
770917 openat(AT_FDCWD, "/usr/lib/python3.14/json", O_RDONLY|O_NONBLOCK|O_CLOEXEC|O_DIRECTORY) = 3
770917 newfstatat(AT_FDCWD, "/usr/lib/python3.14/json/decoder.py", {st_mode=S_IFREG|0644, st_size=12873, ...}, 0) = 0
770917 newfstatat(AT_FDCWD, "/usr/lib/python3.14/json/decoder.py", {st_mode=S_IFREG|0644, st_size=12873, ...}, 0) = 0
770917 openat(AT_FDCWD, "/usr/lib/python3.14/json/__pycache__/decoder.cpython-314.pyc", O_RDONLY|O_CLOEXEC) = 3
770917 newfstatat(AT_FDCWD, "/home/firstmate/.no-mistakes/worktrees/8352e211db7e/01M4F29HK4JCAKXEQ2F50R6HHX/bin", {st_mode=S_IFDIR|0775, st_size=12288, ...}, 0) = 0
770917 newfstatat(AT_FDCWD, "/usr/lib/python3.14", {st_mode=S_IFDIR|0755, st_size=20480, ...}, 0) = 0
770917 newfstatat(AT_FDCWD, "/usr/lib/python3.14/re/__init__.cpython-314-x86_64-linux-gnu.so", 0x7ffd4bb4c070, 0) = -1 ENOENT (No such file or directory)
770917 newfstatat(AT_FDCWD, "/usr/lib/python3.14/re/__init__.abi3.so", 0x7ffd4bb4c070, 0) = -1 ENOENT (No such file or directory)
770917 newfstatat(AT_FDCWD, "/usr/lib/python3.14/re/__init__.abi3-x86_64-linux-gnu.so", 0x7ffd4bb4c070, 0) = -1 ENOENT (No such file or directory)
770917 newfstatat(AT_FDCWD, "/usr/lib/python3.14/re/__init__.so", 0x7ffd4bb4c070, 0) = -1 ENOENT (No such file or directory)
770917 newfstatat(AT_FDCWD, "/usr/lib/python3.14/re/__init__.py", {st_mode=S_IFREG|0644, st_size=17876, ...}, 0) = 0
770917 newfstatat(AT_FDCWD, "/usr/lib/python3.14/re/__init__.py", {st_mode=S_IFREG|0644, st_size=17876, ...}, 0) = 0
770917 openat(AT_FDCWD, "/usr/lib/python3.14/re/__pycache__/__init__.cpython-314.pyc", O_RDONLY|O_CLOEXEC) = 3
770917 newfstatat(AT_FDCWD, "/home/firstmate/.no-mistakes/worktrees/8352e211db7e/01M4F29HK4JCAKXEQ2F50R6HHX/bin", {st_mode=S_IFDIR|0775, st_size=12288, ...}, 0) = 0
770917 newfstatat(AT_FDCWD, "/usr/lib/python3.14", {st_mode=S_IFDIR|0755, st_size=20480, ...}, 0) = 0
770917 newfstatat(AT_FDCWD, "/usr/lib/python3.14/enum.py", {st_mode=S_IFREG|0644, st_size=85442, ...}, 0) = 0
770917 newfstatat(AT_FDCWD, "/usr/lib/python3.14/enum.py", {st_mode=S_IFREG|0644, st_size=85442, ...}, 0) = 0
770917 openat(AT_FDCWD, "/usr/lib/python3.14/__pycache__/enum.cpython-314.pyc", O_RDONLY|O_CLOEXEC) = 3
770917 newfstatat(AT_FDCWD, "/usr/lib/python3.14/re", {st_mode=S_IFDIR|0755, st_size=4096, ...}, 0) = 0
770917 newfstatat(AT_FDCWD, "/usr/lib/python3.14/re", {st_mode=S_IFDIR|0755, st_size=4096, ...}, 0) = 0
770917 newfstatat(AT_FDCWD, "/usr/lib/python3.14/re", {st_mode=S_IFDIR|0755, st_size=4096, ...}, 0) = 0
770917 openat(AT_FDCWD, "/usr/lib/python3.14/re", O_RDONLY|O_NONBLOCK|O_CLOEXEC|O_DIRECTORY) = 3
770917 newfstatat(AT_FDCWD, "/usr/lib/python3.14/re/_compiler.py", {st_mode=S_IFREG|0644, st_size=26855, ...}, 0) = 0
770917 newfstatat(AT_FDCWD, "/usr/lib/python3.14/re/_compiler.py", {st_mode=S_IFREG|0644, st_size=26855, ...}, 0) = 0
770917 openat(AT_FDCWD, "/usr/lib/python3.14/re/__pycache__/_compiler.cpython-314.pyc", O_RDONLY|O_CLOEXEC) = 3
770917 newfstatat(AT_FDCWD, "/usr/lib/python3.14/re", {st_mode=S_IFDIR|0755, st_size=4096, ...}, 0) = 0
770917 newfstatat(AT_FDCWD, "/usr/lib/python3.14/re/_parser.py", {st_mode=S_IFREG|0644, st_size=40353, ...}, 0) = 0
770917 newfstatat(AT_FDCWD, "/usr/lib/python3.14/re/_parser.py", {st_mode=S_IFREG|0644, st_size=40353, ...}, 0) = 0
770917 openat(AT_FDCWD, "/usr/lib/python3.14/re/__pycache__/_parser.cpython-314.pyc", O_RDONLY|O_CLOEXEC) = 3
770917 newfstatat(AT_FDCWD, "/usr/lib/python3.14/re", {st_mode=S_IFDIR|0755, st_size=4096, ...}, 0) = 0
770917 newfstatat(AT_FDCWD, "/usr/lib/python3.14/re/_constants.py", {st_mode=S_IFREG|0644, st_size=6036, ...}, 0) = 0
770917 newfstatat(AT_FDCWD, "/usr/lib/python3.14/re/_constants.py", {st_mode=S_IFREG|0644, st_size=6036, ...}, 0) = 0
770917 openat(AT_FDCWD, "/usr/lib/python3.14/re/__pycache__/_constants.cpython-314.pyc", O_RDONLY|O_CLOEXEC) = 3
770917 newfstatat(AT_FDCWD, "/usr/lib/python3.14/re", {st_mode=S_IFDIR|0755, st_size=4096, ...}, 0) = 0
770917 newfstatat(AT_FDCWD, "/usr/lib/python3.14/re/_casefix.py", {st_mode=S_IFREG|0644, st_size=5444, ...}, 0) = 0
770917 newfstatat(AT_FDCWD, "/usr/lib/python3.14/re/_casefix.py", {st_mode=S_IFREG|0644, st_size=5444, ...}, 0) = 0
770917 openat(AT_FDCWD, "/usr/lib/python3.14/re/__pycache__/_casefix.cpython-314.pyc", O_RDONLY|O_CLOEXEC) = 3
770917 newfstatat(AT_FDCWD, "/home/firstmate/.no-mistakes/worktrees/8352e211db7e/01M4F29HK4JCAKXEQ2F50R6HHX/bin", {st_mode=S_IFDIR|0775, st_size=12288, ...}, 0) = 0
770917 newfstatat(AT_FDCWD, "/usr/lib/python3.14", {st_mode=S_IFDIR|0755, st_size=20480, ...}, 0) = 0
770917 newfstatat(AT_FDCWD, "/usr/lib/python3.14/functools.py", {st_mode=S_IFREG|0644, st_size=43561, ...}, 0) = 0
770917 newfstatat(AT_FDCWD, "/usr/lib/python3.14/functools.py", {st_mode=S_IFREG|0644, st_size=43561, ...}, 0) = 0
770917 openat(AT_FDCWD, "/usr/lib/python3.14/__pycache__/functools.cpython-314.pyc", O_RDONLY|O_CLOEXEC) = 3
770917 newfstatat(AT_FDCWD, "/home/firstmate/.no-mistakes/worktrees/8352e211db7e/01M4F29HK4JCAKXEQ2F50R6HHX/bin", {st_mode=S_IFDIR|0775, st_size=12288, ...}, 0) = 0
770917 newfstatat(AT_FDCWD, "/usr/lib/python3.14", {st_mode=S_IFDIR|0755, st_size=20480, ...}, 0) = 0
770917 newfstatat(AT_FDCWD, "/usr/lib/python3.14/collections/__init__.cpython-314-x86_64-linux-gnu.so", 0x7ffd4bb4ab30, 0) = -1 ENOENT (No such file or directory)
770917 newfstatat(AT_FDCWD, "/usr/lib/python3.14/collections/__init__.abi3.so", 0x7ffd4bb4ab30, 0) = -1 ENOENT (No such file or directory)
770917 newfstatat(AT_FDCWD, "/usr/lib/python3.14/collections/__init__.abi3-x86_64-linux-gnu.so", 0x7ffd4bb4ab30, 0) = -1 ENOENT (No such file or directory)
770917 newfstatat(AT_FDCWD, "/usr/lib/python3.14/collections/__init__.so", 0x7ffd4bb4ab30, 0) = -1 ENOENT (No such file or directory)
770917 newfstatat(AT_FDCWD, "/usr/lib/python3.14/collections/__init__.py", {st_mode=S_IFREG|0644, st_size=52903, ...}, 0) = 0
770917 newfstatat(AT_FDCWD, "/usr/lib/python3.14/collections/__init__.py", {st_mode=S_IFREG|0644, st_size=52903, ...}, 0) = 0
770917 openat(AT_FDCWD, "/usr/lib/python3.14/collections/__pycache__/__init__.cpython-314.pyc", O_RDONLY|O_CLOEXEC) = 3
770917 newfstatat(AT_FDCWD, "/home/firstmate/.no-mistakes/worktrees/8352e211db7e/01M4F29HK4JCAKXEQ2F50R6HHX/bin", {st_mode=S_IFDIR|0775, st_size=12288, ...}, 0) = 0
770917 newfstatat(AT_FDCWD, "/usr/lib/python3.14", {st_mode=S_IFDIR|0755, st_size=20480, ...}, 0) = 0
770917 newfstatat(AT_FDCWD, "/usr/lib/python3.14/keyword.py", {st_mode=S_IFREG|0644, st_size=1073, ...}, 0) = 0
770917 newfstatat(AT_FDCWD, "/usr/lib/python3.14/keyword.py", {st_mode=S_IFREG|0644, st_size=1073, ...}, 0) = 0
770917 openat(AT_FDCWD, "/usr/lib/python3.14/__pycache__/keyword.cpython-314.pyc", O_RDONLY|O_CLOEXEC) = 3
770917 newfstatat(AT_FDCWD, "/home/firstmate/.no-mistakes/worktrees/8352e211db7e/01M4F29HK4JCAKXEQ2F50R6HHX/bin", {st_mode=S_IFDIR|0775, st_size=12288, ...}, 0) = 0
770917 newfstatat(AT_FDCWD, "/usr/lib/python3.14", {st_mode=S_IFDIR|0755, st_size=20480, ...}, 0) = 0
770917 newfstatat(AT_FDCWD, "/usr/lib/python3.14/operator.py", {st_mode=S_IFREG|0644, st_size=11158, ...}, 0) = 0
770917 newfstatat(AT_FDCWD, "/usr/lib/python3.14/operator.py", {st_mode=S_IFREG|0644, st_size=11158, ...}, 0) = 0
770917 openat(AT_FDCWD, "/usr/lib/python3.14/__pycache__/operator.cpython-314.pyc", O_RDONLY|O_CLOEXEC) = 3
770917 newfstatat(AT_FDCWD, "/home/firstmate/.no-mistakes/worktrees/8352e211db7e/01M4F29HK4JCAKXEQ2F50R6HHX/bin", {st_mode=S_IFDIR|0775, st_size=12288, ...}, 0) = 0
770917 newfstatat(AT_FDCWD, "/usr/lib/python3.14", {st_mode=S_IFDIR|0755, st_size=20480, ...}, 0) = 0
770917 newfstatat(AT_FDCWD, "/usr/lib/python3.14/reprlib.py", {st_mode=S_IFREG|0644, st_size=8064, ...}, 0) = 0
770917 newfstatat(AT_FDCWD, "/usr/lib/python3.14/reprlib.py", {st_mode=S_IFREG|0644, st_size=8064, ...}, 0) = 0
770917 openat(AT_FDCWD, "/usr/lib/python3.14/__pycache__/reprlib.cpython-314.pyc", O_RDONLY|O_CLOEXEC) = 3
770917 newfstatat(AT_FDCWD, "/home/firstmate/.no-mistakes/worktrees/8352e211db7e/01M4F29HK4JCAKXEQ2F50R6HHX/bin", {st_mode=S_IFDIR|0775, st_size=12288, ...}, 0) = 0
770917 newfstatat(AT_FDCWD, "/usr/lib/python3.14", {st_mode=S_IFDIR|0755, st_size=20480, ...}, 0) = 0
770917 newfstatat(AT_FDCWD, "/usr/lib/python3.14/copyreg.py", {st_mode=S_IFREG|0644, st_size=7716, ...}, 0) = 0
770917 newfstatat(AT_FDCWD, "/usr/lib/python3.14/copyreg.py", {st_mode=S_IFREG|0644, st_size=7716, ...}, 0) = 0
770917 openat(AT_FDCWD, "/usr/lib/python3.14/__pycache__/copyreg.cpython-314.pyc", O_RDONLY|O_CLOEXEC) = 3
770917 newfstatat(AT_FDCWD, "/usr/lib/python3.14/json", {st_mode=S_IFDIR|0755, st_size=4096, ...}, 0) = 0
770917 newfstatat(AT_FDCWD, "/usr/lib/python3.14/json/scanner.py", {st_mode=S_IFREG|0644, st_size=2434, ...}, 0) = 0
770917 newfstatat(AT_FDCWD, "/usr/lib/python3.14/json/scanner.py", {st_mode=S_IFREG|0644, st_size=2434, ...}, 0) = 0
770917 openat(AT_FDCWD, "/usr/lib/python3.14/json/__pycache__/scanner.cpython-314.pyc", O_RDONLY|O_CLOEXEC) = 3
770917 newfstatat(AT_FDCWD, "/usr/lib/python3.14/json", {st_mode=S_IFDIR|0755, st_size=4096, ...}, 0) = 0
770917 newfstatat(AT_FDCWD, "/usr/lib/python3.14/json/encoder.py", {st_mode=S_IFREG|0644, st_size=16990, ...}, 0) = 0
770917 newfstatat(AT_FDCWD, "/usr/lib/python3.14/json/encoder.py", {st_mode=S_IFREG|0644, st_size=16990, ...}, 0) = 0
770917 openat(AT_FDCWD, "/usr/lib/python3.14/json/__pycache__/encoder.cpython-314.pyc", O_RDONLY|O_CLOEXEC) = 3
770917 newfstatat(AT_FDCWD, "/home/firstmate/.no-mistakes/worktrees/8352e211db7e/01M4F29HK4JCAKXEQ2F50R6HHX/bin", {st_mode=S_IFDIR|0775, st_size=12288, ...}, 0) = 0
770917 newfstatat(AT_FDCWD, "/usr/lib/python3.14", {st_mode=S_IFDIR|0755, st_size=20480, ...}, 0) = 0
770917 newfstatat(AT_FDCWD, "/usr/lib/python3.14/pathlib/__init__.cpython-314-x86_64-linux-gnu.so", 0x7ffd4bb4d5b0, 0) = -1 ENOENT (No such file or directory)
770917 newfstatat(AT_FDCWD, "/usr/lib/python3.14/pathlib/__init__.abi3.so", 0x7ffd4bb4d5b0, 0) = -1 ENOENT (No such file or directory)
770917 newfstatat(AT_FDCWD, "/usr/lib/python3.14/pathlib/__init__.abi3-x86_64-linux-gnu.so", 0x7ffd4bb4d5b0, 0) = -1 ENOENT (No such file or directory)
770917 newfstatat(AT_FDCWD, "/usr/lib/python3.14/pathlib/__init__.so", 0x7ffd4bb4d5b0, 0) = -1 ENOENT (No such file or directory)
770917 newfstatat(AT_FDCWD, "/usr/lib/python3.14/pathlib/__init__.py", {st_mode=S_IFREG|0644, st_size=46833, ...}, 0) = 0
770917 newfstatat(AT_FDCWD, "/usr/lib/python3.14/pathlib/__init__.py", {st_mode=S_IFREG|0644, st_size=46833, ...}, 0) = 0
770917 openat(AT_FDCWD, "/usr/lib/python3.14/pathlib/__pycache__/__init__.cpython-314.pyc", O_RDONLY|O_CLOEXEC) = 3
770917 newfstatat(AT_FDCWD, "/home/firstmate/.no-mistakes/worktrees/8352e211db7e/01M4F29HK4JCAKXEQ2F50R6HHX/bin", {st_mode=S_IFDIR|0775, st_size=12288, ...}, 0) = 0
770917 newfstatat(AT_FDCWD, "/usr/lib/python3.14", {st_mode=S_IFDIR|0755, st_size=20480, ...}, 0) = 0
770917 newfstatat(AT_FDCWD, "/usr/lib/python3.14/glob.py", {st_mode=S_IFREG|0644, st_size=20768, ...}, 0) = 0
770917 newfstatat(AT_FDCWD, "/usr/lib/python3.14/glob.py", {st_mode=S_IFREG|0644, st_size=20768, ...}, 0) = 0
770917 openat(AT_FDCWD, "/usr/lib/python3.14/__pycache__/glob.cpython-314.pyc", O_RDONLY|O_CLOEXEC) = 3
770917 newfstatat(AT_FDCWD, "/home/firstmate/.no-mistakes/worktrees/8352e211db7e/01M4F29HK4JCAKXEQ2F50R6HHX/bin", {st_mode=S_IFDIR|0775, st_size=12288, ...}, 0) = 0
770917 newfstatat(AT_FDCWD, "/usr/lib/python3.14", {st_mode=S_IFDIR|0755, st_size=20480, ...}, 0) = 0
770917 newfstatat(AT_FDCWD, "/usr/lib/python3.14/contextlib.py", {st_mode=S_IFREG|0644, st_size=27801, ...}, 0) = 0
770917 newfstatat(AT_FDCWD, "/usr/lib/python3.14/contextlib.py", {st_mode=S_IFREG|0644, st_size=27801, ...}, 0) = 0
770917 openat(AT_FDCWD, "/usr/lib/python3.14/__pycache__/contextlib.cpython-314.pyc", O_RDONLY|O_CLOEXEC) = 3
770917 newfstatat(AT_FDCWD, "/home/firstmate/.no-mistakes/worktrees/8352e211db7e/01M4F29HK4JCAKXEQ2F50R6HHX/bin", {st_mode=S_IFDIR|0775, st_size=12288, ...}, 0) = 0
770917 newfstatat(AT_FDCWD, "/usr/lib/python3.14", {st_mode=S_IFDIR|0755, st_size=20480, ...}, 0) = 0
770917 newfstatat(AT_FDCWD, "/usr/lib/python3.14/fnmatch.py", {st_mode=S_IFREG|0644, st_size=6791, ...}, 0) = 0
770917 newfstatat(AT_FDCWD, "/usr/lib/python3.14/fnmatch.py", {st_mode=S_IFREG|0644, st_size=6791, ...}, 0) = 0
770917 openat(AT_FDCWD, "/usr/lib/python3.14/__pycache__/fnmatch.cpython-314.pyc", O_RDONLY|O_CLOEXEC) = 3
770917 newfstatat(AT_FDCWD, "/usr/lib/python3.14/pathlib", {st_mode=S_IFDIR|0755, st_size=4096, ...}, 0) = 0
770917 newfstatat(AT_FDCWD, "/usr/lib/python3.14/pathlib", {st_mode=S_IFDIR|0755, st_size=4096, ...}, 0) = 0
770917 newfstatat(AT_FDCWD, "/usr/lib/python3.14/pathlib", {st_mode=S_IFDIR|0755, st_size=4096, ...}, 0) = 0
770917 openat(AT_FDCWD, "/usr/lib/python3.14/pathlib", O_RDONLY|O_NONBLOCK|O_CLOEXEC|O_DIRECTORY) = 3
770917 newfstatat(AT_FDCWD, "/usr/lib/python3.14/pathlib/_os.py", {st_mode=S_IFREG|0644, st_size=18161, ...}, 0) = 0
770917 newfstatat(AT_FDCWD, "/usr/lib/python3.14/pathlib/_os.py", {st_mode=S_IFREG|0644, st_size=18161, ...}, 0) = 0
770917 openat(AT_FDCWD, "/usr/lib/python3.14/pathlib/__pycache__/_os.cpython-314.pyc", O_RDONLY|O_CLOEXEC) = 3
770917 newfstatat(AT_FDCWD, "/home/firstmate/.no-mistakes/worktrees/8352e211db7e/01M4F29HK4JCAKXEQ2F50R6HHX/bin", {st_mode=S_IFDIR|0775, st_size=12288, ...}, 0) = 0
770917 newfstatat(AT_FDCWD, "/usr/lib/python3.14", {st_mode=S_IFDIR|0755, st_size=20480, ...}, 0) = 0
770917 newfstatat(AT_FDCWD, "/usr/lib/python3.14/lib-dynload", {st_mode=S_IFDIR|0755, st_size=16384, ...}, 0) = 0
770917 newfstatat(AT_FDCWD, "/home/firstmate/.local/lib/python3.14/site-packages", {st_mode=S_IFDIR|0775, st_size=4096, ...}, 0) = 0
770917 newfstatat(AT_FDCWD, "/usr/local/lib/python3.14/dist-packages", {st_mode=S_IFDIR|0755, st_size=4096, ...}, 0) = 0
770917 newfstatat(AT_FDCWD, "/usr/lib/python3/dist-packages", {st_mode=S_IFDIR|0755, st_size=12288, ...}, 0) = 0
770917 newfstatat(AT_FDCWD, "/home/firstmate/.no-mistakes/worktrees/8352e211db7e/01M4F29HK4JCAKXEQ2F50R6HHX/bin", {st_mode=S_IFDIR|0775, st_size=12288, ...}, 0) = 0
770917 newfstatat(AT_FDCWD, "/usr/lib/python3.14", {st_mode=S_IFDIR|0755, st_size=20480, ...}, 0) = 0
770917 newfstatat(AT_FDCWD, "/usr/lib/python3.14/lib-dynload", {st_mode=S_IFDIR|0755, st_size=16384, ...}, 0) = 0
770917 newfstatat(AT_FDCWD, "/home/firstmate/.local/lib/python3.14/site-packages", {st_mode=S_IFDIR|0775, st_size=4096, ...}, 0) = 0
770917 newfstatat(AT_FDCWD, "/usr/local/lib/python3.14/dist-packages", {st_mode=S_IFDIR|0755, st_size=4096, ...}, 0) = 0
770917 newfstatat(AT_FDCWD, "/usr/lib/python3/dist-packages", {st_mode=S_IFDIR|0755, st_size=12288, ...}, 0) = 0
770917 newfstatat(AT_FDCWD, "/home/firstmate/.no-mistakes/worktrees/8352e211db7e/01M4F29HK4JCAKXEQ2F50R6HHX/bin", {st_mode=S_IFDIR|0775, st_size=12288, ...}, 0) = 0
770917 newfstatat(AT_FDCWD, "/usr/lib/python3.14", {st_mode=S_IFDIR|0755, st_size=20480, ...}, 0) = 0
770917 newfstatat(AT_FDCWD, "/usr/lib/python3.14/lib-dynload", {st_mode=S_IFDIR|0755, st_size=16384, ...}, 0) = 0
770917 newfstatat(AT_FDCWD, "/home/firstmate/.local/lib/python3.14/site-packages", {st_mode=S_IFDIR|0775, st_size=4096, ...}, 0) = 0
770917 newfstatat(AT_FDCWD, "/usr/local/lib/python3.14/dist-packages", {st_mode=S_IFDIR|0755, st_size=4096, ...}, 0) = 0
770917 newfstatat(AT_FDCWD, "/usr/lib/python3/dist-packages", {st_mode=S_IFDIR|0755, st_size=12288, ...}, 0) = 0
770917 newfstatat(AT_FDCWD, "/home/firstmate/.no-mistakes/worktrees/8352e211db7e/01M4F29HK4JCAKXEQ2F50R6HHX/bin", {st_mode=S_IFDIR|0775, st_size=12288, ...}, 0) = 0
770917 newfstatat(AT_FDCWD, "/usr/lib/python3.14", {st_mode=S_IFDIR|0755, st_size=20480, ...}, 0) = 0
770917 newfstatat(AT_FDCWD, "/usr/lib/python3.14/lib-dynload", {st_mode=S_IFDIR|0755, st_size=16384, ...}, 0) = 0
770917 newfstatat(AT_FDCWD, "/home/firstmate/.local/lib/python3.14/site-packages", {st_mode=S_IFDIR|0775, st_size=4096, ...}, 0) = 0
770917 newfstatat(AT_FDCWD, "/usr/local/lib/python3.14/dist-packages", {st_mode=S_IFDIR|0755, st_size=4096, ...}, 0) = 0
770917 newfstatat(AT_FDCWD, "/usr/lib/python3/dist-packages", {st_mode=S_IFDIR|0755, st_size=12288, ...}, 0) = 0
770917 newfstatat(AT_FDCWD, "/home/firstmate/.no-mistakes/worktrees/8352e211db7e/01M4F29HK4JCAKXEQ2F50R6HHX/bin", {st_mode=S_IFDIR|0775, st_size=12288, ...}, 0) = 0
770917 newfstatat(AT_FDCWD, "/usr/lib/python3.14", {st_mode=S_IFDIR|0755, st_size=20480, ...}, 0) = 0
770917 newfstatat(AT_FDCWD, "/usr/lib/python3.14/lib-dynload", {st_mode=S_IFDIR|0755, st_size=16384, ...}, 0) = 0
770917 newfstatat(AT_FDCWD, "/home/firstmate/.local/lib/python3.14/site-packages", {st_mode=S_IFDIR|0775, st_size=4096, ...}, 0) = 0
770917 newfstatat(AT_FDCWD, "/usr/local/lib/python3.14/dist-packages", {st_mode=S_IFDIR|0755, st_size=4096, ...}, 0) = 0
770917 newfstatat(AT_FDCWD, "/usr/lib/python3/dist-packages", {st_mode=S_IFDIR|0755, st_size=12288, ...}, 0) = 0
770917 newfstatat(AT_FDCWD, "/home/firstmate/.no-mistakes/worktrees/8352e211db7e/01M4F29HK4JCAKXEQ2F50R6HHX/bin", {st_mode=S_IFDIR|0775, st_size=12288, ...}, 0) = 0
770917 newfstatat(AT_FDCWD, "/usr/lib/python3.14", {st_mode=S_IFDIR|0755, st_size=20480, ...}, 0) = 0
770917 newfstatat(AT_FDCWD, "/usr/lib/python3.14/lib-dynload", {st_mode=S_IFDIR|0755, st_size=16384, ...}, 0) = 0
770917 newfstatat(AT_FDCWD, "/home/firstmate/.local/lib/python3.14/site-packages", {st_mode=S_IFDIR|0775, st_size=4096, ...}, 0) = 0
770917 newfstatat(AT_FDCWD, "/usr/local/lib/python3.14/dist-packages", {st_mode=S_IFDIR|0755, st_size=4096, ...}, 0) = 0
770917 newfstatat(AT_FDCWD, "/usr/lib/python3/dist-packages", {st_mode=S_IFDIR|0755, st_size=12288, ...}, 0) = 0
770917 newfstatat(AT_FDCWD, "/home/firstmate/.no-mistakes/worktrees/8352e211db7e/01M4F29HK4JCAKXEQ2F50R6HHX/bin", {st_mode=S_IFDIR|0775, st_size=12288, ...}, 0) = 0
770917 newfstatat(AT_FDCWD, "/usr/lib/python3.14", {st_mode=S_IFDIR|0755, st_size=20480, ...}, 0) = 0
770917 newfstatat(AT_FDCWD, "/usr/lib/python3.14/lib-dynload", {st_mode=S_IFDIR|0755, st_size=16384, ...}, 0) = 0
770917 newfstatat(AT_FDCWD, "/home/firstmate/.local/lib/python3.14/site-packages", {st_mode=S_IFDIR|0775, st_size=4096, ...}, 0) = 0
770917 newfstatat(AT_FDCWD, "/usr/local/lib/python3.14/dist-packages", {st_mode=S_IFDIR|0755, st_size=4096, ...}, 0) = 0
770917 newfstatat(AT_FDCWD, "/usr/lib/python3/dist-packages", {st_mode=S_IFDIR|0755, st_size=12288, ...}, 0) = 0
770917 newfstatat(AT_FDCWD, "/home/firstmate/.no-mistakes/worktrees/8352e211db7e/01M4F29HK4JCAKXEQ2F50R6HHX/bin", {st_mode=S_IFDIR|0775, st_size=12288, ...}, 0) = 0
770917 newfstatat(AT_FDCWD, "/usr/lib/python3.14", {st_mode=S_IFDIR|0755, st_size=20480, ...}, 0) = 0
770917 newfstatat(AT_FDCWD, "/usr/lib/python3.14/lib-dynload", {st_mode=S_IFDIR|0755, st_size=16384, ...}, 0) = 0
770917 newfstatat(AT_FDCWD, "/home/firstmate/.local/lib/python3.14/site-packages", {st_mode=S_IFDIR|0775, st_size=4096, ...}, 0) = 0
770917 newfstatat(AT_FDCWD, "/usr/local/lib/python3.14/dist-packages", {st_mode=S_IFDIR|0755, st_size=4096, ...}, 0) = 0
770917 newfstatat(AT_FDCWD, "/usr/lib/python3/dist-packages", {st_mode=S_IFDIR|0755, st_size=12288, ...}, 0) = 0
770917 newfstatat(AT_FDCWD, "/home/firstmate/.no-mistakes/worktrees/8352e211db7e/01M4F29HK4JCAKXEQ2F50R6HHX/bin", {st_mode=S_IFDIR|0775, st_size=12288, ...}, 0) = 0
770917 newfstatat(AT_FDCWD, "/usr/lib/python3.14", {st_mode=S_IFDIR|0755, st_size=20480, ...}, 0) = 0
770917 newfstatat(AT_FDCWD, "/usr/lib/python3.14/lib-dynload", {st_mode=S_IFDIR|0755, st_size=16384, ...}, 0) = 0
770917 newfstatat(AT_FDCWD, "/home/firstmate/.local/lib/python3.14/site-packages", {st_mode=S_IFDIR|0775, st_size=4096, ...}, 0) = 0
770917 newfstatat(AT_FDCWD, "/usr/local/lib/python3.14/dist-packages", {st_mode=S_IFDIR|0755, st_size=4096, ...}, 0) = 0
770917 newfstatat(AT_FDCWD, "/usr/lib/python3/dist-packages", {st_mode=S_IFDIR|0755, st_size=12288, ...}, 0) = 0
770917 newfstatat(AT_FDCWD, "/home/firstmate/.no-mistakes/worktrees/8352e211db7e/01M4F29HK4JCAKXEQ2F50R6HHX/bin", {st_mode=S_IFDIR|0775, st_size=12288, ...}, 0) = 0
770917 newfstatat(AT_FDCWD, "/usr/lib/python3.14", {st_mode=S_IFDIR|0755, st_size=20480, ...}, 0) = 0
770917 newfstatat(AT_FDCWD, "/usr/lib/python3.14/secrets.py", {st_mode=S_IFREG|0644, st_size=1984, ...}, 0) = 0
770917 newfstatat(AT_FDCWD, "/usr/lib/python3.14/secrets.py", {st_mode=S_IFREG|0644, st_size=1984, ...}, 0) = 0
770917 openat(AT_FDCWD, "/usr/lib/python3.14/__pycache__/secrets.cpython-314.pyc", O_RDONLY|O_CLOEXEC) = 3
770917 newfstatat(AT_FDCWD, "/home/firstmate/.no-mistakes/worktrees/8352e211db7e/01M4F29HK4JCAKXEQ2F50R6HHX/bin", {st_mode=S_IFDIR|0775, st_size=12288, ...}, 0) = 0
770917 newfstatat(AT_FDCWD, "/usr/lib/python3.14", {st_mode=S_IFDIR|0755, st_size=20480, ...}, 0) = 0
770917 newfstatat(AT_FDCWD, "/usr/lib/python3.14/base64.py", {st_mode=S_IFREG|0644, st_size=22029, ...}, 0) = 0
770917 newfstatat(AT_FDCWD, "/usr/lib/python3.14/base64.py", {st_mode=S_IFREG|0644, st_size=22029, ...}, 0) = 0
770917 openat(AT_FDCWD, "/usr/lib/python3.14/__pycache__/base64.cpython-314.pyc", O_RDONLY|O_CLOEXEC) = 3
770917 newfstatat(AT_FDCWD, "/home/firstmate/.no-mistakes/worktrees/8352e211db7e/01M4F29HK4JCAKXEQ2F50R6HHX/bin", {st_mode=S_IFDIR|0775, st_size=12288, ...}, 0) = 0
770917 newfstatat(AT_FDCWD, "/usr/lib/python3.14", {st_mode=S_IFDIR|0755, st_size=20480, ...}, 0) = 0
770917 newfstatat(AT_FDCWD, "/usr/lib/python3.14/struct.py", {st_mode=S_IFREG|0644, st_size=285, ...}, 0) = 0
770917 newfstatat(AT_FDCWD, "/usr/lib/python3.14/struct.py", {st_mode=S_IFREG|0644, st_size=285, ...}, 0) = 0
770917 openat(AT_FDCWD, "/usr/lib/python3.14/__pycache__/struct.cpython-314.pyc", O_RDONLY|O_CLOEXEC) = 3
770917 newfstatat(AT_FDCWD, "/home/firstmate/.no-mistakes/worktrees/8352e211db7e/01M4F29HK4JCAKXEQ2F50R6HHX/bin", {st_mode=S_IFDIR|0775, st_size=12288, ...}, 0) = 0
770917 newfstatat(AT_FDCWD, "/usr/lib/python3.14", {st_mode=S_IFDIR|0755, st_size=20480, ...}, 0) = 0
770917 newfstatat(AT_FDCWD, "/usr/lib/python3.14/hmac.py", {st_mode=S_IFREG|0644, st_size=9589, ...}, 0) = 0
770917 newfstatat(AT_FDCWD, "/usr/lib/python3.14/hmac.py", {st_mode=S_IFREG|0644, st_size=9589, ...}, 0) = 0
770917 openat(AT_FDCWD, "/usr/lib/python3.14/__pycache__/hmac.cpython-314.pyc", O_RDONLY|O_CLOEXEC) = 3
770917 newfstatat(AT_FDCWD, "/home/firstmate/.no-mistakes/worktrees/8352e211db7e/01M4F29HK4JCAKXEQ2F50R6HHX/bin", {st_mode=S_IFDIR|0775, st_size=12288, ...}, 0) = 0
770917 newfstatat(AT_FDCWD, "/usr/lib/python3.14", {st_mode=S_IFDIR|0755, st_size=20480, ...}, 0) = 0
770917 newfstatat(AT_FDCWD, "/usr/lib/python3.14/lib-dynload", {st_mode=S_IFDIR|0755, st_size=16384, ...}, 0) = 0
770917 newfstatat(AT_FDCWD, "/usr/lib/python3.14/lib-dynload/_hmac.cpython-314-x86_64-linux-gnu.so", {st_mode=S_IFREG|0644, st_size=151584, ...}, 0) = 0
770917 openat(AT_FDCWD, "/usr/lib/python3.14/lib-dynload/_hmac.cpython-314-x86_64-linux-gnu.so", O_RDONLY|O_CLOEXEC) = 3
770917 newfstatat(AT_FDCWD, "/home/firstmate/.no-mistakes/worktrees/8352e211db7e/01M4F29HK4JCAKXEQ2F50R6HHX/bin", {st_mode=S_IFDIR|0775, st_size=12288, ...}, 0) = 0
770917 newfstatat(AT_FDCWD, "/usr/lib/python3.14", {st_mode=S_IFDIR|0755, st_size=20480, ...}, 0) = 0
770917 newfstatat(AT_FDCWD, "/usr/lib/python3.14/random.py", {st_mode=S_IFREG|0644, st_size=37259, ...}, 0) = 0
770917 newfstatat(AT_FDCWD, "/usr/lib/python3.14/random.py", {st_mode=S_IFREG|0644, st_size=37259, ...}, 0) = 0
770917 openat(AT_FDCWD, "/usr/lib/python3.14/__pycache__/random.cpython-314.pyc", O_RDONLY|O_CLOEXEC) = 3
770917 newfstatat(AT_FDCWD, "/home/firstmate/.no-mistakes/worktrees/8352e211db7e/01M4F29HK4JCAKXEQ2F50R6HHX/bin", {st_mode=S_IFDIR|0775, st_size=12288, ...}, 0) = 0
770917 newfstatat(AT_FDCWD, "/usr/lib/python3.14", {st_mode=S_IFDIR|0755, st_size=20480, ...}, 0) = 0
770917 newfstatat(AT_FDCWD, "/usr/lib/python3.14/bisect.py", {st_mode=S_IFREG|0644, st_size=3423, ...}, 0) = 0
770917 newfstatat(AT_FDCWD, "/usr/lib/python3.14/bisect.py", {st_mode=S_IFREG|0644, st_size=3423, ...}, 0) = 0
770917 openat(AT_FDCWD, "/usr/lib/python3.14/__pycache__/bisect.cpython-314.pyc", O_RDONLY|O_CLOEXEC) = 3
770917 newfstatat(AT_FDCWD, "/home/firstmate/.no-mistakes/worktrees/8352e211db7e/01M4F29HK4JCAKXEQ2F50R6HHX/bin", {st_mode=S_IFDIR|0775, st_size=12288, ...}, 0) = 0
770917 newfstatat(AT_FDCWD, "/usr/lib/python3.14", {st_mode=S_IFDIR|0755, st_size=20480, ...}, 0) = 0
770917 newfstatat(AT_FDCWD, "/usr/lib/python3.14/subprocess.py", {st_mode=S_IFREG|0644, st_size=90732, ...}, 0) = 0
770917 newfstatat(AT_FDCWD, "/usr/lib/python3.14/subprocess.py", {st_mode=S_IFREG|0644, st_size=90732, ...}, 0) = 0
770917 openat(AT_FDCWD, "/usr/lib/python3.14/__pycache__/subprocess.cpython-314.pyc", O_RDONLY|O_CLOEXEC) = 3
770917 newfstatat(AT_FDCWD, "/home/firstmate/.no-mistakes/worktrees/8352e211db7e/01M4F29HK4JCAKXEQ2F50R6HHX/bin", {st_mode=S_IFDIR|0775, st_size=12288, ...}, 0) = 0
770917 newfstatat(AT_FDCWD, "/usr/lib/python3.14", {st_mode=S_IFDIR|0755, st_size=20480, ...}, 0) = 0
770917 newfstatat(AT_FDCWD, "/usr/lib/python3.14/locale.py", {st_mode=S_IFREG|0644, st_size=79129, ...}, 0) = 0
770917 newfstatat(AT_FDCWD, "/usr/lib/python3.14/locale.py", {st_mode=S_IFREG|0644, st_size=79129, ...}, 0) = 0
770917 openat(AT_FDCWD, "/usr/lib/python3.14/__pycache__/locale.cpython-314.pyc", O_RDONLY|O_CLOEXEC) = 3
770917 newfstatat(AT_FDCWD, "/home/firstmate/.no-mistakes/worktrees/8352e211db7e/01M4F29HK4JCAKXEQ2F50R6HHX/bin", {st_mode=S_IFDIR|0775, st_size=12288, ...}, 0) = 0
770917 newfstatat(AT_FDCWD, "/usr/lib/python3.14", {st_mode=S_IFDIR|0755, st_size=20480, ...}, 0) = 0
770917 newfstatat(AT_FDCWD, "/usr/lib/python3.14/signal.py", {st_mode=S_IFREG|0644, st_size=2495, ...}, 0) = 0
770917 newfstatat(AT_FDCWD, "/usr/lib/python3.14/signal.py", {st_mode=S_IFREG|0644, st_size=2495, ...}, 0) = 0
770917 openat(AT_FDCWD, "/usr/lib/python3.14/__pycache__/signal.cpython-314.pyc", O_RDONLY|O_CLOEXEC) = 3
770917 newfstatat(AT_FDCWD, "/home/firstmate/.no-mistakes/worktrees/8352e211db7e/01M4F29HK4JCAKXEQ2F50R6HHX/bin", {st_mode=S_IFDIR|0775, st_size=12288, ...}, 0) = 0
770917 newfstatat(AT_FDCWD, "/usr/lib/python3.14", {st_mode=S_IFDIR|0755, st_size=20480, ...}, 0) = 0
770917 newfstatat(AT_FDCWD, "/usr/lib/python3.14/threading.py", {st_mode=S_IFREG|0644, st_size=56923, ...}, 0) = 0
770917 newfstatat(AT_FDCWD, "/usr/lib/python3.14/threading.py", {st_mode=S_IFREG|0644, st_size=56923, ...}, 0) = 0
770917 openat(AT_FDCWD, "/usr/lib/python3.14/__pycache__/threading.cpython-314.pyc", O_RDONLY|O_CLOEXEC) = 3
770917 newfstatat(AT_FDCWD, "/home/firstmate/.no-mistakes/worktrees/8352e211db7e/01M4F29HK4JCAKXEQ2F50R6HHX/bin", {st_mode=S_IFDIR|0775, st_size=12288, ...}, 0) = 0
770917 newfstatat(AT_FDCWD, "/usr/lib/python3.14", {st_mode=S_IFDIR|0755, st_size=20480, ...}, 0) = 0
770917 newfstatat(AT_FDCWD, "/usr/lib/python3.14/_weakrefset.py", {st_mode=S_IFREG|0644, st_size=3962, ...}, 0) = 0
770917 newfstatat(AT_FDCWD, "/usr/lib/python3.14/_weakrefset.py", {st_mode=S_IFREG|0644, st_size=3962, ...}, 0) = 0
770917 openat(AT_FDCWD, "/usr/lib/python3.14/__pycache__/_weakrefset.cpython-314.pyc", O_RDONLY|O_CLOEXEC) = 3
770917 newfstatat(AT_FDCWD, "/home/firstmate/.no-mistakes/worktrees/8352e211db7e/01M4F29HK4JCAKXEQ2F50R6HHX/bin", {st_mode=S_IFDIR|0775, st_size=12288, ...}, 0) = 0
770917 newfstatat(AT_FDCWD, "/usr/lib/python3.14", {st_mode=S_IFDIR|0755, st_size=20480, ...}, 0) = 0
770917 newfstatat(AT_FDCWD, "/usr/lib/python3.14/warnings.py", {st_mode=S_IFREG|0644, st_size=1966, ...}, 0) = 0
770917 newfstatat(AT_FDCWD, "/usr/lib/python3.14/warnings.py", {st_mode=S_IFREG|0644, st_size=1966, ...}, 0) = 0
770917 openat(AT_FDCWD, "/usr/lib/python3.14/__pycache__/warnings.cpython-314.pyc", O_RDONLY|O_CLOEXEC) = 3
770917 newfstatat(AT_FDCWD, "/home/firstmate/.no-mistakes/worktrees/8352e211db7e/01M4F29HK4JCAKXEQ2F50R6HHX/bin", {st_mode=S_IFDIR|0775, st_size=12288, ...}, 0) = 0
770917 newfstatat(AT_FDCWD, "/usr/lib/python3.14", {st_mode=S_IFDIR|0755, st_size=20480, ...}, 0) = 0
770917 newfstatat(AT_FDCWD, "/usr/lib/python3.14/_py_warnings.py", {st_mode=S_IFREG|0644, st_size=30631, ...}, 0) = 0
770917 newfstatat(AT_FDCWD, "/usr/lib/python3.14/_py_warnings.py", {st_mode=S_IFREG|0644, st_size=30631, ...}, 0) = 0
770917 openat(AT_FDCWD, "/usr/lib/python3.14/__pycache__/_py_warnings.cpython-314.pyc", O_RDONLY|O_CLOEXEC) = 3
770917 newfstatat(AT_FDCWD, "/home/firstmate/.no-mistakes/worktrees/8352e211db7e/01M4F29HK4JCAKXEQ2F50R6HHX/bin", {st_mode=S_IFDIR|0775, st_size=12288, ...}, 0) = 0
770917 newfstatat(AT_FDCWD, "/usr/lib/python3.14", {st_mode=S_IFDIR|0755, st_size=20480, ...}, 0) = 0
770917 newfstatat(AT_FDCWD, "/usr/lib/python3.14/lib-dynload", {st_mode=S_IFDIR|0755, st_size=16384, ...}, 0) = 0
770917 newfstatat(AT_FDCWD, "/home/firstmate/.local/lib/python3.14/site-packages", {st_mode=S_IFDIR|0775, st_size=4096, ...}, 0) = 0
770917 newfstatat(AT_FDCWD, "/usr/local/lib/python3.14/dist-packages", {st_mode=S_IFDIR|0755, st_size=4096, ...}, 0) = 0
770917 newfstatat(AT_FDCWD, "/usr/lib/python3/dist-packages", {st_mode=S_IFDIR|0755, st_size=12288, ...}, 0) = 0
770917 newfstatat(AT_FDCWD, "/home/firstmate/.no-mistakes/worktrees/8352e211db7e/01M4F29HK4JCAKXEQ2F50R6HHX/bin", {st_mode=S_IFDIR|0775, st_size=12288, ...}, 0) = 0
770917 newfstatat(AT_FDCWD, "/usr/lib/python3.14", {st_mode=S_IFDIR|0755, st_size=20480, ...}, 0) = 0
770917 newfstatat(AT_FDCWD, "/usr/lib/python3.14/selectors.py", {st_mode=S_IFREG|0644, st_size=19457, ...}, 0) = 0
770917 newfstatat(AT_FDCWD, "/usr/lib/python3.14/selectors.py", {st_mode=S_IFREG|0644, st_size=19457, ...}, 0) = 0
770917 openat(AT_FDCWD, "/usr/lib/python3.14/__pycache__/selectors.cpython-314.pyc", O_RDONLY|O_CLOEXEC) = 3
770917 newfstatat(AT_FDCWD, "/home/firstmate/.no-mistakes/worktrees/8352e211db7e/01M4F29HK4JCAKXEQ2F50R6HHX/.test-tmp/boundary/home/.voice-conversation-lab", 0x7ffd4bb4d740, 0) = -1 ENOENT (No such file or directory)
770917 openat(AT_FDCWD, "/home/firstmate/.no-mistakes/worktrees/8352e211db7e/01M4F29HK4JCAKXEQ2F50R6HHX/.test-tmp/boundary/home/state/voice-conversation/policy.json", O_RDONLY|O_CLOEXEC) = 3
770917 openat(AT_FDCWD, "/home/firstmate/.no-mistakes/worktrees/8352e211db7e/01M4F29HK4JCAKXEQ2F50R6HHX/.test-tmp/boundary/home/state/voice-conversation/lock", O_WRONLY|O_CREAT|O_NOFOLLOW|O_CLOEXEC, 0600) = 3
770917 newfstatat(AT_FDCWD, "/home/firstmate/.no-mistakes/worktrees/8352e211db7e/01M4F29HK4JCAKXEQ2F50R6HHX/.test-tmp/boundary/home/state/voice-conversation/journal.json", {st_mode=S_IFREG|0600, st_size=4688, ...}, 0) = 0
770917 openat(AT_FDCWD, "/home/firstmate/.no-mistakes/worktrees/8352e211db7e/01M4F29HK4JCAKXEQ2F50R6HHX/.test-tmp/boundary/home/state/voice-conversation/journal.json", O_RDONLY|O_CLOEXEC) = 4
770917 openat(AT_FDCWD, "/home/firstmate/.no-mistakes/worktrees/8352e211db7e/01M4F29HK4JCAKXEQ2F50R6HHX/.test-tmp/boundary/home/state/inbox/", O_RDONLY|O_NONBLOCK|O_CLOEXEC|O_DIRECTORY) = 4
770917 openat(AT_FDCWD, "/home/firstmate/.no-mistakes/worktrees/8352e211db7e/01M4F29HK4JCAKXEQ2F50R6HHX/.test-tmp/boundary/home/state/inbox/handled/", O_RDONLY|O_NONBLOCK|O_CLOEXEC|O_DIRECTORY) = 4
770917 openat(AT_FDCWD, "/home/firstmate/.no-mistakes/worktrees/8352e211db7e/01M4F29HK4JCAKXEQ2F50R6HHX/.test-tmp/boundary/home/state/inbox/handled/vc-72fcee7d40e2626eb6bcb0284ad62c4465312ee139309aa2a4c12c917b8650a2.note", O_RDONLY|O_CLOEXEC) = 4
770917 openat(AT_FDCWD, "/home/firstmate/.no-mistakes/worktrees/8352e211db7e/01M4F29HK4JCAKXEQ2F50R6HHX/.test-tmp/boundary/home/state/inbox/handled/vc-85b63a3369778e7c4339db9438ec0f532e7facc6fb3ce602eab0fc8983838dbd.note", O_RDONLY|O_CLOEXEC) = 4
770917 newfstatat(AT_FDCWD, "/home/firstmate/.no-mistakes/worktrees/8352e211db7e/01M4F29HK4JCAKXEQ2F50R6HHX/.test-tmp/boundary/home/state/inbox/vc-72fcee7d40e2626eb6bcb0284ad62c4465312ee139309aa2a4c12c917b8650a2.note", 0x7ffd4bb4d760, 0) = -1 ENOENT (No such file or directory)
770917 newfstatat(AT_FDCWD, "/home/firstmate/.no-mistakes/worktrees/8352e211db7e/01M4F29HK4JCAKXEQ2F50R6HHX/.test-tmp/boundary/home/state/inbox/handled/vc-72fcee7d40e2626eb6bcb0284ad62c4465312ee139309aa2a4c12c917b8650a2.note", {st_mode=S_IFREG|0600, st_size=399, ...}, 0) = 0
770917 newfstatat(AT_FDCWD, "/home/firstmate/.no-mistakes/worktrees/8352e211db7e/01M4F29HK4JCAKXEQ2F50R6HHX/.test-tmp/boundary/home/state/inbox/vc-72fcee7d40e2626eb6bcb0284ad62c4465312ee139309aa2a4c12c917b8650a2.note", 0x7ffd4bb4d760, 0) = -1 ENOENT (No such file or directory)
770917 newfstatat(AT_FDCWD, "/home/firstmate/.no-mistakes/worktrees/8352e211db7e/01M4F29HK4JCAKXEQ2F50R6HHX/.test-tmp/boundary/home/state/inbox/vc-85b63a3369778e7c4339db9438ec0f532e7facc6fb3ce602eab0fc8983838dbd.note", 0x7ffd4bb4d760, 0) = -1 ENOENT (No such file or directory)
770917 newfstatat(AT_FDCWD, "/home/firstmate/.no-mistakes/worktrees/8352e211db7e/01M4F29HK4JCAKXEQ2F50R6HHX/.test-tmp/boundary/home/state/inbox/handled/vc-85b63a3369778e7c4339db9438ec0f532e7facc6fb3ce602eab0fc8983838dbd.note", {st_mode=S_IFREG|0600, st_size=419, ...}, 0) = 0
770917 newfstatat(AT_FDCWD, "/home/firstmate/.no-mistakes/worktrees/8352e211db7e/01M4F29HK4JCAKXEQ2F50R6HHX/.test-tmp/boundary/home/state/inbox/vc-85b63a3369778e7c4339db9438ec0f532e7facc6fb3ce602eab0fc8983838dbd.note", 0x7ffd4bb4d760, 0) = -1 ENOENT (No such file or directory)
770917 newfstatat(AT_FDCWD, "/home/firstmate/.no-mistakes/worktrees/8352e211db7e/01M4F29HK4JCAKXEQ2F50R6HHX/.test-tmp/boundary/home/state/inbox/vc-72fcee7d40e2626eb6bcb0284ad62c4465312ee139309aa2a4c12c917b8650a2.note", 0x7ffd4bb4dc20, 0) = -1 ENOENT (No such file or directory)
770917 openat(AT_FDCWD, "/home/firstmate/.no-mistakes/worktrees/8352e211db7e/01M4F29HK4JCAKXEQ2F50R6HHX/.test-tmp/boundary/home/state/inbox/handled/vc-72fcee7d40e2626eb6bcb0284ad62c4465312ee139309aa2a4c12c917b8650a2.note", O_RDONLY|O_CLOEXEC) = 4
770917 newfstatat(AT_FDCWD, "/home/firstmate/.no-mistakes/worktrees/8352e211db7e/01M4F29HK4JCAKXEQ2F50R6HHX/.test-tmp/boundary/home/state/inbox/vc-85b63a3369778e7c4339db9438ec0f532e7facc6fb3ce602eab0fc8983838dbd.note", 0x7ffd4bb4dc20, 0) = -1 ENOENT (No such file or directory)
770917 openat(AT_FDCWD, "/home/firstmate/.no-mistakes/worktrees/8352e211db7e/01M4F29HK4JCAKXEQ2F50R6HHX/.test-tmp/boundary/home/state/inbox/handled/vc-85b63a3369778e7c4339db9438ec0f532e7facc6fb3ce602eab0fc8983838dbd.note", O_RDONLY|O_CLOEXEC) = 4
770917 +++ exited with 0 +++
770702 --- SIGCHLD {si_signo=SIGCHLD, si_code=CLD_EXITED, si_pid=770917, si_uid=0, si_status=0, si_utime=13 /* 0.13 s */, si_stime=9 /* 0.09 s */} ---
770702 openat(AT_FDCWD, "/home/firstmate/.no-mistakes/worktrees/8352e211db7e/01M4F29HK4JCAKXEQ2F50R6HHX/.test-tmp/boundary/home/state/courier-pickup/.state.ec4268204f24a44f", O_WRONLY|O_CREAT|O_EXCL|O_CLOEXEC, 0666) = 4
770702 rename("/home/firstmate/.no-mistakes/worktrees/8352e211db7e/01M4F29HK4JCAKXEQ2F50R6HHX/.test-tmp/boundary/home/state/courier-pickup/.state.ec4268204f24a44f", "/home/firstmate/.no-mistakes/worktrees/8352e211db7e/01M4F29HK4JCAKXEQ2F50R6HHX/.test-tmp/boundary/home/state/courier-pickup/state.json") = 0
770702 openat(AT_FDCWD, "/home/firstmate/.no-mistakes/worktrees/8352e211db7e/01M4F29HK4JCAKXEQ2F50R6HHX/.test-tmp/boundary/home/state/courier-pickup", O_RDONLY|O_NOFOLLOW|O_CLOEXEC|O_DIRECTORY) = 4
770702 openat(AT_FDCWD, "/home/firstmate/.no-mistakes/worktrees/8352e211db7e/01M4F29HK4JCAKXEQ2F50R6HHX/.test-tmp/boundary/home/state/courier-pickup/.state.c1ab7296c6ffccc4", O_WRONLY|O_CREAT|O_EXCL|O_CLOEXEC, 0666) = 4
770702 rename("/home/firstmate/.no-mistakes/worktrees/8352e211db7e/01M4F29HK4JCAKXEQ2F50R6HHX/.test-tmp/boundary/home/state/courier-pickup/.state.c1ab7296c6ffccc4", "/home/firstmate/.no-mistakes/worktrees/8352e211db7e/01M4F29HK4JCAKXEQ2F50R6HHX/.test-tmp/boundary/home/state/courier-pickup/state.json") = 0
770702 openat(AT_FDCWD, "/home/firstmate/.no-mistakes/worktrees/8352e211db7e/01M4F29HK4JCAKXEQ2F50R6HHX/.test-tmp/boundary/home/state/courier-pickup", O_RDONLY|O_NOFOLLOW|O_CLOEXEC|O_DIRECTORY) = 4
770702 openat(AT_FDCWD, "/home/firstmate/.no-mistakes/worktrees/8352e211db7e/01M4F29HK4JCAKXEQ2F50R6HHX/.test-tmp/boundary/courier/srv/courier/outbox", O_RDONLY|O_NOFOLLOW|O_CLOEXEC|O_DIRECTORY) = 4
770702 openat(4, ".fm-pickup-124cbd7c53578bc8fcc7025a044c8232.tmp", O_WRONLY|O_CREAT|O_EXCL|O_NOFOLLOW|O_CLOEXEC, 0640) = 5
770702 renameat(4, ".fm-pickup-124cbd7c53578bc8fcc7025a044c8232.tmp", 4, "st-000000000004-af5d8b56f06a9e4f.stage.json") = 0
770702 unlinkat(4, ".fm-pickup-124cbd7c53578bc8fcc7025a044c8232.tmp", 0) = -1 ENOENT (No such file or directory)
770702 openat(AT_FDCWD, "/home/firstmate/.no-mistakes/worktrees/8352e211db7e/01M4F29HK4JCAKXEQ2F50R6HHX/.test-tmp/boundary/home/state/courier-pickup/.state.69218106534bb02d", O_WRONLY|O_CREAT|O_EXCL|O_CLOEXEC, 0666) = 4
770702 rename("/home/firstmate/.no-mistakes/worktrees/8352e211db7e/01M4F29HK4JCAKXEQ2F50R6HHX/.test-tmp/boundary/home/state/courier-pickup/.state.69218106534bb02d", "/home/firstmate/.no-mistakes/worktrees/8352e211db7e/01M4F29HK4JCAKXEQ2F50R6HHX/.test-tmp/boundary/home/state/courier-pickup/state.json") = 0
770702 openat(AT_FDCWD, "/home/firstmate/.no-mistakes/worktrees/8352e211db7e/01M4F29HK4JCAKXEQ2F50R6HHX/.test-tmp/boundary/home/state/courier-pickup", O_RDONLY|O_NOFOLLOW|O_CLOEXEC|O_DIRECTORY) = 4
770702 +++ exited with 0 +++
